{"type":"FeatureCollection","features":[{"type":"Feature","properties":{"name":"Chile","iso":"CL"},"geometry":{"type":"MultiPolygon","coordinates":[[[[-69.5,-17.5],[-69.5,-17.6],[-69.5,-17.7],[-69.4,-17.7],[-69.4,-17.8],[-69.3,-17.8],[-69.3,-17.9],[-69.3,-18],[-69.2,-18],[-69.1,-18],[-69.1,-18.1],[-69.2,-18.1],[-69.1,-18.2],[-69.1,-18.3],[-69.1,-18.4],[-69,-18.5],[-69,-18.6],[-69,-18.7],[-69,-18.9],[-69,-19],[-68.9,-19],[-68.9,-19.1],[-68.8,-19.1],[-68.7,-19.2],[-68.7,-19.3],[-68.6,-19.3],[-68.5,-19.4],[-68.4,-19.4],[-68.5,-19.4],[-68.5,-19.5],[-68.6,-19.6],[-68.6,-19.7],[-68.7,-19.7],[-68.7,-19.8],[-68.6,-19.8],[-68.6,-19.9],[-68.5,-19.9],[-68.6,-20],[-68.6,-20.1],[-68.7,-20.1],[-68.8,-20.1],[-68.7,-20.2],[-68.7,-20.3],[-68.8,-20.4],[-68.8,-20.5],[-68.7,-20.5],[-68.6,-20.6],[-68.5,-20.6],[-68.6,-20.7],[-68.6,-20.9],[-68.5,-20.9],[-68.4,-20.9],[-68.4,-21],[-68.2,-21.3],[-68.2,-21.6],[-68.1,-21.7],[-68.1,-21.8],[-68.1,-22],[-68,-22],[-68,-22.1],[-68,-22.2],[-67.9,-22.2],[-67.9,-22.3],[-68,-22.3],[-67.9,-22.4],[-67.9,-22.5],[-67.9,-22.6],[-67.9,-22.7],[-67.9,-22.8],[-67.8,-22.8],[-67.8,-22.9],[-67.6,-22.9],[-67.5,-22.9],[-67.2,-22.8],[-67,-23],[-67,-23.1],[-67.1,-23.3],[-67.2,-23.5],[-67.2,-23.7],[-67.3,-23.7],[-67.3,-23.8],[-67.3,-23.9],[-67.3,-24],[-67.4,-24],[-67.4,-24.1],[-67.5,-24.1],[-67.6,-24.1],[-67.8,-24.2],[-67.9,-24.2],[-68,-24.3],[-68.1,-24.3],[-68.2,-24.4],[-68.3,-24.4],[-68.3,-24.5],[-68.4,-24.5],[-68.4,-24.6],[-68.5,-24.6],[-68.5,-24.7],[-68.6,-24.8],[-68.6,-24.9],[-68.5,-24.9],[-68.5,-25],[-68.4,-25],[-68.4,-25.1],[-68.5,-25.1],[-68.5,-25.2],[-68.6,-25.3],[-68.6,-25.4],[-68.6,-25.5],[-68.6,-25.6],[-68.6,-25.7],[-68.5,-25.7],[-68.5,-25.8],[-68.4,-26.1],[-68.4,-26.2],[-68.5,-26.3],[-68.6,-26.3],[-68.6,-26.4],[-68.6,-26.5],[-68.6,-26.6],[-68.5,-26.6],[-68.3,-26.9],[-68.3,-27],[-68.4,-27],[-68.4,-27.1],[-68.5,-27.1],[-68.6,-27.1],[-68.6,-27.2],[-68.7,-27.1],[-68.8,-27.1],[-68.9,-27.2],[-68.9,-27.3],[-68.9,-27.4],[-69,-27.4],[-69,-27.5],[-69,-27.6],[-69.1,-27.6],[-69.1,-27.7],[-69.1,-27.8],[-69.2,-27.9],[-69.2,-28],[-69.3,-28],[-69.3,-28.1],[-69.4,-28.1],[-69.4,-28.2],[-69.5,-28.2],[-69.5,-28.3],[-69.6,-28.3],[-69.6,-28.4],[-69.7,-28.4],[-69.7,-28.5],[-69.7,-28.6],[-69.8,-28.7],[-69.7,-28.8],[-69.8,-28.9],[-69.8,-29],[-69.8,-29.1],[-69.9,-29.1],[-69.9,-29.2],[-70,-29.2],[-70,-29.3],[-70,-29.4],[-70,-29.5],[-70,-29.6],[-70,-29.7],[-69.9,-29.7],[-69.9,-29.8],[-69.9,-29.9],[-69.9,-30],[-70,-30.1],[-69.9,-30.1],[-69.8,-30.1],[-69.8,-30.2],[-69.9,-30.2],[-69.9,-30.3],[-69.9,-30.4],[-70,-30.4],[-70.1,-30.4],[-70.2,-30.4],[-70.1,-30.4],[-70.2,-30.5],[-70.2,-30.6],[-70.3,-30.6],[-70.3,-30.7],[-70.3,-30.8],[-70.3,-30.9],[-70.3,-31],[-70.4,-31.1],[-70.4,-31.2],[-70.4,-31.1],[-70.5,-31.1],[-70.5,-31.2],[-70.5,-31.3],[-70.6,-31.3],[-70.6,-31.4],[-70.6,-31.5],[-70.6,-31.6],[-70.5,-31.7],[-70.5,-31.8],[-70.4,-31.9],[-70.3,-31.9],[-70.2,-31.9],[-70.2,-32],[-70.3,-32],[-70.4,-32],[-70.4,-32.1],[-70.3,-32.1],[-70.3,-32.2],[-70.3,-32.3],[-70.2,-32.3],[-70.2,-32.4],[-70.2,-32.5],[-70.1,-32.6],[-70.2,-32.6],[-70.2,-32.7],[-70.1,-32.8],[-70.1,-32.9],[-70,-32.9],[-70,-33],[-70.1,-33],[-70.1,-33.1],[-70.1,-33.2],[-70,-33.2],[-70,-33.3],[-69.9,-33.2],[-69.8,-33.3],[-69.8,-33.4],[-69.8,-33.5],[-69.9,-33.5],[-69.9,-33.6],[-69.9,-33.7],[-69.9,-33.8],[-69.9,-33.9],[-69.9,-34],[-69.9,-34.1],[-69.9,-34.2],[-69.8,-34.2],[-69.9,-34.3],[-70,-34.3],[-70.1,-34.3],[-70.1,-34.4],[-70.1,-34.5],[-70.2,-34.5],[-70.2,-34.6],[-70.3,-34.7],[-70.3,-34.8],[-70.4,-35],[-70.4,-35.1],[-70.4,-35.2],[-70.5,-35.2],[-70.6,-35.3],[-70.5,-35.3],[-70.4,-35.3],[-70.4,-35.4],[-70.5,-35.4],[-70.4,-35.5],[-70.4,-35.6],[-70.4,-35.7],[-70.4,-35.8],[-70.4,-35.9],[-70.4,-36],[-70.4,-36.1],[-70.5,-36.2],[-70.5,-36.1],[-70.6,-36.1],[-70.6,-36.2],[-70.7,-36.2],[-70.7,-36.3],[-70.7,-36.4],[-70.8,-36.4],[-70.9,-36.4],[-70.9,-36.5],[-71,-36.5],[-71.1,-36.5],[-71.1,-36.6],[-71.1,-36.7],[-71.2,-36.8],[-71.2,-36.9],[-71.1,-36.9],[-71.1,-37],[-71.2,-37],[-71.1,-37],[-71.1,-37.1],[-71.1,-37.2],[-71.2,-37.2],[-71.2,-37.3],[-71.2,-37.4],[-71.1,-37.4],[-71.1,-37.5],[-71.1,-37.6],[-71.2,-37.6],[-71.2,-37.7],[-71.1,-37.8],[-71.1,-37.9],[-71.1,-38],[-71,-38],[-71,-38.1],[-71,-38.2],[-71,-38.3],[-71,-38.4],[-71,-38.5],[-70.9,-38.5],[-70.8,-38.5],[-70.8,-38.6],[-70.9,-38.6],[-70.9,-38.7],[-71,-38.8],[-71,-38.7],[-71.1,-38.8],[-71.2,-38.8],[-71.3,-38.8],[-71.3,-38.9],[-71.4,-38.9],[-71.4,-39],[-71.4,-39.1],[-71.4,-39.2],[-71.4,-39.3],[-71.4,-39.4],[-71.5,-39.4],[-71.5,-39.5],[-71.5,-39.6],[-71.6,-39.6],[-71.7,-39.6],[-71.7,-39.7],[-71.7,-39.8],[-71.7,-39.9],[-71.6,-39.9],[-71.7,-40],[-71.7,-40.1],[-71.8,-40.1],[-71.8,-40.2],[-71.8,-40.3],[-71.7,-40.3],[-71.7,-40.4],[-71.8,-40.4],[-71.8,-40.5],[-71.9,-40.5],[-71.9,-40.6],[-71.8,-40.6],[-71.9,-40.6],[-71.9,-40.7],[-72,-40.7],[-71.9,-40.8],[-71.9,-40.9],[-71.9,-41],[-71.9,-41.1],[-71.9,-41.2],[-71.9,-41.3],[-71.9,-41.4],[-71.9,-41.5],[-71.9,-41.6],[-71.9,-41.7],[-71.9,-41.8],[-71.8,-41.8],[-71.8,-41.9],[-71.8,-42],[-71.7,-42],[-71.7,-42.1],[-71.8,-42.1],[-71.9,-42.1],[-71.9,-42.2],[-72,-42.1],[-72.1,-42.2],[-72.1,-42.3],[-72.1,-42.4],[-72,-42.5],[-72.1,-42.5],[-72.1,-42.6],[-72.1,-42.7],[-72.1,-42.9],[-72.1,-43],[-72.1,-43.1],[-72,-43.1],[-71.9,-43.1],[-71.8,-43.2],[-71.7,-43.2],[-71.8,-43.2],[-71.8,-43.3],[-71.7,-43.3],[-71.8,-43.3],[-71.9,-43.3],[-71.9,-43.4],[-72,-43.4],[-71.9,-43.5],[-71.9,-43.4],[-71.9,-43.5],[-71.8,-43.5],[-71.8,-43.6],[-71.7,-43.6],[-71.7,-43.7],[-71.8,-43.7],[-71.8,-43.8],[-71.7,-43.8],[-71.7,-43.9],[-71.7,-44],[-71.8,-44.1],[-71.9,-44.1],[-71.8,-44.1],[-71.8,-44.2],[-71.8,-44.3],[-71.9,-44.4],[-71.8,-44.4],[-71.7,-44.4],[-71.6,-44.4],[-71.4,-44.4],[-71.3,-44.4],[-71.2,-44.4],[-71.2,-44.5],[-71.1,-44.5],[-71.1,-44.6],[-71.2,-44.6],[-71.2,-44.7],[-71.3,-44.8],[-71.4,-44.8],[-71.5,-44.8],[-71.5,-44.7],[-71.5,-44.8],[-71.6,-44.8],[-71.7,-44.8],[-71.8,-44.8],[-71.9,-44.8],[-72,-44.8],[-72.1,-44.8],[-72.1,-44.9],[-72,-44.9],[-71.9,-44.9],[-71.8,-44.9],[-71.7,-44.9],[-71.7,-45],[-71.6,-45],[-71.5,-45.1],[-71.4,-45.2],[-71.3,-45.2],[-71.3,-45.3],[-71.4,-45.3],[-71.4,-45.4],[-71.5,-45.4],[-71.5,-45.5],[-71.6,-45.5],[-71.7,-45.5],[-71.8,-45.6],[-71.7,-45.6],[-71.8,-45.6],[-71.8,-45.7],[-71.8,-45.8],[-71.7,-45.8],[-71.8,-45.8],[-71.7,-45.9],[-71.6,-45.9],[-71.6,-46],[-71.7,-46.1],[-71.8,-46.1],[-71.9,-46.1],[-71.9,-46.2],[-71.8,-46.2],[-71.8,-46.3],[-71.8,-46.4],[-71.7,-46.5],[-71.7,-46.6],[-71.7,-46.7],[-71.8,-46.7],[-71.8,-46.8],[-71.9,-46.8],[-72,-46.8],[-71.9,-46.8],[-71.9,-46.9],[-72,-46.9],[-72,-47],[-71.9,-47],[-72,-47],[-72,-47.1],[-71.9,-47.1],[-71.9,-47.2],[-72,-47.2],[-72,-47.3],[-72.1,-47.3],[-72.1,-47.4],[-72.2,-47.4],[-72.3,-47.4],[-72.4,-47.5],[-72.3,-47.5],[-72.3,-47.6],[-72.4,-47.6],[-72.5,-47.7],[-72.5,-47.8],[-72.5,-47.9],[-72.5,-48],[-72.4,-48],[-72.4,-48.1],[-72.3,-48.1],[-72.3,-48.2],[-72.3,-48.3],[-72.3,-48.4],[-72.3,-48.3],[-72.4,-48.3],[-72.4,-48.4],[-72.5,-48.4],[-72.6,-48.5],[-72.6,-48.6],[-72.6,-48.7],[-72.6,-48.8],[-72.7,-48.9],[-72.8,-48.9],[-72.9,-49],[-73,-49],[-73.1,-49.1],[-73.2,-49.2],[-73.2,-49.3],[-73.1,-49.3],[-73.5,-49.3],[-73.5,-49.4],[-73.6,-49.4],[-73.6,-49.5],[-73.5,-49.5],[-73.6,-49.5],[-73.6,-49.6],[-73.5,-49.6],[-73.5,-49.7],[-73.5,-49.8],[-73.5,-49.9],[-73.6,-49.9],[-73.5,-50],[-73.5,-50.1],[-73.4,-50.2],[-73.3,-50.2],[-73.3,-50.3],[-73.3,-50.4],[-73.3,-50.5],[-73.3,-50.6],[-73.2,-50.6],[-73.2,-50.7],[-73.1,-50.8],[-73,-50.7],[-72.9,-50.7],[-72.8,-50.6],[-72.7,-50.6],[-72.7,-50.7],[-72.6,-50.7],[-72.5,-50.6],[-72.4,-50.6],[-72.3,-50.6],[-72.3,-50.7],[-72.3,-50.8],[-72.3,-50.9],[-72.3,-51],[-72.4,-51],[-72.4,-51.1],[-72.4,-51.2],[-72.3,-51.2],[-72.3,-51.3],[-72.3,-51.4],[-72.4,-51.4],[-72.3,-51.5],[-72.4,-51.5],[-72.5,-51.6],[-72.4,-51.6],[-72.3,-51.6],[-72.3,-51.7],[-72.2,-51.7],[-72.1,-51.7],[-72.1,-51.8],[-72,-51.8],[-72,-51.9],[-71.9,-51.9],[-72,-51.9],[-72,-52],[-71.9,-52],[-71.8,-52],[-71.6,-52],[-71.4,-52],[-71.2,-52],[-70.9,-52],[-70.7,-52],[-70.5,-52],[-70.3,-52],[-70,-52],[-69.8,-52],[-69.7,-52.1],[-69.5,-52.1],[-69.2,-52.1],[-69,-52.2],[-68.9,-52.2],[-68.8,-52.2],[-68.6,-52.3],[-68.5,-52.3],[-68.4,-52.3],[-68.5,-52.3],[-68.6,-52.3],[-68.7,-52.3],[-68.8,-52.3],[-68.9,-52.3],[-69,-52.3],[-69.1,-52.2],[-69.2,-52.2],[-69.3,-52.2],[-69.4,-52.2],[-69.4,-52.3],[-69.5,-52.3],[-69.5,-52.4],[-69.6,-52.4],[-69.6,-52.5],[-69.7,-52.5],[-69.8,-52.5],[-69.9,-52.5],[-70.1,-52.6],[-70.2,-52.6],[-70.2,-52.7],[-70.2,-52.6],[-70.3,-52.6],[-70.3,-52.7],[-70.4,-52.7],[-70.5,-52.7],[-70.6,-52.7],[-70.7,-52.7],[-70.8,-52.7],[-70.9,-52.7],[-70.8,-52.7],[-70.8,-52.8],[-70.7,-52.8],[-70.8,-52.8],[-70.8,-52.9],[-70.9,-52.9],[-70.8,-52.9],[-70.8,-53],[-70.9,-53],[-70.9,-53.1],[-70.9,-53.2],[-71,-53.2],[-71,-53.3],[-71,-53.4],[-71,-53.5],[-70.9,-53.5],[-70.9,-53.6],[-71,-53.7],[-71,-53.8],[-71.2,-53.9],[-71.3,-53.9],[-71.4,-53.8],[-71.5,-53.8],[-71.6,-53.8],[-71.7,-53.8],[-71.8,-53.8],[-71.8,-53.7],[-71.9,-53.7],[-72,-53.7],[-72.1,-53.7],[-72.2,-53.6],[-72.3,-53.6],[-72.3,-53.5],[-72.4,-53.5],[-72.4,-53.4],[-72.5,-53.4],[-72.4,-53.4],[-72.4,-53.3],[-72.3,-53.2],[-72.2,-53.3],[-72.1,-53.3],[-72.1,-53.4],[-72.2,-53.4],[-72.1,-53.4],[-72,-53.4],[-72,-53.3],[-72,-53.2],[-71.9,-53.2],[-71.8,-53.2],[-71.8,-53.3],[-71.8,-53.4],[-71.8,-53.5],[-71.9,-53.5],[-72,-53.5],[-72,-53.6],[-71.9,-53.5],[-71.8,-53.5],[-71.8,-53.4],[-71.8,-53.3],[-71.7,-53.2],[-71.6,-53.2],[-71.5,-53.2],[-71.5,-53.1],[-71.4,-53.1],[-71.3,-53.1],[-71.3,-53],[-71.2,-53],[-71.2,-52.9],[-71.1,-52.9],[-71.1,-52.8],[-71.2,-52.8],[-71.3,-52.8],[-71.4,-52.8],[-71.4,-52.7],[-71.4,-52.8],[-71.5,-52.8],[-71.5,-52.9],[-71.6,-52.9],[-71.7,-52.9],[-71.8,-53],[-71.9,-53],[-72,-53.1],[-72.1,-53.1],[-72.2,-53.1],[-72.2,-53],[-72.3,-53],[-72.3,-53.1],[-72.4,-53.1],[-72.5,-53.1],[-72.6,-53.1],[-72.5,-53.1],[-72.4,-53.1],[-72.3,-53.1],[-72.2,-53.2],[-72.3,-53.2],[-72.4,-53.2],[-72.3,-53.2],[-72.4,-53.2],[-72.5,-53.2],[-72.4,-53.2],[-72.5,-53.2],[-72.4,-53.2],[-72.4,-53.3],[-72.5,-53.3],[-72.5,-53.4],[-72.6,-53.4],[-72.6,-53.3],[-72.7,-53.3],[-72.6,-53.4],[-72.5,-53.4],[-72.4,-53.5],[-72.5,-53.5],[-72.6,-53.5],[-72.7,-53.5],[-72.7,-53.4],[-72.8,-53.4],[-72.9,-53.4],[-73.1,-53.3],[-73.2,-53.3],[-73.2,-53.2],[-73.3,-53.2],[-73.2,-53.2],[-73.1,-53.2],[-73,-53.2],[-72.9,-53.2],[-72.8,-53.2],[-72.8,-53.3],[-72.7,-53.3],[-72.7,-53.2],[-72.8,-53.2],[-72.7,-53.2],[-72.8,-53.2],[-72.8,-53.1],[-72.7,-53.1],[-72.7,-53.2],[-72.7,-53.1],[-72.8,-53.1],[-72.8,-53.2],[-72.9,-53.1],[-72.9,-53],[-72.9,-52.9],[-73,-52.9],[-73,-52.8],[-72.9,-52.8],[-72.8,-52.8],[-72.7,-52.8],[-72.7,-52.7],[-72.6,-52.7],[-72.6,-52.8],[-72.7,-52.8],[-72.7,-52.9],[-72.7,-52.8],[-72.6,-52.8],[-72.5,-52.8],[-72.4,-52.9],[-72.4,-52.8],[-72.3,-52.8],[-72.3,-52.7],[-72.2,-52.7],[-72.1,-52.7],[-72,-52.7],[-72,-52.6],[-71.9,-52.7],[-71.6,-52.7],[-71.5,-52.7],[-71.5,-52.6],[-71.6,-52.6],[-71.7,-52.6],[-71.8,-52.6],[-71.9,-52.5],[-72,-52.6],[-72.1,-52.5],[-72.2,-52.5],[-72.3,-52.5],[-72.4,-52.6],[-72.4,-52.7],[-72.4,-52.6],[-72.5,-52.6],[-72.5,-52.5],[-72.4,-52.5],[-72.5,-52.5],[-72.6,-52.6],[-72.6,-52.5],[-72.7,-52.5],[-72.8,-52.5],[-72.9,-52.5],[-72.9,-52.6],[-72.9,-52.7],[-73,-52.7],[-72.9,-52.7],[-72.9,-52.6],[-72.8,-52.6],[-72.7,-52.6],[-72.7,-52.7],[-72.8,-52.7],[-72.8,-52.8],[-72.9,-52.8],[-73,-52.8],[-73,-52.9],[-73,-53],[-72.9,-53],[-73,-53],[-73,-53.1],[-73.1,-53.1],[-73.2,-53.1],[-73.2,-53],[-73.2,-53.1],[-73.3,-53.1],[-73.4,-53.1],[-73.4,-53],[-73.5,-53],[-73.4,-53],[-73.3,-53],[-73.3,-52.9],[-73.3,-53],[-73.2,-53],[-73.3,-52.9],[-73.2,-52.9],[-73.3,-52.9],[-73.4,-52.9],[-73.4,-52.8],[-73.5,-52.8],[-73.6,-52.8],[-73.5,-52.8],[-73.4,-52.8],[-73.3,-52.8],[-73.2,-52.8],[-73.3,-52.8],[-73.2,-52.8],[-73.3,-52.8],[-73.3,-52.7],[-73.2,-52.7],[-73.2,-52.6],[-73.1,-52.6],[-73,-52.6],[-73,-52.5],[-73,-52.6],[-73.1,-52.5],[-73,-52.5],[-72.9,-52.5],[-73,-52.5],[-73.1,-52.5],[-73.2,-52.5],[-73.2,-52.4],[-73.2,-52.5],[-73.2,-52.6],[-73.3,-52.7],[-73.3,-52.6],[-73.4,-52.6],[-73.4,-52.5],[-73.4,-52.6],[-73.5,-52.6],[-73.5,-52.7],[-73.6,-52.7],[-73.7,-52.7],[-73.6,-52.7],[-73.6,-52.6],[-73.7,-52.6],[-73.6,-52.6],[-73.6,-52.5],[-73.5,-52.5],[-73.5,-52.4],[-73.6,-52.4],[-73.7,-52.4],[-73.6,-52.4],[-73.6,-52.3],[-73.6,-52.2],[-73.7,-52.2],[-73.7,-52.1],[-73.7,-52],[-73.7,-52.1],[-73.6,-52.1],[-73.6,-52.2],[-73.5,-52.2],[-73.5,-52.1],[-73.4,-52.2],[-73.3,-52.2],[-73.2,-52.2],[-73.2,-52.1],[-73.1,-52.1],[-73,-52.1],[-73,-52.2],[-73,-52.1],[-73,-52.2],[-73.1,-52.2],[-73,-52.2],[-72.9,-52.2],[-72.9,-52.3],[-72.8,-52.2],[-72.8,-52.1],[-72.9,-52.1],[-72.9,-52.2],[-72.9,-52.1],[-73,-52.1],[-72.9,-52],[-72.9,-52.1],[-72.9,-52],[-72.9,-51.9],[-72.8,-51.9],[-72.7,-52],[-72.7,-52.1],[-72.6,-52.1],[-72.6,-52.2],[-72.5,-52.2],[-72.6,-52.2],[-72.6,-52.3],[-72.7,-52.3],[-72.7,-52.4],[-72.8,-52.4],[-72.9,-52.4],[-72.9,-52.5],[-72.8,-52.4],[-72.7,-52.4],[-72.6,-52.4],[-72.6,-52.5],[-72.5,-52.4],[-72.6,-52.4],[-72.5,-52.3],[-72.5,-52.2],[-72.6,-52.1],[-72.6,-52],[-72.7,-52],[-72.6,-51.9],[-72.6,-52],[-72.6,-51.9],[-72.5,-52],[-72.5,-51.9],[-72.5,-51.8],[-72.5,-51.7],[-72.6,-51.7],[-72.7,-51.6],[-72.8,-51.6],[-72.9,-51.6],[-72.9,-51.5],[-73,-51.5],[-73.1,-51.5],[-73.1,-51.4],[-73.2,-51.5],[-73.3,-51.5],[-73.2,-51.5],[-73.1,-51.5],[-73,-51.5],[-73.1,-51.6],[-73,-51.6],[-73,-51.5],[-72.9,-51.6],[-72.8,-51.6],[-72.7,-51.7],[-72.6,-51.7],[-72.5,-51.7],[-72.6,-51.8],[-72.7,-51.8],[-72.8,-51.8],[-72.9,-51.8],[-73,-51.8],[-73,-51.7],[-73.1,-51.7],[-73.2,-51.7],[-73.2,-51.6],[-73.3,-51.6],[-73.2,-51.6],[-73.2,-51.7],[-73.1,-51.7],[-73,-51.7],[-73,-51.8],[-73.1,-51.8],[-73.1,-51.7],[-73.1,-51.8],[-73,-51.8],[-73.1,-51.9],[-73.2,-51.9],[-73.1,-51.9],[-73,-51.9],[-73,-51.8],[-72.9,-51.8],[-72.9,-51.9],[-73,-51.9],[-73.1,-51.9],[-73.2,-52],[-73.2,-52.1],[-73.3,-52],[-73.3,-51.9],[-73.3,-51.8],[-73.3,-51.7],[-73.4,-51.7],[-73.3,-51.8],[-73.3,-51.9],[-73.3,-52],[-73.3,-52.1],[-73.3,-52.2],[-73.4,-52.1],[-73.5,-52.1],[-73.6,-52],[-73.6,-51.9],[-73.6,-51.8],[-73.6,-51.9],[-73.5,-51.9],[-73.5,-52],[-73.4,-52],[-73.5,-51.9],[-73.5,-51.8],[-73.6,-51.8],[-73.6,-51.7],[-73.5,-51.7],[-73.6,-51.7],[-73.7,-51.7],[-73.7,-51.8],[-73.8,-51.7],[-73.7,-51.7],[-73.7,-51.6],[-73.8,-51.6],[-73.9,-51.6],[-73.8,-51.5],[-73.9,-51.5],[-73.9,-51.4],[-73.8,-51.4],[-73.7,-51.5],[-73.7,-51.6],[-73.6,-51.6],[-73.6,-51.5],[-73.7,-51.5],[-73.6,-51.5],[-73.6,-51.4],[-73.7,-51.4],[-73.7,-51.3],[-73.8,-51.2],[-73.7,-51.2],[-73.7,-51.3],[-73.7,-51.2],[-73.7,-51.1],[-73.8,-51.1],[-73.8,-51.2],[-73.9,-51.2],[-74,-51.2],[-74,-51.1],[-74,-51.2],[-74.1,-51.2],[-74.1,-51.1],[-74.2,-51.1],[-74.1,-51.1],[-74.1,-51],[-74.2,-51],[-74.2,-50.9],[-74.3,-50.9],[-74.2,-50.9],[-74.1,-50.9],[-74,-50.9],[-73.9,-50.9],[-73.8,-51],[-73.8,-50.9],[-73.9,-50.8],[-73.8,-50.8],[-73.7,-50.8],[-73.8,-50.8],[-73.8,-50.7],[-73.7,-50.7],[-73.7,-50.6],[-73.6,-50.6],[-73.6,-50.7],[-73.5,-50.7],[-73.6,-50.7],[-73.6,-50.6],[-73.7,-50.6],[-73.7,-50.5],[-73.6,-50.5],[-73.6,-50.4],[-73.6,-50.5],[-73.7,-50.5],[-73.8,-50.5],[-73.8,-50.6],[-73.8,-50.7],[-73.8,-50.8],[-73.9,-50.8],[-74,-50.8],[-74.1,-50.8],[-74.1,-50.7],[-74.2,-50.7],[-74.2,-50.6],[-74.2,-50.5],[-74.3,-50.5],[-74.2,-50.5],[-74.1,-50.6],[-74.1,-50.5],[-74.2,-50.5],[-74.1,-50.5],[-73.9,-50.5],[-74,-50.5],[-74,-50.4],[-74.1,-50.5],[-74.1,-50.4],[-74,-50.4],[-74.1,-50.4],[-74.2,-50.4],[-74.3,-50.4],[-74.3,-50.3],[-74.4,-50.4],[-74.5,-50.3],[-74.5,-50.2],[-74.5,-50.3],[-74.5,-50.2],[-74.6,-50.2],[-74.7,-50.2],[-74.7,-50.1],[-74.6,-50.1],[-74.5,-50.1],[-74.3,-50.1],[-74.3,-50.2],[-74.2,-50.2],[-74.2,-50.3],[-74.1,-50.2],[-74,-50.3],[-73.9,-50.3],[-74,-50.3],[-74,-50.2],[-74.1,-50.2],[-74.2,-50.2],[-74.2,-50.1],[-74.3,-50.1],[-74.3,-50],[-74.4,-50],[-74.3,-49.9],[-74.2,-49.9],[-74.2,-50],[-74.1,-50],[-74,-50],[-73.9,-50],[-73.9,-50.1],[-73.9,-50],[-74,-50],[-74,-49.9],[-73.9,-49.9],[-74,-49.9],[-74,-50],[-74.1,-50],[-74.1,-49.9],[-74.2,-49.9],[-74.3,-49.9],[-74.3,-49.8],[-74.2,-49.8],[-74.2,-49.7],[-74.1,-49.7],[-74.2,-49.7],[-74.3,-49.7],[-74.3,-49.6],[-74.2,-49.6],[-74.1,-49.6],[-74.1,-49.5],[-74,-49.6],[-73.9,-49.6],[-73.9,-49.7],[-73.8,-49.7],[-73.7,-49.7],[-73.7,-49.8],[-73.7,-49.7],[-73.8,-49.7],[-73.9,-49.7],[-73.9,-49.6],[-73.9,-49.5],[-74.1,-49.5],[-74.1,-49.4],[-74.1,-49.3],[-74,-49.3],[-73.9,-49.3],[-73.8,-49.3],[-73.9,-49.3],[-74,-49.3],[-74,-49.2],[-74,-49.1],[-74,-49],[-73.9,-49],[-73.9,-49.1],[-73.8,-49.1],[-73.8,-49],[-73.9,-49],[-74,-49],[-74.1,-49],[-74.1,-49.1],[-74,-49.1],[-74.1,-49.1],[-74,-49.1],[-74.1,-49.2],[-74.2,-49.2],[-74.2,-49.3],[-74.1,-49.3],[-74.2,-49.3],[-74.1,-49.3],[-74.2,-49.3],[-74.2,-49.4],[-74.2,-49.5],[-74.3,-49.5],[-74.3,-49.4],[-74.4,-49.4],[-74.4,-49.3],[-74.4,-49.2],[-74.4,-49.1],[-74.5,-49.1],[-74.5,-49],[-74.4,-49],[-74.4,-48.9],[-74.5,-48.8],[-74.4,-48.8],[-74.4,-48.7],[-74.3,-48.8],[-74.3,-48.7],[-74.2,-48.7],[-74.1,-48.7],[-74.2,-48.7],[-74.3,-48.7],[-74.4,-48.7],[-74.4,-48.6],[-74.3,-48.5],[-74.2,-48.5],[-74.1,-48.5],[-74,-48.6],[-74,-48.5],[-74,-48.4],[-73.9,-48.4],[-74,-48.4],[-74.1,-48.4],[-74.2,-48.4],[-74.2,-48.3],[-74.1,-48.3],[-74.2,-48.3],[-74.3,-48.3],[-74.3,-48.2],[-74.4,-48.2],[-74.5,-48.2],[-74.5,-48.1],[-74.5,-48],[-74.5,-48.1],[-74.6,-48.1],[-74.6,-48],[-74.5,-48],[-74.4,-48],[-74.3,-48],[-74.3,-48.1],[-74.3,-48.2],[-74.2,-48.2],[-74.2,-48.1],[-74.3,-48.1],[-74.3,-48],[-74.2,-48],[-74.1,-48],[-74,-48],[-73.9,-48],[-73.9,-48.1],[-73.8,-48.1],[-73.8,-48],[-73.8,-48.1],[-73.7,-48.1],[-73.6,-48.1],[-73.6,-48.2],[-73.5,-48.2],[-73.4,-48.2],[-73.3,-48.2],[-73.3,-48.1],[-73.4,-48.2],[-73.4,-48.1],[-73.5,-48.1],[-73.6,-48],[-73.7,-47.9],[-73.6,-47.9],[-73.5,-48],[-73.4,-48],[-73.3,-48],[-73.2,-48],[-73.3,-48],[-73.4,-48],[-73.5,-48],[-73.5,-47.9],[-73.6,-47.9],[-73.6,-47.8],[-73.7,-47.8],[-73.7,-47.7],[-73.7,-47.6],[-73.7,-47.5],[-73.8,-47.6],[-73.7,-47.6],[-73.7,-47.7],[-73.8,-47.7],[-73.8,-47.8],[-73.9,-47.8],[-74,-47.8],[-74.1,-47.8],[-74.2,-47.8],[-74.3,-47.8],[-74.4,-47.8],[-74.3,-47.8],[-74.4,-47.7],[-74.5,-47.8],[-74.6,-47.8],[-74.7,-47.8],[-74.7,-47.7],[-74.7,-47.6],[-74.6,-47.6],[-74.6,-47.7],[-74.6,-47.6],[-74.5,-47.5],[-74.5,-47.6],[-74.4,-47.6],[-74.3,-47.6],[-74.4,-47.7],[-74.5,-47.7],[-74.4,-47.7],[-74.3,-47.7],[-74.2,-47.8],[-74.2,-47.7],[-74.3,-47.7],[-74.2,-47.7],[-74.1,-47.7],[-74.2,-47.7],[-74.3,-47.6],[-74.2,-47.6],[-74.1,-47.6],[-74,-47.6],[-74.1,-47.6],[-74.1,-47.5],[-74.1,-47.6],[-74.2,-47.6],[-74.3,-47.6],[-74.3,-47.5],[-74.4,-47.5],[-74.5,-47.5],[-74.4,-47.5],[-74.4,-47.4],[-74.5,-47.4],[-74.5,-47.5],[-74.5,-47.4],[-74.4,-47.3],[-74.3,-47.2],[-74.2,-47.2],[-74.2,-47.3],[-74.1,-47.3],[-74.1,-47.2],[-74,-47.2],[-74,-47.3],[-74,-47.2],[-74.1,-47.2],[-74,-47.1],[-73.9,-47],[-74,-47],[-74.1,-47],[-74.2,-47],[-74.2,-46.9],[-74.1,-46.9],[-74.1,-46.8],[-74.2,-46.8],[-74.2,-46.9],[-74.3,-46.8],[-74.4,-46.8],[-74.5,-46.8],[-74.6,-46.7],[-74.5,-46.8],[-74.6,-46.8],[-74.7,-46.8],[-74.6,-46.8],[-74.7,-46.8],[-74.6,-46.8],[-74.5,-46.8],[-74.5,-46.9],[-74.4,-46.9],[-74.5,-46.9],[-74.6,-46.9],[-74.7,-46.9],[-74.7,-46.8],[-74.8,-46.8],[-74.9,-46.8],[-75,-46.8],[-75,-46.7],[-75.1,-46.7],[-75.1,-46.6],[-75,-46.6],[-75,-46.5],[-74.9,-46.5],[-74.9,-46.4],[-75,-46.5],[-75.1,-46.5],[-75.1,-46.6],[-75.2,-46.6],[-75.3,-46.6],[-75.3,-46.7],[-75.4,-46.7],[-75.4,-46.6],[-75.6,-46.7],[-75.6,-46.8],[-75.7,-46.8],[-75.6,-46.8],[-75.6,-46.7],[-75.5,-46.7],[-75.4,-46.7],[-75.4,-46.8],[-75.5,-46.8],[-75.4,-46.8],[-75.4,-46.9],[-75.4,-46.8],[-75.4,-46.9],[-75.3,-46.9],[-75.4,-46.9],[-75.5,-46.9],[-75.6,-46.9],[-75.7,-46.9],[-75.7,-46.8],[-75.7,-46.7],[-75.7,-46.6],[-75.6,-46.6],[-75.5,-46.6],[-75.5,-46.5],[-75.4,-46.5],[-75.4,-46.4],[-75.3,-46.4],[-75.2,-46.4],[-75.2,-46.3],[-75.1,-46.3],[-75.1,-46.4],[-75,-46.3],[-75.1,-46.3],[-75.1,-46.2],[-75,-46.2],[-75,-46.3],[-74.9,-46.3],[-75,-46.2],[-74.9,-46.2],[-74.9,-46.1],[-74.9,-46.2],[-74.8,-46.2],[-74.8,-46.1],[-74.8,-46],[-74.7,-46],[-74.7,-45.9],[-74.7,-45.8],[-74.6,-45.8],[-74.5,-45.8],[-74.5,-45.9],[-74.6,-45.9],[-74.5,-45.9],[-74.5,-46],[-74.4,-46],[-74.4,-45.9],[-74.5,-45.9],[-74.5,-45.8],[-74.4,-45.8],[-74.5,-45.8],[-74.4,-45.8],[-74.3,-45.8],[-74.2,-45.8],[-74.1,-45.8],[-74.1,-45.9],[-74.2,-45.9],[-74.1,-45.9],[-74.1,-46],[-74.2,-46],[-74.1,-46],[-74.1,-46.1],[-74.2,-46.1],[-74.1,-46.1],[-74.1,-46],[-74,-46],[-74,-46.1],[-74.1,-46.2],[-74.2,-46.2],[-74.3,-46.2],[-74.3,-46.3],[-74.4,-46.2],[-74.5,-46.2],[-74.4,-46.2],[-74.4,-46.3],[-74.3,-46.3],[-74.2,-46.2],[-74.1,-46.2],[-74,-46.2],[-74.1,-46.2],[-74,-46.2],[-74,-46.3],[-74.1,-46.3],[-74,-46.3],[-73.9,-46.3],[-73.8,-46.3],[-73.9,-46.3],[-74,-46.2],[-74,-46.1],[-73.9,-46.1],[-73.9,-46.2],[-73.8,-46.2],[-73.8,-46.3],[-73.8,-46.4],[-73.9,-46.4],[-73.9,-46.5],[-74,-46.5],[-74,-46.6],[-73.9,-46.6],[-73.8,-46.6],[-73.8,-46.5],[-73.7,-46.5],[-73.8,-46.5],[-73.8,-46.4],[-73.7,-46.4],[-73.6,-46.3],[-73.5,-46.3],[-73.6,-46.3],[-73.6,-46.2],[-73.5,-46.2],[-73.5,-46.1],[-73.4,-46.1],[-73.4,-46],[-73.3,-46],[-73.4,-46],[-73.5,-46.1],[-73.6,-46.2],[-73.6,-46.3],[-73.7,-46.3],[-73.7,-46.2],[-73.6,-46.2],[-73.6,-46.1],[-73.7,-46],[-73.6,-46],[-73.6,-45.9],[-73.5,-45.9],[-73.6,-45.9],[-73.6,-45.8],[-73.5,-45.8],[-73.4,-45.7],[-73.2,-45.7],[-73.3,-45.6],[-73.4,-45.6],[-73.4,-45.7],[-73.5,-45.7],[-73.6,-45.8],[-73.6,-45.7],[-73.6,-45.6],[-73.5,-45.6],[-73.5,-45.5],[-73.5,-45.4],[-73.4,-45.4],[-73.4,-45.5],[-73.4,-45.4],[-73.3,-45.4],[-73.3,-45.3],[-73.2,-45.3],[-73.2,-45.4],[-73.1,-45.4],[-73,-45.4],[-73,-45.5],[-72.9,-45.5],[-72.9,-45.4],[-72.8,-45.4],[-72.9,-45.4],[-73,-45.4],[-73.1,-45.4],[-73.2,-45.3],[-73.3,-45.2],[-73.3,-45.3],[-73.4,-45.3],[-73.5,-45.3],[-73.5,-45.2],[-73.4,-45.2],[-73.3,-45.2],[-73.3,-45.1],[-73.4,-45.1],[-73.4,-45],[-73.3,-45],[-73.2,-45],[-73.2,-44.9],[-73.1,-44.9],[-73,-44.9],[-72.9,-44.9],[-72.9,-44.8],[-72.8,-44.8],[-72.7,-44.8],[-72.7,-44.7],[-72.7,-44.6],[-72.7,-44.5],[-72.6,-44.5],[-72.6,-44.4],[-72.6,-44.3],[-72.6,-44.4],[-72.7,-44.4],[-72.7,-44.5],[-72.8,-44.4],[-72.9,-44.4],[-72.9,-44.3],[-73,-44.3],[-73.1,-44.3],[-73.2,-44.3],[-73.2,-44.2],[-73.1,-44.2],[-73.1,-44.1],[-73.2,-44.2],[-73.3,-44.2],[-73.3,-44.1],[-73.2,-44.1],[-73.1,-44.1],[-73.1,-44],[-73.1,-43.9],[-73,-43.8],[-72.9,-43.8],[-72.8,-43.8],[-72.9,-43.7],[-72.8,-43.7],[-72.9,-43.7],[-72.9,-43.8],[-73,-43.8],[-73,-43.7],[-73.1,-43.7],[-73,-43.7],[-73,-43.6],[-72.9,-43.6],[-73,-43.6],[-73.1,-43.5],[-73.1,-43.4],[-73.1,-43.3],[-73,-43.2],[-72.9,-43.2],[-72.9,-43.1],[-72.9,-43],[-72.8,-43],[-72.8,-43.1],[-72.7,-43.1],[-72.8,-43],[-72.7,-42.9],[-72.8,-42.9],[-72.8,-42.8],[-72.9,-42.8],[-72.9,-42.7],[-72.8,-42.7],[-72.9,-42.6],[-72.8,-42.5],[-72.7,-42.5],[-72.6,-42.5],[-72.6,-42.6],[-72.5,-42.6],[-72.5,-42.5],[-72.6,-42.5],[-72.7,-42.5],[-72.7,-42.4],[-72.8,-42.4],[-72.8,-42.3],[-72.8,-42.2],[-72.7,-42.2],[-72.6,-42.2],[-72.5,-42.4],[-72.4,-42.5],[-72.4,-42.4],[-72.5,-42.3],[-72.4,-42.2],[-72.5,-42.2],[-72.4,-42.2],[-72.4,-42.1],[-72.5,-42.1],[-72.5,-42],[-72.6,-42],[-72.7,-42],[-72.8,-42],[-72.8,-41.9],[-72.9,-41.9],[-72.8,-41.9],[-72.8,-41.8],[-72.7,-41.8],[-72.7,-41.7],[-72.6,-41.7],[-72.5,-41.7],[-72.4,-41.7],[-72.4,-41.6],[-72.3,-41.6],[-72.3,-41.5],[-72.3,-41.4],[-72.4,-41.5],[-72.4,-41.6],[-72.4,-41.7],[-72.5,-41.7],[-72.6,-41.7],[-72.7,-41.7],[-72.7,-41.6],[-72.8,-41.5],[-72.9,-41.5],[-73,-41.5],[-73,-41.6],[-73.1,-41.6],[-73.1,-41.7],[-73.1,-41.8],[-73.2,-41.8],[-73.3,-41.8],[-73.4,-41.8],[-73.5,-41.8],[-73.6,-41.8],[-73.7,-41.8],[-73.8,-41.7],[-73.7,-41.7],[-73.7,-41.6],[-73.6,-41.6],[-73.5,-41.6],[-73.5,-41.5],[-73.5,-41.6],[-73.6,-41.6],[-73.7,-41.6],[-73.8,-41.6],[-73.8,-41.5],[-73.8,-41.4],[-73.9,-41.4],[-73.8,-41.4],[-73.8,-41.3],[-73.9,-41.3],[-73.9,-41.2],[-73.9,-41.1],[-73.9,-41],[-73.9,-40.9],[-73.9,-40.8],[-73.8,-40.7],[-73.8,-40.6],[-73.7,-40.6],[-73.7,-40.5],[-73.8,-40.5],[-73.8,-40.4],[-73.8,-40.3],[-73.7,-40.3],[-73.7,-40.2],[-73.7,-40.1],[-73.7,-40],[-73.7,-39.9],[-73.6,-39.9],[-73.5,-39.9],[-73.5,-39.8],[-73.4,-39.8],[-73.4,-39.9],[-73.4,-39.8],[-73.4,-39.7],[-73.3,-39.7],[-73.4,-39.6],[-73.3,-39.6],[-73.3,-39.5],[-73.2,-39.5],[-73.3,-39.5],[-73.2,-39.5],[-73.2,-39.4],[-73.2,-39.3],[-73.2,-39.2],[-73.3,-39.2],[-73.3,-39.1],[-73.4,-38.9],[-73.4,-38.7],[-73.4,-38.8],[-73.5,-38.7],[-73.5,-38.6],[-73.5,-38.5],[-73.5,-38.4],[-73.5,-38.3],[-73.5,-38.2],[-73.5,-38.1],[-73.5,-38],[-73.5,-37.9],[-73.6,-37.8],[-73.7,-37.7],[-73.7,-37.6],[-73.7,-37.5],[-73.6,-37.5],[-73.6,-37.4],[-73.7,-37.4],[-73.7,-37.3],[-73.6,-37.3],[-73.6,-37.2],[-73.5,-37.2],[-73.4,-37.2],[-73.3,-37.2],[-73.2,-37.2],[-73.2,-37.1],[-73.2,-37],[-73.2,-36.9],[-73.1,-36.8],[-73.2,-36.8],[-73.2,-36.7],[-73.1,-36.7],[-73.2,-36.7],[-73.1,-36.7],[-73.1,-36.6],[-73.1,-36.7],[-73,-36.7],[-73,-36.6],[-73,-36.5],[-72.9,-36.5],[-72.9,-36.4],[-72.9,-36.3],[-72.8,-36.3],[-72.8,-36.2],[-72.8,-36.1],[-72.8,-36],[-72.7,-35.9],[-72.7,-35.8],[-72.6,-35.8],[-72.6,-35.7],[-72.6,-35.6],[-72.7,-35.6],[-72.6,-35.6],[-72.5,-35.5],[-72.5,-35.4],[-72.4,-35.3],[-72.4,-35.2],[-72.3,-35.2],[-72.3,-35.1],[-72.2,-35.1],[-72.2,-35],[-72.2,-34.9],[-72.2,-34.8],[-72.1,-34.8],[-72.1,-34.7],[-72.1,-34.6],[-72,-34.5],[-72.1,-34.4],[-72,-34.4],[-72,-34.3],[-72,-34.2],[-72,-34.1],[-71.9,-34],[-71.9,-33.9],[-71.8,-33.8],[-71.7,-33.8],[-71.7,-33.7],[-71.6,-33.6],[-71.6,-33.5],[-71.7,-33.4],[-71.7,-33.3],[-71.7,-33.2],[-71.8,-33.1],[-71.7,-33.1],[-71.7,-33],[-71.6,-33],[-71.6,-32.9],[-71.5,-32.9],[-71.5,-32.8],[-71.5,-32.7],[-71.4,-32.7],[-71.4,-32.6],[-71.5,-32.6],[-71.5,-32.5],[-71.4,-32.5],[-71.4,-32.4],[-71.4,-32.3],[-71.5,-32.3],[-71.5,-32.2],[-71.5,-32.1],[-71.5,-32],[-71.5,-31.9],[-71.5,-31.8],[-71.6,-31.6],[-71.6,-31.5],[-71.6,-31.4],[-71.6,-31.2],[-71.7,-31.2],[-71.7,-31.1],[-71.7,-31],[-71.7,-30.9],[-71.7,-30.8],[-71.7,-30.7],[-71.7,-30.6],[-71.7,-30.5],[-71.7,-30.4],[-71.7,-30.3],[-71.6,-30.3],[-71.6,-30.2],[-71.6,-30.3],[-71.5,-30.3],[-71.5,-30.2],[-71.4,-30.2],[-71.4,-30.1],[-71.4,-30],[-71.4,-29.9],[-71.3,-29.9],[-71.3,-29.8],[-71.3,-29.7],[-71.3,-29.6],[-71.3,-29.5],[-71.3,-29.4],[-71.3,-29.3],[-71.4,-29.3],[-71.5,-29.2],[-71.5,-29.1],[-71.5,-29],[-71.5,-28.9],[-71.5,-28.8],[-71.4,-28.8],[-71.4,-28.7],[-71.3,-28.7],[-71.3,-28.6],[-71.3,-28.5],[-71.2,-28.5],[-71.2,-28.4],[-71.2,-28.3],[-71.2,-28.2],[-71.2,-28.1],[-71.1,-28],[-71.1,-27.9],[-71.1,-27.8],[-71.1,-27.7],[-71,-27.7],[-70.9,-27.6],[-70.9,-27.5],[-70.9,-27.4],[-70.9,-27.3],[-71,-27.2],[-70.9,-27.2],[-71,-27.2],[-70.9,-27.1],[-70.8,-27],[-70.8,-27.1],[-70.8,-27],[-70.8,-26.9],[-70.8,-26.8],[-70.7,-26.8],[-70.7,-26.7],[-70.8,-26.7],[-70.7,-26.7],[-70.7,-26.6],[-70.7,-26.5],[-70.7,-26.4],[-70.6,-26.3],[-70.7,-26.3],[-70.6,-26.2],[-70.7,-26.2],[-70.7,-26.1],[-70.6,-26],[-70.6,-25.9],[-70.7,-25.9],[-70.7,-25.8],[-70.7,-25.7],[-70.7,-25.6],[-70.6,-25.6],[-70.7,-25.5],[-70.6,-25.5],[-70.5,-25.5],[-70.5,-25.4],[-70.4,-25.4],[-70.4,-25.3],[-70.5,-25.3],[-70.4,-25.3],[-70.4,-25.2],[-70.5,-25.1],[-70.5,-25],[-70.5,-24.9],[-70.5,-24.8],[-70.6,-24.8],[-70.6,-24.7],[-70.6,-24.6],[-70.6,-24.5],[-70.6,-24.4],[-70.5,-24.4],[-70.6,-24.4],[-70.5,-24.4],[-70.5,-24.3],[-70.5,-24.2],[-70.5,-24.1],[-70.5,-24],[-70.5,-23.9],[-70.5,-23.8],[-70.5,-23.7],[-70.4,-23.7],[-70.4,-23.6],[-70.4,-23.5],[-70.5,-23.5],[-70.6,-23.5],[-70.6,-23.4],[-70.6,-23.3],[-70.6,-23.2],[-70.6,-23.1],[-70.5,-23],[-70.5,-23.1],[-70.4,-23.1],[-70.4,-23],[-70.3,-23],[-70.3,-22.9],[-70.3,-22.8],[-70.3,-22.7],[-70.3,-22.6],[-70.2,-22.5],[-70.3,-22.5],[-70.2,-22.4],[-70.2,-22.3],[-70.2,-22.2],[-70.2,-22.1],[-70.2,-22],[-70.2,-21.9],[-70.1,-21.8],[-70.2,-21.8],[-70.1,-21.7],[-70.2,-21.7],[-70.1,-21.6],[-70.1,-21.5],[-70.1,-21.4],[-70.1,-21.3],[-70.1,-21.2],[-70.1,-21.1],[-70.2,-21],[-70.1,-20.9],[-70.2,-20.9],[-70.2,-20.8],[-70.2,-20.7],[-70.2,-20.6],[-70.2,-20.5],[-70.2,-20.4],[-70.2,-20.3],[-70.1,-20.3],[-70.2,-20.2],[-70.1,-20.2],[-70.2,-20.1],[-70.1,-20.1],[-70.1,-20],[-70.1,-19.9],[-70.1,-19.8],[-70.2,-19.8],[-70.1,-19.7],[-70.2,-19.7],[-70.2,-19.6],[-70.2,-19.5],[-70.2,-19.4],[-70.3,-19.3],[-70.3,-19.2],[-70.3,-19.1],[-70.3,-19],[-70.3,-18.9],[-70.3,-18.8],[-70.4,-18.8],[-70.3,-18.7],[-70.3,-18.6],[-70.4,-18.6],[-70.3,-18.6],[-70.3,-18.5],[-70.3,-18.4],[-70.4,-18.4],[-70.4,-18.3],[-70.3,-18.3],[-70.2,-18.3],[-70.1,-18.3],[-70,-18.3],[-69.9,-18.2],[-69.9,-18.1],[-69.8,-18.1],[-69.8,-18],[-69.8,-17.9],[-69.8,-17.8],[-69.9,-17.7],[-69.8,-17.7],[-69.7,-17.7],[-69.6,-17.6],[-69.5,-17.5]]],[[[-68.6,-54.8],[-68.6,-54.9],[-68.7,-54.9],[-68.7,-54.8],[-68.9,-54.8],[-69,-54.8],[-68.9,-54.8],[-68.8,-54.9],[-68.7,-54.9],[-68.8,-54.9],[-69.1,-54.9],[-69.3,-54.9],[-69.5,-54.9],[-69.6,-54.8],[-69.7,-54.8],[-69.6,-54.8],[-69.6,-54.7],[-69.7,-54.8],[-69.7,-54.7],[-69.7,-54.8],[-69.8,-54.8],[-69.8,-54.7],[-69.8,-54.8],[-69.9,-54.8],[-70,-54.8],[-70,-54.7],[-70,-54.8],[-70.1,-54.8],[-70.2,-54.8],[-70.2,-54.9],[-70.3,-54.9],[-70.3,-54.8],[-70.2,-54.7],[-70.3,-54.7],[-70.3,-54.8],[-70.4,-54.8],[-70.5,-54.8],[-70.6,-54.8],[-70.7,-54.8],[-70.8,-54.8],[-70.7,-54.8],[-70.6,-54.7],[-70.5,-54.7],[-70.5,-54.6],[-70.6,-54.7],[-70.7,-54.7],[-70.8,-54.7],[-70.8,-54.8],[-70.9,-54.7],[-70.8,-54.7],[-70.9,-54.7],[-71,-54.7],[-70.9,-54.7],[-71,-54.7],[-71,-54.8],[-71,-54.7],[-71,-54.6],[-70.9,-54.6],[-71,-54.6],[-71.1,-54.6],[-71,-54.6],[-71.1,-54.7],[-71.1,-54.6],[-71.1,-54.7],[-71.2,-54.7],[-71.3,-54.7],[-71.3,-54.6],[-71.2,-54.6],[-71.3,-54.6],[-71.3,-54.5],[-71.2,-54.5],[-71.3,-54.5],[-71.3,-54.6],[-71.3,-54.5],[-71.4,-54.5],[-71.3,-54.6],[-71.4,-54.6],[-71.3,-54.6],[-71.4,-54.6],[-71.4,-54.7],[-71.4,-54.6],[-71.5,-54.6],[-71.5,-54.7],[-71.5,-54.6],[-71.5,-54.7],[-71.6,-54.6],[-71.6,-54.7],[-71.6,-54.6],[-71.6,-54.7],[-71.7,-54.7],[-71.7,-54.6],[-71.8,-54.6],[-71.7,-54.6],[-71.8,-54.6],[-71.8,-54.7],[-71.8,-54.6],[-71.9,-54.6],[-71.9,-54.7],[-72,-54.6],[-71.9,-54.6],[-72,-54.6],[-71.9,-54.6],[-71.9,-54.5],[-72,-54.6],[-72,-54.5],[-71.9,-54.5],[-72,-54.5],[-72,-54.4],[-71.9,-54.5],[-71.8,-54.5],[-71.7,-54.6],[-71.7,-54.5],[-71.6,-54.5],[-71.7,-54.5],[-71.8,-54.5],[-71.9,-54.5],[-71.9,-54.4],[-71.8,-54.4],[-71.9,-54.4],[-71.8,-54.4],[-71.7,-54.4],[-71.6,-54.5],[-71.5,-54.5],[-71.6,-54.5],[-71.6,-54.4],[-71.5,-54.4],[-71.4,-54.4],[-71.4,-54.5],[-71.4,-54.4],[-71.3,-54.4],[-71.4,-54.4],[-71.3,-54.4],[-71.2,-54.4],[-71.1,-54.5],[-71.1,-54.4],[-71,-54.4],[-71,-54.5],[-71,-54.4],[-70.9,-54.4],[-71,-54.3],[-70.9,-54.3],[-70.8,-54.3],[-70.7,-54.3],[-70.6,-54.3],[-70.7,-54.4],[-70.7,-54.5],[-70.8,-54.5],[-70.8,-54.6],[-70.7,-54.6],[-70.6,-54.6],[-70.7,-54.6],[-70.7,-54.5],[-70.7,-54.4],[-70.6,-54.4],[-70.5,-54.4],[-70.5,-54.5],[-70.4,-54.5],[-70.3,-54.5],[-70.3,-54.6],[-70.2,-54.6],[-70.3,-54.5],[-70.2,-54.5],[-70.1,-54.5],[-70.2,-54.5],[-70.3,-54.5],[-70.4,-54.4],[-70.5,-54.4],[-70.5,-54.3],[-70.6,-54.3],[-70.7,-54.3],[-70.8,-54.3],[-70.9,-54.2],[-70.8,-54.2],[-70.9,-54.2],[-70.9,-54.1],[-70.5,-54.3],[-70.4,-54.3],[-70.3,-54.3],[-70.2,-54.4],[-70.1,-54.4],[-70.2,-54.3],[-70.1,-54.3],[-70.1,-54.2],[-70.1,-54.3],[-70,-54.3],[-70,-54.4],[-69.9,-54.4],[-69.9,-54.5],[-69.8,-54.5],[-69.8,-54.6],[-69.8,-54.5],[-69.7,-54.5],[-69.8,-54.5],[-69.8,-54.4],[-69.8,-54.3],[-69.9,-54.3],[-69.8,-54.3],[-69.7,-54.3],[-69.6,-54.4],[-69.5,-54.4],[-69.6,-54.4],[-69.5,-54.3],[-69.3,-54.4],[-69.2,-54.4],[-69.2,-54.5],[-69.3,-54.5],[-69.4,-54.6],[-69.4,-54.7],[-69.4,-54.6],[-69.3,-54.6],[-69.3,-54.5],[-69.2,-54.5],[-69.2,-54.6],[-69.2,-54.5],[-69.1,-54.4],[-69.1,-54.5],[-69,-54.5],[-69,-54.4],[-69.1,-54.4],[-69.2,-54.4],[-69.2,-54.3],[-69.3,-54.3],[-69.5,-54.3],[-69.6,-54.2],[-69.9,-54.2],[-69.9,-54.1],[-70,-54.1],[-70.1,-54.1],[-70.1,-54],[-70.1,-53.9],[-70.2,-53.9],[-70.2,-53.8],[-70.1,-53.7],[-70,-53.7],[-69.9,-53.7],[-69.8,-53.7],[-69.7,-53.6],[-69.4,-53.5],[-69.3,-53.5],[-69.3,-53.4],[-69.4,-53.4],[-69.5,-53.4],[-69.7,-53.4],[-69.8,-53.4],[-69.9,-53.4],[-70,-53.4],[-70.1,-53.4],[-70.2,-53.5],[-70.3,-53.5],[-70.3,-53.4],[-70.4,-53.4],[-70.5,-53.3],[-70.5,-53.2],[-70.4,-53.2],[-70.4,-53.1],[-70.4,-53],[-70.3,-53],[-70.3,-53.1],[-70.2,-53.1],[-70.2,-53],[-70.1,-53],[-70.1,-52.9],[-70.2,-52.9],[-70.3,-52.9],[-70.3,-52.8],[-70.4,-52.8],[-70.4,-52.7],[-70.3,-52.7],[-70.2,-52.7],[-70.1,-52.7],[-70.1,-52.8],[-70,-52.8],[-69.9,-52.8],[-69.8,-52.8],[-69.7,-52.8],[-69.7,-52.7],[-69.6,-52.7],[-69.6,-52.6],[-69.6,-52.5],[-69.5,-52.5],[-69.4,-52.5],[-69.3,-52.5],[-69.3,-52.6],[-69.2,-52.6],[-69.2,-52.7],[-69.1,-52.7],[-69,-52.7],[-68.9,-52.6],[-68.8,-52.6],[-68.8,-52.5],[-68.7,-52.6],[-68.6,-52.6],[-68.6,-52.9],[-68.6,-53.2],[-68.6,-53.4],[-68.6,-53.7],[-68.6,-54],[-68.6,-54.2],[-68.6,-54.5],[-68.6,-54.8],[-68.7,-54.8],[-68.6,-54.8]]],[[[-74.3,-43.3],[-74.4,-43.3],[-74.4,-43.2],[-74.3,-43.1],[-74.3,-43],[-74.2,-43],[-74.3,-43],[-74.2,-43],[-74.2,-42.9],[-74.2,-42.8],[-74.1,-42.7],[-74.2,-42.7],[-74.1,-42.7],[-74.1,-42.6],[-74.2,-42.6],[-74.2,-42.5],[-74.2,-42.4],[-74.1,-42.3],[-74.2,-42.3],[-74.2,-42.2],[-74.1,-42.2],[-74.1,-42.1],[-74,-42.1],[-74,-42],[-74.1,-42],[-74.1,-41.9],[-74,-41.9],[-74.1,-41.9],[-74,-41.9],[-74,-41.8],[-74.1,-41.8],[-74,-41.8],[-73.9,-41.8],[-74,-41.8],[-74,-41.9],[-73.9,-41.9],[-73.8,-41.9],[-73.7,-41.8],[-73.6,-41.8],[-73.5,-41.8],[-73.5,-41.9],[-73.6,-41.9],[-73.6,-42],[-73.5,-42],[-73.4,-42.1],[-73.5,-42.1],[-73.5,-42.2],[-73.4,-42.2],[-73.4,-42.3],[-73.5,-42.3],[-73.6,-42.3],[-73.7,-42.3],[-73.7,-42.4],[-73.7,-42.5],[-73.6,-42.5],[-73.7,-42.5],[-73.8,-42.5],[-73.8,-42.6],[-73.7,-42.7],[-73.6,-42.7],[-73.6,-42.8],[-73.5,-42.8],[-73.5,-42.9],[-73.6,-42.9],[-73.7,-42.9],[-73.6,-42.9],[-73.7,-42.9],[-73.6,-42.9],[-73.6,-43],[-73.5,-43.1],[-73.6,-43],[-73.6,-43.1],[-73.5,-43.1],[-73.6,-43.1],[-73.7,-43.1],[-73.8,-43.1],[-73.7,-43.2],[-73.8,-43.2],[-73.7,-43.2],[-73.7,-43.3],[-73.7,-43.4],[-73.8,-43.4],[-73.9,-43.4],[-74,-43.4],[-74.1,-43.4],[-74.2,-43.3],[-74.3,-43.3]]],[[[-75.2,-49.8],[-75.2,-49.7],[-75.3,-49.7],[-75.2,-49.7],[-75.3,-49.6],[-75.2,-49.6],[-75.3,-49.6],[-75.3,-49.5],[-75.4,-49.5],[-75.4,-49.4],[-75.5,-49.3],[-75.4,-49.3],[-75.3,-49.3],[-75.3,-49.4],[-75.2,-49.5],[-75.2,-49.4],[-75.3,-49.4],[-75.3,-49.3],[-75.2,-49.3],[-75.2,-49.4],[-75.1,-49.4],[-75.2,-49.3],[-75.1,-49.3],[-75,-49.3],[-75.1,-49.2],[-75,-49.3],[-74.9,-49.3],[-74.9,-49.4],[-74.9,-49.3],[-74.9,-49.2],[-74.8,-49.2],[-74.9,-49.2],[-74.8,-49.2],[-74.9,-49.2],[-74.8,-49.1],[-74.9,-49.1],[-74.8,-49.1],[-75,-49],[-74.9,-49],[-74.8,-49],[-74.8,-48.9],[-74.9,-48.9],[-74.9,-49],[-75,-49],[-75,-48.9],[-74.9,-48.9],[-74.9,-48.8],[-75,-48.9],[-75.1,-48.9],[-75.1,-48.8],[-75,-48.8],[-74.9,-48.8],[-75,-48.8],[-74.9,-48.7],[-74.8,-48.7],[-74.7,-48.7],[-74.6,-48.7],[-74.6,-48.8],[-74.7,-48.8],[-74.7,-48.9],[-74.6,-48.9],[-74.6,-48.8],[-74.6,-48.7],[-74.5,-48.7],[-74.5,-48.8],[-74.5,-48.9],[-74.6,-48.9],[-74.5,-48.9],[-74.5,-49],[-74.5,-49.1],[-74.5,-49.2],[-74.4,-49.2],[-74.4,-49.3],[-74.5,-49.4],[-74.5,-49.5],[-74.5,-49.6],[-74.6,-49.6],[-74.6,-49.7],[-74.5,-49.7],[-74.5,-49.6],[-74.4,-49.6],[-74.4,-49.7],[-74.5,-49.7],[-74.5,-49.8],[-74.4,-49.8],[-74.4,-49.9],[-74.5,-49.9],[-74.5,-49.8],[-74.5,-49.9],[-74.5,-50],[-74.6,-50],[-74.6,-49.9],[-74.5,-50],[-74.6,-50],[-74.7,-50.1],[-74.7,-50],[-74.8,-50.1],[-74.8,-50],[-74.9,-50],[-74.8,-50],[-74.7,-49.9],[-74.7,-50],[-74.7,-49.9],[-74.8,-49.9],[-74.9,-50],[-74.9,-49.9],[-74.8,-49.9],[-74.7,-49.9],[-74.7,-49.8],[-74.8,-49.9],[-74.8,-49.8],[-74.9,-49.8],[-74.9,-49.7],[-74.8,-49.7],[-74.9,-49.7],[-74.9,-49.6],[-74.8,-49.6],[-74.7,-49.6],[-74.8,-49.6],[-74.9,-49.6],[-74.9,-49.5],[-74.8,-49.5],[-74.7,-49.5],[-74.8,-49.5],[-74.7,-49.4],[-74.6,-49.3],[-74.7,-49.4],[-74.8,-49.4],[-74.7,-49.4],[-74.8,-49.4],[-74.8,-49.5],[-74.9,-49.5],[-75,-49.5],[-75,-49.6],[-75,-49.7],[-75,-49.6],[-75,-49.7],[-75,-49.8],[-75,-49.7],[-75,-49.8],[-75,-49.9],[-75.1,-49.9],[-75.1,-49.8],[-75.2,-49.8]]],[[[-68,-55.6],[-68,-55.7],[-68.1,-55.7],[-68.2,-55.7],[-68.1,-55.6],[-68.2,-55.6],[-68.3,-55.6],[-68.2,-55.5],[-68.3,-55.5],[-68.4,-55.5],[-68.5,-55.5],[-68.6,-55.5],[-68.6,-55.4],[-68.6,-55.5],[-68.7,-55.5],[-68.8,-55.4],[-68.8,-55.5],[-68.9,-55.5],[-68.9,-55.4],[-69,-55.4],[-68.9,-55.4],[-68.8,-55.4],[-68.8,-55.3],[-69,-55.4],[-68.9,-55.3],[-68.9,-55.2],[-68.8,-55.2],[-68.9,-55.2],[-69,-55.2],[-69,-55.3],[-69.1,-55.3],[-69.1,-55.2],[-69.1,-55.1],[-69.2,-55.2],[-69.1,-55.2],[-69.2,-55.2],[-69.2,-55.1],[-69.3,-55.1],[-69.4,-55.2],[-69.3,-55.2],[-69.4,-55.2],[-69.5,-55.2],[-69.5,-55.3],[-69.4,-55.3],[-69.5,-55.3],[-69.4,-55.3],[-69.3,-55.3],[-69.3,-55.4],[-69.2,-55.4],[-69.3,-55.4],[-69.2,-55.4],[-69.1,-55.4],[-69.2,-55.5],[-69.3,-55.5],[-69.3,-55.4],[-69.4,-55.4],[-69.4,-55.5],[-69.4,-55.4],[-69.5,-55.4],[-69.4,-55.4],[-69.5,-55.4],[-69.5,-55.3],[-69.5,-55.4],[-69.6,-55.4],[-69.6,-55.3],[-69.7,-55.3],[-69.8,-55.3],[-69.7,-55.3],[-69.6,-55.3],[-69.7,-55.3],[-69.7,-55.2],[-69.6,-55.2],[-69.5,-55.2],[-69.6,-55.2],[-69.7,-55.2],[-69.8,-55.3],[-69.9,-55.3],[-69.9,-55.2],[-69.8,-55.2],[-69.9,-55.2],[-69.8,-55.2],[-69.9,-55.2],[-70,-55.2],[-70,-55.1],[-69.9,-55.1],[-69.8,-55.1],[-69.7,-55.1],[-69.6,-55],[-69.6,-55.1],[-69.6,-55.2],[-69.5,-55.1],[-69.5,-55],[-69.4,-55],[-69.4,-55.1],[-69.4,-55],[-69.3,-55],[-69.3,-55.1],[-69.3,-55],[-69.4,-55],[-69.3,-55],[-69.2,-55],[-69.1,-55],[-69,-55],[-68.8,-55],[-68.7,-54.9],[-68.6,-54.9],[-68.5,-54.9],[-68.4,-54.9],[-68.4,-55],[-68.3,-55],[-68.3,-55.1],[-68.4,-55.1],[-68.4,-55],[-68.4,-55.1],[-68.5,-55.1],[-68.6,-55.1],[-68.6,-55.2],[-68.7,-55.1],[-68.8,-55.1],[-68.9,-55.1],[-69,-55.1],[-69,-55],[-69.1,-55],[-69.1,-55.1],[-69,-55.1],[-68.9,-55.1],[-68.8,-55.2],[-68.7,-55.2],[-68.6,-55.2],[-68.4,-55.2],[-68.3,-55.2],[-68.2,-55.3],[-68.3,-55.3],[-68.4,-55.3],[-68.5,-55.3],[-68.6,-55.3],[-68.7,-55.3],[-68.6,-55.3],[-68.7,-55.3],[-68.6,-55.3],[-68.6,-55.4],[-68.5,-55.3],[-68.4,-55.3],[-68.3,-55.3],[-68.3,-55.4],[-68.2,-55.4],[-68.1,-55.4],[-68.2,-55.4],[-68.1,-55.4],[-68.2,-55.4],[-68.2,-55.5],[-68.1,-55.5],[-68.1,-55.6],[-68,-55.6]]],[[[-72.5,-54.1],[-72.6,-54.1],[-72.6,-54],[-72.7,-54],[-72.7,-54.1],[-72.8,-54.1],[-72.9,-54.1],[-73,-54.1],[-72.9,-54.1],[-72.8,-54.1],[-72.9,-54],[-72.8,-54],[-72.9,-54],[-72.8,-53.9],[-72.7,-53.9],[-72.6,-53.9],[-72.7,-53.9],[-72.8,-53.9],[-72.7,-53.9],[-72.7,-53.8],[-72.8,-53.9],[-72.8,-53.8],[-72.9,-53.9],[-73,-53.9],[-73,-53.8],[-73.1,-53.8],[-73.1,-53.9],[-73.1,-54],[-73,-54],[-73.1,-54],[-73.2,-54],[-73.3,-54],[-73.3,-53.9],[-73.2,-53.9],[-73.3,-53.9],[-73.3,-53.8],[-73.3,-53.7],[-73.2,-53.7],[-73.3,-53.7],[-73.4,-53.7],[-73.5,-53.8],[-73.6,-53.8],[-73.6,-53.7],[-73.5,-53.7],[-73.6,-53.7],[-73.6,-53.6],[-73.5,-53.6],[-73.4,-53.6],[-73.3,-53.6],[-73.3,-53.7],[-73.2,-53.7],[-73,-53.7],[-72.9,-53.6],[-73,-53.6],[-73,-53.7],[-73.1,-53.7],[-73.1,-53.6],[-73,-53.6],[-73.1,-53.6],[-73.2,-53.6],[-73.3,-53.6],[-73.3,-53.5],[-73.4,-53.5],[-73.3,-53.5],[-73.2,-53.5],[-73.1,-53.5],[-73.1,-53.4],[-73.2,-53.4],[-73.1,-53.4],[-73,-53.4],[-73,-53.5],[-73,-53.4],[-72.9,-53.4],[-72.9,-53.5],[-72.9,-53.6],[-72.9,-53.7],[-72.9,-53.6],[-72.8,-53.6],[-72.8,-53.5],[-72.9,-53.5],[-72.8,-53.5],[-72.7,-53.5],[-72.7,-53.6],[-72.7,-53.7],[-72.6,-53.7],[-72.6,-53.6],[-72.7,-53.6],[-72.7,-53.5],[-72.6,-53.6],[-72.5,-53.6],[-72.4,-53.6],[-72.4,-53.7],[-72.5,-53.7],[-72.4,-53.7],[-72.5,-53.7],[-72.4,-53.7],[-72.3,-53.7],[-72.2,-53.7],[-72.3,-53.8],[-72.2,-53.8],[-72.1,-53.8],[-72.2,-53.8],[-72.2,-53.9],[-72.3,-53.9],[-72.3,-53.8],[-72.4,-53.8],[-72.4,-53.9],[-72.3,-53.9],[-72.4,-53.9],[-72.4,-54],[-72.3,-54],[-72.4,-54],[-72.5,-54],[-72.5,-54.1]]],[[[-67.9,-55.2],[-67.7,-55.2],[-67.8,-55.2],[-67.9,-55.2],[-68,-55.2],[-68.1,-55.2],[-68.2,-55.2],[-68.1,-55.2],[-68.2,-55.2],[-68.2,-55.1],[-68.2,-55],[-68.3,-55],[-68.4,-55],[-68.4,-54.9],[-68.3,-54.9],[-68.2,-54.9],[-67.9,-54.9],[-67.8,-54.9],[-67.7,-54.9],[-67.6,-54.9],[-67.5,-54.9],[-67.3,-54.9],[-67.2,-54.9],[-67.2,-55],[-67.1,-55],[-67.1,-55.1],[-67.1,-55.2],[-67.2,-55.3],[-67.3,-55.3],[-67.4,-55.3],[-67.5,-55.3],[-67.5,-55.2],[-67.4,-55.2],[-67.5,-55.2],[-67.6,-55.2],[-67.6,-55.3],[-67.7,-55.3],[-67.8,-55.3],[-67.9,-55.2]]],[[[-73.4,-44.6],[-73.3,-44.6],[-73.2,-44.6],[-73.3,-44.6],[-73.3,-44.5],[-73.2,-44.5],[-73.2,-44.6],[-73.1,-44.6],[-73.1,-44.5],[-73.2,-44.5],[-73.3,-44.5],[-73.2,-44.4],[-73.1,-44.4],[-73.1,-44.5],[-73,-44.5],[-73,-44.4],[-73.1,-44.4],[-73,-44.4],[-72.9,-44.4],[-72.9,-44.5],[-73,-44.5],[-72.9,-44.5],[-72.9,-44.4],[-72.8,-44.5],[-72.7,-44.5],[-72.7,-44.6],[-72.8,-44.6],[-72.9,-44.6],[-73,-44.6],[-72.9,-44.6],[-72.9,-44.7],[-72.8,-44.7],[-72.9,-44.7],[-73,-44.8],[-73,-44.9],[-73.1,-44.9],[-73.2,-44.9],[-73.3,-44.9],[-73.4,-44.9],[-73.4,-44.8],[-73.3,-44.8],[-73.2,-44.8],[-73.3,-44.8],[-73.4,-44.8],[-73.4,-44.7],[-73.5,-44.7],[-73.5,-44.6],[-73.4,-44.6]]],[[[-73.2,-53.3],[-73.1,-53.3],[-73.1,-53.4],[-73.2,-53.4],[-73.3,-53.4],[-73.3,-53.3],[-73.3,-53.4],[-73.3,-53.3],[-73.4,-53.3],[-73.5,-53.3],[-73.6,-53.3],[-73.5,-53.3],[-73.6,-53.3],[-73.6,-53.2],[-73.7,-53.2],[-73.7,-53.1],[-73.7,-53.2],[-73.8,-53.2],[-73.8,-53.1],[-73.9,-53.1],[-74,-53.1],[-74.1,-53.1],[-74,-53.1],[-74.1,-53.1],[-74.2,-53.1],[-74.2,-53],[-74.2,-53.1],[-74.3,-53.1],[-74.3,-53],[-74.4,-53],[-74.5,-53],[-74.5,-52.9],[-74.6,-52.9],[-74.6,-52.8],[-74.7,-52.8],[-74.7,-52.7],[-74.6,-52.7],[-74.6,-52.8],[-74.5,-52.8],[-74.4,-52.8],[-74.4,-52.9],[-74.3,-52.9],[-74.3,-53],[-74.2,-53],[-74.2,-52.9],[-74.2,-53],[-74.2,-52.9],[-74.2,-53],[-74.1,-53],[-74.1,-52.9],[-74,-53],[-73.9,-53],[-74,-53],[-73.9,-53],[-73.8,-53],[-73.8,-53.1],[-73.7,-53.1],[-73.6,-53.1],[-73.7,-53.1],[-73.6,-53.1],[-73.5,-53.1],[-73.5,-53.2],[-73.6,-53.2],[-73.5,-53.2],[-73.5,-53.3],[-73.5,-53.2],[-73.5,-53.1],[-73.4,-53.1],[-73.4,-53.2],[-73.3,-53.2],[-73.4,-53.2],[-73.4,-53.3],[-73.3,-53.3],[-73.2,-53.3]]],[[[-70.5,-53.6],[-70.5,-53.7],[-70.4,-53.8],[-70.4,-53.9],[-70.5,-53.9],[-70.4,-53.9],[-70.4,-54],[-70.3,-54],[-70.4,-54.1],[-70.5,-54],[-70.6,-53.9],[-70.7,-54],[-70.6,-54],[-70.6,-54.1],[-70.5,-54.1],[-70.5,-54.2],[-70.6,-54.2],[-70.7,-54.2],[-70.8,-54.1],[-70.9,-54.1],[-70.9,-54],[-70.9,-53.9],[-70.9,-53.8],[-70.8,-53.8],[-70.7,-53.8],[-70.6,-53.9],[-70.6,-53.8],[-70.7,-53.8],[-70.7,-53.7],[-70.6,-53.7],[-70.6,-53.6],[-70.5,-53.6]]],[[[-75.1,-48.7],[-75.2,-48.7],[-75.3,-48.7],[-75.2,-48.7],[-75.2,-48.6],[-75.3,-48.6],[-75.3,-48.5],[-75.3,-48.4],[-75.3,-48.3],[-75.4,-48.4],[-75.5,-48.4],[-75.6,-48.4],[-75.5,-48.4],[-75.4,-48.3],[-75.3,-48.3],[-75.4,-48.3],[-75.5,-48.3],[-75.6,-48.3],[-75.5,-48.3],[-75.5,-48.2],[-75.4,-48.2],[-75.5,-48.2],[-75.6,-48.2],[-75.6,-48.1],[-75.5,-48],[-75.5,-48.1],[-75.4,-48.1],[-75.4,-48],[-75.3,-48],[-75.4,-48.1],[-75.3,-48.1],[-75.3,-48.2],[-75.2,-48.3],[-75.2,-48.4],[-75.1,-48.4],[-75.1,-48.5],[-75.1,-48.6],[-75.1,-48.7]]],[[[-72,-54.2],[-72.1,-54.2],[-72.1,-54.1],[-72,-54.1],[-72.1,-54.1],[-72,-54.1],[-72.1,-54.1],[-72.2,-54.1],[-72.2,-54],[-72.3,-53.9],[-72.2,-53.9],[-72.1,-53.9],[-72.1,-54],[-72.1,-53.9],[-72.1,-54],[-72,-54],[-72,-53.9],[-71.9,-53.9],[-71.8,-53.9],[-71.9,-54],[-71.8,-54],[-71.8,-53.9],[-71.7,-53.9],[-71.7,-54],[-71.8,-54],[-71.7,-54],[-71.8,-54.1],[-71.7,-54.1],[-71.8,-54.2],[-71.8,-54.1],[-71.9,-54.1],[-71.9,-54],[-72,-54],[-72,-54.1],[-71.9,-54.1],[-71.8,-54.2],[-71.7,-54.2],[-71.8,-54.3],[-71.8,-54.2],[-71.8,-54.3],[-71.9,-54.3],[-71.8,-54.3],[-71.9,-54.3],[-71.8,-54.3],[-71.9,-54.3],[-72,-54.3],[-71.9,-54.2],[-72,-54.2]]],[[[-74.5,-48.6],[-74.5,-48.7],[-74.6,-48.7],[-74.7,-48.7],[-74.7,-48.6],[-74.8,-48.6],[-74.9,-48.6],[-75,-48.6],[-75,-48.5],[-74.9,-48.4],[-74.8,-48.4],[-74.8,-48.5],[-74.7,-48.5],[-74.7,-48.4],[-74.8,-48.4],[-74.8,-48.3],[-74.8,-48.2],[-74.8,-48.1],[-74.7,-48.1],[-74.7,-48.2],[-74.7,-48.3],[-74.6,-48.3],[-74.6,-48.4],[-74.7,-48.4],[-74.6,-48.4],[-74.6,-48.5],[-74.6,-48.6],[-74.5,-48.6]]],[[[-71.6,-54.1],[-71.6,-54],[-71.7,-54],[-71.6,-54],[-71.6,-53.9],[-71.5,-54],[-71.5,-53.9],[-71.5,-54],[-71.4,-54],[-71.4,-54.1],[-71.4,-54],[-71.3,-54],[-71.3,-54.1],[-71.2,-54.1],[-71.2,-54.2],[-71.2,-54.1],[-71.2,-54.2],[-71.1,-54.2],[-71.1,-54.1],[-71,-54.1],[-71.1,-54.2],[-71,-54.2],[-71,-54.3],[-71.1,-54.3],[-71,-54.3],[-71.1,-54.3],[-71.2,-54.3],[-71.1,-54.3],[-71.1,-54.4],[-71.2,-54.4],[-71.2,-54.3],[-71.2,-54.4],[-71.2,-54.3],[-71.3,-54.3],[-71.4,-54.3],[-71.3,-54.3],[-71.2,-54.3],[-71.2,-54.2],[-71.3,-54.2],[-71.3,-54.3],[-71.3,-54.2],[-71.4,-54.2],[-71.4,-54.1],[-71.4,-54.2],[-71.4,-54.1],[-71.5,-54.1],[-71.5,-54.2],[-71.5,-54.3],[-71.6,-54.3],[-71.6,-54.2],[-71.5,-54.2],[-71.6,-54.2],[-71.7,-54.2],[-71.7,-54.1],[-71.6,-54.1]]],[[[-75.2,-48.3],[-75.1,-48.3],[-75.2,-48.3],[-75.2,-48.2],[-75.2,-48.1],[-75.3,-48.1],[-75.2,-48.1],[-75.1,-48.1],[-75,-48.1],[-74.9,-48.1],[-74.8,-48.1],[-74.8,-48.2],[-74.8,-48.3],[-74.8,-48.4],[-74.9,-48.4],[-75,-48.4],[-75.1,-48.4],[-75.1,-48.3],[-75.2,-48.3]]],[[[-70.3,-55.1],[-70.4,-55.1],[-70.5,-55.1],[-70.4,-55.1],[-70.4,-55.2],[-70.5,-55.2],[-70.6,-55.2],[-70.6,-55.1],[-70.5,-55.1],[-70.6,-55.1],[-70.6,-55],[-70.6,-55.1],[-70.7,-55.1],[-70.8,-55.1],[-70.9,-55.1],[-71,-55.1],[-71,-55],[-70.9,-55],[-71,-55],[-71,-54.9],[-70.9,-54.9],[-70.9,-55],[-70.8,-55],[-70.8,-54.9],[-70.7,-55],[-70.6,-55],[-70.6,-54.9],[-70.5,-54.9],[-70.4,-54.9],[-70.3,-54.9],[-70.4,-54.9],[-70.5,-54.9],[-70.5,-55],[-70.6,-55],[-70.7,-55],[-70.6,-55],[-70.5,-55],[-70.4,-55.1],[-70.4,-55],[-70.3,-55],[-70.3,-55.1]]],[[[-74.4,-51],[-74.4,-51.1],[-74.4,-51],[-74.5,-51],[-74.6,-51],[-74.6,-51.1],[-74.7,-51.1],[-74.8,-51.1],[-74.7,-51.1],[-74.7,-51],[-74.8,-51],[-74.8,-51.1],[-74.9,-51.1],[-74.9,-51],[-74.8,-51],[-74.9,-51],[-75,-51],[-75,-50.9],[-74.9,-50.9],[-74.7,-50.9],[-74.6,-50.9],[-74.7,-50.9],[-74.6,-50.8],[-74.7,-50.7],[-74.6,-50.8],[-74.5,-50.8],[-74.4,-50.8],[-74.4,-50.9],[-74.4,-51]]],[[[-75,-50.3],[-75.1,-50.3],[-75.1,-50.4],[-75.2,-50.4],[-75.3,-50.4],[-75.2,-50.3],[-75.3,-50.3],[-75.4,-50.3],[-75.4,-50.4],[-75.5,-50.4],[-75.4,-50.3],[-75.4,-50.2],[-75.4,-50.1],[-75.3,-50.1],[-75.3,-50.2],[-75.4,-50.2],[-75.3,-50.2],[-75.2,-50.2],[-75.2,-50.3],[-75.1,-50.2],[-75.2,-50.2],[-75.1,-50.2],[-75.1,-50.1],[-75.2,-50.2],[-75.2,-50.1],[-75.3,-50.1],[-75.4,-50.1],[-75.4,-50],[-75.3,-50],[-75.3,-50.1],[-75.2,-50],[-75.1,-50],[-75.1,-50.1],[-75,-50.1],[-74.9,-50.1],[-75,-50.1],[-75.1,-50.2],[-75,-50.2],[-74.9,-50.2],[-74.8,-50.1],[-74.9,-50.1],[-74.8,-50.1],[-74.8,-50.2],[-74.9,-50.2],[-75,-50.2],[-75,-50.3]]],[[[-73.7,-45.2],[-73.7,-45.3],[-73.8,-45.3],[-73.8,-45.2],[-73.9,-45.2],[-74,-45.2],[-74.1,-45.2],[-74.1,-45.1],[-74.1,-45.2],[-74.2,-45.1],[-74.2,-45.2],[-74.2,-45.1],[-74.3,-45.1],[-74.2,-45.1],[-74.2,-45],[-74.1,-45],[-74,-45],[-73.9,-45],[-73.8,-45],[-73.8,-45.1],[-73.7,-45.1],[-73.7,-45.2]]],[[[-73.8,-52.7],[-73.9,-52.7],[-74,-52.7],[-73.9,-52.7],[-73.9,-52.6],[-73.8,-52.6],[-73.9,-52.6],[-74,-52.7],[-74,-52.6],[-73.9,-52.6],[-74,-52.6],[-74,-52.7],[-74.1,-52.7],[-74.2,-52.6],[-74.1,-52.6],[-74,-52.6],[-74,-52.5],[-73.9,-52.5],[-74,-52.5],[-74,-52.4],[-73.9,-52.4],[-73.8,-52.4],[-73.7,-52.4],[-73.7,-52.5],[-73.8,-52.6],[-73.7,-52.6],[-73.8,-52.7]]],[[[-74.3,-50.8],[-74.4,-50.8],[-74.4,-50.7],[-74.5,-50.7],[-74.6,-50.7],[-74.6,-50.6],[-74.5,-50.6],[-74.5,-50.5],[-74.4,-50.5],[-74.5,-50.5],[-74.6,-50.5],[-74.7,-50.5],[-74.6,-50.4],[-74.5,-50.4],[-74.5,-50.5],[-74.4,-50.5],[-74.3,-50.5],[-74.3,-50.6],[-74.2,-50.7],[-74.3,-50.7],[-74.4,-50.7],[-74.4,-50.6],[-74.4,-50.7],[-74.3,-50.7],[-74.2,-50.7],[-74.2,-50.8],[-74.3,-50.8]]],[[[-73.9,-44.6],[-73.9,-44.7],[-74,-44.7],[-74.1,-44.8],[-74.2,-44.8],[-74.3,-44.8],[-74.4,-44.8],[-74.4,-44.7],[-74.3,-44.7],[-74.4,-44.7],[-74.4,-44.6],[-74.3,-44.6],[-74,-44.6],[-73.9,-44.6]]],[[[-74.4,-47.9],[-74.5,-47.9],[-74.4,-47.9],[-74.4,-47.8],[-74.3,-47.8],[-74.3,-47.9],[-74.2,-47.9],[-74.3,-47.9],[-74.3,-47.8],[-74.2,-47.8],[-74.1,-47.8],[-74,-47.9],[-73.9,-47.9],[-73.8,-47.9],[-73.8,-48],[-73.9,-48],[-73.9,-47.9],[-74,-47.9],[-74,-48],[-74.1,-47.9],[-74.2,-48],[-74.3,-48],[-74.4,-48],[-74.4,-47.9]]],[[[-69.9,-55],[-70,-55],[-69.9,-54.9],[-69.8,-54.9],[-69.9,-54.9],[-69.8,-54.9],[-69.8,-55],[-69.8,-54.9],[-69.7,-54.9],[-69.8,-54.9],[-69.7,-54.9],[-69.5,-54.9],[-69.4,-54.9],[-69.3,-54.9],[-69.2,-54.9],[-69.2,-55],[-69.3,-55],[-69.4,-55],[-69.3,-55],[-69.4,-55],[-69.5,-55],[-69.6,-55],[-69.8,-55],[-69.9,-55]]],[[[-75.3,-48.6],[-75.5,-48.7],[-75.6,-48.7],[-75.5,-48.7],[-75.5,-48.6],[-75.4,-48.6],[-75.5,-48.6],[-75.6,-48.6],[-75.7,-48.6],[-75.7,-48.5],[-75.6,-48.5],[-75.6,-48.4],[-75.6,-48.5],[-75.5,-48.5],[-75.5,-48.4],[-75.4,-48.4],[-75.4,-48.5],[-75.4,-48.4],[-75.4,-48.5],[-75.4,-48.4],[-75.3,-48.4],[-75.3,-48.5],[-75.4,-48.5],[-75.3,-48.5],[-75.3,-48.6]]],[[[-75.3,-48],[-75.2,-48],[-75.2,-47.9],[-75.1,-47.9],[-75,-47.9],[-74.9,-47.9],[-74.9,-47.8],[-74.8,-47.8],[-74.8,-47.9],[-74.8,-48],[-74.7,-48.1],[-74.8,-48.1],[-74.9,-48.1],[-75,-48],[-75.1,-48],[-75.2,-48],[-75.3,-48]]],[[[-75.4,-49.8],[-75.5,-49.8],[-75.6,-49.8],[-75.6,-49.9],[-75.6,-49.8],[-75.6,-49.7],[-75.5,-49.7],[-75.6,-49.7],[-75.6,-49.6],[-75.5,-49.6],[-75.4,-49.6],[-75.3,-49.6],[-75.3,-49.7],[-75.3,-49.8],[-75.2,-49.8],[-75.2,-49.9],[-75.3,-49.8],[-75.3,-49.9],[-75.4,-49.8],[-75.3,-49.8],[-75.4,-49.7],[-75.4,-49.8]]],[[[-74.5,-45.7],[-74.4,-45.6],[-74.5,-45.6],[-74.4,-45.6],[-74.5,-45.6],[-74.5,-45.5],[-74.4,-45.5],[-74.4,-45.4],[-74.4,-45.5],[-74.3,-45.5],[-74.2,-45.5],[-74.3,-45.6],[-74.2,-45.6],[-74.3,-45.6],[-74.2,-45.6],[-74.2,-45.7],[-74.3,-45.7],[-74.4,-45.7],[-74.3,-45.7],[-74.4,-45.8],[-74.5,-45.8],[-74.5,-45.7]]],[[[-74.1,-52.4],[-74.2,-52.4],[-74.2,-52.3],[-74.2,-52.2],[-74.1,-52.2],[-74.2,-52.2],[-74.1,-52.2],[-74.2,-52.2],[-74.3,-52.2],[-74.3,-52.1],[-74.3,-52.2],[-74.4,-52.2],[-74.4,-52.1],[-74.3,-52.1],[-74.2,-52.1],[-74.1,-52.2],[-74,-52.2],[-74,-52.3],[-73.9,-52.3],[-74,-52.3],[-74,-52.4],[-74.1,-52.4]]],[[[-74.7,-51.4],[-74.8,-51.4],[-74.9,-51.4],[-74.9,-51.5],[-74.9,-51.4],[-75,-51.5],[-75,-51.4],[-74.9,-51.4],[-74.8,-51.4],[-74.8,-51.3],[-74.9,-51.4],[-75,-51.4],[-75,-51.3],[-74.9,-51.3],[-74.8,-51.3],[-74.8,-51.2],[-74.7,-51.2],[-74.6,-51.2],[-74.6,-51.3],[-74.5,-51.3],[-74.6,-51.3],[-74.5,-51.4],[-74.6,-51.4],[-74.7,-51.4],[-74.7,-51.3],[-74.7,-51.4]]],[[[-75.1,-50.5],[-75.2,-50.6],[-75.2,-50.5],[-75.2,-50.6],[-75.3,-50.6],[-75.3,-50.5],[-75.3,-50.6],[-75.3,-50.7],[-75.3,-50.8],[-75.3,-50.7],[-75.4,-50.8],[-75.5,-50.8],[-75.5,-50.7],[-75.4,-50.7],[-75.5,-50.7],[-75.4,-50.7],[-75.5,-50.7],[-75.5,-50.6],[-75.4,-50.6],[-75.4,-50.5],[-75.5,-50.5],[-75.4,-50.5],[-75.3,-50.5],[-75.2,-50.5],[-75.1,-50.5]]],[[[-74.8,-45.8],[-74.7,-45.8],[-74.7,-45.9],[-74.8,-45.9],[-74.8,-46],[-74.9,-46],[-74.9,-46.1],[-75,-46.1],[-75.1,-46.1],[-75.1,-46],[-75,-46],[-74.9,-46],[-75,-46],[-75.1,-46],[-75,-46],[-75.1,-46],[-75.1,-45.9],[-75,-45.9],[-74.9,-45.9],[-75,-45.9],[-74.9,-45.9],[-74.8,-45.9],[-74.8,-45.8]]],[[[-74.9,-52],[-74.9,-52.1],[-75,-52.1],[-74.9,-52.1],[-75,-52.1],[-75,-52],[-75.1,-52],[-75,-52],[-75,-51.9],[-75,-51.8],[-74.9,-51.8],[-74.9,-51.9],[-74.8,-51.8],[-74.9,-51.8],[-74.8,-51.8],[-74.9,-51.7],[-74.9,-51.6],[-74.8,-51.6],[-74.8,-51.7],[-74.8,-51.8],[-74.8,-51.9],[-74.8,-52],[-74.9,-52]]],[[[-75.2,-49],[-75.2,-49.1],[-75.3,-49.1],[-75.3,-49],[-75.4,-49],[-75.5,-49],[-75.6,-49],[-75.7,-49],[-75.7,-48.9],[-75.6,-48.9],[-75.5,-48.9],[-75.5,-48.8],[-75.5,-48.9],[-75.4,-48.9],[-75.4,-48.8],[-75.4,-48.9],[-75.3,-48.9],[-75.2,-49]]],[[[-74.7,-52.4],[-74.7,-52.3],[-74.8,-52.4],[-74.8,-52.3],[-74.9,-52.3],[-74.9,-52.2],[-74.8,-52.2],[-74.7,-52.2],[-74.6,-52.2],[-74.5,-52.2],[-74.5,-52.3],[-74.6,-52.3],[-74.6,-52.4],[-74.7,-52.4]]],[[[-74.9,-49.1],[-74.9,-49.2],[-74.9,-49.3],[-75,-49.3],[-75,-49.2],[-75.1,-49.2],[-75.2,-49.2],[-75.2,-49.1],[-75.1,-49.1],[-75.2,-49.1],[-75.1,-49],[-75.1,-49.1],[-75,-49.1],[-75,-49],[-74.9,-49.1]]]]}},{"type":"Feature","properties":{"name":"Bolivia","iso":"BO"},"geometry":{"type":"Polygon","coordinates":[[[-69.5,-17.5],[-69.5,-17.4],[-69.6,-17.3],[-69.7,-17.3],[-69.6,-17.3],[-69.6,-17.2],[-69.5,-17.1],[-69.4,-17.1],[-69.4,-17],[-69.3,-16.9],[-69.2,-16.8],[-69.2,-16.7],[-69.1,-16.7],[-69,-16.7],[-69,-16.6],[-69,-16.5],[-69,-16.4],[-68.9,-16.4],[-68.8,-16.3],[-68.9,-16.3],[-69,-16.2],[-69.1,-16.2],[-69.2,-16.2],[-69.2,-16.1],[-69.3,-16],[-69.3,-15.9],[-69.4,-15.8],[-69.4,-15.7],[-69.4,-15.6],[-69.4,-15.5],[-69.3,-15.5],[-69.3,-15.4],[-69.3,-15.3],[-69.2,-15.3],[-69.1,-15.2],[-69.2,-15.2],[-69.3,-15.1],[-69.3,-15],[-69.4,-15],[-69.4,-14.9],[-69.4,-14.8],[-69.3,-14.8],[-69.3,-14.7],[-69.2,-14.6],[-69.2,-14.5],[-69.1,-14.5],[-69.1,-14.4],[-69,-14.4],[-69,-14.3],[-69,-14.2],[-68.9,-14.2],[-68.9,-14.1],[-68.9,-14],[-69,-14],[-69,-13.9],[-69,-13.8],[-69,-13.7],[-69.1,-13.7],[-69.1,-13.6],[-69,-13.6],[-69,-13.5],[-69,-13.3],[-69,-13.2],[-69,-13],[-69,-12.9],[-68.9,-12.8],[-68.9,-12.7],[-68.8,-12.7],[-68.7,-12.7],[-68.8,-12.7],[-68.8,-12.6],[-68.7,-12.6],[-68.7,-12.5],[-68.8,-12.3],[-68.9,-12.1],[-69,-11.9],[-69.1,-11.7],[-69.2,-11.5],[-69.3,-11.4],[-69.4,-11.2],[-69.5,-11],[-69.6,-11],[-69.5,-11],[-69.4,-10.9],[-69.3,-10.9],[-69.3,-11],[-69.2,-11],[-69.1,-11],[-69,-11],[-68.9,-11],[-68.8,-11],[-68.8,-11.1],[-68.6,-11.1],[-68.5,-11.1],[-68.5,-11],[-68.4,-11],[-68.3,-11],[-68.3,-10.9],[-68.2,-10.9],[-68.2,-10.8],[-68.1,-10.8],[-68.1,-10.7],[-68,-10.7],[-67.9,-10.7],[-67.8,-10.7],[-67.7,-10.7],[-67.7,-10.6],[-67.6,-10.6],[-67.6,-10.5],[-67.5,-10.5],[-67.5,-10.4],[-67.4,-10.4],[-67.3,-10.4],[-67.3,-10.3],[-67.2,-10.3],[-67.1,-10.3],[-66.9,-10.1],[-66.8,-10],[-66.7,-10],[-66.7,-9.9],[-66.6,-9.9],[-66.5,-9.9],[-66.4,-9.9],[-66.4,-9.8],[-66.3,-9.8],[-66.2,-9.8],[-66.1,-9.8],[-66,-9.8],[-65.9,-9.8],[-65.8,-9.8],[-65.8,-9.7],[-65.8,-9.8],[-65.7,-9.8],[-65.6,-9.8],[-65.5,-9.8],[-65.5,-9.7],[-65.4,-9.7],[-65.3,-9.8],[-65.3,-9.9],[-65.3,-10],[-65.3,-10.1],[-65.3,-10.2],[-65.3,-10.3],[-65.4,-10.3],[-65.4,-10.4],[-65.4,-10.5],[-65.4,-10.6],[-65.4,-10.7],[-65.4,-10.8],[-65.3,-10.8],[-65.3,-10.9],[-65.3,-11],[-65.3,-11.1],[-65.4,-11.1],[-65.4,-11.2],[-65.4,-11.3],[-65.3,-11.3],[-65.3,-11.4],[-65.4,-11.4],[-65.3,-11.5],[-65.2,-11.5],[-65.2,-11.6],[-65.2,-11.7],[-65.2,-11.8],[-65.1,-11.8],[-65.1,-11.7],[-65.1,-11.8],[-65,-11.8],[-65,-11.9],[-65,-12],[-64.9,-12],[-64.8,-12],[-64.8,-12.1],[-64.7,-12.1],[-64.7,-12.2],[-64.6,-12.2],[-64.5,-12.2],[-64.5,-12.3],[-64.5,-12.4],[-64.4,-12.4],[-64.4,-12.5],[-64.3,-12.5],[-64.2,-12.5],[-64.1,-12.5],[-64,-12.5],[-63.9,-12.5],[-63.8,-12.5],[-63.7,-12.5],[-63.6,-12.5],[-63.5,-12.5],[-63.5,-12.6],[-63.4,-12.6],[-63.4,-12.7],[-63.3,-12.7],[-63.2,-12.7],[-63.2,-12.6],[-63.1,-12.6],[-63.1,-12.7],[-63,-12.7],[-63.1,-12.7],[-63,-12.7],[-63,-12.8],[-63,-12.9],[-62.9,-12.9],[-62.9,-12.8],[-62.9,-12.9],[-62.8,-12.9],[-62.8,-13],[-62.7,-13],[-62.6,-13],[-62.6,-13.1],[-62.5,-13.1],[-62.4,-13.1],[-62.3,-13.1],[-62.2,-13.1],[-62.1,-13.1],[-62.1,-13.2],[-62.1,-13.1],[-62.1,-13.2],[-62.1,-13.3],[-62,-13.3],[-62,-13.4],[-61.9,-13.4],[-61.9,-13.5],[-61.8,-13.5],[-61.7,-13.5],[-61.6,-13.5],[-61.5,-13.5],[-61.4,-13.5],[-61.3,-13.5],[-61.2,-13.5],[-61.1,-13.5],[-61,-13.5],[-60.9,-13.5],[-60.9,-13.6],[-60.8,-13.6],[-60.7,-13.7],[-60.6,-13.7],[-60.6,-13.8],[-60.5,-13.8],[-60.5,-13.9],[-60.4,-13.9],[-60.4,-14],[-60.4,-14.1],[-60.5,-14.1],[-60.5,-14.2],[-60.5,-14.3],[-60.4,-14.3],[-60.4,-14.4],[-60.3,-14.5],[-60.4,-14.5],[-60.4,-14.6],[-60.3,-14.6],[-60.3,-14.7],[-60.3,-14.8],[-60.3,-14.9],[-60.3,-15],[-60.3,-15.1],[-60.4,-15.1],[-60.6,-15.1],[-60.5,-15.1],[-60.5,-15.2],[-60.4,-15.3],[-60.3,-15.5],[-60.2,-15.5],[-60.2,-15.7],[-60.2,-15.9],[-60.2,-16],[-60.2,-16.1],[-60.2,-16.2],[-60.2,-16.3],[-60.1,-16.3],[-59.9,-16.3],[-59.7,-16.3],[-59.5,-16.3],[-59.3,-16.3],[-59.1,-16.3],[-58.9,-16.3],[-58.7,-16.3],[-58.5,-16.3],[-58.4,-16.3],[-58.3,-16.3],[-58.3,-16.4],[-58.4,-16.4],[-58.3,-16.5],[-58.4,-16.5],[-58.5,-16.6],[-58.5,-16.7],[-58.5,-16.8],[-58.5,-16.9],[-58.4,-17],[-58.4,-17.1],[-58.4,-17.2],[-58.4,-17.3],[-58.3,-17.3],[-58.2,-17.3],[-58.2,-17.4],[-58.1,-17.4],[-58.1,-17.5],[-58,-17.5],[-57.9,-17.5],[-57.8,-17.5],[-57.8,-17.6],[-57.8,-17.7],[-57.7,-17.7],[-57.7,-17.8],[-57.6,-18],[-57.6,-18.1],[-57.6,-18.2],[-57.5,-18.2],[-57.6,-18.2],[-57.6,-18.3],[-57.6,-18.4],[-57.7,-18.6],[-57.7,-18.7],[-57.8,-18.9],[-57.7,-18.9],[-57.7,-19],[-57.8,-19],[-57.8,-19.1],[-57.8,-19.2],[-57.9,-19.3],[-58,-19.4],[-58,-19.5],[-58.1,-19.6],[-58.1,-19.7],[-58.1,-19.8],[-58,-19.8],[-58,-19.9],[-57.9,-20],[-58,-20],[-58,-20.1],[-58.1,-20.1],[-58.1,-20.2],[-58.2,-20.2],[-58.2,-20.1],[-58.1,-20.1],[-58.1,-20],[-58.2,-19.9],[-58.2,-19.8],[-58.3,-19.7],[-58.4,-19.7],[-58.5,-19.6],[-58.6,-19.6],[-58.7,-19.5],[-58.8,-19.5],[-58.9,-19.4],[-59,-19.4],[-59,-19.3],[-59.1,-19.3],[-59.2,-19.3],[-59.4,-19.3],[-59.5,-19.3],[-59.7,-19.3],[-59.9,-19.3],[-60,-19.3],[-60.2,-19.3],[-60.5,-19.4],[-60.8,-19.5],[-61.2,-19.5],[-61.5,-19.6],[-61.6,-19.6],[-61.7,-19.6],[-61.8,-19.6],[-61.8,-19.7],[-61.8,-19.8],[-61.8,-19.9],[-61.9,-19.9],[-61.9,-20],[-61.9,-20.1],[-62,-20.1],[-62,-20.2],[-62.1,-20.3],[-62.1,-20.4],[-62.2,-20.4],[-62.2,-20.5],[-62.3,-20.6],[-62.3,-20.7],[-62.3,-20.8],[-62.3,-20.9],[-62.3,-21],[-62.3,-21.1],[-62.3,-21.2],[-62.3,-21.3],[-62.4,-21.4],[-62.4,-21.5],[-62.4,-21.6],[-62.5,-21.8],[-62.5,-21.9],[-62.6,-22],[-62.6,-22.1],[-62.6,-22.2],[-62.7,-22.2],[-62.8,-22.1],[-62.8,-22],[-62.9,-22],[-63,-22],[-63.3,-22],[-63.6,-22],[-63.7,-22],[-63.7,-22.1],[-63.8,-22],[-63.9,-22],[-64,-22],[-64,-22.1],[-64,-22.2],[-64.1,-22.2],[-64.1,-22.3],[-64.2,-22.4],[-64.2,-22.5],[-64.3,-22.5],[-64.3,-22.7],[-64.3,-22.8],[-64.3,-22.9],[-64.3,-22.8],[-64.4,-22.8],[-64.4,-22.7],[-64.4,-22.6],[-64.5,-22.6],[-64.4,-22.6],[-64.4,-22.5],[-64.5,-22.5],[-64.5,-22.4],[-64.6,-22.4],[-64.6,-22.3],[-64.5,-22.3],[-64.6,-22.3],[-64.6,-22.2],[-64.7,-22.2],[-64.8,-22.2],[-64.8,-22.1],[-65,-22.1],[-65.2,-22.1],[-65.5,-22.1],[-65.6,-22.1],[-65.7,-22.1],[-65.8,-22.1],[-65.9,-21.9],[-66,-21.9],[-66.1,-21.9],[-66.1,-21.8],[-66.2,-21.8],[-66.3,-22],[-66.3,-22.1],[-66.4,-22.1],[-66.5,-22.2],[-66.6,-22.2],[-66.7,-22.2],[-66.8,-22.3],[-66.8,-22.4],[-66.9,-22.5],[-67,-22.5],[-67,-22.6],[-67,-22.7],[-67.1,-22.7],[-67.2,-22.8],[-67.5,-22.9],[-67.6,-22.9],[-67.8,-22.9],[-67.8,-22.8],[-67.9,-22.8],[-67.9,-22.7],[-67.9,-22.6],[-67.9,-22.5],[-67.9,-22.4],[-68,-22.3],[-67.9,-22.3],[-67.9,-22.2],[-68,-22.2],[-68,-22.1],[-68,-22],[-68.1,-22],[-68.1,-21.8],[-68.1,-21.7],[-68.2,-21.6],[-68.2,-21.3],[-68.4,-21],[-68.4,-20.9],[-68.5,-20.9],[-68.6,-20.9],[-68.6,-20.7],[-68.5,-20.6],[-68.6,-20.6],[-68.7,-20.5],[-68.8,-20.5],[-68.8,-20.4],[-68.7,-20.3],[-68.7,-20.2],[-68.8,-20.1],[-68.7,-20.1],[-68.6,-20.1],[-68.6,-20],[-68.5,-19.9],[-68.6,-19.9],[-68.6,-19.8],[-68.7,-19.8],[-68.7,-19.7],[-68.6,-19.7],[-68.6,-19.6],[-68.5,-19.5],[-68.5,-19.4],[-68.4,-19.4],[-68.5,-19.4],[-68.6,-19.3],[-68.7,-19.3],[-68.7,-19.2],[-68.8,-19.1],[-68.9,-19.1],[-68.9,-19],[-69,-19],[-69,-18.9],[-69,-18.7],[-69,-18.6],[-69,-18.5],[-69.1,-18.4],[-69.1,-18.3],[-69.1,-18.2],[-69.2,-18.1],[-69.1,-18.1],[-69.1,-18],[-69.2,-18],[-69.3,-18],[-69.3,-17.9],[-69.3,-17.8],[-69.4,-17.8],[-69.4,-17.7],[-69.5,-17.7],[-69.5,-17.6],[-69.5,-17.5]]]}},{"type":"Feature","properties":{"name":"Peru","iso":"PE"},"geometry":{"type":"MultiPolygon","coordinates":[[[[-69.5,-17.5],[-69.6,-17.6],[-69.7,-17.7],[-69.8,-17.7],[-69.9,-17.7],[-69.8,-17.8],[-69.8,-17.9],[-69.8,-18],[-69.8,-18.1],[-69.9,-18.1],[-69.9,-18.2],[-70,-18.3],[-70.1,-18.3],[-70.2,-18.3],[-70.3,-18.3],[-70.4,-18.3],[-70.5,-18.3],[-70.5,-18.2],[-70.6,-18.2],[-70.7,-18.2],[-70.7,-18.1],[-70.8,-18.1],[-70.8,-18],[-70.9,-18],[-70.9,-17.9],[-71,-17.9],[-71.1,-17.9],[-71.1,-17.8],[-71.2,-17.8],[-71.3,-17.7],[-71.4,-17.7],[-71.4,-17.6],[-71.4,-17.5],[-71.4,-17.4],[-71.5,-17.3],[-71.6,-17.3],[-71.6,-17.2],[-71.8,-17.2],[-71.9,-17.1],[-72,-17],[-72.1,-17],[-72.2,-16.9],[-72.3,-16.9],[-72.3,-16.8],[-72.4,-16.8],[-72.4,-16.7],[-72.5,-16.7],[-72.6,-16.7],[-72.7,-16.7],[-72.8,-16.6],[-72.9,-16.6],[-73.1,-16.5],[-73.1,-16.4],[-73.2,-16.4],[-73.3,-16.4],[-73.3,-16.3],[-73.4,-16.3],[-73.5,-16.3],[-73.6,-16.2],[-73.7,-16.2],[-73.8,-16.2],[-73.8,-16.1],[-73.9,-16.1],[-74,-16],[-74.1,-15.9],[-74.2,-15.9],[-74.3,-15.9],[-74.3,-15.8],[-74.4,-15.8],[-74.5,-15.8],[-74.5,-15.7],[-74.7,-15.6],[-74.8,-15.6],[-74.9,-15.5],[-75,-15.5],[-75.1,-15.4],[-75.2,-15.4],[-75.2,-15.3],[-75.3,-15.3],[-75.2,-15.3],[-75.2,-15.2],[-75.3,-15.2],[-75.4,-15.1],[-75.4,-15],[-75.5,-15],[-75.5,-14.9],[-75.6,-14.9],[-75.6,-14.8],[-75.7,-14.8],[-75.8,-14.7],[-75.9,-14.7],[-75.9,-14.6],[-76,-14.5],[-76,-14.4],[-76.1,-14.4],[-76.1,-14.3],[-76.1,-14.2],[-76.2,-14.2],[-76.2,-14.1],[-76.3,-14.2],[-76.3,-14.1],[-76.3,-14],[-76.3,-13.9],[-76.4,-13.9],[-76.4,-13.8],[-76.3,-13.8],[-76.3,-13.9],[-76.3,-13.8],[-76.2,-13.8],[-76.2,-13.7],[-76.2,-13.6],[-76.2,-13.5],[-76.2,-13.4],[-76.3,-13.3],[-76.4,-13.2],[-76.5,-13.1],[-76.5,-13],[-76.5,-12.9],[-76.5,-12.8],[-76.6,-12.8],[-76.7,-12.7],[-76.7,-12.6],[-76.8,-12.5],[-76.8,-12.4],[-76.9,-12.3],[-77,-12.2],[-77.1,-12.1],[-77.2,-12.1],[-77.2,-12],[-77.1,-12],[-77.1,-11.9],[-77.2,-11.9],[-77.2,-11.8],[-77.2,-11.7],[-77.2,-11.6],[-77.3,-11.6],[-77.3,-11.5],[-77.4,-11.5],[-77.4,-11.4],[-77.5,-11.4],[-77.6,-11.3],[-77.7,-11.2],[-77.6,-11.2],[-77.6,-11.1],[-77.6,-11],[-77.7,-11],[-77.6,-11],[-77.7,-11],[-77.7,-10.9],[-77.7,-10.8],[-77.8,-10.8],[-77.7,-10.8],[-77.8,-10.8],[-77.8,-10.7],[-77.9,-10.6],[-77.9,-10.5],[-78,-10.5],[-78,-10.4],[-78.1,-10.3],[-78.1,-10.2],[-78.2,-10.1],[-78.2,-10],[-78.2,-9.9],[-78.2,-9.8],[-78.3,-9.8],[-78.3,-9.7],[-78.4,-9.6],[-78.4,-9.5],[-78.4,-9.4],[-78.4,-9.3],[-78.5,-9.3],[-78.5,-9.2],[-78.6,-9.2],[-78.6,-9.1],[-78.6,-9],[-78.7,-9],[-78.6,-9],[-78.7,-8.9],[-78.7,-8.8],[-78.8,-8.8],[-78.8,-8.7],[-78.7,-8.7],[-78.8,-8.6],[-78.8,-8.5],[-78.9,-8.5],[-78.9,-8.4],[-79,-8.3],[-79,-8.2],[-79.1,-8.1],[-79.2,-8],[-79.3,-7.9],[-79.4,-7.9],[-79.4,-7.8],[-79.4,-7.7],[-79.5,-7.7],[-79.4,-7.7],[-79.5,-7.6],[-79.6,-7.5],[-79.6,-7.4],[-79.6,-7.3],[-79.6,-7.2],[-79.7,-7.2],[-79.7,-7.1],[-79.8,-7],[-79.9,-6.9],[-79.9,-6.8],[-80,-6.8],[-80,-6.7],[-80.1,-6.7],[-80.2,-6.6],[-80.3,-6.5],[-80.5,-6.5],[-80.7,-6.3],[-80.8,-6.3],[-80.9,-6.2],[-81,-6.1],[-81.1,-6.1],[-81.1,-6],[-81.2,-6],[-81.1,-5.9],[-81.2,-5.9],[-81.1,-5.9],[-81.1,-5.8],[-81,-5.8],[-80.9,-5.9],[-80.9,-5.8],[-80.9,-5.7],[-80.9,-5.6],[-80.9,-5.5],[-81,-5.4],[-81.1,-5.3],[-81.2,-5.3],[-81.2,-5.2],[-81.2,-5.1],[-81.1,-5.1],[-81.1,-5],[-81.1,-4.9],[-81.2,-4.9],[-81.2,-4.8],[-81.3,-4.7],[-81.3,-4.6],[-81.3,-4.5],[-81.3,-4.4],[-81.3,-4.3],[-81.3,-4.2],[-81.2,-4.2],[-81.1,-4.2],[-81.1,-4.1],[-81,-4.1],[-81,-4],[-81,-3.9],[-80.9,-3.9],[-80.9,-3.8],[-80.8,-3.8],[-80.8,-3.7],[-80.6,-3.6],[-80.5,-3.5],[-80.4,-3.5],[-80.4,-3.4],[-80.3,-3.4],[-80.3,-3.5],[-80.2,-3.5],[-80.2,-3.6],[-80.2,-3.7],[-80.2,-3.8],[-80.2,-3.9],[-80.3,-3.9],[-80.3,-4],[-80.4,-4],[-80.5,-4],[-80.5,-4.1],[-80.5,-4.2],[-80.4,-4.2],[-80.3,-4.2],[-80.4,-4.2],[-80.5,-4.4],[-80.4,-4.5],[-80.3,-4.4],[-80.2,-4.4],[-80.2,-4.3],[-80.1,-4.3],[-80,-4.4],[-79.9,-4.4],[-79.9,-4.5],[-79.8,-4.5],[-79.7,-4.5],[-79.7,-4.4],[-79.6,-4.5],[-79.5,-4.5],[-79.5,-4.6],[-79.5,-4.7],[-79.5,-4.8],[-79.4,-4.8],[-79.4,-4.9],[-79.3,-4.9],[-79.3,-5],[-79.2,-5],[-79.1,-5],[-79,-5],[-79,-4.9],[-78.9,-4.9],[-78.9,-4.8],[-78.9,-4.7],[-78.8,-4.6],[-78.7,-4.6],[-78.7,-4.5],[-78.6,-4.5],[-78.6,-4.4],[-78.7,-4.4],[-78.7,-4.3],[-78.6,-4.3],[-78.6,-4.2],[-78.6,-4.1],[-78.6,-4],[-78.5,-4],[-78.5,-3.9],[-78.5,-3.8],[-78.4,-3.8],[-78.4,-3.7],[-78.4,-3.6],[-78.4,-3.5],[-78.4,-3.4],[-78.3,-3.4],[-78.2,-3.4],[-78.2,-3.5],[-78.2,-3.4],[-78.2,-3.3],[-78.1,-3.3],[-78.1,-3.2],[-78,-3.2],[-77.9,-3.1],[-77.9,-3],[-77.8,-3],[-77.7,-2.9],[-77.5,-2.9],[-77.4,-2.8],[-77.3,-2.8],[-77.2,-2.7],[-77,-2.7],[-76.9,-2.6],[-76.8,-2.6],[-76.7,-2.6],[-76.6,-2.5],[-76.5,-2.4],[-76.4,-2.4],[-76.3,-2.3],[-76.2,-2.2],[-76.1,-2.1],[-76,-2.1],[-76,-2],[-75.9,-2],[-75.9,-1.9],[-75.8,-1.8],[-75.7,-1.7],[-75.7,-1.6],[-75.6,-1.6],[-75.6,-1.5],[-75.5,-1.4],[-75.5,-1.3],[-75.5,-1.2],[-75.5,-1.1],[-75.4,-1],[-75.4,-0.9],[-75.4,-1],[-75.3,-1],[-75.2,-1],[-75.2,-0.9],[-75.3,-0.9],[-75.3,-0.7],[-75.3,-0.6],[-75.3,-0.5],[-75.4,-0.5],[-75.4,-0.4],[-75.5,-0.4],[-75.5,-0.2],[-75.6,-0.2],[-75.6,-0.1],[-75.5,-0.1],[-75.5,-0.2],[-75.4,-0.2],[-75.4,-0.1],[-75.3,-0.1],[-75.2,-0.1],[-75.2,0],[-75.1,0],[-75.1,-0.1],[-75,-0.1],[-75,-0.2],[-74.9,-0.2],[-74.8,-0.2],[-74.8,-0.3],[-74.7,-0.3],[-74.7,-0.4],[-74.7,-0.3],[-74.6,-0.3],[-74.6,-0.4],[-74.5,-0.5],[-74.4,-0.5],[-74.4,-0.6],[-74.4,-0.7],[-74.3,-0.8],[-74.3,-0.9],[-74.3,-1],[-74.2,-1],[-74.1,-1],[-74,-1.1],[-73.9,-1.1],[-73.9,-1.2],[-73.8,-1.2],[-73.7,-1.2],[-73.6,-1.3],[-73.6,-1.4],[-73.5,-1.4],[-73.5,-1.5],[-73.5,-1.6],[-73.5,-1.7],[-73.4,-1.7],[-73.4,-1.8],[-73.3,-1.8],[-73.3,-1.7],[-73.2,-1.7],[-73.2,-1.8],[-73.2,-1.9],[-73.2,-2],[-73.1,-2],[-73.1,-2.1],[-73.2,-2.2],[-73.2,-2.3],[-73.1,-2.3],[-73,-2.3],[-73,-2.4],[-72.9,-2.4],[-72.8,-2.4],[-72.7,-2.4],[-72.6,-2.3],[-72.6,-2.4],[-72.5,-2.4],[-72.4,-2.4],[-72.4,-2.5],[-72.4,-2.4],[-72.3,-2.4],[-72.2,-2.4],[-72.1,-2.4],[-72.1,-2.3],[-72,-2.3],[-71.9,-2.3],[-71.9,-2.2],[-71.8,-2.2],[-71.8,-2.1],[-71.7,-2.1],[-71.7,-2.2],[-71.6,-2.2],[-71.5,-2.2],[-71.5,-2.3],[-71.4,-2.3],[-71.4,-2.4],[-71.3,-2.3],[-71.2,-2.3],[-71.1,-2.3],[-71.1,-2.2],[-71.1,-2.3],[-71,-2.3],[-71,-2.2],[-70.9,-2.2],[-70.8,-2.3],[-70.7,-2.3],[-70.7,-2.4],[-70.6,-2.5],[-70.6,-2.4],[-70.5,-2.4],[-70.5,-2.5],[-70.4,-2.5],[-70.3,-2.5],[-70.4,-2.5],[-70.4,-2.6],[-70.3,-2.6],[-70.3,-2.5],[-70.3,-2.6],[-70.2,-2.6],[-70.2,-2.7],[-70.1,-2.7],[-70.1,-2.6],[-70.1,-2.7],[-70.1,-2.8],[-70.2,-2.9],[-70.2,-3],[-70.3,-3.1],[-70.4,-3.2],[-70.5,-3.4],[-70.5,-3.5],[-70.6,-3.6],[-70.7,-3.7],[-70.7,-3.8],[-70.6,-3.9],[-70.5,-3.9],[-70.4,-3.9],[-70.4,-3.8],[-70.3,-3.8],[-70.3,-3.9],[-70.2,-3.9],[-70.2,-4],[-70.2,-4.1],[-70.1,-4.1],[-70,-4.1],[-70,-4.2],[-70,-4.3],[-70.1,-4.3],[-70.2,-4.3],[-70.3,-4.3],[-70.3,-4.2],[-70.3,-4.1],[-70.4,-4.2],[-70.4,-4.1],[-70.5,-4.1],[-70.5,-4.2],[-70.5,-4.1],[-70.6,-4.1],[-70.6,-4.2],[-70.6,-4.1],[-70.7,-4.1],[-70.7,-4.2],[-70.8,-4.2],[-70.9,-4.2],[-70.9,-4.3],[-70.9,-4.4],[-71,-4.4],[-71,-4.3],[-71,-4.4],[-71.1,-4.4],[-71.2,-4.4],[-71.3,-4.4],[-71.3,-4.5],[-71.4,-4.5],[-71.4,-4.4],[-71.5,-4.4],[-71.5,-4.5],[-71.6,-4.5],[-71.7,-4.5],[-71.8,-4.5],[-71.9,-4.5],[-72,-4.6],[-72.1,-4.6],[-72.1,-4.7],[-72.2,-4.7],[-72.3,-4.8],[-72.4,-4.8],[-72.4,-4.9],[-72.5,-4.9],[-72.5,-5],[-72.6,-5],[-72.6,-5.1],[-72.7,-5.1],[-72.8,-5.1],[-72.9,-5.1],[-72.9,-5.2],[-72.9,-5.3],[-72.9,-5.4],[-73,-5.4],[-73,-5.5],[-73,-5.6],[-73,-5.7],[-73.1,-5.8],[-73.1,-5.9],[-73.2,-6],[-73.2,-6.1],[-73.2,-6.2],[-73.2,-6.3],[-73.1,-6.4],[-73.1,-6.5],[-73.2,-6.5],[-73.2,-6.6],[-73.3,-6.6],[-73.4,-6.6],[-73.5,-6.7],[-73.6,-6.7],[-73.6,-6.8],[-73.7,-6.8],[-73.7,-6.9],[-73.8,-6.9],[-73.8,-7],[-73.8,-7.1],[-73.7,-7.2],[-73.7,-7.3],[-73.8,-7.3],[-73.9,-7.4],[-74,-7.4],[-73.9,-7.4],[-73.9,-7.5],[-74,-7.5],[-74,-7.6],[-73.8,-7.7],[-73.8,-7.8],[-73.7,-7.8],[-73.7,-7.9],[-73.8,-7.9],[-73.8,-8],[-73.7,-8],[-73.6,-8.1],[-73.6,-8.2],[-73.6,-8.3],[-73.5,-8.3],[-73.5,-8.4],[-73.4,-8.4],[-73.4,-8.5],[-73.3,-8.5],[-73.4,-8.6],[-73.3,-8.7],[-73.2,-8.7],[-73.1,-8.8],[-73.1,-8.9],[-73,-8.9],[-73,-9],[-73,-9.1],[-73,-9.2],[-73.1,-9.2],[-73.1,-9.3],[-73.2,-9.4],[-72.8,-9.4],[-72.7,-9.4],[-72.6,-9.4],[-72.6,-9.5],[-72.5,-9.5],[-72.4,-9.5],[-72.3,-9.5],[-72.3,-9.6],[-72.3,-9.7],[-72.3,-9.8],[-72.2,-9.8],[-72.2,-9.9],[-72.2,-10],[-72.1,-10],[-72,-10],[-71.8,-10],[-71.6,-10],[-71.4,-10],[-71.3,-10],[-71.2,-10],[-71.2,-9.9],[-71.1,-9.9],[-71.1,-9.8],[-71,-9.8],[-71,-9.7],[-70.9,-9.7],[-70.8,-9.6],[-70.7,-9.6],[-70.7,-9.5],[-70.6,-9.5],[-70.6,-9.4],[-70.5,-9.4],[-70.5,-9.5],[-70.6,-9.5],[-70.6,-9.6],[-70.6,-9.7],[-70.5,-9.7],[-70.6,-9.7],[-70.6,-9.8],[-70.6,-9.9],[-70.6,-10],[-70.6,-10.2],[-70.6,-10.3],[-70.6,-10.4],[-70.6,-10.5],[-70.6,-10.7],[-70.6,-10.8],[-70.6,-10.9],[-70.6,-11],[-70.6,-10.9],[-70.5,-10.9],[-70.5,-11],[-70.4,-11],[-70.4,-11.1],[-70.3,-11.1],[-70.2,-11.1],[-70.2,-11],[-70,-10.9],[-69.9,-10.9],[-69.8,-10.9],[-69.8,-11],[-69.7,-11],[-69.6,-11],[-69.5,-11],[-69.4,-11.2],[-69.3,-11.4],[-69.2,-11.5],[-69.1,-11.7],[-69,-11.9],[-68.9,-12.1],[-68.8,-12.3],[-68.7,-12.5],[-68.7,-12.6],[-68.8,-12.6],[-68.8,-12.7],[-68.7,-12.7],[-68.8,-12.7],[-68.9,-12.7],[-68.9,-12.8],[-69,-12.9],[-69,-13],[-69,-13.2],[-69,-13.3],[-69,-13.5],[-69,-13.6],[-69.1,-13.6],[-69.1,-13.7],[-69,-13.7],[-69,-13.8],[-69,-13.9],[-69,-14],[-68.9,-14],[-68.9,-14.1],[-68.9,-14.2],[-69,-14.2],[-69,-14.3],[-69,-14.4],[-69.1,-14.4],[-69.1,-14.5],[-69.2,-14.5],[-69.2,-14.6],[-69.3,-14.7],[-69.3,-14.8],[-69.4,-14.8],[-69.4,-14.9],[-69.4,-15],[-69.3,-15],[-69.3,-15.1],[-69.2,-15.2],[-69.1,-15.2],[-69.2,-15.3],[-69.3,-15.3],[-69.3,-15.4],[-69.3,-15.5],[-69.4,-15.5],[-69.4,-15.6],[-69.4,-15.7],[-69.4,-15.8],[-69.3,-15.9],[-69.3,-16],[-69.2,-16.1],[-69.2,-16.2],[-69.1,-16.2],[-69,-16.2],[-68.9,-16.3],[-68.8,-16.3],[-68.9,-16.4],[-69,-16.4],[-69,-16.5],[-69,-16.6],[-69,-16.7],[-69.1,-16.7],[-69.2,-16.7],[-69.2,-16.8],[-69.3,-16.9],[-69.4,-17],[-69.4,-17.1],[-69.5,-17.1],[-69.6,-17.2],[-69.6,-17.3],[-69.7,-17.3],[-69.6,-17.3],[-69.5,-17.4],[-69.5,-17.5]]]]}},{"type":"Feature","properties":{"name":"Argentina","iso":"AR"},"geometry":{"type":"MultiPolygon","coordinates":[[[[-67.2,-22.8],[-67.1,-22.7],[-67,-22.7],[-67,-22.6],[-67,-22.5],[-66.9,-22.5],[-66.8,-22.4],[-66.8,-22.3],[-66.7,-22.2],[-66.6,-22.2],[-66.5,-22.2],[-66.4,-22.1],[-66.3,-22.1],[-66.3,-22],[-66.2,-21.8],[-66.1,-21.8],[-66.1,-21.9],[-66,-21.9],[-65.9,-21.9],[-65.8,-22.1],[-65.7,-22.1],[-65.6,-22.1],[-65.5,-22.1],[-65.2,-22.1],[-65,-22.1],[-64.8,-22.1],[-64.8,-22.2],[-64.7,-22.2],[-64.6,-22.2],[-64.6,-22.3],[-64.5,-22.3],[-64.6,-22.3],[-64.6,-22.4],[-64.5,-22.4],[-64.5,-22.5],[-64.4,-22.5],[-64.4,-22.6],[-64.5,-22.6],[-64.4,-22.6],[-64.4,-22.7],[-64.4,-22.8],[-64.3,-22.8],[-64.3,-22.9],[-64.3,-22.8],[-64.3,-22.7],[-64.3,-22.5],[-64.2,-22.5],[-64.2,-22.4],[-64.1,-22.3],[-64.1,-22.2],[-64,-22.2],[-64,-22.1],[-64,-22],[-63.9,-22],[-63.8,-22],[-63.7,-22.1],[-63.7,-22],[-63.6,-22],[-63.3,-22],[-63,-22],[-62.9,-22],[-62.8,-22],[-62.8,-22.1],[-62.7,-22.2],[-62.6,-22.2],[-62.6,-22.3],[-62.5,-22.3],[-62.5,-22.4],[-62.4,-22.4],[-62.4,-22.5],[-62.3,-22.5],[-62.2,-22.5],[-62.2,-22.6],[-62.3,-22.6],[-62.2,-22.6],[-62.2,-22.7],[-62.1,-22.8],[-62.1,-22.9],[-62,-22.9],[-62,-23],[-61.8,-23.1],[-61.8,-23.2],[-61.7,-23.2],[-61.7,-23.3],[-61.6,-23.3],[-61.5,-23.3],[-61.5,-23.4],[-61.4,-23.4],[-61.4,-23.5],[-61.3,-23.5],[-61.2,-23.5],[-61.2,-23.6],[-61.1,-23.6],[-61.1,-23.7],[-61,-23.7],[-61,-23.8],[-60.9,-23.8],[-60.9,-23.9],[-60.8,-23.9],[-60.7,-23.9],[-60.6,-23.9],[-60.5,-23.9],[-60.5,-24],[-60.4,-24],[-60.3,-24],[-60.2,-24],[-60.1,-24],[-60,-24],[-59.7,-24.2],[-59.6,-24.3],[-59.5,-24.3],[-59.5,-24.4],[-59.4,-24.4],[-59.4,-24.5],[-59.3,-24.5],[-59.2,-24.5],[-59.2,-24.6],[-59.1,-24.6],[-59,-24.6],[-58.8,-24.8],[-58.7,-24.8],[-58.5,-24.9],[-58.4,-24.9],[-58.4,-25],[-58.3,-25],[-58.2,-24.9],[-58.1,-25],[-58,-25],[-58,-25.1],[-57.9,-25.1],[-57.8,-25.1],[-57.8,-25.2],[-57.7,-25.2],[-57.7,-25.3],[-57.6,-25.4],[-57.6,-25.5],[-57.6,-25.6],[-57.7,-25.6],[-57.7,-25.7],[-57.8,-25.7],[-57.7,-25.7],[-57.8,-25.7],[-57.8,-25.8],[-57.8,-25.9],[-57.9,-25.9],[-57.9,-26],[-58,-26.1],[-58.1,-26.1],[-58.1,-26.2],[-58.2,-26.2],[-58.1,-26.2],[-58.1,-26.3],[-58.2,-26.3],[-58.2,-26.4],[-58.2,-26.5],[-58.2,-26.6],[-58.2,-26.7],[-58.2,-26.6],[-58.2,-26.7],[-58.2,-26.8],[-58.3,-26.8],[-58.4,-26.8],[-58.3,-26.8],[-58.3,-26.9],[-58.4,-26.9],[-58.5,-26.9],[-58.5,-27],[-58.5,-27.1],[-58.5,-27],[-58.6,-27],[-58.6,-27.1],[-58.7,-27.2],[-58.6,-27.2],[-58.6,-27.3],[-58.5,-27.3],[-58.2,-27.3],[-58.1,-27.3],[-58,-27.3],[-57.9,-27.3],[-57.8,-27.3],[-57.7,-27.3],[-57.5,-27.4],[-57.4,-27.4],[-57.3,-27.4],[-57.2,-27.5],[-57.1,-27.5],[-57,-27.4],[-56.9,-27.4],[-56.8,-27.5],[-56.7,-27.5],[-56.6,-27.5],[-56.6,-27.4],[-56.5,-27.5],[-56.5,-27.6],[-56.4,-27.6],[-56.3,-27.6],[-56.3,-27.5],[-56.3,-27.4],[-56.2,-27.4],[-56.2,-27.3],[-56.1,-27.3],[-56,-27.3],[-55.9,-27.3],[-55.9,-27.4],[-55.8,-27.4],[-55.7,-27.4],[-55.6,-27.4],[-55.6,-27.3],[-55.6,-27.2],[-55.5,-27.1],[-55.4,-27],[-55.3,-27],[-55.3,-26.9],[-55.2,-26.9],[-55.2,-27],[-55.1,-27],[-55.1,-26.9],[-55.1,-26.8],[-55,-26.8],[-54.9,-26.7],[-54.8,-26.7],[-54.8,-26.6],[-54.8,-26.5],[-54.7,-26.5],[-54.7,-26.4],[-54.7,-26.3],[-54.7,-26.2],[-54.6,-26.2],[-54.7,-26.2],[-54.7,-26.1],[-54.6,-26.1],[-54.7,-26],[-54.6,-26],[-54.6,-25.9],[-54.6,-25.8],[-54.6,-25.7],[-54.6,-25.6],[-54.5,-25.6],[-54.5,-25.7],[-54.4,-25.7],[-54.4,-25.6],[-54.3,-25.6],[-54.2,-25.6],[-54.2,-25.5],[-54.1,-25.5],[-54.1,-25.6],[-54,-25.6],[-54,-25.7],[-53.9,-25.7],[-53.9,-25.6],[-53.9,-25.7],[-53.9,-25.8],[-53.8,-25.8],[-53.8,-25.9],[-53.8,-26],[-53.8,-26.1],[-53.7,-26.1],[-53.7,-26.2],[-53.7,-26.3],[-53.7,-26.4],[-53.7,-26.5],[-53.7,-26.6],[-53.7,-26.5],[-53.7,-26.6],[-53.7,-26.7],[-53.8,-26.7],[-53.7,-26.7],[-53.8,-26.8],[-53.7,-26.8],[-53.7,-26.9],[-53.8,-27],[-53.8,-27.1],[-53.8,-27.2],[-53.9,-27.1],[-53.9,-27.2],[-54,-27.1],[-54,-27.2],[-54.1,-27.3],[-54.2,-27.3],[-54.2,-27.2],[-54.2,-27.3],[-54.2,-27.4],[-54.3,-27.4],[-54.4,-27.4],[-54.4,-27.5],[-54.4,-27.4],[-54.5,-27.4],[-54.4,-27.4],[-54.4,-27.5],[-54.5,-27.5],[-54.6,-27.5],[-54.7,-27.5],[-54.7,-27.6],[-54.8,-27.6],[-54.8,-27.5],[-54.8,-27.6],[-54.9,-27.6],[-54.9,-27.7],[-55,-27.8],[-55.1,-27.8],[-55,-27.8],[-55,-27.9],[-55.1,-27.8],[-55.1,-27.9],[-55.2,-27.9],[-55.3,-27.9],[-55.3,-28],[-55.4,-28],[-55.4,-28.1],[-55.5,-28.1],[-55.6,-28.1],[-55.6,-28.2],[-55.7,-28.2],[-55.8,-28.2],[-55.8,-28.3],[-55.7,-28.3],[-55.7,-28.4],[-55.8,-28.4],[-55.8,-28.3],[-55.9,-28.4],[-55.9,-28.5],[-56,-28.5],[-56,-28.6],[-56.1,-28.6],[-56.2,-28.7],[-56.2,-28.8],[-56.3,-28.8],[-56.3,-28.9],[-56.4,-29],[-56.4,-29.1],[-56.5,-29.1],[-56.6,-29.1],[-56.6,-29.2],[-56.7,-29.2],[-56.7,-29.3],[-56.7,-29.4],[-56.8,-29.4],[-56.8,-29.5],[-56.9,-29.5],[-56.9,-29.6],[-57,-29.6],[-57,-29.7],[-57.1,-29.8],[-57.2,-29.8],[-57.3,-29.8],[-57.3,-30],[-57.4,-30],[-57.5,-30.1],[-57.5,-30.2],[-57.6,-30.2],[-57.6,-30.3],[-57.7,-30.3],[-57.8,-30.5],[-57.9,-30.5],[-57.9,-30.6],[-57.8,-30.6],[-57.8,-30.7],[-57.8,-30.8],[-57.8,-30.9],[-57.9,-30.9],[-57.9,-31],[-57.9,-31.1],[-57.9,-31.2],[-57.9,-31.3],[-58,-31.3],[-58,-31.4],[-58.1,-31.4],[-58.1,-31.5],[-58,-31.5],[-58,-31.6],[-58,-31.8],[-58.1,-31.8],[-58.2,-31.8],[-58.2,-31.9],[-58.1,-32],[-58.1,-32.1],[-58.2,-32.1],[-58.2,-32.2],[-58.1,-32.3],[-58.2,-32.4],[-58.2,-32.5],[-58.2,-32.7],[-58.2,-32.8],[-58.1,-32.9],[-58.2,-33],[-58.1,-33],[-58.2,-33.1],[-58.4,-33.1],[-58.4,-33.2],[-58.4,-33.3],[-58.5,-33.3],[-58.5,-33.4],[-58.5,-33.5],[-58.5,-33.6],[-58.5,-33.7],[-58.5,-33.8],[-58.5,-33.9],[-58.4,-34],[-58.4,-34.1],[-58.4,-34.2],[-58.4,-34.3],[-58.5,-34.3],[-58.6,-34.3],[-58.5,-34.3],[-58.5,-34.4],[-58.5,-34.5],[-58.4,-34.5],[-58.4,-34.6],[-58.3,-34.6],[-58.3,-34.7],[-58.2,-34.7],[-58.2,-34.8],[-58.1,-34.8],[-58,-34.8],[-57.9,-34.8],[-57.8,-34.9],[-57.7,-34.9],[-57.6,-35],[-57.5,-35],[-57.4,-35.1],[-57.3,-35.1],[-57.3,-35.2],[-57.2,-35.2],[-57.2,-35.3],[-57.2,-35.4],[-57.1,-35.4],[-57.1,-35.5],[-57.2,-35.5],[-57.2,-35.6],[-57.3,-35.7],[-57.4,-35.7],[-57.4,-35.8],[-57.4,-35.9],[-57.4,-36],[-57.3,-36],[-57.3,-36.1],[-57.3,-36.2],[-57.2,-36.2],[-57.1,-36.3],[-57,-36.3],[-56.9,-36.4],[-56.9,-36.3],[-56.8,-36.3],[-56.7,-36.3],[-56.7,-36.4],[-56.7,-36.5],[-56.7,-36.6],[-56.7,-36.7],[-56.7,-36.9],[-56.8,-37],[-56.9,-37.2],[-57,-37.3],[-57.1,-37.4],[-57.2,-37.5],[-57.2,-37.6],[-57.3,-37.6],[-57.3,-37.7],[-57.4,-37.7],[-57.5,-37.8],[-57.5,-37.9],[-57.5,-38],[-57.5,-38.1],[-57.6,-38.1],[-57.6,-38.2],[-57.7,-38.2],[-57.8,-38.3],[-57.9,-38.3],[-58,-38.4],[-58.1,-38.4],[-58.2,-38.4],[-58.3,-38.5],[-58.4,-38.5],[-58.5,-38.5],[-58.6,-38.6],[-58.7,-38.6],[-58.9,-38.6],[-59,-38.7],[-59.1,-38.7],[-59.3,-38.7],[-59.6,-38.8],[-59.8,-38.8],[-59.9,-38.8],[-60.3,-38.9],[-60.5,-38.9],[-60.7,-38.9],[-60.9,-39],[-61,-39],[-61.1,-39],[-61.3,-39],[-61.4,-39],[-61.5,-39],[-61.7,-39],[-61.8,-39],[-62,-38.9],[-62.1,-38.9],[-62.1,-38.8],[-62.2,-38.8],[-62.3,-38.8],[-62.4,-38.8],[-62.4,-38.9],[-62.3,-38.9],[-62.3,-39],[-62.3,-39.1],[-62.4,-39.1],[-62.3,-39.1],[-62.3,-39.2],[-62.3,-39.3],[-62.3,-39.2],[-62.3,-39.3],[-62.2,-39.3],[-62.1,-39.3],[-62,-39.3],[-62,-39.4],[-62.1,-39.4],[-62.2,-39.4],[-62.2,-39.3],[-62.3,-39.3],[-62.2,-39.3],[-62.2,-39.4],[-62.1,-39.4],[-62.1,-39.5],[-62.1,-39.6],[-62.1,-39.7],[-62.1,-39.8],[-62.2,-39.9],[-62.2,-39.8],[-62.3,-39.8],[-62.3,-39.9],[-62.3,-40],[-62.4,-40],[-62.4,-40.1],[-62.3,-40.1],[-62.4,-40.2],[-62.5,-40.2],[-62.5,-40.3],[-62.5,-40.4],[-62.4,-40.4],[-62.4,-40.5],[-62.3,-40.5],[-62.3,-40.6],[-62.3,-40.7],[-62.2,-40.6],[-62.2,-40.7],[-62.3,-40.7],[-62.3,-40.8],[-62.3,-40.9],[-62.5,-40.9],[-62.6,-41],[-62.7,-41],[-62.8,-41],[-62.8,-41.1],[-62.9,-41.1],[-63.1,-41.1],[-63.1,-41.2],[-63.3,-41.1],[-63.4,-41.2],[-63.5,-41.2],[-63.6,-41.2],[-63.8,-41.2],[-63.9,-41.1],[-64,-41.1],[-64,-41],[-64.1,-41],[-64.2,-41],[-64.4,-40.9],[-64.6,-40.9],[-64.6,-40.8],[-64.7,-40.8],[-64.8,-40.8],[-64.9,-40.8],[-64.8,-40.8],[-64.9,-40.8],[-64.8,-40.8],[-64.7,-40.8],[-64.8,-40.8],[-64.8,-40.7],[-64.9,-40.7],[-65,-40.7],[-64.9,-40.7],[-64.9,-40.8],[-65,-40.8],[-65.1,-40.8],[-65.1,-40.9],[-65.2,-40.9],[-65.2,-41],[-65.1,-41.2],[-65.1,-41.3],[-65.1,-41.4],[-65,-41.5],[-65,-41.6],[-65,-41.7],[-65,-41.8],[-65.1,-41.9],[-65.1,-42],[-65,-42.1],[-64.9,-42.2],[-64.8,-42.2],[-64.7,-42.2],[-64.6,-42.2],[-64.6,-42.3],[-64.6,-42.2],[-64.5,-42.2],[-64.5,-42.3],[-64.6,-42.4],[-64.5,-42.4],[-64.4,-42.4],[-64.3,-42.4],[-64.1,-42.4],[-64.1,-42.3],[-64,-42.3],[-64.1,-42.3],[-64.2,-42.3],[-64.3,-42.3],[-64.3,-42.2],[-64.2,-42.2],[-64,-42.2],[-64,-42.1],[-63.9,-42.1],[-63.8,-42.1],[-63.7,-42.1],[-63.7,-42.2],[-63.6,-42.3],[-63.6,-42.4],[-63.6,-42.6],[-63.6,-42.7],[-63.6,-42.8],[-63.7,-42.8],[-63.9,-42.9],[-64,-42.9],[-64.1,-42.9],[-64.2,-42.8],[-64.3,-42.8],[-64.2,-42.7],[-64.2,-42.6],[-64.3,-42.6],[-64.3,-42.5],[-64.4,-42.5],[-64.5,-42.5],[-64.6,-42.5],[-64.7,-42.5],[-64.7,-42.6],[-64.8,-42.6],[-64.9,-42.6],[-64.9,-42.7],[-65,-42.7],[-65,-42.8],[-64.9,-42.8],[-64.7,-42.9],[-64.6,-42.9],[-64.5,-42.9],[-64.5,-43],[-64.4,-43],[-64.3,-43],[-64.4,-43.1],[-64.6,-43.1],[-64.8,-43.1],[-64.9,-43.2],[-65,-43.3],[-65,-43.4],[-65.1,-43.4],[-65.2,-43.5],[-65.3,-43.6],[-65.3,-43.7],[-65.3,-43.8],[-65.3,-43.9],[-65.3,-44],[-65.2,-44],[-65.3,-44],[-65.2,-44],[-65.2,-44.1],[-65.3,-44.1],[-65.3,-44.2],[-65.3,-44.3],[-65.2,-44.3],[-65.2,-44.4],[-65.3,-44.4],[-65.3,-44.5],[-65.4,-44.5],[-65.4,-44.6],[-65.5,-44.6],[-65.6,-44.6],[-65.6,-44.7],[-65.7,-44.7],[-65.7,-44.8],[-65.7,-44.9],[-65.6,-44.9],[-65.5,-44.9],[-65.6,-45],[-65.7,-45],[-65.7,-45.1],[-65.7,-45],[-65.8,-45],[-65.9,-45],[-66,-45],[-66.1,-45],[-66.2,-45],[-66.3,-45],[-66.3,-45.1],[-66.3,-45],[-66.4,-45],[-66.4,-45.1],[-66.5,-45.1],[-66.5,-45.2],[-66.6,-45.1],[-66.6,-45.2],[-66.5,-45.2],[-66.6,-45.2],[-66.7,-45.2],[-66.8,-45.2],[-66.9,-45.2],[-66.9,-45.3],[-67,-45.3],[-67.1,-45.3],[-67.1,-45.4],[-67.2,-45.5],[-67.3,-45.6],[-67.4,-45.7],[-67.3,-45.7],[-67.4,-45.7],[-67.4,-45.8],[-67.5,-45.8],[-67.5,-45.9],[-67.5,-46],[-67.6,-46],[-67.6,-46.1],[-67.6,-46.2],[-67.6,-46.3],[-67.5,-46.4],[-67.4,-46.6],[-67.3,-46.6],[-67.2,-46.7],[-67.1,-46.7],[-67.1,-46.8],[-67,-46.8],[-66.9,-46.9],[-66.8,-47],[-66.7,-47],[-66.6,-47.1],[-66.6,-47],[-66.5,-47],[-66.5,-47.1],[-66.4,-47.1],[-66.3,-47.1],[-66.2,-47.1],[-66.1,-47.1],[-66,-47.1],[-65.9,-47.1],[-65.8,-47.1],[-65.8,-47.2],[-65.7,-47.2],[-65.8,-47.2],[-65.7,-47.3],[-65.7,-47.4],[-65.7,-47.5],[-65.8,-47.6],[-65.8,-47.7],[-65.9,-47.7],[-65.9,-47.8],[-65.9,-47.7],[-66,-47.7],[-66.1,-47.8],[-66.2,-47.8],[-66.3,-47.9],[-66.4,-47.9],[-66.3,-47.9],[-66.2,-47.8],[-66.1,-47.8],[-66,-47.8],[-65.9,-47.8],[-65.9,-47.9],[-65.8,-47.9],[-65.8,-48],[-65.8,-47.9],[-65.9,-47.9],[-65.9,-48],[-66,-48],[-65.9,-48],[-66,-48],[-66,-48.1],[-65.9,-48.1],[-66,-48.1],[-66.1,-48.1],[-66.1,-48.2],[-66.2,-48.2],[-66.3,-48.2],[-66.3,-48.3],[-66.4,-48.3],[-66.3,-48.4],[-66.4,-48.4],[-66.5,-48.4],[-66.6,-48.4],[-66.7,-48.4],[-66.7,-48.5],[-66.8,-48.5],[-66.9,-48.5],[-66.9,-48.6],[-67,-48.6],[-67.1,-48.7],[-67.2,-48.8],[-67.3,-48.9],[-67.4,-48.9],[-67.6,-49],[-67.6,-49.1],[-67.6,-49.2],[-67.7,-49.2],[-67.7,-49.3],[-67.8,-49.3],[-67.7,-49.3],[-67.7,-49.4],[-67.8,-49.4],[-67.7,-49.4],[-67.7,-49.3],[-67.6,-49.3],[-67.6,-49.2],[-67.6,-49.3],[-67.7,-49.4],[-67.7,-49.5],[-67.7,-49.6],[-67.7,-49.7],[-67.7,-49.8],[-67.8,-49.8],[-67.8,-49.9],[-67.8,-50],[-67.9,-50],[-68,-50],[-68.1,-50.1],[-68.2,-50.1],[-68.3,-50.1],[-68.4,-50.1],[-68.4,-50],[-68.5,-50],[-68.5,-49.9],[-68.6,-49.9],[-68.6,-49.8],[-68.7,-49.8],[-68.7,-49.7],[-68.7,-49.8],[-68.6,-49.8],[-68.6,-49.9],[-68.6,-50],[-68.7,-50],[-68.8,-50],[-68.9,-50],[-69,-50],[-68.9,-50],[-68.8,-50],[-68.7,-50],[-68.6,-50],[-68.5,-50],[-68.5,-50.1],[-68.4,-50.1],[-68.3,-50.1],[-68.4,-50.2],[-68.6,-50.3],[-68.7,-50.3],[-68.8,-50.3],[-68.9,-50.3],[-68.9,-50.4],[-69,-50.4],[-69,-50.5],[-69.1,-50.5],[-69.1,-50.6],[-69.1,-50.7],[-69.1,-50.8],[-69.1,-50.9],[-69.2,-50.9],[-69.3,-51],[-69.4,-51],[-69.4,-51.1],[-69.3,-51],[-69.2,-51],[-69.1,-51.1],[-69.1,-51.2],[-69.1,-51.3],[-69,-51.5],[-69,-51.6],[-69.1,-51.6],[-69.2,-51.6],[-69.3,-51.6],[-69.4,-51.6],[-69.5,-51.6],[-69.6,-51.6],[-69.4,-51.6],[-69.3,-51.6],[-69.2,-51.6],[-69.2,-51.7],[-69.1,-51.7],[-69.1,-51.6],[-69,-51.6],[-68.9,-51.6],[-68.9,-51.8],[-68.8,-51.8],[-68.8,-51.9],[-68.7,-52],[-68.5,-52.2],[-68.4,-52.3],[-68.4,-52.4],[-68.4,-52.3],[-68.5,-52.3],[-68.6,-52.3],[-68.8,-52.2],[-68.9,-52.2],[-69,-52.2],[-69.2,-52.1],[-69.5,-52.1],[-69.7,-52.1],[-69.8,-52],[-70,-52],[-70.3,-52],[-70.5,-52],[-70.7,-52],[-70.9,-52],[-71.2,-52],[-71.4,-52],[-71.6,-52],[-71.8,-52],[-71.9,-52],[-72,-52],[-72,-51.9],[-71.9,-51.9],[-72,-51.9],[-72,-51.8],[-72.1,-51.8],[-72.1,-51.7],[-72.2,-51.7],[-72.3,-51.7],[-72.3,-51.6],[-72.4,-51.6],[-72.5,-51.6],[-72.4,-51.5],[-72.3,-51.5],[-72.4,-51.4],[-72.3,-51.4],[-72.3,-51.3],[-72.3,-51.2],[-72.4,-51.2],[-72.4,-51.1],[-72.4,-51],[-72.3,-51],[-72.3,-50.9],[-72.3,-50.8],[-72.3,-50.7],[-72.3,-50.6],[-72.4,-50.6],[-72.5,-50.6],[-72.6,-50.7],[-72.7,-50.7],[-72.7,-50.6],[-72.8,-50.6],[-72.9,-50.7],[-73,-50.7],[-73.1,-50.8],[-73.2,-50.7],[-73.2,-50.6],[-73.3,-50.6],[-73.3,-50.5],[-73.3,-50.4],[-73.3,-50.3],[-73.3,-50.2],[-73.4,-50.2],[-73.5,-50.1],[-73.5,-50],[-73.6,-49.9],[-73.5,-49.9],[-73.5,-49.8],[-73.2,-49.7],[-73.1,-49.6],[-73.1,-49.5],[-73.1,-49.4],[-73.1,-49.3],[-73.2,-49.3],[-73.2,-49.2],[-73.1,-49.1],[-73,-49],[-72.9,-49],[-72.8,-48.9],[-72.7,-48.9],[-72.6,-48.8],[-72.6,-48.7],[-72.6,-48.6],[-72.6,-48.5],[-72.5,-48.4],[-72.4,-48.4],[-72.4,-48.3],[-72.3,-48.3],[-72.3,-48.4],[-72.3,-48.3],[-72.3,-48.2],[-72.3,-48.1],[-72.4,-48.1],[-72.4,-48],[-72.5,-48],[-72.5,-47.9],[-72.5,-47.8],[-72.5,-47.7],[-72.4,-47.6],[-72.3,-47.6],[-72.3,-47.5],[-72.4,-47.5],[-72.3,-47.4],[-72.2,-47.4],[-72.1,-47.4],[-72.1,-47.3],[-72,-47.3],[-72,-47.2],[-71.9,-47.2],[-71.9,-47.1],[-72,-47.1],[-72,-47],[-71.9,-47],[-72,-47],[-72,-46.9],[-71.9,-46.9],[-71.9,-46.8],[-72,-46.8],[-71.9,-46.8],[-71.8,-46.8],[-71.8,-46.7],[-71.7,-46.7],[-71.7,-46.6],[-71.7,-46.5],[-71.8,-46.4],[-71.8,-46.3],[-71.8,-46.2],[-71.9,-46.2],[-71.9,-46.1],[-71.8,-46.1],[-71.7,-46.1],[-71.6,-46],[-71.6,-45.9],[-71.7,-45.9],[-71.8,-45.8],[-71.7,-45.8],[-71.8,-45.8],[-71.8,-45.7],[-71.8,-45.6],[-71.7,-45.6],[-71.8,-45.6],[-71.7,-45.5],[-71.6,-45.5],[-71.5,-45.5],[-71.5,-45.4],[-71.4,-45.4],[-71.4,-45.3],[-71.3,-45.3],[-71.3,-45.2],[-71.4,-45.2],[-71.5,-45.1],[-71.6,-45],[-71.7,-45],[-71.7,-44.9],[-71.8,-44.9],[-71.9,-44.9],[-72,-44.9],[-72.1,-44.9],[-72.1,-44.8],[-72,-44.8],[-71.9,-44.8],[-71.8,-44.8],[-71.7,-44.8],[-71.6,-44.8],[-71.5,-44.8],[-71.5,-44.7],[-71.5,-44.8],[-71.4,-44.8],[-71.3,-44.8],[-71.2,-44.7],[-71.2,-44.6],[-71.1,-44.6],[-71.1,-44.5],[-71.2,-44.5],[-71.2,-44.4],[-71.3,-44.4],[-71.4,-44.4],[-71.6,-44.4],[-71.7,-44.4],[-71.8,-44.4],[-71.9,-44.4],[-71.8,-44.3],[-71.8,-44.2],[-71.8,-44.1],[-71.9,-44.1],[-71.8,-44.1],[-71.7,-44],[-71.7,-43.9],[-71.7,-43.8],[-71.8,-43.8],[-71.8,-43.7],[-71.7,-43.7],[-71.7,-43.6],[-71.8,-43.6],[-71.8,-43.5],[-71.9,-43.5],[-71.9,-43.4],[-71.9,-43.5],[-72,-43.4],[-71.9,-43.4],[-71.9,-43.3],[-71.8,-43.3],[-71.7,-43.3],[-71.8,-43.3],[-71.8,-43.2],[-71.7,-43.2],[-71.8,-43.2],[-71.9,-43.1],[-72,-43.1],[-72.1,-43.1],[-72.1,-43],[-72.1,-42.9],[-72.1,-42.7],[-72.1,-42.6],[-72.1,-42.5],[-72,-42.5],[-72.1,-42.4],[-72.1,-42.3],[-72.1,-42.2],[-72,-42.1],[-71.9,-42.2],[-71.9,-42.1],[-71.8,-42.1],[-71.7,-42.1],[-71.7,-42],[-71.8,-42],[-71.8,-41.9],[-71.8,-41.8],[-71.9,-41.8],[-71.9,-41.7],[-71.9,-41.6],[-71.9,-41.5],[-71.9,-41.4],[-71.9,-41.3],[-71.9,-41.2],[-71.9,-41.1],[-71.9,-41],[-71.9,-40.9],[-71.9,-40.8],[-72,-40.7],[-71.9,-40.7],[-71.9,-40.6],[-71.8,-40.6],[-71.9,-40.6],[-71.9,-40.5],[-71.8,-40.5],[-71.8,-40.4],[-71.7,-40.4],[-71.7,-40.3],[-71.8,-40.3],[-71.8,-40.2],[-71.8,-40.1],[-71.7,-40.1],[-71.7,-40],[-71.6,-39.9],[-71.7,-39.9],[-71.7,-39.8],[-71.7,-39.7],[-71.7,-39.6],[-71.6,-39.6],[-71.5,-39.6],[-71.5,-39.5],[-71.5,-39.4],[-71.4,-39.4],[-71.4,-39.3],[-71.4,-39.2],[-71.4,-39.1],[-71.4,-39],[-71.4,-38.9],[-71.3,-38.9],[-71.3,-38.8],[-71.2,-38.8],[-71.1,-38.8],[-71,-38.7],[-71,-38.8],[-70.9,-38.7],[-70.9,-38.6],[-70.8,-38.6],[-70.8,-38.5],[-70.9,-38.5],[-71,-38.5],[-71,-38.4],[-71,-38.3],[-71,-38.2],[-71,-38.1],[-71,-38],[-71.1,-38],[-71.1,-37.9],[-71.1,-37.8],[-71.2,-37.7],[-71.2,-37.6],[-71.1,-37.6],[-71.1,-37.5],[-71.1,-37.4],[-71.2,-37.4],[-71.2,-37.3],[-71.2,-37.2],[-71.1,-37.2],[-71.1,-37.1],[-71.1,-37],[-71.2,-37],[-71.1,-37],[-71.1,-36.9],[-71.2,-36.9],[-71.2,-36.8],[-71.1,-36.7],[-71.1,-36.6],[-71.1,-36.5],[-71,-36.5],[-70.9,-36.5],[-70.9,-36.4],[-70.8,-36.4],[-70.7,-36.4],[-70.7,-36.3],[-70.7,-36.2],[-70.6,-36.2],[-70.6,-36.1],[-70.5,-36.1],[-70.5,-36.2],[-70.4,-36.1],[-70.4,-36],[-70.4,-35.9],[-70.4,-35.8],[-70.4,-35.7],[-70.4,-35.6],[-70.4,-35.5],[-70.5,-35.4],[-70.4,-35.4],[-70.4,-35.3],[-70.5,-35.3],[-70.6,-35.3],[-70.5,-35.2],[-70.4,-35.2],[-70.4,-35.1],[-70.4,-35],[-70.3,-34.8],[-70.3,-34.7],[-70.2,-34.6],[-70.2,-34.5],[-70.1,-34.5],[-70.1,-34.4],[-70.1,-34.3],[-70,-34.3],[-69.9,-34.3],[-69.8,-34.2],[-69.9,-34.2],[-69.9,-34.1],[-69.9,-34],[-69.9,-33.9],[-69.9,-33.8],[-69.9,-33.7],[-69.9,-33.6],[-69.9,-33.5],[-69.8,-33.5],[-69.8,-33.4],[-69.8,-33.3],[-69.9,-33.2],[-70,-33.3],[-70,-33.2],[-70.1,-33.2],[-70.1,-33.1],[-70.1,-33],[-70,-33],[-70,-32.9],[-70.1,-32.9],[-70.1,-32.8],[-70.2,-32.7],[-70.2,-32.6],[-70.1,-32.6],[-70.2,-32.5],[-70.2,-32.4],[-70.2,-32.3],[-70.3,-32.3],[-70.3,-32.2],[-70.3,-32.1],[-70.4,-32.1],[-70.4,-32],[-70.3,-32],[-70.2,-32],[-70.2,-31.9],[-70.3,-31.9],[-70.4,-31.9],[-70.5,-31.8],[-70.5,-31.7],[-70.6,-31.6],[-70.6,-31.5],[-70.6,-31.4],[-70.6,-31.3],[-70.5,-31.3],[-70.5,-31.2],[-70.5,-31.1],[-70.4,-31.1],[-70.4,-31.2],[-70.4,-31.1],[-70.3,-31],[-70.3,-30.9],[-70.3,-30.8],[-70.3,-30.7],[-70.3,-30.6],[-70.2,-30.6],[-70.2,-30.5],[-70.1,-30.4],[-70.2,-30.4],[-70.1,-30.4],[-70,-30.4],[-69.9,-30.4],[-69.9,-30.3],[-69.9,-30.2],[-69.8,-30.2],[-69.8,-30.1],[-69.9,-30.1],[-70,-30.1],[-69.9,-30],[-69.9,-29.9],[-69.9,-29.8],[-69.9,-29.7],[-70,-29.7],[-70,-29.6],[-70,-29.5],[-70,-29.4],[-70,-29.3],[-70,-29.2],[-69.9,-29.2],[-69.9,-29.1],[-69.8,-29.1],[-69.8,-29],[-69.8,-28.9],[-69.7,-28.8],[-69.8,-28.7],[-69.7,-28.6],[-69.7,-28.5],[-69.7,-28.4],[-69.6,-28.4],[-69.6,-28.3],[-69.5,-28.3],[-69.5,-28.2],[-69.4,-28.2],[-69.4,-28.1],[-69.3,-28.1],[-69.3,-28],[-69.2,-28],[-69.2,-27.9],[-69.1,-27.8],[-69.1,-27.7],[-69.1,-27.6],[-69,-27.6],[-69,-27.5],[-69,-27.4],[-68.9,-27.4],[-68.9,-27.3],[-68.9,-27.2],[-68.8,-27.1],[-68.7,-27.1],[-68.6,-27.2],[-68.6,-27.1],[-68.5,-27.1],[-68.4,-27.1],[-68.4,-27],[-68.3,-27],[-68.3,-26.9],[-68.5,-26.6],[-68.6,-26.6],[-68.6,-26.5],[-68.6,-26.4],[-68.6,-26.3],[-68.5,-26.3],[-68.4,-26.2],[-68.4,-26.1],[-68.5,-25.8],[-68.5,-25.7],[-68.6,-25.7],[-68.6,-25.6],[-68.6,-25.5],[-68.6,-25.4],[-68.6,-25.3],[-68.5,-25.2],[-68.5,-25.1],[-68.4,-25.1],[-68.4,-25],[-68.5,-25],[-68.5,-24.9],[-68.6,-24.9],[-68.6,-24.8],[-68.5,-24.7],[-68.5,-24.6],[-68.4,-24.6],[-68.4,-24.5],[-68.3,-24.5],[-68.3,-24.4],[-68.2,-24.4],[-68.1,-24.3],[-68,-24.3],[-67.9,-24.2],[-67.8,-24.2],[-67.6,-24.1],[-67.5,-24.1],[-67.4,-24.1],[-67.4,-24],[-67.3,-24],[-67.3,-23.9],[-67.3,-23.8],[-67.3,-23.7],[-67.2,-23.7],[-67.2,-23.5],[-67.1,-23.3],[-67,-23.1],[-67,-23],[-67.2,-22.8]]],[[[-68.6,-54.8],[-68.6,-54.5],[-68.6,-54.2],[-68.6,-54],[-68.6,-53.7],[-68.6,-53.4],[-68.6,-53.2],[-68.6,-52.9],[-68.6,-52.6],[-68.6,-52.7],[-68.5,-52.8],[-68.4,-52.8],[-68.3,-52.9],[-68.3,-53],[-68.2,-53.1],[-68.3,-53.1],[-68.3,-53],[-68.4,-53],[-68.5,-53.1],[-68.6,-53.2],[-68.5,-53.3],[-68.4,-53.3],[-68.3,-53.3],[-68.2,-53.3],[-68.1,-53.3],[-68.1,-53.4],[-68.1,-53.5],[-68,-53.5],[-68,-53.6],[-67.8,-53.7],[-67.7,-53.8],[-67.6,-53.8],[-67.5,-53.8],[-67.6,-53.9],[-67.3,-54.1],[-67.1,-54.1],[-67,-54.2],[-66.9,-54.2],[-66.8,-54.2],[-66.7,-54.3],[-66.6,-54.4],[-66.5,-54.4],[-66.5,-54.5],[-66.4,-54.5],[-66.3,-54.5],[-65.9,-54.6],[-65.8,-54.6],[-65.8,-54.7],[-65.7,-54.7],[-65.5,-54.6],[-65.4,-54.6],[-65.3,-54.6],[-65.2,-54.6],[-65.1,-54.6],[-65.2,-54.7],[-65.2,-54.8],[-65.3,-54.8],[-65.2,-54.8],[-65.3,-54.8],[-65.3,-54.9],[-65.4,-54.9],[-65.5,-54.9],[-65.6,-54.9],[-65.6,-55],[-65.7,-55],[-65.7,-54.9],[-65.8,-54.9],[-65.9,-54.9],[-66,-54.9],[-66,-55],[-66.1,-55],[-66.2,-55],[-66.3,-55],[-66.4,-55],[-66.5,-55.1],[-66.6,-55],[-66.7,-55],[-66.8,-54.9],[-66.9,-54.9],[-67,-54.9],[-67.3,-54.9],[-67.5,-54.9],[-67.7,-54.9],[-67.9,-54.9],[-68.1,-54.8],[-68.2,-54.8],[-68.3,-54.8],[-68.5,-54.9],[-68.5,-54.8],[-68.6,-54.8]]],[[[-63.9,-54.7],[-63.8,-54.7],[-63.8,-54.8],[-63.9,-54.8],[-64,-54.8],[-64.1,-54.8],[-64.2,-54.8],[-64.3,-54.8],[-64.4,-54.8],[-64.5,-54.8],[-64.5,-54.9],[-64.6,-54.9],[-64.7,-54.9],[-64.8,-54.8],[-64.7,-54.8],[-64.6,-54.8],[-64.5,-54.8],[-64.6,-54.7],[-64.5,-54.7],[-64.5,-54.8],[-64.4,-54.7],[-64.4,-54.8],[-64.4,-54.7],[-64.3,-54.7],[-64.2,-54.7],[-64.1,-54.7],[-64.1,-54.8],[-64.1,-54.7],[-64,-54.7],[-63.9,-54.7]]]]}},{"type":"Feature","properties":{"name":"France","iso":"-99"},"geometry":{"type":"MultiPolygon","coordinates":[[[[2.5,51.1],[2.5,51],[2.6,51],[2.6,50.9],[2.6,50.8],[2.7,50.8],[2.8,50.7],[2.9,50.7],[3,50.8],[3.1,50.8],[3.2,50.7],[3.2,50.6],[3.3,50.6],[3.3,50.5],[3.4,50.5],[3.5,50.5],[3.6,50.5],[3.6,50.4],[3.7,50.4],[3.7,50.3],[3.8,50.3],[3.9,50.3],[4,50.3],[4.1,50.3],[4.2,50.3],[4.1,50.3],[4.2,50.3],[4.2,50.2],[4.1,50.2],[4.1,50.1],[4.2,50.1],[4.2,50],[4.1,50],[4.2,50],[4.3,50],[4.4,49.9],[4.5,49.9],[4.6,50],[4.7,50],[4.7,50.1],[4.8,50.2],[4.8,50.1],[4.9,50.1],[4.8,50.1],[4.8,50],[4.8,49.9],[4.9,49.9],[4.8,49.9],[4.8,49.8],[4.9,49.8],[5,49.8],[5.1,49.8],[5.1,49.7],[5.2,49.7],[5.3,49.7],[5.3,49.6],[5.4,49.6],[5.5,49.5],[5.4,49.5],[5.5,49.5],[5.6,49.5],[5.7,49.5],[5.8,49.5],[5.9,49.5],[6,49.4],[6.1,49.4],[6.1,49.5],[6.2,49.5],[6.3,49.5],[6.4,49.5],[6.5,49.4],[6.6,49.4],[6.6,49.3],[6.7,49.2],[6.8,49.2],[6.8,49.1],[6.8,49.2],[6.9,49.2],[7,49.2],[7,49.1],[7.1,49.1],[7.2,49.1],[7.3,49.1],[7.3,49.2],[7.4,49.2],[7.5,49.2],[7.5,49.1],[7.6,49.1],[7.6,49],[7.7,49],[7.8,49],[7.9,49],[8.1,49],[8.2,49],[8.2,48.9],[8.1,48.9],[8.1,48.8],[8,48.8],[8,48.7],[7.9,48.7],[7.8,48.6],[7.8,48.5],[7.8,48.4],[7.7,48.4],[7.8,48.4],[7.8,48.3],[7.7,48.3],[7.7,48.2],[7.6,48.2],[7.6,48.1],[7.6,48],[7.6,47.9],[7.6,47.8],[7.5,47.8],[7.5,47.7],[7.6,47.7],[7.6,47.6],[7.5,47.6],[7.5,47.5],[7.4,47.5],[7.4,47.4],[7.3,47.4],[7.2,47.4],[7.2,47.5],[7.1,47.5],[7,47.5],[7,47.4],[6.9,47.4],[7,47.4],[7,47.3],[7,47.2],[6.9,47.2],[6.8,47.2],[6.8,47.1],[6.7,47.1],[6.7,47],[6.6,47],[6.5,47],[6.4,46.9],[6.4,46.8],[6.4,46.7],[6.3,46.7],[6.1,46.6],[6.1,46.5],[6.1,46.4],[6.1,46.3],[6.1,46.2],[6,46.2],[6,46.1],[6.1,46.1],[6.1,46.2],[6.2,46.2],[6.3,46.2],[6.3,46.3],[6.2,46.3],[6.3,46.4],[6.4,46.4],[6.5,46.4],[6.5,46.5],[6.6,46.5],[6.8,46.4],[6.8,46.3],[6.8,46.2],[6.8,46.1],[6.9,46.1],[6.8,46.1],[6.9,46.1],[6.9,46],[6.9,46.1],[6.9,46],[7,46],[7,45.9],[6.9,45.9],[6.9,45.8],[6.8,45.8],[6.8,45.7],[6.9,45.7],[7,45.6],[7,45.5],[7.1,45.5],[7.1,45.4],[7.2,45.4],[7.1,45.4],[7.1,45.3],[7.1,45.2],[7,45.2],[6.9,45.2],[6.9,45.1],[6.8,45.1],[6.8,45.2],[6.7,45.2],[6.7,45.1],[6.6,45.1],[6.7,45],[6.7,44.9],[6.8,44.9],[6.9,44.9],[7,44.8],[7,44.7],[7.1,44.7],[7,44.7],[6.9,44.7],[6.9,44.6],[6.8,44.5],[6.9,44.5],[6.9,44.4],[6.9,44.3],[7,44.3],[7,44.2],[7.1,44.2],[7.3,44.2],[7.3,44.1],[7.4,44.1],[7.6,44.2],[7.7,44.2],[7.6,44.1],[7.7,44.1],[7.7,44],[7.6,44],[7.6,43.9],[7.5,43.9],[7.5,43.8],[7.4,43.7],[7.4,43.8],[7.4,43.7],[7.3,43.7],[7.2,43.7],[7.2,43.6],[7.2,43.7],[7.1,43.6],[7.1,43.5],[7.1,43.6],[7.1,43.5],[7,43.5],[6.9,43.5],[7,43.5],[6.9,43.5],[6.9,43.4],[6.8,43.4],[6.7,43.4],[6.7,43.3],[6.6,43.3],[6.7,43.3],[6.7,43.2],[6.6,43.2],[6.5,43.2],[6.4,43.2],[6.4,43.1],[6.3,43.1],[6.2,43.1],[6.2,43],[6.1,43],[6.1,43.1],[6,43.1],[5.9,43.1],[6,43.1],[5.9,43.1],[5.9,43],[5.8,43.1],[5.7,43.1],[5.7,43.2],[5.6,43.2],[5.5,43.2],[5.4,43.2],[5.3,43.2],[5.4,43.2],[5.4,43.3],[5.3,43.3],[5.3,43.4],[5.2,43.3],[5.1,43.3],[5,43.3],[5,43.4],[5.1,43.4],[5.2,43.4],[5.2,43.5],[5.1,43.5],[5,43.5],[5,43.6],[5,43.5],[5.1,43.5],[5.1,43.4],[5,43.4],[4.9,43.4],[4.9,43.3],[4.9,43.4],[4.8,43.4],[4.7,43.4],[4.7,43.5],[4.7,43.6],[4.7,43.5],[4.7,43.4],[4.8,43.4],[4.8,43.3],[4.7,43.3],[4.6,43.4],[4.5,43.5],[4.4,43.4],[4.2,43.5],[4.1,43.5],[4.1,43.6],[4,43.6],[4,43.5],[3.9,43.5],[3.7,43.4],[3.6,43.4],[3.5,43.3],[3.4,43.3],[3.3,43.3],[3.2,43.2],[3.2,43.1],[3.1,43.1],[3.1,43],[3,43],[3,42.9],[3.1,42.9],[3,42.8],[3,42.7],[3,42.6],[3.1,42.6],[3.1,42.5],[3.2,42.5],[3.2,42.4],[3.1,42.4],[3,42.4],[3,42.5],[2.9,42.5],[2.9,42.4],[2.8,42.4],[2.7,42.4],[2.6,42.4],[2.7,42.3],[2.6,42.3],[2.6,42.4],[2.5,42.4],[2.5,42.3],[2.4,42.4],[2.3,42.4],[2.2,42.4],[2.1,42.4],[2,42.3],[2,42.4],[1.9,42.4],[1.8,42.5],[1.7,42.5],[1.7,42.6],[1.8,42.6],[1.7,42.6],[1.6,42.6],[1.5,42.6],[1.4,42.6],[1.4,42.7],[1.3,42.7],[1.2,42.7],[1.1,42.7],[1.1,42.8],[1,42.8],[0.9,42.8],[0.8,42.8],[0.7,42.8],[0.6,42.8],[0.7,42.8],[0.6,42.8],[0.6,42.7],[0.7,42.7],[0.6,42.7],[0.5,42.7],[0.4,42.7],[0.3,42.7],[0.2,42.7],[0.1,42.7],[0,42.7],[-0.1,42.7],[-0.2,42.8],[-0.3,42.8],[-0.4,42.8],[-0.5,42.8],[-0.6,42.8],[-0.7,42.9],[-0.8,42.9],[-0.8,43],[-0.9,42.9],[-1,43],[-1.1,43],[-1.2,43],[-1.3,43],[-1.3,43.1],[-1.4,43.1],[-1.4,43],[-1.5,43],[-1.5,43.1],[-1.4,43.1],[-1.4,43.2],[-1.4,43.3],[-1.5,43.3],[-1.6,43.3],[-1.6,43.2],[-1.6,43.3],[-1.7,43.3],[-1.8,43.3],[-1.8,43.4],[-1.7,43.4],[-1.6,43.4],[-1.6,43.5],[-1.5,43.5],[-1.5,43.6],[-1.4,43.7],[-1.4,43.8],[-1.4,43.9],[-1.3,44],[-1.3,44.3],[-1.3,44.4],[-1.2,44.5],[-1.3,44.5],[-1.3,44.6],[-1.2,44.6],[-1.2,44.7],[-1.1,44.7],[-1,44.7],[-1.1,44.7],[-1.1,44.8],[-1.2,44.8],[-1.2,44.7],[-1.3,44.6],[-1.2,45.1],[-1.2,45.3],[-1.1,45.5],[-1.1,45.6],[-1.1,45.5],[-1,45.5],[-0.9,45.5],[-0.8,45.4],[-0.8,45.3],[-0.7,45.2],[-0.7,45.1],[-0.6,45],[-0.6,44.9],[-0.5,44.9],[-0.5,45],[-0.6,45],[-0.5,45],[-0.6,45],[-0.6,45.1],[-0.7,45.1],[-0.7,45.3],[-0.7,45.4],[-0.8,45.4],[-0.8,45.5],[-1,45.6],[-1.1,45.7],[-1.2,45.7],[-1.2,45.8],[-1.1,45.8],[-1.1,45.7],[-1,45.7],[-1.1,45.8],[-1.1,45.9],[-1.2,45.9],[-1.1,45.9],[-1.1,46],[-1,46],[-1.1,46],[-1.1,46.1],[-1.2,46.1],[-1.2,46.2],[-1.1,46.3],[-1.2,46.3],[-1.3,46.3],[-1.4,46.4],[-1.4,46.3],[-1.5,46.4],[-1.6,46.4],[-1.6,46.5],[-1.7,46.5],[-1.8,46.5],[-1.8,46.6],[-1.9,46.6],[-1.9,46.7],[-2,46.7],[-2,46.8],[-2.1,46.8],[-2.1,46.9],[-2,47],[-2,47.1],[-2.1,47.1],[-2.2,47.1],[-2.2,47.2],[-2.2,47.3],[-2.1,47.3],[-2,47.3],[-1.9,47.3],[-1.9,47.2],[-1.8,47.2],[-1.7,47.2],[-1.8,47.2],[-1.8,47.3],[-1.9,47.3],[-2,47.3],[-2.1,47.3],[-2.2,47.3],[-2.3,47.3],[-2.3,47.2],[-2.3,47.3],[-2.4,47.3],[-2.5,47.3],[-2.4,47.3],[-2.5,47.3],[-2.5,47.4],[-2.6,47.4],[-2.5,47.4],[-2.4,47.4],[-2.5,47.5],[-2.4,47.5],[-2.5,47.5],[-2.6,47.5],[-2.6,47.6],[-2.6,47.5],[-2.7,47.5],[-2.8,47.5],[-2.9,47.5],[-2.9,47.6],[-2.9,47.5],[-2.8,47.5],[-2.8,47.6],[-2.8,47.5],[-2.8,47.6],[-2.8,47.5],[-2.7,47.6],[-2.8,47.6],[-2.7,47.6],[-2.8,47.6],[-2.9,47.6],[-3,47.6],[-3,47.7],[-3,47.6],[-2.9,47.6],[-3,47.6],[-3.1,47.6],[-3.1,47.5],[-3.1,47.6],[-3.2,47.6],[-3.2,47.7],[-3.1,47.7],[-3.1,47.8],[-3.2,47.7],[-3.3,47.7],[-3.4,47.7],[-3.3,47.7],[-3.4,47.7],[-3.3,47.7],[-3.3,47.8],[-3.4,47.7],[-3.5,47.7],[-3.5,47.8],[-3.6,47.8],[-3.7,47.8],[-3.8,47.8],[-3.9,47.8],[-3.9,47.9],[-4,47.9],[-4.1,47.9],[-4.2,47.9],[-4.2,47.8],[-4.4,47.8],[-4.3,47.8],[-4.3,47.9],[-4.4,47.9],[-4.4,48],[-4.5,48],[-4.6,48],[-4.7,48],[-4.7,48.1],[-4.4,48.1],[-4.3,48.1],[-4.3,48.2],[-4.4,48.2],[-4.5,48.2],[-4.6,48.2],[-4.5,48.2],[-4.6,48.2],[-4.5,48.3],[-4.6,48.3],[-4.5,48.3],[-4.4,48.3],[-4.3,48.3],[-4.2,48.3],[-4.3,48.3],[-4.3,48.4],[-4.3,48.3],[-4.3,48.4],[-4.3,48.3],[-4.4,48.4],[-4.4,48.3],[-4.5,48.3],[-4.4,48.4],[-4.3,48.4],[-4.4,48.4],[-4.5,48.4],[-4.6,48.4],[-4.6,48.3],[-4.6,48.4],[-4.7,48.4],[-4.7,48.3],[-4.8,48.3],[-4.8,48.4],[-4.8,48.5],[-4.7,48.5],[-4.8,48.5],[-4.7,48.6],[-4.6,48.6],[-4.5,48.6],[-4.6,48.6],[-4.5,48.6],[-4.4,48.6],[-4.4,48.7],[-4.3,48.7],[-4.3,48.6],[-4.3,48.7],[-4.2,48.7],[-4.2,48.6],[-4.2,48.7],[-4.1,48.7],[-4,48.7],[-3.9,48.7],[-4,48.7],[-3.9,48.7],[-3.9,48.6],[-3.8,48.6],[-3.9,48.6],[-3.8,48.7],[-3.9,48.7],[-3.8,48.7],[-3.7,48.7],[-3.6,48.7],[-3.5,48.7],[-3.6,48.8],[-3.5,48.8],[-3.4,48.8],[-3.3,48.8],[-3.2,48.9],[-3.2,48.8],[-3.2,48.9],[-3.1,48.9],[-3.1,48.8],[-3,48.8],[-2.9,48.8],[-2.9,48.7],[-2.8,48.7],[-2.8,48.6],[-2.7,48.6],[-2.7,48.5],[-2.6,48.5],[-2.6,48.6],[-2.5,48.6],[-2.5,48.7],[-2.4,48.7],[-2.4,48.6],[-2.4,48.7],[-2.3,48.7],[-2.3,48.6],[-2.3,48.7],[-2.2,48.6],[-2.1,48.6],[-2.1,48.7],[-2,48.6],[-2,48.5],[-1.9,48.5],[-2,48.5],[-2,48.6],[-2,48.7],[-1.9,48.7],[-1.8,48.7],[-1.9,48.7],[-1.9,48.6],[-1.8,48.6],[-1.7,48.6],[-1.6,48.6],[-1.5,48.6],[-1.4,48.7],[-1.4,48.6],[-1.4,48.7],[-1.5,48.7],[-1.6,48.7],[-1.6,48.8],[-1.6,48.9],[-1.5,48.9],[-1.6,49],[-1.5,49],[-1.6,49],[-1.6,49.1],[-1.6,49.2],[-1.5,49.2],[-1.6,49.2],[-1.7,49.3],[-1.7,49.4],[-1.7,49.3],[-1.8,49.4],[-1.8,49.5],[-1.9,49.5],[-1.9,49.6],[-1.8,49.6],[-1.9,49.6],[-1.9,49.7],[-1.8,49.7],[-1.7,49.7],[-1.6,49.7],[-1.5,49.7],[-1.4,49.7],[-1.3,49.7],[-1.2,49.6],[-1.3,49.6],[-1.3,49.5],[-1.2,49.4],[-1.1,49.4],[-1.1,49.3],[-1.1,49.4],[-0.9,49.4],[-0.8,49.4],[-0.7,49.4],[-0.6,49.3],[-0.5,49.4],[-0.5,49.3],[-0.4,49.3],[-0.3,49.3],[-0.2,49.3],[0,49.3],[0,49.4],[0.1,49.4],[0.2,49.4],[0.3,49.4],[0.4,49.5],[0.5,49.5],[0.4,49.5],[0.3,49.5],[0.2,49.5],[0.1,49.5],[0.1,49.6],[0.2,49.7],[0.3,49.7],[0.4,49.8],[0.5,49.8],[0.6,49.8],[0.6,49.9],[0.7,49.9],[0.8,49.9],[1.2,50],[1.3,50],[1.4,50.1],[1.5,50.1],[1.5,50.2],[1.6,50.2],[1.7,50.2],[1.6,50.2],[1.7,50.2],[1.6,50.2],[1.6,50.3],[1.5,50.3],[1.6,50.3],[1.6,50.4],[1.6,50.5],[1.6,50.6],[1.6,50.7],[1.6,50.8],[1.6,50.9],[1.7,50.9],[1.9,51],[2,51],[2.1,51],[2.3,51.1],[2.4,51.1],[2.5,51.1]],[[2,42.4],[2,42.5],[1.9,42.5],[2,42.4]]],[[[-54.1,2.1],[-54.2,2.1],[-54.2,2.2],[-54.3,2.1],[-54.3,2.2],[-54.4,2.2],[-54.5,2.2],[-54.5,2.3],[-54.6,2.3],[-54.5,2.3],[-54.5,2.4],[-54.4,2.4],[-54.4,2.5],[-54.3,2.6],[-54.3,2.7],[-54.2,2.8],[-54.2,2.9],[-54.2,3],[-54.2,3.1],[-54.2,3.2],[-54.1,3.2],[-54.1,3.3],[-54.1,3.4],[-54,3.4],[-54,3.5],[-54,3.6],[-54.1,3.6],[-54.1,3.7],[-54.1,3.8],[-54.2,3.8],[-54.2,3.9],[-54.3,3.9],[-54.3,4],[-54.4,4],[-54.4,4.1],[-54.3,4.1],[-54.3,4.2],[-54.4,4.2],[-54.4,4.3],[-54.4,4.4],[-54.5,4.5],[-54.4,4.5],[-54.4,4.6],[-54.4,4.7],[-54.5,4.7],[-54.5,4.8],[-54.5,4.9],[-54.4,5],[-54.5,5],[-54.4,5],[-54.4,5.1],[-54.3,5.2],[-54.3,5.3],[-54.2,5.3],[-54.1,5.4],[-54,5.5],[-54,5.6],[-54,5.7],[-53.9,5.7],[-53.8,5.7],[-53.7,5.7],[-53.6,5.6],[-53.5,5.6],[-53.4,5.6],[-53.3,5.5],[-53.2,5.5],[-53.3,5.5],[-53.3,5.6],[-53.3,5.5],[-53.3,5.6],[-53.3,5.5],[-53.2,5.5],[-53.1,5.5],[-53,5.5],[-53,5.4],[-52.9,5.4],[-52.8,5.3],[-52.7,5.2],[-52.5,5.1],[-52.5,5],[-52.4,5],[-52.4,4.9],[-52.3,4.9],[-52.3,5],[-52.3,4.9],[-52.3,4.8],[-52.3,4.7],[-52.3,4.8],[-52.2,4.9],[-52.2,4.8],[-52.1,4.8],[-52.1,4.7],[-52,4.7],[-52,4.6],[-52,4.5],[-52,4.4],[-52,4.3],[-52,4.4],[-51.9,4.4],[-51.9,4.6],[-51.9,4.7],[-51.8,4.7],[-51.8,4.6],[-51.8,4.5],[-51.7,4.5],[-51.7,4.4],[-51.7,4.3],[-51.7,4.2],[-51.6,4.2],[-51.7,4.1],[-51.7,4],[-51.8,4],[-51.8,3.9],[-51.9,3.8],[-51.9,3.7],[-52,3.7],[-52,3.6],[-52.1,3.6],[-52.1,3.5],[-52.2,3.3],[-52.2,3.2],[-52.3,3.2],[-52.4,3.2],[-52.4,3.1],[-52.4,2.9],[-52.5,2.9],[-52.5,2.7],[-52.6,2.6],[-52.6,2.5],[-52.7,2.4],[-52.8,2.3],[-52.9,2.3],[-52.9,2.2],[-53,2.2],[-53.1,2.2],[-53.3,2.2],[-53.2,2.2],[-53.2,2.3],[-53.3,2.3],[-53.4,2.3],[-53.5,2.3],[-53.5,2.2],[-53.5,2.3],[-53.6,2.3],[-53.7,2.3],[-53.7,2.4],[-53.8,2.4],[-53.8,2.3],[-53.9,2.3],[-53.9,2.2],[-54,2.2],[-54.1,2.2],[-54.1,2.1]]],[[[8.6,42.2],[8.5,42.2],[8.6,42.2],[8.6,42.3],[8.7,42.3],[8.6,42.3],[8.6,42.4],[8.6,42.3],[8.6,42.4],[8.5,42.4],[8.6,42.4],[8.7,42.4],[8.7,42.5],[8.7,42.6],[8.8,42.6],[8.9,42.6],[9,42.7],[9.1,42.7],[9.2,42.7],[9.3,42.7],[9.3,42.8],[9.3,42.9],[9.4,42.9],[9.3,43],[9.4,43],[9.5,43],[9.5,42.9],[9.5,42.8],[9.5,42.7],[9.4,42.7],[9.5,42.7],[9.4,42.7],[9.4,42.6],[9.5,42.6],[9.5,42.5],[9.5,42.4],[9.6,42.3],[9.6,42.2],[9.6,42.1],[9.5,42.1],[9.5,42],[9.4,42],[9.4,41.9],[9.4,41.8],[9.4,41.7],[9.4,41.6],[9.3,41.6],[9.4,41.6],[9.3,41.6],[9.3,41.5],[9.2,41.5],[9.2,41.4],[9.3,41.4],[9.2,41.4],[9.1,41.4],[9.1,41.5],[9,41.5],[8.9,41.5],[8.8,41.5],[8.9,41.5],[8.8,41.5],[8.8,41.6],[8.8,41.5],[8.8,41.6],[8.9,41.7],[8.8,41.7],[8.7,41.7],[8.7,41.8],[8.8,41.8],[8.8,41.9],[8.7,41.9],[8.6,41.9],[8.6,42],[8.7,42],[8.7,42.1],[8.6,42.1],[8.6,42.2]]],[[[55.8,-21.1],[55.9,-21.2],[55.8,-21.2],[55.8,-21.3],[55.7,-21.4],[55.6,-21.4],[55.5,-21.4],[55.5,-21.3],[55.4,-21.3],[55.3,-21.3],[55.3,-21.2],[55.3,-21.1],[55.2,-21.1],[55.2,-21],[55.3,-21],[55.3,-20.9],[55.4,-20.9],[55.5,-20.9],[55.6,-20.9],[55.7,-20.9],[55.7,-21],[55.7,-21.1],[55.8,-21.1]]],[[[-60.8,14.5],[-60.8,14.4],[-60.9,14.4],[-60.9,14.5],[-61,14.5],[-61.1,14.5],[-61.1,14.6],[-61,14.6],[-61,14.5],[-61,14.6],[-61.1,14.6],[-61.1,14.7],[-61.2,14.7],[-61.2,14.8],[-61.2,14.9],[-61.1,14.9],[-61.1,14.8],[-61,14.8],[-61,14.7],[-60.9,14.8],[-60.9,14.7],[-60.9,14.8],[-60.9,14.7],[-60.9,14.6],[-60.8,14.6],[-60.8,14.5]]],[[[-61.6,16.3],[-61.5,16.3],[-61.6,16.3],[-61.5,16.2],[-61.6,16.2],[-61.6,16.1],[-61.6,16],[-61.7,15.9],[-61.7,16],[-61.8,16.1],[-61.8,16.2],[-61.8,16.3],[-61.8,16.4],[-61.7,16.4],[-61.7,16.3],[-61.6,16.3]]]]}},{"type":"Feature","properties":{"name":"Suriname","iso":"SR"},"geometry":{"type":"Polygon","coordinates":[[[-54.1,3.3],[-54.1,3.2],[-54.2,3.2],[-54.2,3.1],[-54.2,3],[-54.2,2.9],[-54.2,2.8],[-54.3,2.7],[-54.3,2.6],[-54.4,2.5],[-54.4,2.4],[-54.5,2.4],[-54.5,2.3],[-54.6,2.3],[-54.7,2.3],[-54.7,2.4],[-54.7,2.5],[-54.8,2.5],[-54.8,2.4],[-54.9,2.4],[-55,2.5],[-55,2.6],[-55.1,2.5],[-55.1,2.6],[-55.2,2.6],[-55.3,2.5],[-55.4,2.5],[-55.4,2.4],[-55.5,2.4],[-55.6,2.4],[-55.7,2.4],[-55.8,2.4],[-55.9,2.5],[-56,2.5],[-56,2.4],[-56.1,2.3],[-56.1,2.4],[-56.1,2.3],[-56.1,2.2],[-56,2.2],[-56,2.1],[-55.9,2.1],[-55.9,2],[-55.9,1.9],[-56,1.9],[-56,1.8],[-56.1,1.8],[-56.1,1.9],[-56.2,1.9],[-56.3,1.9],[-56.4,1.9],[-56.5,1.9],[-56.5,2],[-56.6,2],[-56.7,2],[-56.8,2.2],[-56.8,2.3],[-56.9,2.3],[-56.9,2.4],[-57,2.5],[-57,2.6],[-57.1,2.6],[-57.1,2.7],[-57.1,2.8],[-57.2,2.8],[-57.2,2.9],[-57.2,3],[-57.2,3.1],[-57.3,3.1],[-57.3,3.2],[-57.3,3.3],[-57.3,3.4],[-57.4,3.4],[-57.5,3.4],[-57.5,3.3],[-57.5,3.4],[-57.5,3.3],[-57.6,3.3],[-57.6,3.4],[-57.7,3.4],[-57.7,3.5],[-57.6,3.5],[-57.7,3.5],[-57.7,3.6],[-57.8,3.6],[-57.8,3.7],[-57.9,3.8],[-57.9,3.9],[-58,4],[-58.1,4.1],[-58.1,4.2],[-58,4.3],[-57.9,4.3],[-57.9,4.4],[-58,4.4],[-57.9,4.4],[-57.9,4.5],[-57.9,4.6],[-57.8,4.6],[-57.8,4.7],[-57.9,4.7],[-57.9,4.8],[-57.9,4.9],[-57.8,4.9],[-57.7,5],[-57.6,5],[-57.5,5],[-57.4,5],[-57.3,5],[-57.3,5.1],[-57.3,5.2],[-57.2,5.2],[-57.2,5.1],[-57.2,5.2],[-57.2,5.3],[-57.3,5.3],[-57.3,5.2],[-57.3,5.3],[-57.3,5.4],[-57.3,5.5],[-57.2,5.5],[-57.2,5.6],[-57.1,5.7],[-57.1,5.8],[-57.1,5.9],[-57.1,6],[-57,6],[-56.9,6],[-56.8,6],[-56.7,6],[-56.6,6],[-56.6,5.9],[-56.5,5.9],[-56.4,5.9],[-56.3,5.9],[-56.2,5.9],[-56.1,5.8],[-56,5.8],[-55.9,5.8],[-55.9,5.7],[-55.9,5.8],[-55.9,5.9],[-55.9,5.8],[-55.9,5.9],[-56,5.9],[-55.9,5.9],[-55.9,6],[-55.8,6],[-55.7,6],[-55.6,6],[-55.4,6],[-55.3,6],[-55.3,5.9],[-55.2,5.9],[-55.1,5.9],[-55.1,5.8],[-55.1,5.9],[-55,5.9],[-54.9,5.9],[-55,5.9],[-55.1,5.9],[-55.2,5.9],[-55.2,6],[-55.1,6],[-55,6],[-54.8,6],[-54.7,6],[-54.5,5.9],[-54.3,5.9],[-54.2,5.9],[-54.1,5.8],[-54,5.8],[-54,5.7],[-54,5.6],[-54.1,5.6],[-54.1,5.5],[-54.1,5.4],[-54.2,5.3],[-54.3,5.3],[-54.3,5.2],[-54.4,5.1],[-54.4,5],[-54.5,5],[-54.4,5],[-54.5,4.9],[-54.5,4.8],[-54.5,4.7],[-54.4,4.7],[-54.4,4.6],[-54.4,4.5],[-54.5,4.5],[-54.4,4.4],[-54.4,4.3],[-54.4,4.2],[-54.3,4.2],[-54.3,4.1],[-54.4,4.1],[-54.4,4],[-54.3,4],[-54.3,3.9],[-54.2,3.9],[-54.2,3.8],[-54.1,3.8],[-54.1,3.7],[-54.1,3.6],[-54,3.6],[-54,3.5],[-54,3.4],[-54.1,3.4],[-54.1,3.3]]]}},{"type":"Feature","properties":{"name":"Guyana","iso":"GY"},"geometry":{"type":"MultiPolygon","coordinates":[[[[-56.5,1.9],[-56.6,1.9],[-56.7,1.9],[-56.8,1.9],[-56.9,1.9],[-57,1.9],[-57.1,1.9],[-57.1,2],[-57.2,2],[-57.2,1.9],[-57.3,2],[-57.4,2],[-57.4,1.9],[-57.5,1.8],[-57.5,1.7],[-57.6,1.7],[-57.7,1.7],[-57.8,1.7],[-57.9,1.7],[-57.9,1.6],[-58,1.7],[-58,1.6],[-58,1.5],[-58.1,1.5],[-58.2,1.5],[-58.2,1.6],[-58.3,1.6],[-58.4,1.6],[-58.4,1.5],[-58.5,1.5],[-58.5,1.4],[-58.5,1.3],[-58.6,1.3],[-58.7,1.3],[-58.7,1.2],[-58.8,1.2],[-58.9,1.2],[-58.9,1.3],[-59,1.3],[-59.2,1.4],[-59.3,1.4],[-59.3,1.5],[-59.4,1.5],[-59.4,1.6],[-59.5,1.6],[-59.5,1.7],[-59.6,1.7],[-59.7,1.7],[-59.7,1.8],[-59.6,1.8],[-59.7,1.8],[-59.7,1.9],[-59.8,1.9],[-59.7,2],[-59.8,2.1],[-59.7,2.1],[-59.7,2.2],[-59.7,2.3],[-59.8,2.3],[-59.9,2.3],[-59.9,2.4],[-59.9,2.5],[-59.9,2.6],[-60,2.6],[-60,2.7],[-60,2.9],[-60,3],[-60,3.1],[-59.9,3.1],[-59.9,3.2],[-59.9,3.3],[-59.8,3.3],[-59.8,3.4],[-59.8,3.5],[-59.9,3.6],[-59.8,3.6],[-59.7,3.7],[-59.7,3.8],[-59.6,3.8],[-59.6,3.9],[-59.5,3.9],[-59.5,4],[-59.6,4],[-59.7,4.1],[-59.6,4.1],[-59.7,4.2],[-59.7,4.3],[-59.7,4.4],[-59.8,4.4],[-59.8,4.5],[-59.9,4.5],[-60,4.5],[-60.1,4.5],[-60.2,4.5],[-60.2,4.6],[-60.1,4.6],[-60.1,4.7],[-60,4.7],[-60,4.8],[-60,4.9],[-60,5],[-60,5.1],[-60.1,5.1],[-60.1,5.2],[-60.2,5.2],[-60.2,5.3],[-60.3,5.3],[-60.3,5.2],[-60.4,5.2],[-60.5,5.2],[-60.6,5.2],[-60.7,5.2],[-60.8,5.3],[-60.9,5.4],[-61,5.5],[-61.1,5.6],[-61.2,5.7],[-61.3,5.8],[-61.3,5.9],[-61.4,5.9],[-61.4,6],[-61.3,6],[-61.3,6.1],[-61.2,6.1],[-61.2,6.2],[-61.1,6.2],[-61.1,6.3],[-61.2,6.3],[-61.2,6.4],[-61.1,6.4],[-61.2,6.5],[-61.2,6.6],[-61.2,6.7],[-61.1,6.7],[-61,6.7],[-60.9,6.7],[-60.9,6.8],[-60.8,6.8],[-60.7,6.8],[-60.6,6.8],[-60.5,6.9],[-60.4,6.9],[-60.4,7],[-60.3,7],[-60.3,7.1],[-60.3,7.2],[-60.4,7.2],[-60.5,7.2],[-60.5,7.1],[-60.6,7.2],[-60.6,7.3],[-60.6,7.4],[-60.7,7.4],[-60.7,7.5],[-60.7,7.6],[-60.6,7.6],[-60.6,7.7],[-60.6,7.8],[-60.5,7.8],[-60.4,7.8],[-60.3,7.9],[-60.2,8],[-60.1,8],[-60,8],[-60,8.1],[-60,8.2],[-59.9,8.2],[-59.8,8.2],[-59.8,8.3],[-59.9,8.4],[-60,8.5],[-60,8.6],[-60,8.5],[-59.9,8.5],[-59.9,8.4],[-59.8,8.4],[-59.8,8.3],[-59.7,8.3],[-59.6,8.3],[-59.6,8.2],[-59.5,8.2],[-59.4,8.1],[-59.5,8.2],[-59.6,8.3],[-59.7,8.3],[-59.8,8.4],[-59.7,8.4],[-59.6,8.4],[-59.6,8.3],[-59.5,8.3],[-59.5,8.2],[-59.3,8.2],[-59.2,8.1],[-59.1,8],[-59,7.9],[-58.9,7.8],[-58.8,7.7],[-58.8,7.6],[-58.7,7.6],[-58.6,7.6],[-58.6,7.5],[-58.5,7.4],[-58.5,7.3],[-58.5,7.2],[-58.5,7.1],[-58.5,7],[-58.6,6.9],[-58.6,6.8],[-58.6,6.7],[-58.6,6.5],[-58.7,6.4],[-58.6,6.4],[-58.6,6.5],[-58.6,6.6],[-58.5,6.8],[-58.4,6.9],[-58.3,6.9],[-58.2,6.8],[-58.1,6.8],[-58,6.8],[-57.9,6.7],[-57.8,6.6],[-57.7,6.5],[-57.6,6.5],[-57.6,6.4],[-57.5,6.3],[-57.4,6.3],[-57.3,6.3],[-57.3,6.2],[-57.2,6.2],[-57.2,6.1],[-57.2,6],[-57.1,6],[-57.2,6],[-57.1,6],[-57.1,5.9],[-57.2,5.8],[-57.2,5.7],[-57.2,5.6],[-57.2,5.5],[-57.3,5.5],[-57.3,5.4],[-57.3,5.3],[-57.3,5.2],[-57.3,5.3],[-57.2,5.3],[-57.2,5.2],[-57.2,5.1],[-57.2,5.2],[-57.3,5.2],[-57.3,5.1],[-57.3,5],[-57.4,5],[-57.5,5],[-57.6,5],[-57.7,5],[-57.8,4.9],[-57.9,4.9],[-57.9,4.8],[-57.9,4.7],[-57.8,4.7],[-57.8,4.6],[-57.9,4.6],[-57.9,4.5],[-57.9,4.4],[-58,4.4],[-57.9,4.4],[-57.9,4.3],[-58,4.3],[-58.1,4.2],[-58.1,4.1],[-58,4],[-57.9,3.9],[-57.9,3.8],[-57.8,3.7],[-57.8,3.6],[-57.7,3.6],[-57.7,3.5],[-57.6,3.5],[-57.7,3.5],[-57.7,3.4],[-57.6,3.4],[-57.6,3.3],[-57.5,3.3],[-57.5,3.4],[-57.5,3.3],[-57.5,3.4],[-57.4,3.4],[-57.3,3.4],[-57.3,3.3],[-57.3,3.2],[-57.3,3.1],[-57.2,3.1],[-57.2,3],[-57.2,2.9],[-57.2,2.8],[-57.1,2.8],[-57.1,2.7],[-57.1,2.6],[-57,2.6],[-57,2.5],[-56.9,2.4],[-56.9,2.3],[-56.8,2.3],[-56.8,2.2],[-56.7,2],[-56.6,2],[-56.5,2],[-56.5,1.9]]]]}},{"type":"Feature","properties":{"name":"Costa Rica","iso":"CR"},"geometry":{"type":"MultiPolygon","coordinates":[[[[-83.7,10.9],[-83.6,10.9],[-83.6,10.8],[-83.6,10.9],[-83.6,10.8],[-83.6,10.7],[-83.6,10.8],[-83.5,10.6],[-83.5,10.5],[-83.4,10.4],[-83.2,10.1],[-83.1,10],[-83,10],[-83,9.9],[-82.9,9.9],[-82.9,9.8],[-82.8,9.7],[-82.7,9.6],[-82.6,9.6],[-82.6,9.5],[-82.7,9.5],[-82.8,9.6],[-82.9,9.6],[-82.9,9.5],[-82.8,9.5],[-82.9,9.5],[-82.9,9.4],[-82.9,9.2],[-82.9,9.1],[-82.9,9],[-82.8,9],[-82.7,9],[-82.7,8.9],[-82.8,8.9],[-82.9,8.8],[-82.9,8.7],[-82.8,8.6],[-82.8,8.5],[-82.9,8.4],[-83,8.4],[-83,8.3],[-83.1,8.3],[-83,8.3],[-82.9,8.2],[-82.9,8.1],[-82.9,8],[-82.9,8.1],[-83,8.2],[-83.1,8.3],[-83.2,8.4],[-83.1,8.4],[-83.1,8.5],[-83.1,8.6],[-83.2,8.6],[-83.1,8.6],[-83.2,8.6],[-83.3,8.7],[-83.4,8.7],[-83.5,8.7],[-83.4,8.6],[-83.3,8.6],[-83.3,8.5],[-83.3,8.4],[-83.4,8.4],[-83.5,8.4],[-83.6,8.4],[-83.6,8.5],[-83.7,8.6],[-83.7,8.7],[-83.6,8.7],[-83.6,8.8],[-83.6,8.9],[-83.6,9],[-83.7,9.1],[-83.8,9.2],[-83.9,9.3],[-84,9.3],[-84.1,9.4],[-84.2,9.4],[-84.2,9.5],[-84.3,9.5],[-84.5,9.5],[-84.6,9.5],[-84.6,9.6],[-84.6,9.5],[-84.6,9.6],[-84.7,9.6],[-84.7,9.7],[-84.6,9.7],[-84.6,9.8],[-84.7,9.8],[-84.7,9.9],[-84.7,10],[-84.8,10],[-84.9,10],[-84.8,10],[-84.9,10],[-85,10.1],[-85.1,10.1],[-85.1,10.2],[-85.2,10.2],[-85.2,10.3],[-85.3,10.3],[-85.3,10.2],[-85.2,10.2],[-85.2,10.1],[-85.2,10],[-85.1,10],[-85,9.9],[-84.9,9.9],[-84.9,9.8],[-85,9.8],[-85,9.7],[-85.1,9.7],[-85.1,9.6],[-85.2,9.7],[-85.3,9.8],[-85.4,9.9],[-85.5,9.9],[-85.6,9.9],[-85.7,9.9],[-85.7,10],[-85.8,10.1],[-85.8,10.2],[-85.8,10.3],[-85.9,10.3],[-85.8,10.3],[-85.9,10.3],[-85.9,10.4],[-85.8,10.4],[-85.8,10.5],[-85.7,10.5],[-85.7,10.6],[-85.7,10.5],[-85.7,10.6],[-85.6,10.6],[-85.7,10.6],[-85.7,10.7],[-85.7,10.8],[-85.8,10.8],[-85.8,10.9],[-85.9,10.9],[-85.8,10.9],[-85.7,10.9],[-85.7,11],[-85.7,11.1],[-85.7,11.2],[-85.6,11.2],[-85.5,11.2],[-85.4,11.1],[-85.3,11.1],[-85.2,11.1],[-85.1,11],[-84.9,10.9],[-84.8,11],[-84.7,11.1],[-84.6,11],[-84.5,11],[-84.4,11],[-84.3,11],[-84.3,10.9],[-84.2,10.9],[-84.2,10.8],[-84.1,10.8],[-84,10.8],[-83.9,10.7],[-83.8,10.7],[-83.8,10.8],[-83.7,10.8],[-83.7,10.9]]]]}},{"type":"Feature","properties":{"name":"Nicaragua","iso":"NI"},"geometry":{"type":"MultiPolygon","coordinates":[[[[-85.7,11.1],[-85.8,11.1],[-85.8,11.2],[-85.9,11.3],[-86,11.3],[-86,11.4],[-86.1,11.4],[-86.1,11.5],[-86.2,11.5],[-86.2,11.6],[-86.3,11.6],[-86.4,11.6],[-86.4,11.7],[-86.5,11.8],[-86.6,11.9],[-86.6,12],[-86.7,12],[-86.7,12.1],[-86.8,12.2],[-87,12.3],[-87,12.4],[-87.1,12.4],[-87.2,12.5],[-87.1,12.4],[-87.1,12.5],[-87.2,12.5],[-87.2,12.6],[-87.3,12.6],[-87.5,12.7],[-87.5,12.8],[-87.4,12.8],[-87.5,12.8],[-87.6,12.9],[-87.7,12.9],[-87.7,13],[-87.6,13],[-87.6,13.1],[-87.5,13.1],[-87.5,13],[-87.4,12.9],[-87.3,12.9],[-87.4,12.9],[-87.4,13],[-87.3,13],[-87.1,13],[-87,13],[-86.9,13.1],[-86.9,13.2],[-86.9,13.3],[-86.8,13.3],[-86.7,13.3],[-86.7,13.4],[-86.8,13.6],[-86.8,13.7],[-86.7,13.8],[-86.6,13.8],[-86.5,13.8],[-86.4,13.8],[-86.4,13.7],[-86.4,13.8],[-86.3,13.8],[-86.2,13.9],[-86.2,14],[-86.1,14],[-86,14.1],[-86,14],[-86,13.9],[-85.9,13.9],[-85.8,13.9],[-85.8,13.8],[-85.7,13.8],[-85.7,13.9],[-85.7,14],[-85.6,14],[-85.5,14],[-85.5,14.1],[-85.4,14.1],[-85.4,14.2],[-85.4,14.3],[-85.3,14.2],[-85.3,14.3],[-85.2,14.3],[-85.2,14.4],[-85.2,14.5],[-85.1,14.5],[-85.1,14.6],[-85.1,14.5],[-85.1,14.6],[-85,14.6],[-85,14.7],[-85.1,14.7],[-85,14.7],[-85,14.8],[-84.9,14.8],[-84.8,14.8],[-84.7,14.8],[-84.7,14.7],[-84.6,14.7],[-84.5,14.7],[-84.5,14.6],[-84.4,14.6],[-84.4,14.7],[-84.3,14.7],[-84.3,14.8],[-84.2,14.8],[-84.2,14.7],[-84.1,14.7],[-84.1,14.8],[-84,14.8],[-83.9,14.8],[-83.8,14.8],[-83.7,14.8],[-83.7,14.9],[-83.7,14.8],[-83.7,14.9],[-83.6,14.9],[-83.5,14.9],[-83.5,15],[-83.5,14.9],[-83.5,15],[-83.4,15],[-83.3,15],[-83.2,15],[-83.1,15],[-83.2,15],[-83.2,14.9],[-83.3,14.9],[-83.3,14.8],[-83.3,14.9],[-83.4,14.9],[-83.4,14.8],[-83.4,14.7],[-83.3,14.7],[-83.3,14.8],[-83.4,14.8],[-83.3,14.8],[-83.3,14.7],[-83.3,14.8],[-83.3,14.6],[-83.2,14.6],[-83.2,14.5],[-83.2,14.4],[-83.2,14.3],[-83.3,14.1],[-83.3,14],[-83.4,14],[-83.5,13.9],[-83.5,13.7],[-83.5,13.6],[-83.5,13.5],[-83.6,13.4],[-83.6,13.3],[-83.6,13.2],[-83.5,13],[-83.5,12.9],[-83.5,12.6],[-83.5,12.5],[-83.5,12.4],[-83.6,12.4],[-83.6,12.5],[-83.6,12.6],[-83.6,12.7],[-83.6,12.8],[-83.5,12.8],[-83.6,12.8],[-83.6,12.7],[-83.6,12.6],[-83.7,12.6],[-83.8,12.5],[-83.7,12.5],[-83.7,12.4],[-83.7,12.3],[-83.6,12.4],[-83.6,12.3],[-83.7,12.3],[-83.7,12.1],[-83.7,12],[-83.7,12.1],[-83.7,12.2],[-83.8,12.2],[-83.7,12.2],[-83.7,12.1],[-83.8,12.1],[-83.8,12],[-83.8,11.9],[-83.8,11.8],[-83.7,11.8],[-83.7,11.9],[-83.7,11.8],[-83.7,11.7],[-83.7,11.6],[-83.8,11.6],[-83.8,11.5],[-83.8,11.4],[-83.9,11.4],[-83.9,11.3],[-83.8,11.1],[-83.8,11],[-83.7,11],[-83.7,10.9],[-83.7,10.8],[-83.8,10.8],[-83.8,10.7],[-83.9,10.7],[-84,10.8],[-84.1,10.8],[-84.2,10.8],[-84.2,10.9],[-84.3,10.9],[-84.3,11],[-84.4,11],[-84.5,11],[-84.6,11],[-84.7,11.1],[-84.8,11],[-84.9,10.9],[-85.1,11],[-85.2,11.1],[-85.3,11.1],[-85.4,11.1],[-85.5,11.2],[-85.6,11.2],[-85.7,11.2],[-85.7,11.1]]]]}},{"type":"Feature","properties":{"name":"Saint Martin","iso":"MF"},"geometry":{"type":"Polygon","coordinates":[[[-63,18],[-63.1,18.1],[-63,18.1],[-63,18]]]}},{"type":"Feature","properties":{"name":"Sint Maarten","iso":"SX"},"geometry":{"type":"Polygon","coordinates":[[[-63.1,18.1],[-63,18],[-63.1,18],[-63.1,18.1]]]}},{"type":"Feature","properties":{"name":"Brazil","iso":"BR"},"geometry":{"type":"MultiPolygon","coordinates":[[[[-57.6,-30.2],[-57.5,-30.2],[-57.5,-30.1],[-57.4,-30],[-57.3,-30],[-57.3,-29.8],[-57.2,-29.8],[-57.1,-29.8],[-57,-29.7],[-57,-29.6],[-56.9,-29.6],[-56.9,-29.5],[-56.8,-29.5],[-56.8,-29.4],[-56.7,-29.4],[-56.7,-29.3],[-56.7,-29.2],[-56.6,-29.2],[-56.6,-29.1],[-56.5,-29.1],[-56.4,-29.1],[-56.4,-29],[-56.3,-28.9],[-56.3,-28.8],[-56.2,-28.8],[-56.2,-28.7],[-56.1,-28.6],[-56,-28.6],[-56,-28.5],[-55.9,-28.5],[-55.9,-28.4],[-55.8,-28.3],[-55.8,-28.4],[-55.7,-28.4],[-55.7,-28.3],[-55.8,-28.3],[-55.8,-28.2],[-55.7,-28.2],[-55.6,-28.2],[-55.6,-28.1],[-55.5,-28.1],[-55.4,-28.1],[-55.4,-28],[-55.3,-28],[-55.3,-27.9],[-55.2,-27.9],[-55.1,-27.9],[-55.1,-27.8],[-55,-27.9],[-55,-27.8],[-55.1,-27.8],[-55,-27.8],[-54.9,-27.7],[-54.9,-27.6],[-54.8,-27.6],[-54.8,-27.5],[-54.8,-27.6],[-54.7,-27.6],[-54.7,-27.5],[-54.6,-27.5],[-54.5,-27.5],[-54.4,-27.5],[-54.4,-27.4],[-54.5,-27.4],[-54.4,-27.4],[-54.4,-27.5],[-54.4,-27.4],[-54.3,-27.4],[-54.2,-27.4],[-54.2,-27.3],[-54.2,-27.2],[-54.2,-27.3],[-54.1,-27.3],[-54,-27.2],[-54,-27.1],[-53.9,-27.2],[-53.9,-27.1],[-53.8,-27.2],[-53.8,-27.1],[-53.8,-27],[-53.7,-26.9],[-53.7,-26.8],[-53.8,-26.8],[-53.7,-26.7],[-53.8,-26.7],[-53.7,-26.7],[-53.7,-26.6],[-53.7,-26.5],[-53.7,-26.6],[-53.7,-26.5],[-53.7,-26.4],[-53.7,-26.3],[-53.7,-26.2],[-53.7,-26.1],[-53.8,-26.1],[-53.8,-26],[-53.8,-25.9],[-53.8,-25.8],[-53.9,-25.8],[-53.9,-25.7],[-53.9,-25.6],[-53.9,-25.7],[-54,-25.7],[-54,-25.6],[-54.1,-25.6],[-54.1,-25.5],[-54.2,-25.5],[-54.2,-25.6],[-54.3,-25.6],[-54.4,-25.6],[-54.4,-25.7],[-54.5,-25.7],[-54.5,-25.6],[-54.6,-25.6],[-54.6,-25.5],[-54.6,-25.4],[-54.5,-25.3],[-54.5,-25.2],[-54.4,-25.2],[-54.4,-25.1],[-54.5,-25.1],[-54.5,-25],[-54.4,-24.8],[-54.4,-24.7],[-54.3,-24.6],[-54.3,-24.5],[-54.3,-24.4],[-54.3,-24.3],[-54.3,-24.2],[-54.3,-24.1],[-54.2,-24.1],[-54.3,-24],[-54.4,-24],[-54.4,-23.9],[-54.6,-23.8],[-54.7,-23.8],[-54.8,-23.9],[-54.9,-23.9],[-54.9,-24],[-55,-24],[-55.1,-24],[-55.2,-24],[-55.3,-24],[-55.4,-24],[-55.4,-23.9],[-55.4,-23.7],[-55.5,-23.7],[-55.5,-23.6],[-55.5,-23.5],[-55.5,-23.4],[-55.6,-23.3],[-55.5,-23.2],[-55.6,-23.2],[-55.6,-23.1],[-55.6,-23],[-55.6,-22.9],[-55.7,-22.9],[-55.7,-22.8],[-55.6,-22.8],[-55.6,-22.7],[-55.6,-22.6],[-55.7,-22.6],[-55.7,-22.5],[-55.8,-22.4],[-55.9,-22.3],[-56,-22.3],[-56.2,-22.3],[-56.3,-22.2],[-56.4,-22.1],[-56.5,-22.1],[-56.6,-22.2],[-56.7,-22.2],[-56.6,-22.3],[-56.7,-22.3],[-56.7,-22.2],[-56.7,-22.3],[-56.7,-22.2],[-56.8,-22.2],[-56.8,-22.3],[-56.8,-22.2],[-56.8,-22.3],[-56.9,-22.3],[-56.9,-22.2],[-56.9,-22.3],[-57,-22.3],[-57,-22.2],[-57.1,-22.2],[-57.2,-22.2],[-57.3,-22.2],[-57.4,-22.2],[-57.5,-22.2],[-57.6,-22.2],[-57.6,-22.1],[-57.7,-22.1],[-57.8,-22.1],[-57.9,-22.1],[-58,-22.1],[-58,-22],[-57.9,-21.9],[-58,-21.9],[-57.9,-21.8],[-57.9,-21.7],[-57.9,-21.6],[-57.9,-21.5],[-57.9,-21.4],[-57.9,-21.3],[-57.9,-21.2],[-57.8,-21.2],[-57.8,-21.1],[-57.9,-21.1],[-57.9,-21],[-57.8,-21],[-57.8,-20.9],[-57.8,-21],[-57.9,-20.9],[-57.9,-20.8],[-57.9,-20.7],[-58,-20.7],[-58,-20.6],[-58,-20.5],[-58,-20.4],[-58.1,-20.4],[-58.1,-20.3],[-58.2,-20.3],[-58.2,-20.2],[-58.1,-20.2],[-58.2,-20.2],[-58.1,-20.2],[-58.1,-20.1],[-58,-20.1],[-58,-20],[-57.9,-20],[-58,-19.9],[-58,-19.8],[-58.1,-19.8],[-58.1,-19.7],[-58.1,-19.6],[-58,-19.5],[-58,-19.4],[-57.9,-19.3],[-57.8,-19.2],[-57.8,-19.1],[-57.8,-19],[-57.7,-19],[-57.7,-18.9],[-57.8,-18.9],[-57.7,-18.7],[-57.7,-18.6],[-57.6,-18.4],[-57.6,-18.3],[-57.6,-18.2],[-57.5,-18.2],[-57.6,-18.2],[-57.6,-18.1],[-57.6,-18],[-57.7,-17.8],[-57.7,-17.7],[-57.8,-17.7],[-57.8,-17.6],[-57.8,-17.5],[-57.9,-17.5],[-58,-17.5],[-58.1,-17.5],[-58.1,-17.4],[-58.2,-17.4],[-58.2,-17.3],[-58.3,-17.3],[-58.4,-17.3],[-58.4,-17.2],[-58.4,-17.1],[-58.4,-17],[-58.5,-16.9],[-58.5,-16.8],[-58.5,-16.7],[-58.5,-16.6],[-58.4,-16.5],[-58.3,-16.5],[-58.4,-16.4],[-58.3,-16.4],[-58.3,-16.3],[-58.4,-16.3],[-58.5,-16.3],[-58.7,-16.3],[-58.9,-16.3],[-59.1,-16.3],[-59.3,-16.3],[-59.5,-16.3],[-59.7,-16.3],[-59.9,-16.3],[-60.1,-16.3],[-60.2,-16.3],[-60.2,-16.2],[-60.2,-16.1],[-60.2,-16],[-60.2,-15.9],[-60.2,-15.7],[-60.2,-15.5],[-60.3,-15.5],[-60.4,-15.3],[-60.5,-15.2],[-60.5,-15.1],[-60.6,-15.1],[-60.4,-15.1],[-60.3,-15.1],[-60.3,-15],[-60.3,-14.9],[-60.3,-14.8],[-60.3,-14.7],[-60.3,-14.6],[-60.4,-14.6],[-60.4,-14.5],[-60.3,-14.5],[-60.4,-14.4],[-60.4,-14.3],[-60.5,-14.3],[-60.5,-14.2],[-60.5,-14.1],[-60.4,-14.1],[-60.4,-14],[-60.4,-13.9],[-60.5,-13.9],[-60.5,-13.8],[-60.6,-13.8],[-60.6,-13.7],[-60.7,-13.7],[-60.8,-13.6],[-60.9,-13.6],[-60.9,-13.5],[-61,-13.5],[-61.1,-13.5],[-61.2,-13.5],[-61.3,-13.5],[-61.4,-13.5],[-61.5,-13.5],[-61.6,-13.5],[-61.7,-13.5],[-61.8,-13.5],[-61.9,-13.5],[-61.9,-13.4],[-62,-13.4],[-62,-13.3],[-62.1,-13.3],[-62.1,-13.2],[-62.1,-13.1],[-62.1,-13.2],[-62.1,-13.1],[-62.2,-13.1],[-62.3,-13.1],[-62.4,-13.1],[-62.5,-13.1],[-62.6,-13.1],[-62.6,-13],[-62.7,-13],[-62.8,-13],[-62.8,-12.9],[-62.9,-12.9],[-62.9,-12.8],[-62.9,-12.9],[-63,-12.9],[-63,-12.8],[-63,-12.7],[-63.1,-12.7],[-63,-12.7],[-63.1,-12.7],[-63.1,-12.6],[-63.2,-12.6],[-63.2,-12.7],[-63.3,-12.7],[-63.4,-12.7],[-63.4,-12.6],[-63.5,-12.6],[-63.5,-12.5],[-63.6,-12.5],[-63.7,-12.5],[-63.8,-12.5],[-63.9,-12.5],[-64,-12.5],[-64.1,-12.5],[-64.2,-12.5],[-64.3,-12.5],[-64.4,-12.5],[-64.4,-12.4],[-64.5,-12.4],[-64.5,-12.3],[-64.5,-12.2],[-64.6,-12.2],[-64.7,-12.2],[-64.7,-12.1],[-64.8,-12.1],[-64.8,-12],[-64.9,-12],[-65,-12],[-65,-11.9],[-65,-11.8],[-65.1,-11.8],[-65.1,-11.7],[-65.1,-11.8],[-65.2,-11.8],[-65.2,-11.7],[-65.2,-11.6],[-65.2,-11.5],[-65.3,-11.5],[-65.4,-11.4],[-65.3,-11.4],[-65.3,-11.3],[-65.4,-11.3],[-65.4,-11.2],[-65.4,-11.1],[-65.3,-11.1],[-65.3,-11],[-65.3,-10.9],[-65.3,-10.8],[-65.4,-10.8],[-65.4,-10.7],[-65.4,-10.6],[-65.4,-10.5],[-65.4,-10.4],[-65.4,-10.3],[-65.3,-10.3],[-65.3,-10.2],[-65.3,-10.1],[-65.3,-10],[-65.3,-9.9],[-65.3,-9.8],[-65.4,-9.7],[-65.5,-9.7],[-65.5,-9.8],[-65.6,-9.8],[-65.7,-9.8],[-65.8,-9.8],[-65.8,-9.7],[-65.8,-9.8],[-65.9,-9.8],[-66,-9.8],[-66.1,-9.8],[-66.2,-9.8],[-66.3,-9.8],[-66.4,-9.8],[-66.4,-9.9],[-66.5,-9.9],[-66.6,-9.9],[-66.7,-9.9],[-66.7,-10],[-66.8,-10],[-66.9,-10.1],[-67.1,-10.3],[-67.2,-10.3],[-67.3,-10.3],[-67.3,-10.4],[-67.4,-10.4],[-67.5,-10.4],[-67.5,-10.5],[-67.6,-10.5],[-67.6,-10.6],[-67.7,-10.6],[-67.7,-10.7],[-67.8,-10.7],[-67.9,-10.7],[-68,-10.7],[-68.1,-10.7],[-68.1,-10.8],[-68.2,-10.8],[-68.2,-10.9],[-68.3,-10.9],[-68.3,-11],[-68.4,-11],[-68.5,-11],[-68.5,-11.1],[-68.6,-11.1],[-68.8,-11.1],[-68.8,-11],[-68.9,-11],[-69,-11],[-69.1,-11],[-69.2,-11],[-69.3,-11],[-69.3,-10.9],[-69.4,-10.9],[-69.5,-11],[-69.6,-11],[-69.7,-11],[-69.8,-11],[-69.8,-10.9],[-69.9,-10.9],[-70,-10.9],[-70.2,-11],[-70.2,-11.1],[-70.3,-11.1],[-70.4,-11.1],[-70.4,-11],[-70.5,-11],[-70.5,-10.9],[-70.6,-10.9],[-70.6,-11],[-70.6,-10.9],[-70.6,-10.8],[-70.6,-10.7],[-70.6,-10.5],[-70.6,-10.4],[-70.6,-10.3],[-70.6,-10.2],[-70.6,-10],[-70.6,-9.9],[-70.6,-9.8],[-70.6,-9.7],[-70.5,-9.7],[-70.6,-9.7],[-70.6,-9.6],[-70.6,-9.5],[-70.5,-9.5],[-70.5,-9.4],[-70.6,-9.4],[-70.6,-9.5],[-70.7,-9.5],[-70.7,-9.6],[-70.8,-9.6],[-70.9,-9.7],[-71,-9.7],[-71,-9.8],[-71.1,-9.8],[-71.1,-9.9],[-71.2,-9.9],[-71.2,-10],[-71.3,-10],[-71.4,-10],[-71.6,-10],[-71.8,-10],[-72,-10],[-72.1,-10],[-72.2,-10],[-72.2,-9.9],[-72.2,-9.8],[-72.3,-9.8],[-72.3,-9.7],[-72.3,-9.6],[-72.3,-9.5],[-72.4,-9.5],[-72.5,-9.5],[-72.6,-9.5],[-72.6,-9.4],[-72.7,-9.4],[-72.8,-9.4],[-73.2,-9.4],[-73.1,-9.3],[-73.1,-9.2],[-73,-9.2],[-73,-9.1],[-73,-9],[-73,-8.9],[-73.1,-8.9],[-73.1,-8.8],[-73.2,-8.7],[-73.3,-8.7],[-73.4,-8.6],[-73.3,-8.5],[-73.4,-8.5],[-73.4,-8.4],[-73.5,-8.4],[-73.5,-8.3],[-73.6,-8.3],[-73.6,-8.2],[-73.6,-8.1],[-73.7,-8],[-73.8,-8],[-73.8,-7.9],[-73.7,-7.9],[-73.7,-7.8],[-73.8,-7.8],[-73.8,-7.7],[-74,-7.6],[-74,-7.5],[-73.9,-7.5],[-73.9,-7.4],[-74,-7.4],[-73.9,-7.4],[-73.8,-7.3],[-73.7,-7.3],[-73.7,-7.2],[-73.8,-7.1],[-73.8,-7],[-73.8,-6.9],[-73.7,-6.9],[-73.7,-6.8],[-73.6,-6.8],[-73.6,-6.7],[-73.5,-6.7],[-73.4,-6.6],[-73.3,-6.6],[-73.2,-6.6],[-73.2,-6.5],[-73.1,-6.5],[-73.1,-6.4],[-73.2,-6.3],[-73.2,-6.2],[-73.2,-6.1],[-73.2,-6],[-73.1,-5.9],[-73.1,-5.8],[-73,-5.7],[-73,-5.6],[-73,-5.5],[-73,-5.4],[-72.9,-5.4],[-72.9,-5.3],[-72.9,-5.2],[-72.9,-5.1],[-72.8,-5.1],[-72.7,-5.1],[-72.6,-5.1],[-72.6,-5],[-72.5,-5],[-72.5,-4.9],[-72.4,-4.9],[-72.4,-4.8],[-72.3,-4.8],[-72.2,-4.7],[-72.1,-4.7],[-72.1,-4.6],[-72,-4.6],[-71.9,-4.5],[-71.8,-4.5],[-71.7,-4.5],[-71.6,-4.5],[-71.5,-4.5],[-71.5,-4.4],[-71.4,-4.4],[-71.4,-4.5],[-71.3,-4.5],[-71.3,-4.4],[-71.2,-4.4],[-71.1,-4.4],[-71,-4.4],[-71,-4.3],[-71,-4.4],[-70.9,-4.4],[-70.9,-4.3],[-70.9,-4.2],[-70.8,-4.2],[-70.7,-4.2],[-70.7,-4.1],[-70.6,-4.1],[-70.6,-4.2],[-70.6,-4.1],[-70.5,-4.1],[-70.5,-4.2],[-70.5,-4.1],[-70.4,-4.1],[-70.4,-4.2],[-70.3,-4.1],[-70.3,-4.2],[-70.3,-4.3],[-70.2,-4.3],[-70.1,-4.3],[-70,-4.3],[-70,-4.2],[-69.9,-4.2],[-69.9,-4],[-69.9,-3.9],[-69.9,-3.7],[-69.8,-3.6],[-69.8,-3.4],[-69.8,-3.2],[-69.7,-3.1],[-69.7,-2.9],[-69.7,-2.8],[-69.7,-2.6],[-69.6,-2.4],[-69.6,-2.3],[-69.6,-2.1],[-69.5,-1.9],[-69.5,-1.8],[-69.5,-1.6],[-69.5,-1.5],[-69.4,-1.4],[-69.4,-1.3],[-69.4,-1.2],[-69.4,-1.1],[-69.4,-1],[-69.5,-1],[-69.5,-0.9],[-69.6,-0.9],[-69.6,-0.8],[-69.6,-0.7],[-69.6,-0.6],[-69.6,-0.5],[-69.7,-0.5],[-69.8,-0.4],[-69.9,-0.4],[-69.9,-0.3],[-70,-0.3],[-70,-0.2],[-70.1,-0.2],[-70.1,-0.1],[-70.1,0],[-70.1,0.1],[-70.1,0.2],[-70.1,0.3],[-70.1,0.4],[-70.1,0.5],[-70.1,0.6],[-70,0.6],[-69.9,0.6],[-69.8,0.6],[-69.7,0.6],[-69.7,0.7],[-69.6,0.7],[-69.5,0.7],[-69.4,0.7],[-69.4,0.6],[-69.3,0.7],[-69.3,0.6],[-69.2,0.6],[-69.1,0.6],[-69.1,0.7],[-69.2,0.7],[-69.2,0.8],[-69.2,0.9],[-69.2,1],[-69.3,1],[-69.3,1.1],[-69.4,1.1],[-69.4,1],[-69.5,1],[-69.5,1.1],[-69.6,1.1],[-69.7,1.1],[-69.8,1.1],[-69.9,1.1],[-69.9,1.2],[-69.9,1.3],[-69.9,1.4],[-69.8,1.5],[-69.8,1.6],[-69.8,1.7],[-69.9,1.7],[-69.8,1.7],[-69.7,1.7],[-69.6,1.7],[-69.6,1.8],[-69.5,1.8],[-69.4,1.7],[-69.3,1.7],[-69.2,1.7],[-69,1.7],[-68.8,1.7],[-68.6,1.7],[-68.4,1.7],[-68.3,1.7],[-68.2,1.7],[-68.2,1.8],[-68.3,1.8],[-68.3,1.9],[-68.2,2],[-68.1,2],[-68.1,1.9],[-68.1,1.8],[-68,1.8],[-68,1.7],[-67.9,1.7],[-67.9,1.8],[-67.8,1.8],[-67.7,2],[-67.6,2.1],[-67.5,2.1],[-67.4,2.1],[-67.3,2.1],[-67.3,2],[-67.3,1.9],[-67.2,1.8],[-67.1,1.7],[-67.1,1.6],[-67.1,1.5],[-67.1,1.3],[-67.1,1.2],[-67,1.2],[-66.9,1.2],[-66.8,1.2],[-66.7,1.1],[-66.7,1],[-66.6,1],[-66.5,0.9],[-66.4,0.8],[-66.3,0.8],[-66.3,0.7],[-66.2,0.8],[-66.2,0.7],[-66.1,0.7],[-66.1,0.8],[-66,0.8],[-65.9,0.9],[-65.8,0.9],[-65.7,1],[-65.6,1],[-65.5,0.9],[-65.5,0.8],[-65.6,0.8],[-65.6,0.7],[-65.5,0.6],[-65.5,0.7],[-65.4,0.7],[-65.4,0.8],[-65.3,0.9],[-65.2,0.9],[-65.2,1],[-65.2,1.1],[-65.1,1.1],[-65,1.1],[-65,1.2],[-64.9,1.2],[-64.9,1.3],[-64.8,1.3],[-64.8,1.2],[-64.7,1.2],[-64.6,1.3],[-64.6,1.4],[-64.5,1.4],[-64.5,1.5],[-64.4,1.5],[-64.4,1.4],[-64.3,1.4],[-64.2,1.5],[-64.2,1.6],[-64.1,1.6],[-64.1,1.7],[-64.1,1.8],[-64.1,1.9],[-64,1.9],[-64,2],[-63.9,2],[-63.8,2],[-63.6,2.1],[-63.5,2.1],[-63.4,2.1],[-63.4,2.2],[-63.4,2.3],[-63.4,2.4],[-63.5,2.4],[-63.6,2.4],[-63.7,2.4],[-63.8,2.4],[-64,2.5],[-64.1,2.5],[-64,2.6],[-64,2.7],[-64,2.8],[-64.1,2.9],[-64.1,3],[-64.2,3.1],[-64.2,3.2],[-64.2,3.3],[-64.2,3.4],[-64.2,3.5],[-64.2,3.6],[-64.3,3.7],[-64.4,3.8],[-64.5,3.9],[-64.6,3.9],[-64.6,4],[-64.7,4],[-64.7,4.1],[-64.7,4.2],[-64.8,4.2],[-64.8,4.3],[-64.7,4.3],[-64.7,4.2],[-64.6,4.2],[-64.6,4.1],[-64.4,4.2],[-64.2,4.1],[-64.1,4.1],[-64.1,4],[-64.1,3.9],[-64,3.9],[-63.9,3.9],[-63.8,3.9],[-63.7,3.9],[-63.6,3.9],[-63.5,3.9],[-63.4,3.9],[-63.4,4],[-63.3,3.9],[-63.2,3.8],[-63.1,3.8],[-63,3.6],[-62.9,3.6],[-62.8,3.6],[-62.7,3.7],[-62.7,3.8],[-62.8,3.8],[-62.8,3.9],[-62.8,4],[-62.7,4],[-62.6,4],[-62.5,4.1],[-62.5,4.2],[-62.4,4.2],[-62.2,4.1],[-62.1,4.1],[-62,4.2],[-61.9,4.1],[-61.9,4.2],[-61.8,4.2],[-61.7,4.3],[-61.6,4.2],[-61.6,4.3],[-61.6,4.2],[-61.6,4.3],[-61.5,4.3],[-61.5,4.4],[-61.4,4.4],[-61.3,4.4],[-61.3,4.5],[-61.2,4.5],[-61.1,4.5],[-61,4.5],[-60.9,4.6],[-60.9,4.7],[-60.8,4.8],[-60.7,4.8],[-60.6,4.9],[-60.6,5],[-60.7,5.2],[-60.6,5.2],[-60.5,5.2],[-60.4,5.2],[-60.3,5.2],[-60.3,5.3],[-60.2,5.3],[-60.2,5.2],[-60.1,5.2],[-60.1,5.1],[-60,5.1],[-60,5],[-60,4.9],[-60,4.8],[-60,4.7],[-60.1,4.7],[-60.1,4.6],[-60.2,4.6],[-60.2,4.5],[-60.1,4.5],[-60,4.5],[-59.9,4.5],[-59.8,4.5],[-59.8,4.4],[-59.7,4.4],[-59.7,4.3],[-59.7,4.2],[-59.6,4.1],[-59.7,4.1],[-59.6,4],[-59.5,4],[-59.5,3.9],[-59.6,3.9],[-59.6,3.8],[-59.7,3.8],[-59.7,3.7],[-59.8,3.6],[-59.9,3.6],[-59.8,3.5],[-59.8,3.4],[-59.8,3.3],[-59.9,3.3],[-59.9,3.2],[-59.9,3.1],[-60,3.1],[-60,3],[-60,2.9],[-60,2.7],[-60,2.6],[-59.9,2.6],[-59.9,2.5],[-59.9,2.4],[-59.9,2.3],[-59.8,2.3],[-59.7,2.3],[-59.7,2.2],[-59.7,2.1],[-59.8,2.1],[-59.7,2],[-59.8,1.9],[-59.7,1.9],[-59.7,1.8],[-59.6,1.8],[-59.7,1.8],[-59.7,1.7],[-59.6,1.7],[-59.5,1.7],[-59.5,1.6],[-59.4,1.6],[-59.4,1.5],[-59.3,1.5],[-59.3,1.4],[-59.2,1.4],[-59,1.3],[-58.9,1.3],[-58.9,1.2],[-58.8,1.2],[-58.7,1.2],[-58.7,1.3],[-58.6,1.3],[-58.5,1.3],[-58.5,1.4],[-58.5,1.5],[-58.4,1.5],[-58.4,1.6],[-58.3,1.6],[-58.2,1.6],[-58.2,1.5],[-58.1,1.5],[-58,1.5],[-58,1.6],[-58,1.7],[-57.9,1.6],[-57.9,1.7],[-57.8,1.7],[-57.7,1.7],[-57.6,1.7],[-57.5,1.7],[-57.5,1.8],[-57.4,1.9],[-57.4,2],[-57.3,2],[-57.2,1.9],[-57.2,2],[-57.1,2],[-57.1,1.9],[-57,1.9],[-56.9,1.9],[-56.8,1.9],[-56.7,1.9],[-56.6,1.9],[-56.5,1.9],[-56.4,1.9],[-56.3,1.9],[-56.2,1.9],[-56.1,1.9],[-56.1,1.8],[-56,1.8],[-56,1.9],[-55.9,1.9],[-55.9,2],[-55.9,2.1],[-56,2.1],[-56,2.2],[-56.1,2.2],[-56.1,2.3],[-56.1,2.4],[-56.1,2.3],[-56,2.4],[-56,2.5],[-55.9,2.5],[-55.8,2.4],[-55.7,2.4],[-55.6,2.4],[-55.5,2.4],[-55.4,2.4],[-55.4,2.5],[-55.3,2.5],[-55.2,2.6],[-55.1,2.6],[-55.1,2.5],[-55,2.6],[-55,2.5],[-54.9,2.4],[-54.8,2.4],[-54.8,2.5],[-54.7,2.5],[-54.7,2.4],[-54.7,2.3],[-54.6,2.3],[-54.5,2.3],[-54.5,2.2],[-54.4,2.2],[-54.3,2.2],[-54.3,2.1],[-54.2,2.2],[-54.2,2.1],[-54.1,2.1],[-54.1,2.2],[-54,2.2],[-53.9,2.2],[-53.9,2.3],[-53.8,2.3],[-53.8,2.4],[-53.7,2.4],[-53.7,2.3],[-53.6,2.3],[-53.5,2.3],[-53.5,2.2],[-53.5,2.3],[-53.4,2.3],[-53.3,2.3],[-53.2,2.3],[-53.2,2.2],[-53.3,2.2],[-53.1,2.2],[-53,2.2],[-52.9,2.2],[-52.9,2.3],[-52.8,2.3],[-52.7,2.4],[-52.6,2.5],[-52.6,2.6],[-52.5,2.7],[-52.5,2.9],[-52.4,2.9],[-52.4,3.1],[-52.4,3.2],[-52.3,3.2],[-52.2,3.2],[-52.2,3.3],[-52.1,3.5],[-52.1,3.6],[-52,3.6],[-52,3.7],[-51.9,3.7],[-51.9,3.8],[-51.8,3.9],[-51.8,4],[-51.7,4],[-51.6,4.1],[-51.6,4.2],[-51.5,4.1],[-51.5,4],[-51.4,3.9],[-51.4,4],[-51.5,4],[-51.5,4.1],[-51.5,4.3],[-51.6,4.4],[-51.5,4.4],[-51.4,4.4],[-51.3,4.3],[-51.2,4.2],[-51.2,4.1],[-51.2,4],[-51.2,3.9],[-51.2,3.8],[-51.2,3.7],[-51.2,3.6],[-51.2,3.7],[-51.1,3.8],[-51.1,3.9],[-51.1,3.7],[-51.1,3.6],[-51.1,3.5],[-51.1,3.4],[-51,3.2],[-51,3.1],[-51,3],[-51,2.9],[-50.9,2.9],[-50.9,2.8],[-50.9,2.7],[-50.8,2.6],[-50.8,2.5],[-50.8,2.4],[-50.7,2.4],[-50.7,2.3],[-50.7,2.2],[-50.7,2.1],[-50.8,2.1],[-50.8,2.2],[-50.8,2.1],[-50.8,2],[-50.7,2.1],[-50.6,2.1],[-50.6,2],[-50.5,1.9],[-50.5,1.8],[-50.4,1.8],[-50.3,1.8],[-50.2,1.8],[-50.1,1.8],[-50,1.8],[-50,1.7],[-49.9,1.7],[-49.9,1.6],[-49.9,1.5],[-49.9,1.4],[-49.9,1.3],[-50,1.2],[-50.1,1.2],[-50,1.2],[-49.9,1.2],[-49.9,1.1],[-50,1.1],[-50.1,1],[-50.1,0.9],[-50.2,0.9],[-50.3,0.9],[-50.3,0.8],[-50.3,0.7],[-50.4,0.7],[-50.5,0.7],[-50.5,0.6],[-50.6,0.4],[-50.7,0.3],[-50.8,0.2],[-50.9,0.2],[-51,0.1],[-51.1,0],[-51.2,0],[-51.2,-0.1],[-51.3,-0.1],[-51.3,-0.2],[-51.3,-0.3],[-51.4,-0.3],[-51.4,-0.4],[-51.4,-0.5],[-51.5,-0.5],[-51.6,-0.5],[-51.6,-0.6],[-51.5,-0.5],[-51.5,-0.6],[-51.6,-0.6],[-51.6,-0.7],[-51.7,-0.7],[-51.7,-0.8],[-51.7,-0.9],[-51.7,-1],[-51.8,-1.1],[-51.9,-1.2],[-51.9,-1.3],[-52,-1.4],[-52.1,-1.4],[-52.2,-1.4],[-52.2,-1.3],[-52.2,-1.4],[-52.3,-1.4],[-52.4,-1.4],[-52.5,-1.5],[-52.6,-1.5],[-52.7,-1.5],[-52.7,-1.6],[-52.6,-1.6],[-52.4,-1.6],[-52.3,-1.6],[-52.3,-1.5],[-52.2,-1.6],[-52.3,-1.6],[-52.3,-1.7],[-52.2,-1.7],[-52.2,-1.6],[-52.1,-1.6],[-52,-1.6],[-51.9,-1.6],[-51.7,-1.4],[-51.6,-1.4],[-51.5,-1.3],[-51.4,-1.3],[-51.4,-1.2],[-51.3,-1.2],[-51.3,-1.3],[-51.3,-1.2],[-51.2,-1.2],[-51.2,-1.1],[-51,-1],[-51,-0.9],[-50.9,-1],[-50.9,-0.9],[-51,-0.9],[-50.9,-0.9],[-50.8,-0.9],[-50.8,-1],[-50.8,-1.1],[-50.9,-1.1],[-51,-1.1],[-50.8,-1.2],[-50.8,-1.3],[-50.8,-1.4],[-50.8,-1.5],[-50.8,-1.6],[-50.7,-1.6],[-50.7,-1.7],[-50.7,-1.8],[-50.7,-1.7],[-50.7,-1.8],[-50.8,-1.8],[-50.8,-1.9],[-50.9,-1.9],[-50.8,-2],[-50.8,-1.9],[-50.7,-1.9],[-50.7,-1.8],[-50.6,-1.8],[-50.6,-1.9],[-50.5,-1.9],[-50.5,-2],[-50.5,-1.9],[-50.4,-1.9],[-50.4,-2],[-50.5,-2],[-50.4,-2],[-50.4,-2.1],[-50.4,-2],[-50.3,-1.9],[-50.2,-1.9],[-50.1,-1.9],[-50.1,-1.8],[-50,-1.8],[-49.9,-1.8],[-49.9,-1.9],[-49.9,-2],[-49.9,-1.9],[-49.9,-2],[-49.9,-2.1],[-49.9,-2],[-49.8,-2.1],[-49.8,-2],[-49.8,-1.9],[-49.7,-1.9],[-49.6,-2],[-49.6,-1.9],[-49.7,-1.9],[-49.6,-1.9],[-49.6,-1.8],[-49.5,-1.9],[-49.5,-1.8],[-49.4,-1.8],[-49.5,-1.8],[-49.5,-1.9],[-49.4,-1.9],[-49.4,-2],[-49.4,-2.1],[-49.4,-2.2],[-49.5,-2.2],[-49.5,-2.3],[-49.5,-2.4],[-49.6,-2.4],[-49.5,-2.4],[-49.5,-2.5],[-49.6,-2.6],[-49.7,-2.6],[-49.7,-2.7],[-49.6,-2.7],[-49.5,-2.6],[-49.5,-2.5],[-49.4,-2.5],[-49.4,-2.4],[-49.3,-2.2],[-49.3,-2.1],[-49.2,-1.9],[-49.1,-1.9],[-49.1,-1.8],[-49.1,-1.7],[-49,-1.7],[-49,-1.6],[-48.9,-1.6],[-48.9,-1.7],[-49,-1.8],[-48.9,-1.8],[-48.9,-1.7],[-48.8,-1.6],[-48.7,-1.5],[-48.7,-1.4],[-48.6,-1.4],[-48.6,-1.5],[-48.5,-1.6],[-48.4,-1.6],[-48.4,-1.7],[-48.4,-1.6],[-48.5,-1.5],[-48.4,-1.5],[-48.3,-1.5],[-48.4,-1.5],[-48.5,-1.5],[-48.5,-1.4],[-48.5,-1.3],[-48.5,-1.2],[-48.4,-1.2],[-48.4,-1.3],[-48.3,-1.3],[-48.3,-1.2],[-48.3,-1.1],[-48.2,-1.1],[-48.3,-1.1],[-48.3,-1],[-48.2,-1],[-48.2,-0.9],[-48.1,-0.9],[-48.1,-0.8],[-48.2,-0.8],[-48.1,-0.7],[-48,-0.7],[-48,-0.8],[-47.9,-0.7],[-47.8,-0.7],[-47.8,-0.6],[-47.7,-0.6],[-47.7,-0.7],[-47.7,-0.8],[-47.7,-0.7],[-47.6,-0.7],[-47.6,-0.6],[-47.5,-0.6],[-47.5,-0.7],[-47.5,-0.8],[-47.4,-0.8],[-47.4,-0.7],[-47.5,-0.7],[-47.5,-0.6],[-47.4,-0.6],[-47.5,-0.6],[-47.4,-0.6],[-47.4,-0.7],[-47.4,-0.6],[-47.4,-0.7],[-47.4,-0.6],[-47.3,-0.6],[-47.3,-0.7],[-47.3,-0.6],[-47.2,-0.7],[-47.3,-0.7],[-47.2,-0.7],[-47.2,-0.6],[-47.2,-0.7],[-47.2,-0.8],[-47.1,-0.8],[-47.1,-0.7],[-47.1,-0.8],[-47.1,-0.7],[-47.1,-0.8],[-47.1,-0.7],[-47.1,-0.8],[-47,-0.8],[-47.1,-0.8],[-47.1,-0.9],[-47.1,-0.8],[-47,-0.8],[-47,-0.7],[-47,-0.8],[-46.9,-0.8],[-47,-0.9],[-46.9,-0.9],[-47,-0.9],[-46.9,-0.9],[-46.9,-0.8],[-46.8,-0.8],[-46.9,-0.8],[-46.8,-0.7],[-46.8,-0.8],[-46.8,-0.9],[-46.8,-0.8],[-46.8,-0.9],[-46.8,-0.8],[-46.7,-0.8],[-46.7,-0.9],[-46.7,-0.8],[-46.7,-0.9],[-46.6,-0.9],[-46.7,-0.8],[-46.6,-0.8],[-46.6,-0.9],[-46.7,-0.9],[-46.7,-1],[-46.6,-1],[-46.6,-0.9],[-46.5,-0.9],[-46.4,-0.9],[-46.5,-0.9],[-46.5,-1],[-46.4,-1],[-46.4,-1.1],[-46.4,-1],[-46.3,-1],[-46.3,-1.1],[-46.3,-1],[-46.3,-1.1],[-46.2,-1.1],[-46.3,-1.1],[-46.3,-1],[-46.3,-0.9],[-46.2,-0.9],[-46.2,-1],[-46.2,-1.1],[-46.3,-1.2],[-46.2,-1.1],[-46.2,-1.2],[-46.2,-1.1],[-46.1,-1.1],[-46.1,-1.2],[-46.1,-1.1],[-46.1,-1.2],[-46,-1.2],[-46.1,-1.2],[-46,-1.2],[-46,-1.1],[-45.9,-1.1],[-46,-1.1],[-46,-1.2],[-45.9,-1.3],[-45.9,-1.2],[-45.9,-1.1],[-45.9,-1.2],[-45.9,-1.3],[-45.9,-1.2],[-45.9,-1.3],[-45.8,-1.3],[-45.8,-1.2],[-45.8,-1.3],[-45.8,-1.2],[-45.7,-1.2],[-45.7,-1.1],[-45.7,-1.2],[-45.7,-1.3],[-45.7,-1.2],[-45.7,-1.3],[-45.7,-1.4],[-45.6,-1.4],[-45.6,-1.3],[-45.5,-1.3],[-45.6,-1.3],[-45.5,-1.3],[-45.6,-1.3],[-45.6,-1.4],[-45.5,-1.4],[-45.5,-1.3],[-45.5,-1.4],[-45.5,-1.3],[-45.4,-1.3],[-45.4,-1.4],[-45.5,-1.4],[-45.5,-1.5],[-45.4,-1.5],[-45.5,-1.5],[-45.4,-1.4],[-45.4,-1.5],[-45.4,-1.4],[-45.4,-1.3],[-45.3,-1.3],[-45.3,-1.4],[-45.3,-1.5],[-45.4,-1.5],[-45.4,-1.6],[-45.4,-1.5],[-45.4,-1.6],[-45.3,-1.6],[-45.4,-1.7],[-45.3,-1.7],[-45.2,-1.7],[-45.2,-1.6],[-45.3,-1.6],[-45.2,-1.6],[-45.2,-1.5],[-45.1,-1.5],[-45.1,-1.4],[-45.1,-1.5],[-45,-1.5],[-45,-1.6],[-45,-1.5],[-44.9,-1.5],[-44.9,-1.4],[-44.8,-1.5],[-44.9,-1.5],[-44.9,-1.6],[-45,-1.6],[-44.9,-1.6],[-44.9,-1.7],[-44.9,-1.6],[-44.8,-1.6],[-44.9,-1.6],[-44.8,-1.6],[-44.8,-1.7],[-44.8,-1.8],[-44.8,-1.7],[-44.8,-1.8],[-44.8,-1.7],[-44.7,-1.7],[-44.8,-1.8],[-44.7,-1.8],[-44.7,-1.7],[-44.6,-1.7],[-44.6,-1.8],[-44.7,-1.8],[-44.6,-1.8],[-44.6,-1.9],[-44.6,-1.8],[-44.5,-1.8],[-44.5,-1.9],[-44.6,-1.9],[-44.5,-1.9],[-44.5,-2],[-44.6,-2],[-44.5,-2],[-44.5,-2.1],[-44.6,-2.1],[-44.6,-2.2],[-44.6,-2.1],[-44.6,-2.2],[-44.7,-2.2],[-44.7,-2.3],[-44.8,-2.3],[-44.7,-2.3],[-44.7,-2.4],[-44.6,-2.4],[-44.7,-2.4],[-44.7,-2.3],[-44.6,-2.3],[-44.6,-2.2],[-44.5,-2.2],[-44.5,-2.1],[-44.4,-2.2],[-44.4,-2.3],[-44.4,-2.4],[-44.5,-2.4],[-44.6,-2.4],[-44.5,-2.4],[-44.5,-2.5],[-44.6,-2.5],[-44.6,-2.6],[-44.7,-2.6],[-44.6,-2.6],[-44.6,-2.5],[-44.5,-2.5],[-44.5,-2.6],[-44.6,-2.6],[-44.6,-2.7],[-44.6,-2.8],[-44.7,-2.9],[-44.7,-3],[-44.6,-3],[-44.6,-3.1],[-44.7,-3.1],[-44.7,-3.2],[-44.8,-3.2],[-44.8,-3.3],[-44.8,-3.2],[-44.7,-3.2],[-44.6,-3.2],[-44.6,-3.1],[-44.5,-3],[-44.4,-3],[-44.4,-2.9],[-44.4,-2.8],[-44.4,-2.7],[-44.4,-2.6],[-44.4,-2.7],[-44.4,-2.5],[-44.3,-2.5],[-44.3,-2.6],[-44.3,-2.5],[-44.2,-2.5],[-44.1,-2.4],[-44,-2.4],[-44.1,-2.4],[-44.1,-2.5],[-44,-2.5],[-44,-2.6],[-44.1,-2.6],[-44.1,-2.7],[-44.2,-2.7],[-44.3,-2.7],[-44.3,-2.8],[-44.2,-2.8],[-44.2,-2.9],[-44.2,-2.8],[-44.2,-2.9],[-44.2,-2.8],[-44.1,-2.8],[-44.1,-2.7],[-44.1,-2.8],[-44.1,-2.7],[-44,-2.7],[-44,-2.6],[-43.9,-2.6],[-44,-2.6],[-43.9,-2.6],[-43.9,-2.5],[-43.9,-2.6],[-43.8,-2.6],[-43.8,-2.5],[-43.7,-2.5],[-43.7,-2.6],[-43.7,-2.5],[-43.6,-2.5],[-43.7,-2.5],[-43.6,-2.5],[-43.5,-2.5],[-43.6,-2.5],[-43.5,-2.5],[-43.6,-2.5],[-43.5,-2.4],[-43.5,-2.5],[-43.5,-2.6],[-43.4,-2.5],[-43.5,-2.5],[-43.4,-2.5],[-43.5,-2.5],[-43.5,-2.4],[-43.4,-2.5],[-43.4,-2.4],[-43.5,-2.4],[-43.5,-2.3],[-43.4,-2.3],[-43.3,-2.3],[-43.3,-2.4],[-43.2,-2.4],[-43.1,-2.4],[-43,-2.5],[-42.9,-2.5],[-42.8,-2.5],[-42.8,-2.6],[-42.7,-2.6],[-42.6,-2.6],[-42.6,-2.7],[-42.5,-2.7],[-42.5,-2.8],[-42.4,-2.7],[-42.4,-2.8],[-42.3,-2.8],[-42.2,-2.8],[-42.1,-2.8],[-42,-2.8],[-41.9,-2.8],[-42,-2.8],[-42,-2.7],[-41.9,-2.7],[-41.8,-2.7],[-41.8,-2.8],[-41.8,-2.7],[-41.8,-2.8],[-41.7,-2.8],[-41.7,-2.9],[-41.6,-2.9],[-41.5,-2.9],[-41.4,-2.9],[-41.5,-2.9],[-41.4,-2.9],[-41.5,-2.9],[-41.4,-2.9],[-41.3,-2.9],[-41.3,-3],[-41.2,-3],[-41.3,-2.9],[-41.2,-2.9],[-41.1,-2.9],[-40.9,-2.9],[-40.8,-2.9],[-40.8,-2.8],[-40.6,-2.8],[-40.5,-2.8],[-40.4,-2.8],[-40.3,-2.8],[-40.2,-2.8],[-40.1,-2.8],[-40,-2.8],[-39.9,-2.9],[-39.8,-3],[-39.7,-3],[-39.6,-3],[-39.6,-3.1],[-39.5,-3.1],[-39.4,-3.2],[-39.3,-3.2],[-39.3,-3.3],[-39.2,-3.3],[-39.1,-3.3],[-39.1,-3.4],[-39,-3.4],[-38.9,-3.4],[-38.9,-3.5],[-38.8,-3.5],[-38.8,-3.6],[-38.7,-3.6],[-38.7,-3.7],[-38.6,-3.7],[-38.5,-3.7],[-38.4,-3.8],[-38.4,-3.9],[-38.3,-3.9],[-38.3,-4],[-38.2,-4.1],[-38.1,-4.2],[-38,-4.2],[-37.9,-4.3],[-37.9,-4.4],[-37.8,-4.4],[-37.7,-4.5],[-37.6,-4.6],[-37.5,-4.6],[-37.4,-4.7],[-37.3,-4.7],[-37.2,-4.8],[-37.2,-4.9],[-37.1,-4.9],[-37,-4.9],[-36.9,-4.9],[-36.8,-5],[-36.8,-5.1],[-36.7,-5.1],[-36.6,-5.1],[-36.5,-5.1],[-36.6,-5.1],[-36.5,-5.1],[-36.4,-5.1],[-36.3,-5.1],[-36.1,-5.1],[-36,-5.1],[-36,-5],[-35.9,-5.1],[-35.8,-5.1],[-35.7,-5.1],[-35.6,-5.1],[-35.5,-5.1],[-35.5,-5.2],[-35.4,-5.2],[-35.4,-5.3],[-35.3,-5.4],[-35.3,-5.5],[-35.2,-5.5],[-35.2,-5.6],[-35.2,-5.7],[-35.2,-5.8],[-35.2,-5.9],[-35.1,-5.9],[-35.1,-6],[-35.1,-6.1],[-35.1,-6.2],[-35.2,-6.2],[-35.1,-6.2],[-35,-6.2],[-35,-6.3],[-35,-6.4],[-35,-6.5],[-35,-6.6],[-35,-6.7],[-34.9,-6.7],[-34.9,-6.8],[-34.9,-6.9],[-34.9,-7],[-34.9,-7.1],[-34.8,-7],[-34.8,-7.1],[-34.8,-7.2],[-34.8,-7.4],[-34.8,-7.5],[-34.9,-7.5],[-34.9,-7.6],[-34.8,-7.6],[-34.8,-7.7],[-34.8,-7.6],[-34.8,-7.7],[-34.9,-7.6],[-34.9,-7.7],[-34.9,-7.8],[-34.8,-7.8],[-34.8,-7.9],[-34.8,-8],[-34.8,-8.1],[-34.9,-8.1],[-34.9,-8],[-34.9,-8.1],[-34.9,-8.2],[-34.9,-8.3],[-34.9,-8.4],[-35,-8.4],[-35,-8.6],[-35.1,-8.7],[-35.1,-8.8],[-35.1,-8.9],[-35.2,-9],[-35.3,-9.1],[-35.3,-9.2],[-35.4,-9.3],[-35.5,-9.3],[-35.5,-9.4],[-35.6,-9.5],[-35.6,-9.6],[-35.7,-9.6],[-35.7,-9.7],[-35.8,-9.7],[-35.7,-9.7],[-35.7,-9.6],[-35.8,-9.6],[-35.8,-9.7],[-35.9,-9.7],[-35.9,-9.6],[-36,-9.6],[-35.9,-9.6],[-35.9,-9.7],[-35.9,-9.8],[-35.9,-9.7],[-35.8,-9.7],[-35.9,-9.8],[-35.9,-9.9],[-36,-10],[-36,-10.1],[-36.1,-10.1],[-36.1,-10.2],[-36.3,-10.2],[-36.3,-10.3],[-36.3,-10.4],[-36.4,-10.5],[-36.5,-10.5],[-36.6,-10.6],[-36.8,-10.7],[-36.9,-10.8],[-37,-10.8],[-37,-10.9],[-37,-11],[-37.1,-11],[-37.1,-11.1],[-37.2,-11.1],[-37.2,-11],[-37.3,-11],[-37.3,-11.1],[-37.2,-11.1],[-37.2,-11.2],[-37.1,-11.2],[-37.2,-11.2],[-37.2,-11.3],[-37.3,-11.3],[-37.3,-11.4],[-37.4,-11.4],[-37.4,-11.3],[-37.3,-11.3],[-37.3,-11.2],[-37.3,-11.3],[-37.3,-11.2],[-37.3,-11.3],[-37.4,-11.3],[-37.4,-11.4],[-37.5,-11.4],[-37.4,-11.4],[-37.4,-11.5],[-37.5,-11.5],[-37.4,-11.5],[-37.4,-11.6],[-37.5,-11.7],[-37.5,-11.8],[-37.6,-11.9],[-37.6,-12],[-37.7,-12],[-37.7,-12.1],[-37.8,-12.3],[-37.9,-12.4],[-37.9,-12.5],[-38,-12.6],[-38.1,-12.6],[-38.1,-12.7],[-38.2,-12.8],[-38.3,-12.9],[-38.3,-13],[-38.4,-13],[-38.5,-13],[-38.5,-12.9],[-38.5,-12.8],[-38.5,-12.7],[-38.6,-12.7],[-38.6,-12.6],[-38.7,-12.6],[-38.7,-12.7],[-38.8,-12.7],[-38.7,-12.7],[-38.8,-12.8],[-38.9,-12.8],[-38.9,-12.7],[-38.8,-12.7],[-38.9,-12.7],[-38.9,-12.8],[-38.9,-12.9],[-38.8,-12.9],[-38.8,-12.8],[-38.8,-12.9],[-38.7,-12.9],[-38.8,-12.9],[-38.8,-13],[-38.8,-13.1],[-38.9,-13.1],[-38.8,-13.1],[-38.8,-13.2],[-38.9,-13.2],[-39,-13.3],[-39,-13.4],[-39,-13.3],[-39.1,-13.4],[-39.1,-13.5],[-39.1,-13.6],[-39.1,-13.5],[-39,-13.5],[-39,-13.6],[-39,-13.7],[-39,-13.8],[-39.1,-13.8],[-39.1,-13.7],[-39.1,-13.8],[-39,-13.8],[-39,-13.9],[-39.1,-13.9],[-39,-13.9],[-39,-14],[-39,-14.1],[-39.1,-14.1],[-39.1,-14.2],[-39,-14.2],[-39.1,-14.1],[-39,-14.1],[-39,-14],[-39,-13.9],[-38.9,-13.9],[-38.9,-14],[-38.9,-14.1],[-39,-14.1],[-39,-14.2],[-39,-14.3],[-39,-14.4],[-39,-14.5],[-39.1,-14.6],[-39.1,-14.7],[-39.1,-14.8],[-39,-14.8],[-39.1,-14.8],[-39,-14.8],[-39,-14.9],[-39,-15],[-39,-15.2],[-39,-15.3],[-39,-15.4],[-38.9,-15.6],[-38.9,-15.7],[-38.9,-15.8],[-38.9,-15.9],[-38.9,-16],[-38.9,-16.1],[-39,-16.2],[-39,-16.3],[-39,-16.4],[-39.1,-16.4],[-39,-16.4],[-39.1,-16.5],[-39.1,-16.7],[-39.1,-16.8],[-39.1,-16.9],[-39.1,-17],[-39.2,-17.1],[-39.2,-17.2],[-39.2,-17.3],[-39.2,-17.4],[-39.2,-17.5],[-39.2,-17.6],[-39.1,-17.7],[-39.3,-17.8],[-39.3,-17.9],[-39.4,-17.9],[-39.5,-17.9],[-39.5,-18],[-39.6,-18.2],[-39.7,-18.3],[-39.7,-18.5],[-39.7,-18.7],[-39.7,-18.9],[-39.7,-19.1],[-39.7,-19.2],[-39.7,-19.4],[-39.8,-19.6],[-39.8,-19.7],[-40,-19.7],[-40,-19.8],[-40.1,-19.9],[-40.2,-20],[-40.1,-20],[-40.2,-20],[-40.2,-20.1],[-40.2,-20.2],[-40.2,-20.3],[-40.3,-20.3],[-40.3,-20.2],[-40.4,-20.2],[-40.4,-20.3],[-40.3,-20.3],[-40.3,-20.4],[-40.3,-20.5],[-40.4,-20.6],[-40.5,-20.6],[-40.5,-20.7],[-40.6,-20.7],[-40.6,-20.8],[-40.7,-20.8],[-40.7,-20.9],[-40.8,-20.9],[-40.8,-21],[-40.8,-21.1],[-40.9,-21.2],[-41,-21.2],[-41,-21.3],[-41,-21.4],[-41,-21.5],[-41.1,-21.5],[-41.1,-21.6],[-41,-21.6],[-41,-21.7],[-41,-21.8],[-41,-21.9],[-41,-22],[-41.1,-22.1],[-41.2,-22.1],[-41.3,-22.2],[-41.5,-22.2],[-41.6,-22.2],[-41.7,-22.3],[-41.8,-22.4],[-41.9,-22.5],[-42,-22.5],[-42,-22.6],[-42,-22.7],[-41.9,-22.8],[-41.9,-22.7],[-41.9,-22.8],[-42,-22.8],[-42,-22.9],[-42,-23],[-42.1,-23],[-42.2,-23],[-42.4,-22.9],[-42.5,-22.9],[-42.6,-22.9],[-42.7,-22.9],[-42.7,-23],[-42.8,-23],[-42.9,-23],[-43,-23],[-43.1,-23],[-43.1,-22.9],[-43.1,-23],[-43.1,-22.9],[-43.1,-22.8],[-43,-22.8],[-43.1,-22.8],[-43,-22.7],[-43.1,-22.7],[-43.2,-22.7],[-43.3,-22.7],[-43.3,-22.8],[-43.2,-22.8],[-43.2,-22.9],[-43.2,-23],[-43.4,-23],[-43.5,-23],[-43.5,-23.1],[-43.6,-23.1],[-43.6,-23],[-43.9,-23.1],[-44,-23.1],[-44,-23],[-43.9,-23],[-43.9,-23.1],[-43.9,-23],[-43.8,-23],[-43.7,-23],[-43.6,-23],[-43.7,-23],[-43.7,-22.9],[-43.8,-22.9],[-43.9,-22.9],[-44,-22.9],[-44,-23],[-44,-22.9],[-44.1,-22.9],[-44.1,-23],[-44.2,-23],[-44.3,-23],[-44.4,-23],[-44.3,-23],[-44.3,-22.9],[-44.4,-22.9],[-44.4,-23],[-44.4,-22.9],[-44.4,-23],[-44.5,-23],[-44.6,-23.1],[-44.6,-23],[-44.7,-23],[-44.7,-23.1],[-44.7,-23.2],[-44.6,-23.2],[-44.7,-23.2],[-44.6,-23.2],[-44.6,-23.3],[-44.7,-23.3],[-44.6,-23.3],[-44.6,-23.2],[-44.6,-23.3],[-44.5,-23.3],[-44.6,-23.3],[-44.6,-23.4],[-44.6,-23.3],[-44.7,-23.3],[-44.7,-23.4],[-44.8,-23.4],[-44.9,-23.4],[-44.9,-23.3],[-45,-23.4],[-45.1,-23.4],[-45,-23.4],[-45,-23.5],[-45.1,-23.5],[-45.2,-23.5],[-45.1,-23.5],[-45.2,-23.5],[-45.2,-23.6],[-45.3,-23.6],[-45.4,-23.6],[-45.4,-23.7],[-45.4,-23.8],[-45.5,-23.8],[-45.6,-23.8],[-45.7,-23.8],[-45.8,-23.8],[-45.9,-23.8],[-46,-23.8],[-46.1,-23.8],[-46.1,-23.9],[-46.1,-23.8],[-46.2,-23.9],[-46.1,-23.9],[-46.2,-23.9],[-46.2,-24],[-46.3,-24],[-46.3,-23.9],[-46.4,-23.9],[-46.5,-23.9],[-46.4,-23.9],[-46.4,-24],[-46.5,-24],[-46.6,-24.1],[-46.7,-24.2],[-46.9,-24.2],[-46.9,-24.3],[-47,-24.3],[-47,-24.4],[-47.1,-24.4],[-47.1,-24.5],[-47.2,-24.5],[-47.4,-24.7],[-47.5,-24.7],[-47.6,-24.7],[-47.6,-24.8],[-47.8,-24.9],[-47.9,-24.9],[-47.9,-25],[-48,-25],[-48.1,-25],[-48.1,-25.1],[-48,-25.1],[-47.9,-25.1],[-47.9,-25.2],[-48,-25.2],[-48.1,-25.3],[-48.2,-25.4],[-48.2,-25.5],[-48.2,-25.4],[-48.3,-25.4],[-48.2,-25.4],[-48.2,-25.3],[-48.1,-25.3],[-48.2,-25.3],[-48.3,-25.3],[-48.3,-25.4],[-48.3,-25.3],[-48.3,-25.2],[-48.4,-25.3],[-48.4,-25.2],[-48.4,-25.3],[-48.5,-25.3],[-48.5,-25.2],[-48.5,-25.3],[-48.4,-25.3],[-48.5,-25.3],[-48.4,-25.3],[-48.4,-25.4],[-48.5,-25.4],[-48.4,-25.4],[-48.5,-25.4],[-48.5,-25.5],[-48.5,-25.4],[-48.5,-25.5],[-48.6,-25.4],[-48.6,-25.5],[-48.6,-25.4],[-48.7,-25.4],[-48.7,-25.5],[-48.6,-25.5],[-48.7,-25.5],[-48.6,-25.5],[-48.5,-25.5],[-48.5,-25.6],[-48.4,-25.6],[-48.4,-25.5],[-48.4,-25.6],[-48.5,-25.8],[-48.6,-25.8],[-48.6,-25.9],[-48.7,-25.8],[-48.7,-25.9],[-48.8,-25.9],[-48.7,-25.9],[-48.6,-25.9],[-48.6,-26],[-48.6,-26.1],[-48.6,-26.2],[-48.7,-26.2],[-48.8,-26.2],[-48.8,-26.1],[-48.8,-26.2],[-48.8,-26.3],[-48.7,-26.3],[-48.7,-26.4],[-48.6,-26.4],[-48.6,-26.5],[-48.7,-26.6],[-48.7,-26.7],[-48.6,-26.8],[-48.6,-26.9],[-48.6,-27],[-48.6,-27.1],[-48.6,-27.2],[-48.5,-27.2],[-48.5,-27.1],[-48.5,-27.2],[-48.6,-27.2],[-48.6,-27.3],[-48.6,-27.4],[-48.6,-27.5],[-48.6,-27.6],[-48.6,-27.7],[-48.6,-27.8],[-48.6,-27.9],[-48.6,-28],[-48.6,-28.1],[-48.7,-28.2],[-48.6,-28.2],[-48.7,-28.2],[-48.7,-28.3],[-48.7,-28.4],[-48.8,-28.4],[-48.8,-28.5],[-48.8,-28.4],[-48.8,-28.3],[-48.9,-28.3],[-48.9,-28.4],[-48.8,-28.4],[-48.8,-28.5],[-48.9,-28.5],[-48.8,-28.5],[-48.7,-28.5],[-48.8,-28.5],[-48.8,-28.6],[-48.9,-28.6],[-49,-28.7],[-49.1,-28.7],[-49.3,-28.9],[-49.6,-29.1],[-49.7,-29.3],[-49.8,-29.4],[-49.9,-29.5],[-49.9,-29.6],[-50,-29.8],[-50.2,-30.2],[-50.3,-30.3],[-50.3,-30.5],[-50.6,-30.9],[-50.7,-31],[-50.8,-31.1],[-50.9,-31.2],[-51,-31.4],[-51.2,-31.5],[-51.3,-31.6],[-51.6,-31.8],[-51.9,-31.9],[-51.9,-32],[-52,-32.1],[-52.1,-32.2],[-52.1,-32.1],[-52,-32.1],[-52,-32],[-52.1,-32],[-52,-32],[-52,-31.9],[-52.1,-31.9],[-52.1,-31.8],[-52,-31.8],[-51.9,-31.9],[-51.8,-31.9],[-51.8,-31.8],[-51.7,-31.8],[-51.6,-31.7],[-51.5,-31.6],[-51.4,-31.6],[-51.5,-31.6],[-51.5,-31.5],[-51.4,-31.5],[-51.3,-31.5],[-51.2,-31.5],[-51.2,-31.4],[-51.2,-31.3],[-51.2,-31.2],[-51.2,-31.1],[-51.1,-31.1],[-51,-31.1],[-50.9,-31.1],[-51,-31.1],[-51,-31],[-51,-30.9],[-50.9,-30.9],[-50.8,-30.8],[-50.7,-30.8],[-50.7,-30.7],[-50.7,-30.6],[-50.7,-30.5],[-50.7,-30.4],[-50.6,-30.4],[-50.7,-30.4],[-50.6,-30.4],[-50.6,-30.5],[-50.6,-30.4],[-50.5,-30.3],[-50.6,-30.2],[-50.7,-30.2],[-50.7,-30.3],[-50.8,-30.3],[-50.9,-30.3],[-50.9,-30.4],[-51,-30.4],[-51,-30.3],[-51.1,-30.3],[-51.1,-30.2],[-51.1,-30.3],[-51.1,-30.2],[-51.2,-30.2],[-51.2,-30.1],[-51.3,-30.1],[-51.2,-30.1],[-51.2,-30],[-51.3,-30],[-51.3,-30.1],[-51.3,-30.2],[-51.3,-30.3],[-51.2,-30.3],[-51.2,-30.4],[-51.1,-30.3],[-51.1,-30.4],[-51.2,-30.4],[-51.3,-30.5],[-51.3,-30.6],[-51.3,-30.7],[-51.3,-30.8],[-51.3,-30.7],[-51.3,-30.6],[-51.4,-30.6],[-51.4,-30.7],[-51.4,-30.8],[-51.4,-30.9],[-51.5,-30.9],[-51.5,-31],[-51.5,-31.1],[-51.4,-31.1],[-51.6,-31.1],[-51.6,-31.2],[-51.7,-31.2],[-51.6,-31.2],[-51.6,-31.3],[-51.7,-31.3],[-51.8,-31.3],[-51.9,-31.3],[-52,-31.3],[-52,-31.4],[-51.9,-31.4],[-52,-31.4],[-52,-31.5],[-52,-31.6],[-52.1,-31.6],[-52,-31.6],[-52.1,-31.7],[-52.2,-31.7],[-52.2,-31.8],[-52.2,-31.9],[-52.1,-31.9],[-52.2,-31.9],[-52.2,-32],[-52.3,-32],[-52.3,-32.1],[-52.2,-32.1],[-52.1,-32.1],[-52.1,-32],[-52.1,-32.1],[-52.2,-32.1],[-52.1,-32.1],[-52.1,-32.2],[-52.2,-32.3],[-52.3,-32.3],[-52.4,-32.5],[-52.4,-32.7],[-52.5,-32.8],[-52.6,-33.1],[-52.7,-33.2],[-52.8,-33.3],[-52.9,-33.4],[-53.1,-33.5],[-53.2,-33.6],[-53.3,-33.7],[-53.4,-33.7],[-53.5,-33.7],[-53.5,-33.6],[-53.5,-33.4],[-53.5,-33.2],[-53.5,-33.1],[-53.4,-33],[-53.3,-33],[-53.3,-32.9],[-53.2,-32.8],[-53.1,-32.8],[-53.1,-32.7],[-53.2,-32.6],[-53.3,-32.6],[-53.4,-32.6],[-53.5,-32.5],[-53.6,-32.4],[-53.6,-32.3],[-53.7,-32.3],[-53.7,-32.2],[-53.8,-32.1],[-53.8,-32],[-53.9,-32],[-53.9,-31.9],[-54,-31.9],[-54.1,-31.9],[-54.2,-31.9],[-54.3,-31.8],[-54.4,-31.7],[-54.5,-31.7],[-54.5,-31.6],[-54.6,-31.5],[-54.7,-31.5],[-54.8,-31.4],[-54.9,-31.4],[-55,-31.3],[-55.1,-31.3],[-55.2,-31.3],[-55.2,-31.2],[-55.3,-31.2],[-55.3,-31.1],[-55.4,-31.1],[-55.4,-31],[-55.5,-30.9],[-55.6,-30.9],[-55.6,-30.8],[-55.6,-30.9],[-55.7,-30.9],[-55.7,-31],[-55.8,-31],[-55.8,-31.1],[-55.9,-31.1],[-56,-31.1],[-56,-31],[-56,-30.9],[-56,-30.8],[-56.1,-30.8],[-56.1,-30.7],[-56.2,-30.7],[-56.2,-30.6],[-56.3,-30.6],[-56.3,-30.5],[-56.4,-30.5],[-56.4,-30.4],[-56.5,-30.4],[-56.6,-30.3],[-56.6,-30.2],[-56.7,-30.2],[-56.8,-30.2],[-56.8,-30.1],[-56.9,-30.1],[-57,-30.1],[-57.1,-30.1],[-57.2,-30.2],[-57.2,-30.3],[-57.3,-30.3],[-57.4,-30.3],[-57.5,-30.3],[-57.6,-30.3],[-57.6,-30.2]]],[[[-48.5,-0.6],[-48.5,-0.7],[-48.6,-0.7],[-48.5,-0.7],[-48.5,-0.8],[-48.5,-0.9],[-48.6,-0.9],[-48.6,-1],[-48.7,-1],[-48.6,-1],[-48.7,-1],[-48.7,-1.1],[-48.6,-1],[-48.6,-1.1],[-48.7,-1.1],[-48.8,-1.2],[-48.9,-1.2],[-48.9,-1.1],[-48.9,-1.2],[-48.8,-1.2],[-48.9,-1.2],[-48.9,-1.3],[-48.8,-1.3],[-48.8,-1.4],[-48.9,-1.4],[-48.9,-1.3],[-49,-1.3],[-48.9,-1.3],[-49,-1.3],[-49,-1.4],[-48.9,-1.3],[-48.9,-1.4],[-48.8,-1.4],[-48.9,-1.5],[-49,-1.5],[-49.1,-1.5],[-49.1,-1.4],[-49.2,-1.4],[-49.2,-1.5],[-49.2,-1.6],[-49.3,-1.6],[-49.4,-1.6],[-49.4,-1.5],[-49.4,-1.6],[-49.5,-1.6],[-49.5,-1.5],[-49.5,-1.6],[-49.6,-1.6],[-49.6,-1.7],[-49.5,-1.7],[-49.6,-1.7],[-49.5,-1.7],[-49.6,-1.7],[-49.7,-1.8],[-49.7,-1.7],[-49.8,-1.6],[-49.7,-1.6],[-49.8,-1.6],[-49.8,-1.7],[-49.7,-1.7],[-49.7,-1.8],[-49.8,-1.8],[-49.9,-1.8],[-50,-1.7],[-50.1,-1.7],[-50.2,-1.8],[-50.2,-1.7],[-50.2,-1.6],[-50.3,-1.6],[-50.2,-1.6],[-50.3,-1.5],[-50.3,-1.6],[-50.2,-1.6],[-50.2,-1.7],[-50.3,-1.7],[-50.3,-1.8],[-50.4,-1.8],[-50.3,-1.8],[-50.4,-1.8],[-50.6,-1.8],[-50.6,-1.7],[-50.7,-1.5],[-50.8,-1.5],[-50.8,-1.4],[-50.8,-1.3],[-50.8,-1.2],[-50.8,-1.1],[-50.7,-1.1],[-50.6,-1.2],[-50.6,-1.1],[-50.5,-1.1],[-50.6,-1.1],[-50.5,-1.1],[-50.5,-1],[-50.6,-1.1],[-50.7,-1.1],[-50.8,-1.1],[-50.8,-1],[-50.8,-0.9],[-50.8,-0.8],[-50.7,-0.8],[-50.8,-0.8],[-50.8,-0.7],[-50.7,-0.6],[-50.6,-0.7],[-50.5,-0.7],[-50.6,-0.7],[-50.6,-0.6],[-50.7,-0.6],[-50.7,-0.5],[-50.7,-0.4],[-50.7,-0.3],[-50.6,-0.3],[-50.6,-0.2],[-50.5,-0.2],[-50.4,-0.2],[-50.4,-0.1],[-50.3,-0.1],[-50.1,-0.1],[-50,-0.2],[-49.8,-0.2],[-49.7,-0.2],[-49.5,-0.2],[-49.4,-0.2],[-49.4,-0.3],[-49.4,-0.2],[-49.3,-0.2],[-49.3,-0.1],[-49.2,-0.1],[-49.2,-0.2],[-49.1,-0.2],[-49,-0.2],[-48.9,-0.2],[-48.8,-0.2],[-48.7,-0.2],[-48.6,-0.2],[-48.5,-0.2],[-48.4,-0.3],[-48.4,-0.4],[-48.5,-0.5],[-48.5,-0.6]]],[[[-51.2,-0.6],[-51.1,-0.7],[-51.2,-0.7],[-51.2,-0.8],[-51.3,-1],[-51.4,-1.2],[-51.6,-1.3],[-51.7,-1.3],[-51.7,-1.4],[-51.8,-1.4],[-51.8,-1.5],[-51.9,-1.5],[-52,-1.4],[-51.9,-1.4],[-51.9,-1.3],[-51.9,-1.2],[-51.8,-1.2],[-51.8,-1.1],[-51.7,-1.1],[-51.7,-1],[-51.7,-0.9],[-51.7,-0.8],[-51.6,-0.8],[-51.6,-0.7],[-51.5,-0.6],[-51.4,-0.6],[-51.4,-0.5],[-51.3,-0.5],[-51.4,-0.5],[-51.4,-0.6],[-51.4,-0.7],[-51.4,-0.6],[-51.3,-0.6],[-51.4,-0.6],[-51.3,-0.6],[-51.3,-0.5],[-51.2,-0.5],[-51.2,-0.6]]],[[[-50,0.3],[-49.9,0.3],[-49.8,0.3],[-49.7,0.4],[-49.6,0.4],[-49.5,0.4],[-49.5,0.3],[-49.6,0.3],[-49.6,0.2],[-49.7,0.2],[-49.8,0.1],[-49.8,0],[-49.9,0],[-50,0],[-50,-0.1],[-50,0],[-50.1,0],[-50.2,0],[-50.3,0],[-50.4,0.1],[-50.3,0.1],[-50.4,0.1],[-50.4,0.2],[-50.3,0.2],[-50.2,0.2],[-50.1,0.2],[-50.1,0.3],[-50,0.3]]],[[[-51,-0.3],[-51,-0.2],[-51,-0.1],[-51,0],[-50.9,0],[-50.8,0],[-50.7,0],[-50.6,0],[-50.6,-0.1],[-50.7,-0.2],[-50.8,-0.2],[-50.8,-0.3],[-50.9,-0.3],[-51,-0.3]]],[[[-49.8,-0.1],[-49.8,0],[-49.7,0],[-49.6,0.1],[-49.5,0.1],[-49.4,0.1],[-49.4,0],[-49.3,0],[-49.4,0],[-49.4,-0.1],[-49.5,-0.1],[-49.7,-0.1],[-49.8,-0.1]]]]}},{"type":"Feature","properties":{"name":"Uruguay","iso":"UY"},"geometry":{"type":"Polygon","coordinates":[[[-57.6,-30.2],[-57.6,-30.3],[-57.5,-30.3],[-57.4,-30.3],[-57.3,-30.3],[-57.2,-30.3],[-57.2,-30.2],[-57.1,-30.1],[-57,-30.1],[-56.9,-30.1],[-56.8,-30.1],[-56.8,-30.2],[-56.7,-30.2],[-56.6,-30.2],[-56.6,-30.3],[-56.5,-30.4],[-56.4,-30.4],[-56.4,-30.5],[-56.3,-30.5],[-56.3,-30.6],[-56.2,-30.6],[-56.2,-30.7],[-56.1,-30.7],[-56.1,-30.8],[-56,-30.8],[-56,-30.9],[-56,-31],[-56,-31.1],[-55.9,-31.1],[-55.8,-31.1],[-55.8,-31],[-55.7,-31],[-55.7,-30.9],[-55.6,-30.9],[-55.6,-30.8],[-55.6,-30.9],[-55.5,-30.9],[-55.4,-31],[-55.4,-31.1],[-55.3,-31.1],[-55.3,-31.2],[-55.2,-31.2],[-55.2,-31.3],[-55.1,-31.3],[-55,-31.3],[-54.9,-31.4],[-54.8,-31.4],[-54.7,-31.5],[-54.6,-31.5],[-54.5,-31.6],[-54.5,-31.7],[-54.4,-31.7],[-54.3,-31.8],[-54.2,-31.9],[-54.1,-31.9],[-54,-31.9],[-53.9,-31.9],[-53.9,-32],[-53.8,-32],[-53.8,-32.1],[-53.7,-32.2],[-53.7,-32.3],[-53.6,-32.3],[-53.6,-32.4],[-53.5,-32.5],[-53.4,-32.6],[-53.3,-32.6],[-53.2,-32.6],[-53.1,-32.7],[-53.1,-32.8],[-53.2,-32.8],[-53.3,-32.9],[-53.3,-33],[-53.4,-33],[-53.5,-33.1],[-53.5,-33.2],[-53.5,-33.4],[-53.5,-33.6],[-53.5,-33.7],[-53.4,-33.7],[-53.4,-33.8],[-53.5,-33.8],[-53.5,-33.9],[-53.5,-34],[-53.5,-34.1],[-53.6,-34.1],[-53.7,-34.2],[-53.7,-34.3],[-53.8,-34.3],[-53.8,-34.4],[-53.9,-34.4],[-54,-34.5],[-54.1,-34.6],[-54.1,-34.7],[-54.2,-34.7],[-54.3,-34.7],[-54.2,-34.7],[-54.2,-34.6],[-54.3,-34.6],[-54.2,-34.6],[-54.3,-34.6],[-54.3,-34.7],[-54.3,-34.6],[-54.3,-34.7],[-54.5,-34.8],[-54.6,-34.8],[-54.7,-34.9],[-54.9,-34.9],[-54.9,-35],[-55,-35],[-55,-34.9],[-55.1,-34.9],[-55.2,-34.9],[-55.3,-34.9],[-55.3,-34.8],[-55.4,-34.8],[-55.5,-34.8],[-55.6,-34.8],[-55.7,-34.8],[-55.8,-34.8],[-55.9,-34.8],[-56,-34.8],[-56,-34.9],[-56.1,-34.9],[-56.2,-34.9],[-56.3,-34.9],[-56.4,-34.9],[-56.4,-34.8],[-56.5,-34.8],[-56.6,-34.8],[-56.6,-34.7],[-56.7,-34.7],[-56.8,-34.7],[-56.9,-34.7],[-56.9,-34.6],[-57,-34.6],[-57,-34.5],[-57.1,-34.5],[-57.2,-34.5],[-57.2,-34.4],[-57.3,-34.4],[-57.4,-34.4],[-57.5,-34.4],[-57.5,-34.5],[-57.6,-34.4],[-57.7,-34.4],[-57.7,-34.5],[-57.8,-34.5],[-57.9,-34.5],[-57.8,-34.5],[-57.9,-34.4],[-57.9,-34.3],[-58,-34.3],[-58,-34.2],[-58.1,-34.2],[-58.2,-34.2],[-58.2,-34.1],[-58.3,-34],[-58.4,-34],[-58.4,-33.9],[-58.4,-33.8],[-58.4,-33.7],[-58.4,-33.6],[-58.4,-33.5],[-58.4,-33.4],[-58.4,-33.3],[-58.3,-33.3],[-58.4,-33.2],[-58.4,-33.1],[-58.3,-33.1],[-58.2,-33.1],[-58.1,-33.1],[-58.1,-33],[-58,-32.9],[-58.1,-32.9],[-58.1,-32.8],[-58.1,-32.7],[-58.1,-32.6],[-58.2,-32.6],[-58.2,-32.5],[-58.2,-32.4],[-58.1,-32.3],[-58.2,-32.2],[-58.2,-32.1],[-58.1,-32.1],[-58.1,-32],[-58.2,-31.9],[-58.2,-31.8],[-58.1,-31.8],[-58,-31.8],[-58,-31.6],[-58,-31.5],[-58.1,-31.5],[-58.1,-31.4],[-58,-31.4],[-58,-31.3],[-57.9,-31.3],[-57.9,-31.2],[-57.9,-31.1],[-57.9,-31],[-57.9,-30.9],[-57.8,-30.9],[-57.8,-30.8],[-57.8,-30.7],[-57.8,-30.6],[-57.9,-30.6],[-57.9,-30.5],[-57.8,-30.5],[-57.7,-30.3],[-57.6,-30.3],[-57.6,-30.2]]]}},{"type":"Feature","properties":{"name":"Russia","iso":"RU"},"geometry":{"type":"MultiPolygon","coordinates":[[[[87.8,49.2],[87.7,49.2],[87.5,49.1],[87.4,49.1],[87.3,49.1],[87.3,49.2],[87.2,49.2],[87.1,49.2],[87,49.2],[87,49.3],[86.9,49.3],[86.9,49.4],[86.8,49.4],[86.8,49.5],[86.7,49.6],[86.7,49.5],[86.6,49.5],[86.6,49.6],[86.6,49.7],[86.7,49.7],[86.8,49.7],[86.7,49.7],[86.8,49.8],[86.7,49.8],[86.6,49.8],[86.6,49.7],[86.5,49.7],[86.4,49.6],[86.3,49.6],[86.2,49.6],[86.2,49.5],[86.1,49.5],[86,49.5],[85.9,49.5],[85.9,49.6],[85.8,49.5],[85.8,49.6],[85.7,49.6],[85.6,49.6],[85.5,49.6],[85.4,49.6],[85.3,49.6],[85.2,49.6],[85.2,49.7],[85.1,49.8],[85.1,49.9],[85,49.9],[85,50],[85,50.1],[84.9,50.1],[84.8,50.1],[84.7,50.1],[84.7,50.2],[84.6,50.2],[84.5,50.2],[84.4,50.2],[84.3,50.2],[84.3,50.3],[84.2,50.3],[84.2,50.4],[84.2,50.5],[84.2,50.6],[84.1,50.6],[84,50.7],[83.9,50.7],[84,50.8],[83.9,50.8],[83.8,50.9],[83.7,50.9],[83.6,50.9],[83.5,50.9],[83.5,51],[83.4,51],[83.3,51],[83.2,51],[83.1,51],[83.1,50.9],[83,50.9],[82.8,50.9],[82.7,50.9],[82.7,50.8],[82.6,50.8],[82.5,50.7],[82.4,50.7],[82.3,50.8],[82.3,50.7],[82.2,50.7],[82.1,50.7],[82,50.8],[81.9,50.8],[81.8,50.8],[81.7,50.8],[81.7,50.7],[81.5,50.7],[81.4,50.7],[81.4,50.8],[81.5,50.8],[81.4,50.9],[81.4,51],[81.3,51],[81.2,50.9],[81.1,50.9],[81.1,51],[81.1,51.1],[81.2,51.2],[81.1,51.2],[81,51.2],[80.9,51.2],[80.9,51.3],[80.8,51.3],[80.7,51.3],[80.6,51.3],[80.6,51.2],[80.5,51.2],[80.4,51.2],[80.4,51.1],[80.5,51.1],[80.5,51],[80.4,51],[80.4,50.9],[80.3,50.9],[80.2,50.9],[80.2,50.8],[80.1,50.8],[80,50.9],[80,50.8],[80.1,50.8],[80,50.8],[79.9,50.9],[79.9,51],[79.8,51],[79.7,51.1],[79.6,51.3],[79.6,51.4],[79.5,51.5],[79.4,51.6],[79.3,51.7],[79.1,51.9],[79,52],[78.9,52.2],[78.8,52.3],[78.6,52.5],[78.5,52.6],[78.4,52.8],[78.3,52.9],[78.2,53],[78,53.1],[78,53.2],[77.9,53.3],[77.8,53.3],[77.7,53.4],[77.6,53.4],[77.5,53.5],[77.3,53.6],[77.1,53.7],[76.9,53.8],[76.7,53.9],[76.6,53.9],[76.5,54],[76.4,54.1],[76.4,54.2],[76.5,54.2],[76.6,54.1],[76.7,54.1],[76.7,54.2],[76.8,54.2],[76.8,54.3],[76.8,54.4],[76.9,54.4],[76.9,54.5],[76.8,54.4],[76.7,54.4],[76.6,54.4],[76.5,54.4],[76.5,54.3],[76.4,54.3],[76.2,54.3],[76,54.2],[75.9,54.2],[75.8,54.1],[75.7,54.1],[75.6,54.1],[75.5,54.1],[75.4,54.1],[75.4,54],[75.3,53.9],[75.2,53.9],[75,53.8],[74.9,53.8],[74.8,53.8],[74.7,53.8],[74.7,53.7],[74.6,53.7],[74.5,53.7],[74.4,53.7],[74.4,53.6],[74.5,53.6],[74.4,53.5],[74.3,53.5],[74.3,53.6],[74.2,53.6],[74.1,53.6],[74,53.6],[73.9,53.6],[73.8,53.6],[73.7,53.6],[73.6,53.6],[73.6,53.5],[73.5,53.5],[73.5,53.4],[73.4,53.4],[73.3,53.5],[73.4,53.5],[73.2,53.6],[73.3,53.6],[73.2,53.6],[73.2,53.7],[73.3,53.7],[73.3,53.8],[73.4,53.8],[73.4,53.9],[73.5,53.9],[73.6,53.9],[73.7,53.9],[73.7,54.1],[73.7,54],[73.7,54.1],[73.6,54.1],[73.6,54],[73.5,54],[73.5,53.9],[73.4,54],[73.4,53.9],[73.2,54],[73.1,54],[73,54],[73,54.1],[72.9,54.1],[72.8,54.1],[72.6,54.1],[72.5,54.1],[72.5,54],[72.6,54.1],[72.7,54],[72.6,54],[72.5,54],[72.5,53.9],[72.4,53.9],[72.4,54],[72.4,54.1],[72.5,54.1],[72.4,54.2],[72.3,54.2],[72.3,54.3],[72.2,54.3],[72.2,54.4],[72,54.4],[72,54.3],[72.1,54.3],[72.1,54.2],[72.2,54.2],[72.2,54.1],[72.1,54.1],[72,54.2],[71.8,54.2],[71.7,54.2],[71.7,54.1],[71.6,54.1],[71.5,54.1],[71.5,54.2],[71.4,54.2],[71.3,54.2],[71.2,54.1],[71.1,54.1],[71.1,54.2],[71,54.2],[71.1,54.2],[71.1,54.3],[71,54.3],[71.1,54.3],[71.2,54.3],[71.2,54.4],[71.2,54.5],[71.1,54.5],[71.1,54.6],[71.2,54.6],[71.3,54.6],[71.3,54.7],[71.2,54.7],[71.1,54.7],[71,54.7],[71,54.8],[71,54.9],[70.9,54.9],[71,54.9],[71,55],[71,55.1],[70.9,55.2],[70.8,55.2],[70.8,55.3],[70.7,55.3],[70.6,55.3],[70.5,55.3],[70.4,55.3],[70.4,55.2],[70.3,55.2],[70.2,55.1],[70.1,55.2],[70,55.2],[69.9,55.2],[69.8,55.3],[69.7,55.3],[69.5,55.3],[69.3,55.4],[69.2,55.3],[69.1,55.4],[68.9,55.4],[69,55.4],[69,55.3],[68.9,55.3],[68.8,55.3],[68.7,55.4],[68.7,55.3],[68.6,55.3],[68.6,55.2],[68.5,55.2],[68.4,55.2],[68.3,55.2],[68.2,55.2],[68.2,55.1],[68.3,55.1],[68.3,55],[68.2,55],[68,54.9],[67.9,55],[67.8,55],[67.8,54.9],[67.7,54.9],[67.6,54.9],[67.4,54.9],[67.4,54.8],[67.3,54.9],[67.3,54.8],[67.2,54.8],[67.1,54.8],[67,54.8],[66.8,54.8],[66.7,54.7],[66.6,54.7],[66.5,54.7],[66.4,54.7],[66.1,54.6],[66,54.6],[66,54.7],[65.9,54.7],[65.8,54.7],[65.8,54.6],[65.7,54.6],[65.6,54.6],[65.5,54.6],[65.4,54.6],[65.5,54.6],[65.4,54.6],[65.3,54.6],[65.2,54.5],[65.2,54.4],[65.2,54.3],[65.1,54.3],[65,54.4],[64.9,54.4],[64.8,54.4],[64.7,54.3],[64.6,54.4],[64.5,54.4],[64.4,54.4],[64.3,54.3],[64.3,54.4],[64.3,54.3],[64.2,54.3],[64.1,54.3],[64,54.3],[64,54.2],[63.9,54.2],[63.8,54.2],[63.7,54.2],[63.7,54.3],[63.5,54.2],[63.4,54.2],[63.3,54.2],[63.2,54.2],[63.1,54.2],[63.1,54.1],[63,54.1],[62.9,54.1],[62.8,54.1],[62.7,54.1],[62.6,54.1],[62.6,54],[62.5,53.9],[62.4,53.9],[62.4,54],[62,54],[62,53.9],[61.9,53.9],[61.8,54],[61.7,54],[61.6,54],[61.6,53.9],[61.6,54],[61.5,54],[61.4,54],[61.4,54.1],[61.3,54.1],[61.3,54],[61.2,54],[61.2,53.9],[61.1,54],[61,53.9],[61.1,53.9],[61.1,53.8],[61.2,53.8],[61.1,53.7],[61,53.7],[61,53.6],[60.9,53.7],[60.9,53.6],[61,53.6],[61.1,53.6],[61.3,53.5],[61.4,53.6],[61.5,53.6],[61.6,53.5],[61.5,53.5],[61.4,53.4],[61.3,53.5],[61.2,53.5],[61.2,53.4],[61.1,53.4],[61.1,53.3],[61.2,53.3],[61.3,53.3],[61.4,53.3],[61.5,53.2],[61.6,53.2],[61.7,53.2],[61.8,53.2],[62.1,53.1],[62.1,53],[62,53],[62,52.9],[61.9,52.9],[61.9,53],[61.8,53],[61.7,53],[61.6,53],[61.6,52.9],[61.6,53],[61.5,53],[61.4,53],[61.3,53],[61.2,53],[61.1,53],[61,53],[61.1,52.9],[60.9,52.8],[60.8,52.8],[60.7,52.8],[60.7,52.7],[60.7,52.6],[60.8,52.6],[60.8,52.5],[60.9,52.5],[61,52.5],[61,52.4],[61,52.3],[60.9,52.3],[60.9,52.2],[60.8,52.2],[60.7,52.2],[60.7,52.1],[60.6,52.1],[60.6,52.2],[60.5,52.2],[60.4,52.1],[60.3,52.1],[60.2,52],[60,52],[60,51.9],[60.1,51.9],[60.2,51.9],[60.3,51.8],[60.5,51.8],[60.4,51.8],[60.4,51.7],[60.5,51.7],[60.5,51.6],[60.9,51.6],[60.9,51.5],[61,51.5],[61.1,51.5],[61.2,51.5],[61.3,51.5],[61.4,51.5],[61.4,51.4],[61.5,51.4],[61.5,51.3],[61.6,51.3],[61.7,51.3],[61.6,51.2],[61.5,51.2],[61.5,51],[61.4,50.9],[61.4,50.8],[61.1,50.7],[60.8,50.7],[60.7,50.7],[60.3,50.7],[60.2,50.7],[60.2,50.8],[60.1,50.8],[60.1,50.9],[60,50.9],[60,50.8],[59.9,50.8],[59.9,50.7],[59.9,50.6],[59.8,50.6],[59.8,50.5],[59.7,50.5],[59.6,50.5],[59.5,50.5],[59.5,50.6],[59.5,50.5],[59.6,50.6],[59.5,50.6],[59.4,50.6],[59.3,50.6],[59.2,50.6],[59.2,50.7],[58.9,50.7],[58.8,50.7],[58.8,50.8],[58.7,50.8],[58.6,50.8],[58.7,50.9],[58.6,50.9],[58.5,50.9],[58.6,50.9],[58.6,51],[58.5,51.1],[58.4,51.1],[58.3,51.1],[58.3,51.2],[58.3,51.1],[58.2,51.1],[58.1,51.1],[58,51.1],[57.9,51.1],[57.8,51.1],[57.7,51.1],[57.7,51],[57.7,50.9],[57.6,50.9],[57.5,50.9],[57.4,50.9],[57.3,50.9],[57.3,51],[57.2,51],[57.2,51.1],[57.1,51.1],[57,51.1],[56.9,51.1],[56.8,51.1],[56.7,51.1],[56.7,51],[56.6,51],[56.5,51.1],[56.4,51.1],[56.4,51],[56.4,50.9],[56.3,50.9],[56.2,50.9],[56.1,50.9],[56.1,50.7],[55.9,50.6],[55.8,50.6],[55.7,50.5],[55.6,50.5],[55.6,50.6],[55.5,50.6],[55.5,50.7],[55.4,50.7],[55.3,50.7],[55.1,50.8],[55.1,50.9],[55,50.9],[54.9,50.9],[54.8,51],[54.7,51],[54.6,51],[54.5,51],[54.5,50.9],[54.6,50.9],[54.7,50.8],[54.6,50.8],[54.7,50.8],[54.6,50.7],[54.7,50.6],[54.6,50.6],[54.6,50.5],[54.5,50.5],[54.4,50.5],[54.4,50.6],[54.4,50.7],[54.4,50.8],[54.5,50.8],[54.5,50.9],[54.4,50.9],[54.3,50.9],[54.2,50.9],[54.2,51],[54.1,51],[54.1,51.1],[54,51.1],[54,51.2],[53.9,51.2],[53.7,51.2],[53.6,51.2],[53.6,51.3],[53.6,51.4],[53.5,51.4],[53.4,51.5],[53.3,51.5],[53.2,51.5],[53.1,51.5],[53.2,51.5],[53,51.5],[52.9,51.5],[52.8,51.5],[52.7,51.5],[52.6,51.5],[52.5,51.5],[52.4,51.6],[52.4,51.7],[52.3,51.8],[52.3,51.7],[52.2,51.7],[52.1,51.7],[52,51.7],[51.9,51.7],[51.8,51.6],[51.8,51.5],[51.7,51.5],[51.6,51.5],[51.5,51.5],[51.4,51.5],[51.3,51.5],[51.2,51.5],[51.3,51.6],[51.4,51.6],[51.3,51.6],[51.3,51.7],[51.2,51.7],[50.9,51.7],[50.8,51.7],[50.8,51.8],[50.7,51.7],[50.8,51.6],[50.7,51.6],[50.6,51.6],[50.5,51.6],[50.5,51.5],[50.5,51.4],[50.4,51.4],[50.3,51.4],[50.3,51.3],[50.2,51.3],[50,51.2],[49.8,51.2],[49.8,51.1],[49.5,51.1],[49.4,51.1],[49.4,51],[49.3,51],[49.4,50.9],[49.4,50.8],[49.3,50.8],[49.1,50.8],[49,50.7],[48.8,50.6],[48.7,50.6],[48.6,50.6],[48.7,50.6],[48.7,50.5],[48.7,50.3],[48.8,50.2],[48.8,50.1],[48.9,50.1],[48.9,50],[48.8,49.9],[48.7,49.9],[48.5,49.8],[48.4,49.8],[48.3,49.9],[48.2,49.9],[48.1,50],[48.1,50.1],[48,50.1],[48,50.2],[47.9,50.2],[47.9,50.3],[47.8,50.3],[47.7,50.4],[47.6,50.4],[47.6,50.5],[47.5,50.4],[47.4,50.4],[47.4,50.3],[47.3,50.3],[47.3,50.2],[47.3,50.1],[47.3,50],[47.2,50],[47.2,49.9],[47,49.9],[46.9,49.9],[46.9,49.8],[46.8,49.6],[46.8,49.3],[47,49.2],[47,49.1],[47,49],[46.9,49],[46.8,49],[46.8,48.9],[46.6,48.7],[46.5,48.4],[46.7,48.4],[47,48.3],[47.1,48.3],[47.1,48.2],[47.1,48.1],[47.2,48.1],[47.1,48],[47,48],[47.1,48],[47.1,47.9],[47.2,47.9],[47.1,47.9],[47.1,47.8],[47.2,47.8],[47.4,47.7],[47.4,47.8],[47.6,47.8],[48,47.8],[48.1,47.7],[48.2,47.7],[48.4,47.5],[48.4,47.4],[48.5,47.4],[48.7,47.1],[49,46.8],[48.9,46.7],[48.8,46.7],[48.7,46.7],[48.7,46.8],[48.6,46.8],[48.5,46.7],[48.5,46.6],[48.6,46.6],[48.5,46.6],[48.6,46.6],[48.7,46.6],[48.7,46.5],[48.8,46.5],[48.9,46.5],[49,46.4],[49.2,46.3],[49.3,46.3],[49.3,46.2],[49.3,46.3],[49.2,46.3],[49.1,46.3],[49.2,46.3],[49.1,46.3],[49.1,46.2],[49,46.2],[49,46.1],[48.9,46.1],[49,46.1],[48.9,46.1],[48.9,46.2],[48.9,46.1],[48.8,46.1],[48.9,46.1],[48.8,46.1],[48.7,46.1],[48.6,46.1],[48.7,46.1],[48.7,46],[48.6,46],[48.7,46],[48.8,46],[48.8,45.9],[48.7,45.9],[48.8,45.9],[48.8,45.8],[48.8,45.9],[48.7,45.8],[48.7,45.9],[48.6,45.9],[48.6,46],[48.5,46],[48.5,45.9],[48.4,45.9],[48.4,45.8],[48.3,45.8],[48.2,45.8],[48.2,45.7],[48.1,45.7],[48.1,45.8],[48.1,45.7],[48,45.7],[47.9,45.7],[47.8,45.7],[47.8,45.6],[47.9,45.6],[47.8,45.6],[47.8,45.7],[47.7,45.7],[47.6,45.7],[47.6,45.8],[47.6,45.7],[47.6,45.6],[47.7,45.6],[47.6,45.6],[47.7,45.6],[47.6,45.6],[47.5,45.7],[47.4,45.7],[47.5,45.7],[47.4,45.7],[47.4,45.8],[47.4,45.7],[47.5,45.7],[47.5,45.6],[47.6,45.6],[47.5,45.6],[47.6,45.6],[47.6,45.5],[47.5,45.5],[47.5,45.6],[47.5,45.5],[47.5,45.4],[47.4,45.4],[47.5,45.4],[47.4,45.4],[47.4,45.3],[47.4,45.2],[47.3,45.2],[47.3,45.1],[47.2,45],[47.2,44.9],[47.1,44.9],[47.1,45],[47.1,44.9],[47.1,44.8],[47,44.8],[47,44.9],[47,44.8],[46.9,44.8],[46.9,44.7],[46.8,44.7],[46.7,44.7],[46.7,44.6],[46.7,44.5],[46.7,44.4],[46.8,44.4],[46.9,44.4],[47,44.4],[47,44.3],[47.1,44.3],[47.1,44.2],[47.2,44.2],[47.3,44.2],[47.3,44.1],[47.3,44],[47.4,44],[47.4,43.9],[47.5,43.9],[47.4,43.8],[47.5,43.8],[47.5,43.7],[47.4,43.7],[47.5,43.7],[47.4,43.7],[47.4,43.6],[47.4,43.5],[47.5,43.6],[47.5,43.7],[47.5,43.8],[47.5,43.9],[47.6,43.9],[47.7,43.9],[47.6,43.8],[47.5,43.6],[47.5,43.5],[47.5,43.4],[47.5,43.3],[47.6,43.3],[47.5,43.3],[47.5,43.2],[47.5,43.1],[47.5,43],[47.6,42.9],[47.7,42.9],[47.7,42.8],[47.7,42.7],[47.8,42.6],[47.9,42.6],[47.9,42.5],[48,42.4],[48.1,42.4],[48.1,42.3],[48.2,42.2],[48.2,42.1],[48.3,42.1],[48.3,42],[48.4,41.9],[48.5,41.9],[48.6,41.9],[48.6,41.8],[48.5,41.8],[48.5,41.7],[48.4,41.6],[48.3,41.5],[48.2,41.5],[48.1,41.5],[48,41.4],[47.9,41.3],[47.9,41.2],[47.8,41.2],[47.7,41.2],[47.6,41.2],[47.5,41.2],[47.5,41.3],[47.4,41.3],[47.3,41.3],[47.2,41.3],[47.2,41.4],[47.2,41.5],[47.1,41.5],[47.1,41.6],[47,41.6],[46.9,41.7],[46.8,41.7],[46.8,41.8],[46.7,41.8],[46.7,41.9],[46.7,41.8],[46.6,41.8],[46.5,41.8],[46.5,41.9],[46.4,41.9],[46.3,41.9],[46.3,42],[46.2,42],[46.1,42],[46,42],[45.9,42],[45.9,42.1],[45.8,42.1],[45.7,42.2],[45.6,42.2],[45.7,42.4],[45.7,42.5],[45.6,42.5],[45.5,42.5],[45.4,42.5],[45.3,42.5],[45.3,42.6],[45.2,42.7],[45.1,42.7],[45,42.7],[44.9,42.8],[44.8,42.7],[44.8,42.6],[44.7,42.7],[44.6,42.7],[44.6,42.8],[44.5,42.8],[44.5,42.7],[44.4,42.7],[44.3,42.7],[44.2,42.7],[44.2,42.6],[44.1,42.6],[44,42.6],[43.9,42.6],[43.8,42.6],[43.7,42.6],[43.7,42.7],[43.8,42.7],[43.8,42.8],[43.7,42.8],[43.6,42.8],[43.5,42.9],[43.4,42.9],[43.2,42.9],[43,43],[43,43.1],[42.9,43.1],[42.9,43.2],[42.8,43.2],[42.7,43.2],[42.6,43.1],[42.5,43.2],[42.4,43.2],[42.2,43.2],[42.1,43.2],[42,43.2],[41.9,43.2],[41.8,43.2],[41.7,43.2],[41.6,43.2],[41.5,43.3],[41.4,43.3],[41.3,43.3],[41.2,43.3],[41.2,43.4],[41.1,43.4],[41,43.4],[40.9,43.5],[40.8,43.5],[40.7,43.5],[40.6,43.5],[40.5,43.5],[40.2,43.6],[40.1,43.6],[40.1,43.5],[40,43.4],[39.9,43.4],[39.9,43.5],[39.8,43.5],[39.7,43.6],[39.6,43.6],[39.6,43.7],[39.5,43.8],[39.4,43.8],[39.3,43.9],[39.1,44],[39.1,44.1],[39,44.1],[39,44.2],[38.9,44.2],[38.8,44.3],[38.7,44.3],[38.6,44.3],[38.3,44.4],[38.2,44.4],[38.1,44.5],[38.1,44.6],[38,44.6],[37.9,44.6],[37.9,44.7],[37.8,44.7],[37.8,44.6],[37.7,44.6],[37.7,44.7],[37.6,44.7],[37.5,44.7],[37.4,44.7],[37.4,44.8],[37.3,44.8],[37.3,44.9],[37.2,45],[37.1,45],[37,45],[36.9,45.1],[36.8,45.1],[36.7,45.1],[36.6,45.1],[36.6,45.2],[36.7,45.2],[36.8,45.2],[36.9,45.2],[36.9,45.3],[37,45.3],[36.9,45.3],[36.8,45.3],[36.8,45.4],[36.8,45.3],[36.8,45.4],[36.7,45.4],[36.7,45.3],[36.7,45.4],[36.8,45.4],[36.9,45.4],[37.1,45.4],[37.1,45.3],[37.1,45.2],[37.2,45.3],[37.3,45.3],[37.2,45.3],[37.3,45.3],[37.4,45.3],[37.5,45.3],[37.5,45.4],[37.5,45.3],[37.6,45.3],[37.7,45.3],[37.7,45.4],[37.8,45.4],[37.7,45.4],[37.7,45.5],[37.7,45.4],[37.7,45.5],[37.7,45.6],[37.6,45.6],[37.7,45.6],[37.6,45.6],[37.6,45.5],[37.7,45.5],[37.6,45.5],[37.6,45.4],[37.6,45.5],[37.6,45.6],[37.6,45.7],[37.6,45.6],[37.7,45.6],[37.7,45.7],[37.8,45.7],[37.8,45.8],[37.9,45.8],[37.9,46],[38,46],[38,46.1],[38.1,46.1],[38,46],[38.1,46],[38,46],[38.1,46],[38.1,45.9],[38,45.9],[38,45.8],[38.1,45.8],[38,45.8],[38,45.9],[38.1,45.9],[38.1,46],[38.2,46],[38.2,46.1],[38.3,46.1],[38.4,46.1],[38.4,46],[38.5,46],[38.6,46],[38.6,46.1],[38.3,46.2],[38.3,46.3],[38.2,46.3],[38.1,46.4],[38,46.4],[37.9,46.4],[37.9,46.5],[37.8,46.5],[37.8,46.6],[37.7,46.7],[37.8,46.7],[37.8,46.6],[37.9,46.6],[38,46.6],[38.1,46.6],[38.1,46.7],[38.2,46.7],[38.3,46.7],[38.5,46.6],[38.6,46.7],[38.5,46.7],[38.4,46.7],[38.4,46.8],[38.5,46.9],[38.6,46.8],[38.6,46.9],[38.7,46.9],[38.8,46.9],[38.9,46.9],[39,47],[39.1,47],[39.2,47],[39.3,47],[39.3,47.1],[39.4,47.1],[39.3,47.1],[39.2,47.1],[39.3,47.2],[39.3,47.3],[39.2,47.3],[39.1,47.3],[39,47.3],[38.9,47.3],[38.9,47.2],[38.8,47.2],[38.7,47.2],[38.7,47.1],[38.6,47.1],[38.5,47.1],[38.5,47.2],[38.6,47.2],[38.8,47.2],[38.8,47.3],[38.6,47.2],[38.5,47.2],[38.4,47.1],[38.3,47.1],[38.2,47.1],[38.2,47.2],[38.3,47.2],[38.3,47.3],[38.2,47.3],[38.2,47.4],[38.3,47.4],[38.3,47.5],[38.3,47.6],[38.4,47.6],[38.6,47.6],[38.6,47.7],[38.7,47.7],[38.8,47.7],[38.8,47.8],[38.9,47.9],[39,47.9],[39.1,47.8],[39.2,47.8],[39.3,47.8],[39.4,47.8],[39.5,47.8],[39.6,47.8],[39.7,47.8],[39.8,47.8],[39.8,47.9],[39.8,48],[39.8,48.1],[39.9,48.2],[40,48.2],[40,48.3],[39.9,48.3],[39.8,48.3],[39.9,48.3],[39.9,48.4],[39.9,48.5],[39.8,48.5],[39.9,48.5],[39.9,48.6],[39.8,48.6],[39.7,48.6],[39.6,48.6],[39.7,48.7],[39.7,48.8],[39.8,48.8],[39.9,48.8],[40,48.8],[40.1,48.8],[40.1,48.9],[40,48.9],[39.9,48.9],[39.8,48.9],[39.7,48.9],[39.7,49],[39.8,49],[39.9,49],[39.9,49.1],[40,49.1],[40,49.2],[40.1,49.2],[40.1,49.3],[40.2,49.3],[40.1,49.3],[40.1,49.4],[40,49.5],[40.1,49.5],[40.1,49.6],[40,49.6],[39.9,49.6],[39.9,49.5],[39.8,49.5],[39.7,49.6],[39.6,49.6],[39.6,49.7],[39.5,49.7],[39.4,49.7],[39.3,49.7],[39.2,49.8],[39.2,49.9],[39.1,49.9],[39.1,49.8],[39,49.8],[38.9,49.8],[38.9,49.9],[38.7,49.9],[38.7,50],[38.6,50],[38.5,49.9],[38.5,50],[38.4,50],[38.3,50],[38.3,50.1],[38.2,50.1],[38.2,50],[38.2,49.9],[38.1,49.9],[38,49.9],[37.9,50],[37.8,50],[37.8,50.1],[37.7,50.1],[37.6,50.2],[37.6,50.3],[37.5,50.3],[37.5,50.4],[37.4,50.4],[37.3,50.4],[37.2,50.4],[37.1,50.3],[37,50.3],[36.9,50.3],[36.8,50.3],[36.7,50.3],[36.7,50.2],[36.6,50.2],[36.5,50.2],[36.5,50.3],[36.4,50.3],[36.3,50.3],[36.2,50.4],[36.1,50.4],[35.9,50.4],[35.8,50.4],[35.7,50.4],[35.7,50.3],[35.6,50.3],[35.6,50.4],[35.5,50.5],[35.4,50.5],[35.4,50.6],[35.5,50.7],[35.4,50.7],[35.4,50.8],[35.3,50.9],[35.3,51],[35.4,51],[35.3,51],[35.2,51],[35.1,51.1],[35.1,51.2],[35,51.2],[34.9,51.2],[34.8,51.2],[34.7,51.2],[34.6,51.2],[34.5,51.2],[34.4,51.3],[34.3,51.3],[34.3,51.2],[34.2,51.2],[34.2,51.3],[34.3,51.3],[34.3,51.4],[34.2,51.4],[34.2,51.5],[34.2,51.6],[34.1,51.6],[34.1,51.7],[34.3,51.7],[34.4,51.7],[34.4,51.8],[34.3,51.8],[34.3,51.9],[34.2,51.9],[34.1,52],[34.1,52.1],[34.1,52.2],[34,52.2],[33.9,52.2],[33.9,52.3],[33.8,52.3],[33.8,52.4],[33.7,52.4],[33.6,52.3],[33.5,52.3],[33.5,52.4],[33.5,52.3],[33.4,52.3],[33.4,52.4],[33.3,52.4],[33.2,52.4],[33.1,52.3],[33,52.3],[32.9,52.2],[32.9,52.3],[32.8,52.3],[32.7,52.3],[32.5,52.3],[32.4,52.3],[32.3,52.3],[32.4,52.3],[32.4,52.2],[32.3,52.2],[32.3,52.1],[32.2,52.1],[32.1,52],[32,52],[31.9,52],[31.9,52.1],[31.8,52.1],[31.7,52.2],[31.7,52.3],[31.6,52.3],[31.6,52.4],[31.6,52.5],[31.6,52.6],[31.5,52.6],[31.5,52.7],[31.6,52.7],[31.6,52.8],[31.5,52.8],[31.5,52.9],[31.4,52.9],[31.3,53],[31.2,53],[31.3,53],[31.3,53.1],[31.4,53.1],[31.4,53.2],[31.5,53.2],[31.6,53.2],[31.7,53.2],[31.8,53.2],[31.8,53.1],[31.9,53.1],[32,53.1],[32.1,53.1],[32.2,53.1],[32.3,53.1],[32.3,53.2],[32.4,53.2],[32.5,53.2],[32.5,53.3],[32.4,53.3],[32.5,53.3],[32.6,53.3],[32.7,53.3],[32.7,53.4],[32.7,53.5],[32.6,53.5],[32.7,53.5],[32.6,53.5],[32.5,53.5],[32.4,53.6],[32.5,53.7],[32.4,53.7],[32.3,53.7],[32.3,53.8],[32.2,53.8],[32.1,53.8],[31.9,53.8],[31.8,53.8],[31.7,53.8],[31.8,53.8],[31.8,53.9],[31.8,54],[31.8,54.1],[31.8,54],[31.8,54.1],[31.7,54.1],[31.6,54.1],[31.5,54.1],[31.5,54.2],[31.3,54.2],[31.3,54.3],[31.3,54.4],[31.2,54.4],[31.2,54.5],[31.1,54.5],[31.1,54.6],[31.2,54.6],[31.1,54.6],[31.1,54.7],[31,54.7],[30.8,54.8],[30.8,54.9],[30.9,54.9],[30.9,55],[31,55],[31,55.1],[31,55.2],[30.9,55.2],[30.9,55.3],[30.8,55.3],[30.8,55.4],[30.9,55.4],[30.9,55.5],[30.9,55.6],[30.8,55.6],[30.7,55.6],[30.7,55.7],[30.6,55.7],[30.5,55.8],[30.3,55.8],[30.2,55.9],[30.1,55.8],[30,55.8],[29.9,55.8],[29.8,55.8],[29.7,55.8],[29.6,55.7],[29.5,55.7],[29.4,55.7],[29.4,55.8],[29.3,55.8],[29.4,55.8],[29.4,55.9],[29.4,56],[29.2,56],[29.1,56],[29,56],[28.9,56],[28.8,56],[28.8,55.9],[28.7,55.9],[28.7,56],[28.6,56.1],[28.5,56.1],[28.4,56.1],[28.3,56.1],[28.3,56],[28.3,56.1],[28.2,56.1],[28.1,56.1],[28.2,56.2],[28.2,56.3],[28.2,56.4],[28.1,56.5],[28.1,56.6],[28,56.6],[28,56.7],[27.9,56.7],[27.9,56.8],[27.9,56.9],[27.8,56.9],[27.7,56.9],[27.7,56.8],[27.6,56.8],[27.6,56.9],[27.7,57],[27.8,57],[27.7,57.1],[27.8,57.1],[27.8,57.2],[27.8,57.3],[27.7,57.3],[27.7,57.4],[27.6,57.4],[27.5,57.4],[27.5,57.5],[27.4,57.5],[27.3,57.5],[27.3,57.6],[27.4,57.6],[27.4,57.7],[27.5,57.7],[27.5,57.8],[27.6,57.8],[27.5,57.8],[27.6,57.8],[27.7,57.8],[27.8,57.8],[27.8,57.9],[27.7,57.9],[27.7,58],[27.6,58],[27.6,58.1],[27.5,58.2],[27.5,58.3],[27.6,58.4],[27.5,58.5],[27.4,58.7],[27.4,58.8],[27.5,58.9],[27.6,58.9],[27.7,59],[27.8,59.1],[27.8,59.2],[27.9,59.2],[27.9,59.3],[28,59.3],[28.1,59.3],[28,59.3],[28.1,59.3],[28.2,59.4],[28.1,59.4],[28.1,59.5],[28,59.5],[28.1,59.5],[28.1,59.6],[28,59.7],[28,59.8],[28.1,59.8],[28.2,59.8],[28.2,59.7],[28.3,59.7],[28.4,59.7],[28.4,59.8],[28.5,59.9],[28.6,59.9],[28.6,59.8],[28.7,59.8],[28.8,59.8],[28.9,59.8],[29,59.8],[29,59.9],[29.1,60],[29.2,60],[29.3,60],[29.5,60],[29.8,59.9],[29.9,59.9],[30.1,59.9],[30.2,59.9],[30.2,60],[30,60],[29.9,60],[29.9,60.1],[29.8,60.2],[29.7,60.2],[29.5,60.2],[29.4,60.2],[29.3,60.2],[29.1,60.2],[29,60.2],[28.9,60.3],[28.8,60.3],[28.8,60.4],[28.8,60.3],[28.7,60.3],[28.7,60.4],[28.6,60.4],[28.5,60.5],[28.4,60.6],[28.5,60.6],[28.5,60.5],[28.6,60.5],[28.7,60.5],[28.7,60.6],[28.6,60.7],[28.7,60.7],[28.6,60.7],[28.5,60.7],[28.4,60.7],[28.4,60.6],[28.3,60.6],[28.2,60.6],[28.2,60.5],[28.2,60.6],[28.2,60.5],[28.1,60.5],[28,60.5],[27.9,60.5],[27.9,60.6],[27.8,60.6],[27.8,60.5],[27.8,60.6],[27.9,60.6],[28,60.6],[28,60.7],[28.1,60.8],[28.2,60.8],[28.3,60.9],[28.5,60.9],[28.5,61],[28.6,61],[28.7,61],[28.8,61.1],[28.9,61.1],[29,61.2],[29.1,61.2],[29.2,61.2],[29.3,61.3],[29.5,61.4],[29.5,61.5],[29.6,61.5],[29.8,61.6],[29.8,61.7],[30,61.7],[30.1,61.9],[30.3,62],[30.5,62.1],[30.6,62.2],[30.7,62.2],[30.8,62.3],[30.9,62.3],[31,62.3],[31,62.4],[31.1,62.4],[31.1,62.5],[31.2,62.5],[31.3,62.5],[31.3,62.6],[31.4,62.7],[31.4,62.8],[31.5,62.8],[31.6,62.9],[31.5,62.9],[31.5,63],[31.4,63],[31.4,63.1],[31.3,63.1],[31.2,63.1],[31.2,63.2],[31,63.3],[30.8,63.4],[30.5,63.5],[30.4,63.5],[30.2,63.6],[30,63.7],[30.1,63.8],[30.2,63.8],[30.3,63.8],[30.3,63.9],[30.5,64],[30.6,64],[30.6,64.1],[30.5,64.1],[30.5,64.2],[30.6,64.2],[30.5,64.2],[30.4,64.3],[30.3,64.3],[30.2,64.3],[30.1,64.4],[30,64.4],[30.1,64.4],[30.1,64.5],[30,64.5],[30,64.6],[30.1,64.6],[30.2,64.6],[30.2,64.7],[30.1,64.7],[30.1,64.8],[29.9,64.8],[29.8,64.8],[29.7,64.8],[29.6,64.9],[29.6,65],[29.6,65.1],[29.7,65.1],[29.8,65.1],[29.9,65.1],[29.8,65.1],[29.8,65.2],[29.6,65.2],[29.6,65.3],[29.7,65.3],[29.7,65.4],[29.7,65.5],[29.8,65.6],[29.7,65.6],[29.8,65.6],[30,65.7],[30.1,65.7],[30.1,65.8],[30,65.9],[30,66],[29.9,66],[29.9,66.1],[29.8,66.2],[29.7,66.3],[29.6,66.3],[29.6,66.4],[29.5,66.4],[29.5,66.5],[29.4,66.6],[29.3,66.7],[29.1,66.8],[29.1,66.9],[29.1,67],[29.4,67.2],[29.5,67.3],[29.9,67.5],[30,67.6],[30,67.7],[29.7,67.8],[29.5,68],[29.4,68],[29.4,68.1],[29.3,68.1],[29,68.1],[28.7,68.2],[28.5,68.5],[28.4,68.5],[28.5,68.5],[28.7,68.7],[28.7,68.8],[28.8,68.8],[28.7,68.9],[28.6,68.9],[28.4,68.9],[28.5,68.9],[28.7,69],[28.8,69],[29,69],[29.1,69],[29.2,69.1],[29.3,69.1],[29.3,69.2],[29.3,69.3],[29.4,69.3],[29.6,69.3],[29.7,69.3],[29.7,69.4],[29.8,69.4],[29.9,69.4],[30,69.4],[30.1,69.4],[30.1,69.5],[30.2,69.5],[30.2,69.6],[30.1,69.6],[30.2,69.6],[30.3,69.6],[30.5,69.5],[30.8,69.5],[30.9,69.5],[30.9,69.6],[30.9,69.7],[30.8,69.8],[31,69.8],[31.1,69.8],[31.2,69.8],[31.3,69.8],[31.4,69.7],[31.3,69.6],[31.4,69.6],[31.5,69.7],[31.6,69.7],[31.8,69.7],[31.7,69.7],[31.7,69.8],[31.8,69.9],[31.9,69.8],[32,69.8],[32.1,69.8],[32,69.9],[31.9,69.9],[31.9,70],[32,70],[32.1,70],[32.2,69.9],[32.3,69.9],[32.4,69.9],[32.5,69.9],[32.5,69.8],[32.6,69.8],[32.7,69.8],[32.9,69.8],[33,69.8],[33,69.7],[33.1,69.7],[33.1,69.6],[33,69.6],[32.9,69.6],[32.5,69.6],[32.4,69.7],[32.4,69.6],[32.2,69.7],[32.1,69.8],[32.1,69.7],[32,69.7],[32,69.6],[32.1,69.6],[32,69.6],[32.1,69.6],[32.2,69.6],[32.3,69.6],[32.4,69.6],[32.4,69.5],[32.5,69.5],[32.4,69.5],[32.3,69.5],[32.2,69.4],[32.3,69.4],[32.4,69.5],[32.5,69.5],[32.6,69.5],[32.7,69.5],[32.8,69.5],[32.9,69.5],[32.8,69.5],[32.8,69.4],[32.9,69.5],[33,69.5],[33.1,69.5],[32.9,69.4],[32.8,69.3],[32.9,69.3],[33,69.4],[33.3,69.4],[33.3,69.5],[33.3,69.4],[33.4,69.4],[33.5,69.4],[33.4,69.4],[33.5,69.4],[33.4,69.3],[33.3,69.3],[33.2,69.3],[33.3,69.3],[33.4,69.3],[33.5,69.3],[33.4,69.2],[33.3,69.2],[33.4,69.2],[33.5,69.2],[33.4,69.2],[33.3,69.1],[33.2,69.1],[33.1,69.1],[33,69.1],[33,69],[33.1,69.1],[33.2,69.1],[33.3,69.1],[33.4,69.1],[33.5,69.1],[33.5,69.2],[33.6,69.2],[33.6,69.3],[33.7,69.3],[33.8,69.3],[33.9,69.3],[34.1,69.3],[34.4,69.3],[34.5,69.3],[34.6,69.3],[34.7,69.2],[35,69.2],[35.1,69.2],[35.2,69.2],[35.3,69.2],[35.2,69.2],[35.2,69.3],[35.1,69.3],[35.2,69.3],[35.3,69.3],[35.8,69.2],[35.9,69.2],[36,69.2],[36,69.1],[36.1,69.1],[36.2,69.1],[36.3,69.1],[36.5,69],[36.7,69],[36.8,69],[36.8,68.9],[37,68.9],[37.1,68.9],[37.2,68.9],[37.2,68.8],[37.3,68.8],[37.4,68.8],[37.5,68.7],[37.6,68.7],[37.7,68.7],[37.8,68.7],[37.9,68.6],[38,68.6],[38,68.5],[38.1,68.5],[38.2,68.5],[38.3,68.4],[38.4,68.4],[38.4,68.3],[38.4,68.4],[38.5,68.4],[38.5,68.3],[38.7,68.3],[38.8,68.3],[38.7,68.3],[38.6,68.3],[38.5,68.4],[38.6,68.4],[38.7,68.4],[38.8,68.3],[38.9,68.3],[39,68.3],[38.9,68.3],[39,68.3],[39.3,68.2],[39.4,68.1],[39.5,68.1],[39.6,68.1],[39.7,68.1],[39.7,68],[39.8,68.1],[39.8,68],[39.9,68],[39.9,68.1],[39.8,68.1],[39.7,68.2],[39.8,68.2],[39.9,68.1],[40,68],[40.1,68],[40.3,67.9],[40.4,67.9],[40.4,67.8],[40.3,67.9],[40.3,67.8],[40.4,67.8],[40.5,67.8],[40.6,67.8],[40.7,67.8],[40.8,67.7],[40.9,67.7],[41,67.7],[41.1,67.7],[41.1,67.6],[41,67.6],[41,67.5],[41.1,67.5],[41.1,67.4],[41.2,67.4],[41.1,67.4],[41.1,67.3],[41.1,67.2],[41.2,67.2],[41.3,67.2],[41.4,67.2],[41.3,67.2],[41.3,67.1],[41.4,67.1],[41.3,67.1],[41.3,67],[41.4,67],[41.3,67],[41.3,66.9],[41.2,66.8],[41.1,66.8],[41,66.7],[40.9,66.7],[40.8,66.6],[40.7,66.6],[40.7,66.5],[40.6,66.5],[40.5,66.4],[40.4,66.4],[40.3,66.4],[40.2,66.3],[40.1,66.3],[39.8,66.2],[39.7,66.2],[39.5,66.2],[39.4,66.1],[39.3,66.1],[39.1,66.1],[39,66.1],[38.9,66.1],[38.6,66.1],[38.2,66.1],[37.9,66.1],[37.8,66.1],[37.7,66.1],[37.5,66.1],[37.4,66.2],[37.3,66.2],[36.9,66.3],[36.8,66.3],[36.7,66.3],[36.6,66.3],[36.5,66.3],[36.4,66.3],[36.3,66.3],[36,66.3],[35.8,66.4],[35.7,66.4],[35.6,66.4],[35.4,66.4],[35.3,66.5],[35.2,66.5],[34.9,66.6],[34.8,66.6],[34.7,66.6],[34.6,66.6],[34.6,66.5],[34.5,66.5],[34.4,66.5],[34.4,66.6],[34.5,66.6],[34.5,66.7],[34.5,66.6],[34.3,66.7],[34.2,66.7],[34.1,66.7],[34.2,66.7],[34.2,66.8],[34.1,66.8],[34.1,66.7],[34,66.7],[33.9,66.7],[33.8,66.7],[33.8,66.8],[33.7,66.8],[33.6,66.8],[33.5,66.8],[33.6,66.8],[33.6,66.7],[33.6,66.8],[33.5,66.8],[33.6,66.8],[33.6,66.7],[33.5,66.8],[33.5,66.7],[33.6,66.7],[33.5,66.7],[33.1,66.9],[32.8,67],[32.8,67.1],[32.9,67.1],[33,67.1],[32.9,67.1],[32.8,67.1],[32.7,67.1],[32.6,67.1],[32.5,67.1],[32.4,67.1],[32.4,67.2],[32.3,67.2],[32.3,67.1],[32.2,67.1],[32.2,67.2],[32.1,67.1],[32,67.1],[31.9,67.2],[31.9,67.1],[32.1,67.1],[32.2,67.1],[32.3,67.1],[32.4,67.1],[32.3,67.1],[32.4,67.1],[32.5,67],[32.6,67],[32.5,67],[32.5,66.9],[32.4,67],[32.4,66.9],[32.5,66.9],[32.4,66.9],[32.5,66.9],[32.6,66.9],[32.7,66.8],[32.9,66.8],[32.9,66.7],[32.8,66.7],[33,66.7],[33.2,66.7],[33.3,66.7],[33.3,66.6],[33.2,66.6],[33.2,66.7],[33.1,66.7],[33.1,66.6],[33,66.6],[32.9,66.6],[33.1,66.6],[33.2,66.6],[33.3,66.6],[33.4,66.6],[33.5,66.6],[33.5,66.5],[33.2,66.6],[33.1,66.6],[33,66.5],[32.9,66.5],[33,66.5],[33.1,66.5],[33.2,66.5],[33.3,66.5],[33.4,66.5],[33.5,66.5],[33.6,66.5],[33.7,66.4],[33.6,66.4],[33.5,66.4],[33.6,66.4],[33.7,66.4],[33.6,66.3],[33.5,66.4],[33.4,66.3],[33.3,66.3],[33.5,66.3],[33.6,66.3],[33.9,66.3],[33.9,66.2],[34,66.3],[34.1,66.2],[34.2,66.2],[34.1,66.2],[34.2,66.2],[34.3,66.2],[34.5,66.1],[34.6,66.1],[34.6,66],[34.7,66],[34.7,65.9],[34.8,65.9],[34.9,65.9],[34.8,65.8],[34.9,65.8],[34.9,65.7],[35,65.7],[34.9,65.7],[34.8,65.8],[34.7,65.8],[34.7,65.7],[34.8,65.7],[34.7,65.7],[34.8,65.6],[34.7,65.6],[34.7,65.5],[34.6,65.5],[34.7,65.5],[34.7,65.4],[34.6,65.4],[34.5,65.5],[34.5,65.4],[34.4,65.4],[34.3,65.4],[34.4,65.4],[34.5,65.4],[34.5,65.3],[34.6,65.3],[34.6,65.2],[34.7,65.2],[34.6,65.2],[34.7,65.2],[34.7,65.1],[34.8,65.1],[34.7,65.1],[34.8,65.1],[34.8,65],[34.7,65],[34.8,65],[34.8,64.9],[34.9,64.9],[34.9,64.8],[34.8,64.8],[34.9,64.8],[35,64.8],[35,64.7],[34.9,64.7],[34.8,64.7],[34.9,64.7],[34.9,64.6],[35,64.6],[34.9,64.6],[34.8,64.6],[34.7,64.6],[34.8,64.6],[34.8,64.5],[34.9,64.5],[35,64.5],[35,64.4],[35.1,64.4],[35.2,64.4],[35.3,64.4],[35.3,64.3],[35.4,64.3],[35.5,64.3],[35.6,64.3],[35.6,64.4],[35.7,64.4],[35.8,64.3],[35.9,64.3],[35.9,64.2],[36,64.2],[36.1,64.2],[36.2,64.2],[36.2,64.1],[36.3,64.1],[36.3,64],[36.4,64],[36.5,64],[36.6,64],[36.6,63.9],[36.7,63.9],[36.8,63.9],[36.9,63.9],[37,63.9],[37.2,63.9],[37.2,63.8],[37.3,63.8],[37.4,63.8],[37.5,63.8],[37.6,63.8],[37.6,63.9],[37.7,63.9],[37.8,63.9],[37.9,63.9],[38,63.9],[38,64],[38.1,64],[38.1,64.1],[38,64.1],[38,64.2],[37.9,64.2],[37.9,64.3],[38,64.3],[37.9,64.3],[37.9,64.4],[38,64.4],[37.8,64.4],[37.7,64.4],[37.6,64.4],[37.5,64.4],[37.4,64.4],[37.3,64.3],[37.3,64.4],[37.1,64.4],[36.8,64.6],[36.7,64.7],[36.6,64.7],[36.5,64.8],[36.6,64.8],[36.5,64.9],[36.4,64.9],[36.5,64.9],[36.6,64.9],[36.7,64.9],[36.8,65],[36.9,65.1],[36.8,65.1],[36.9,65.2],[37,65.2],[37.1,65.2],[37.2,65.1],[37.3,65.1],[37.4,65.1],[37.5,65.1],[37.6,65],[37.7,65],[37.8,64.9],[38,64.9],[38.1,64.8],[38.3,64.8],[38.4,64.9],[38.4,64.8],[38.3,64.8],[38.2,64.8],[38.1,64.8],[38,64.8],[38,64.7],[38.1,64.7],[38,64.7],[38,64.6],[38.1,64.6],[38.1,64.7],[38.2,64.7],[38.3,64.7],[38.3,64.8],[38.4,64.8],[38.4,64.7],[38.5,64.7],[38.5,64.8],[38.4,64.8],[38.5,64.8],[38.6,64.8],[38.7,64.7],[38.8,64.7],[38.9,64.7],[39,64.7],[39.1,64.7],[39.2,64.6],[39.3,64.6],[39.4,64.6],[39.6,64.5],[39.7,64.6],[39.8,64.6],[39.7,64.6],[39.8,64.6],[39.9,64.6],[39.8,64.6],[39.8,64.7],[39.9,64.7],[40.1,64.6],[40.2,64.6],[40.4,64.6],[40.5,64.5],[40.5,64.6],[40.4,64.7],[40.4,64.8],[40.5,64.8],[40.4,64.8],[40.4,64.9],[40.3,65],[40.2,65],[40.1,65.1],[39.9,65.3],[39.8,65.3],[39.7,65.4],[39.7,65.5],[39.7,65.6],[39.8,65.6],[40,65.7],[40.1,65.7],[40.3,65.7],[40.5,65.8],[40.6,65.9],[40.7,66],[40.8,66],[41,66],[41.1,66],[41.3,66.1],[41.4,66.1],[41.5,66.1],[41.6,66.2],[41.7,66.2],[41.9,66.3],[42,66.4],[42.1,66.5],[42.2,66.5],[42.4,66.5],[42.6,66.5],[42.7,66.4],[42.6,66.4],[42.5,66.4],[42.7,66.4],[42.9,66.4],[43.1,66.4],[43.3,66.4],[43.4,66.4],[43.4,66.3],[43.5,66.3],[43.6,66.3],[43.7,66.3],[43.7,66.2],[43.5,66.2],[43.4,66.1],[43.3,66.1],[43.4,66],[43.5,66],[43.5,66.1],[43.4,66.1],[43.5,66.1],[43.6,66.1],[43.6,66.2],[43.7,66.2],[43.8,66.2],[43.9,66.2],[43.9,66.1],[44,66.1],[44.1,66.1],[44,66.1],[44,66],[44.1,66],[44.2,65.9],[44.1,66],[44.2,66.1],[44.1,66.1],[44.1,66.2],[44.1,66.3],[44.2,66.4],[44.2,66.5],[44.3,66.5],[44.4,66.5],[44.4,66.6],[44.5,66.7],[44.6,66.7],[44.5,66.7],[44.4,66.7],[44.4,66.8],[44.5,66.8],[44.5,66.9],[44.5,67],[44.4,67],[44.3,67.1],[44.4,67.1],[44.3,67.1],[44.2,67.1],[44.1,67.2],[44,67.2],[43.9,67.2],[43.8,67.2],[43.8,67.3],[43.9,67.4],[44,67.6],[44,67.7],[44.1,67.7],[44.2,67.7],[44.1,67.7],[44.1,67.8],[44.1,67.9],[44.2,67.9],[44.3,67.9],[44.2,67.9],[44.1,67.9],[44.1,68],[44.2,68],[44.1,68],[44.2,68],[44.3,68.1],[44.4,68.1],[44.3,68.1],[44.2,68],[44.2,68.1],[44.2,68.2],[44.2,68.3],[43.7,68.5],[43.3,68.6],[43.3,68.7],[43.4,68.7],[43.5,68.7],[43.6,68.6],[43.7,68.6],[43.8,68.6],[43.9,68.6],[44,68.6],[44.2,68.5],[44.5,68.6],[45,68.6],[45.3,68.5],[45.6,68.5],[45.9,68.5],[45.9,68.4],[46,68.4],[46,68.3],[46.1,68.3],[46.2,68.3],[46.2,68.2],[46.3,68.2],[46.4,68.2],[46.5,68.2],[46.5,68.1],[46.5,68],[46.6,68],[46.7,67.9],[46.7,67.8],[46.6,67.8],[46.5,67.8],[46.4,67.8],[46.2,67.8],[46,67.8],[45.6,67.7],[45.4,67.7],[45.3,67.7],[45.4,67.7],[45.3,67.7],[45.3,67.6],[45.2,67.6],[45.1,67.6],[45,67.5],[44.9,67.4],[45,67.3],[45.1,67.3],[45.2,67.3],[45.2,67.2],[45.3,67.2],[45.4,67.2],[45.5,67.2],[45.6,67.2],[45.6,67.1],[45.7,67.1],[45.8,67],[45.8,66.9],[45.9,66.9],[46,66.9],[46,66.8],[46.3,66.8],[46.5,66.9],[46.6,66.9],[46.6,66.8],[46.5,66.8],[46.4,66.8],[46.4,66.7],[46.4,66.8],[46.5,66.8],[46.6,66.8],[46.8,66.8],[46.9,66.8],[47,66.9],[47.4,66.9],[47.5,66.9],[47.6,66.9],[47.6,67],[47.7,67],[47.7,67.1],[47.7,67.2],[47.8,67.2],[47.8,67.3],[47.8,67.4],[47.9,67.4],[47.9,67.5],[47.8,67.6],[48,67.7],[48.1,67.7],[48.1,67.6],[48.2,67.7],[48.3,67.7],[48.4,67.7],[48.5,67.7],[48.7,67.7],[48.9,67.7],[49,67.7],[49,67.6],[49.1,67.6],[49.1,67.7],[49,67.7],[49.1,67.7],[49,67.7],[48.9,67.7],[48.8,67.7],[48.8,67.8],[48.6,67.9],[48.7,67.9],[48.8,67.9],[49,67.9],[49.1,67.9],[49.2,67.9],[49.3,67.9],[49.5,68],[49.7,68],[49.8,68],[50,68.1],[49.9,68],[49.8,68],[50,68.1],[50.1,68.1],[50.2,68.2],[50.3,68.2],[50.4,68.2],[50.6,68.3],[50.7,68.3],[50.8,68.4],[50.9,68.3],[51,68.3],[51.1,68.4],[51.2,68.4],[51.3,68.4],[51.4,68.4],[51.5,68.4],[51.6,68.4],[51.5,68.5],[51.6,68.5],[51.7,68.5],[52.1,68.5],[52.2,68.6],[52.2,68.5],[52.1,68.5],[52,68.5],[52.1,68.5],[52.2,68.5],[52.3,68.5],[52.4,68.5],[52.3,68.5],[52.3,68.4],[52.2,68.4],[52.1,68.4],[52.2,68.4],[52.2,68.3],[52.3,68.3],[52.4,68.3],[52.4,68.4],[52.5,68.4],[52.6,68.4],[52.7,68.4],[52.7,68.5],[52.6,68.5],[52.5,68.6],[52.6,68.6],[52.6,68.7],[52.6,68.6],[52.5,68.6],[52.4,68.6],[52.3,68.6],[52.4,68.6],[52.5,68.7],[52.8,68.8],[52.9,68.8],[53.1,68.8],[53.2,68.8],[53.3,68.9],[53.4,68.9],[53.9,69],[54.1,69],[54.3,69],[54.5,69],[54.6,69],[54.5,69],[54.4,69],[54,68.9],[53.6,68.9],[53.7,68.9],[54,68.9],[54,68.8],[53.9,68.8],[53.8,68.8],[53.8,68.7],[53.7,68.7],[53.7,68.6],[53.8,68.6],[53.9,68.5],[53.9,68.4],[53.8,68.4],[53.8,68.3],[53.7,68.4],[53.6,68.4],[53.7,68.4],[53.7,68.3],[53.6,68.3],[53.6,68.4],[53.4,68.4],[53.4,68.3],[53.3,68.3],[53.3,68.4],[53.3,68.3],[53.2,68.3],[53.3,68.2],[53.4,68.2],[53.5,68.3],[53.8,68.3],[53.8,68.2],[53.9,68.2],[54,68.2],[54.1,68.2],[54.2,68.3],[54.2,68.2],[54.5,68.3],[54.6,68.3],[54.7,68.2],[54.8,68.2],[54.9,68.2],[54.9,68.3],[54.9,68.4],[55,68.4],[55.1,68.4],[55.1,68.5],[55.2,68.5],[55.4,68.6],[55.5,68.6],[55.6,68.6],[55.7,68.6],[55.8,68.6],[56,68.7],[56.1,68.6],[56.2,68.6],[56.5,68.6],[56.6,68.6],[56.7,68.6],[56.8,68.6],[57.1,68.5],[57.3,68.6],[57.4,68.6],[57.5,68.7],[57.6,68.7],[57.9,68.8],[58,68.8],[57.9,68.8],[58,68.8],[58,68.9],[58.2,68.9],[58.2,68.8],[58.3,68.8],[58.4,68.8],[58.3,68.7],[58.4,68.7],[58.4,68.8],[58.3,68.8],[58.3,68.9],[58.6,69],[58.9,69],[59.2,69],[59.1,69],[59,69],[58.9,69],[58.9,68.9],[59,68.9],[59.1,68.9],[59.4,68.8],[59.4,68.7],[59.3,68.7],[59.2,68.7],[59.1,68.7],[59.1,68.6],[59.1,68.5],[59.1,68.4],[59.4,68.4],[59.7,68.3],[59.9,68.4],[60,68.5],[59.9,68.5],[59.9,68.6],[59.8,68.6],[59.8,68.7],[59.9,68.7],[60,68.7],[60.1,68.7],[60.5,68.7],[60.6,68.7],[60.7,68.8],[60.8,68.9],[60.9,68.9],[61,68.9],[60.9,68.9],[60.9,69],[60.9,69.1],[60.8,69.2],[60.7,69.2],[60.7,69.1],[60.6,69.1],[60.6,69.2],[60.6,69.3],[60.5,69.3],[60.4,69.4],[60.3,69.4],[60.3,69.5],[60.2,69.5],[60.2,69.6],[60.1,69.6],[60.2,69.6],[60.2,69.7],[60.7,69.7],[60.6,69.7],[60.7,69.7],[60.7,69.8],[60.8,69.8],[60.9,69.9],[61,69.9],[61,69.8],[61.1,69.8],[61.1,69.9],[61.1,69.8],[61.2,69.8],[61.3,69.8],[61.4,69.8],[61.8,69.8],[62.2,69.7],[62.6,69.7],[62.9,69.7],[63.2,69.7],[63.4,69.7],[63.6,69.6],[63.8,69.6],[64.1,69.6],[64.4,69.5],[64.5,69.5],[64.7,69.4],[64.9,69.3],[65,69.3],[64.9,69.3],[64.8,69.3],[64.8,69.2],[64.8,69.1],[64.8,69.2],[64.9,69.2],[64.9,69.3],[65,69.3],[65.1,69.3],[65.4,69.2],[65.8,69.1],[65.9,69.1],[65.8,69.1],[65.7,69.1],[65.6,69.1],[65.7,69.1],[65.8,69.1],[65.9,69.1],[66,69.1],[66,69],[66.1,69],[66.2,69],[66.3,69],[66.4,69],[66.7,68.9],[67,68.9],[67.1,68.9],[67.1,68.8],[67,68.8],[67.1,68.8],[67.2,68.7],[67.3,68.7],[67.4,68.7],[67.6,68.6],[67.8,68.5],[67.7,68.5],[67.8,68.5],[67.9,68.5],[68.1,68.4],[68.2,68.4],[68.3,68.3],[68.2,68.3],[68.2,68.2],[68.3,68.2],[68.4,68.2],[68.5,68.2],[68.5,68.3],[68.6,68.3],[68.7,68.3],[68.6,68.3],[68.6,68.4],[68.7,68.4],[68.7,68.5],[68.8,68.5],[68.9,68.6],[68.9,68.7],[69,68.7],[69,68.8],[69.1,68.8],[69.1,68.9],[69,68.9],[68.9,68.9],[69,68.9],[69.1,68.9],[69.2,69],[69,68.9],[69,69],[68.9,69],[68.8,68.9],[68.7,68.9],[68.5,69],[68.4,69],[68.4,69.1],[68.1,69.2],[68.1,69.3],[68,69.3],[68,69.4],[68.1,69.4],[68.1,69.5],[68.1,69.6],[68,69.6],[68,69.5],[67.8,69.5],[67.7,69.6],[67.6,69.6],[67.5,69.6],[67.3,69.6],[67.1,69.7],[67,69.7],[67,69.6],[66.9,69.6],[67,69.5],[66.9,69.5],[66.8,69.6],[66.8,69.7],[66.8,69.8],[66.9,70],[66.9,70.1],[67,70.1],[67,70],[67.1,70],[67.2,70],[67.3,70],[67.3,70.1],[67.3,70.2],[67.2,70.2],[67.3,70.2],[67.3,70.1],[67.2,70.1],[67.2,70.2],[67.1,70.2],[67.1,70.3],[67.2,70.3],[67.2,70.4],[67.3,70.4],[67.3,70.5],[67.2,70.5],[67.3,70.7],[67.3,70.8],[67.1,70.8],[67,70.8],[66.8,70.8],[66.7,70.8],[66.6,70.8],[66.6,70.9],[66.7,70.9],[66.8,70.9],[66.8,71],[66.8,71.1],[66.9,71.1],[66.8,71.1],[66.7,71.1],[66.8,71],[66.7,71],[66.6,71],[66.6,71.1],[66.8,71.2],[66.9,71.3],[67,71.3],[67.2,71.3],[67.3,71.4],[67.5,71.4],[67.6,71.4],[67.7,71.5],[67.8,71.5],[67.9,71.5],[68,71.6],[68.3,71.7],[68.4,71.8],[68.5,71.8],[68.5,71.9],[68.6,71.9],[68.6,72],[68.7,72.1],[68.7,72.2],[68.8,72.3],[68.8,72.4],[68.9,72.4],[68.8,72.5],[68.9,72.5],[68.9,72.6],[69,72.6],[69,72.7],[69.1,72.7],[69,72.7],[69.2,72.8],[69.3,72.8],[69.3,72.9],[69.4,73],[69.5,73],[69.8,73],[69.8,72.9],[69.6,72.9],[69.9,72.9],[70.2,72.9],[70.7,72.9],[71,72.9],[71.3,72.9],[71.4,72.9],[71.5,72.9],[71.6,72.9],[71.7,72.9],[72,72.8],[71.9,72.8],[71.8,72.8],[71.9,72.8],[72.1,72.8],[72.3,72.8],[72.5,72.8],[72.7,72.7],[72.8,72.7],[72.7,72.7],[72.8,72.7],[72.8,72.6],[72.7,72.6],[72.8,72.6],[72.8,72.5],[72.8,72.4],[72.9,72.3],[72.8,72.3],[72.8,72.2],[72.7,72.2],[72.7,72.1],[72.6,72.1],[72.6,72],[72.5,72],[72.5,71.9],[72.4,71.9],[72.3,71.8],[72.4,71.7],[72.3,71.7],[72.2,71.7],[72.2,71.6],[72,71.6],[71.9,71.6],[71.8,71.5],[71.8,71.4],[71.9,71.4],[72.1,71.3],[72.6,71.2],[72.6,71.1],[72.7,71.1],[72.6,71.1],[72.6,71],[72.7,71],[72.7,70.9],[72.8,70.9],[72.8,70.8],[72.8,70.7],[72.7,70.6],[72.8,70.6],[72.8,70.5],[72.8,70.4],[72.7,70.4],[72.6,70.4],[72.5,70.3],[72.4,70.3],[72.5,70.2],[72.6,70.2],[72.6,70.1],[72.5,70.1],[72.5,70],[72.6,69.9],[72.7,69.9],[72.7,69.8],[72.6,69.7],[72.5,69.7],[72.5,69.6],[72.6,69.6],[72.6,69.5],[72.6,69.4],[72.5,69.4],[72.6,69.4],[72.6,69.3],[72.6,69.2],[72.5,69.2],[72.5,69.1],[72.5,69],[72.6,69],[72.6,68.9],[72.7,68.9],[72.9,68.8],[73.1,68.7],[73.5,68.6],[73.6,68.5],[73.6,68.4],[73.6,68.5],[73.5,68.5],[73.5,68.4],[73.4,68.4],[73.3,68.3],[73.2,68.2],[73.1,68.2],[73.1,68.1],[73.2,68],[73.2,67.9],[73.2,67.8],[73.1,67.8],[73.1,67.7],[73.2,67.7],[73.1,67.7],[73,67.7],[72.9,67.7],[72.9,67.6],[72.8,67.6],[72.6,67.6],[72.5,67.6],[72.6,67.5],[72.5,67.5],[72.4,67.5],[72.4,67.4],[72.5,67.4],[72.4,67.4],[72.4,67.3],[72.3,67.3],[72.2,67.3],[72.1,67.3],[72,67.3],[72.1,67.3],[72.1,67.2],[72.2,67.2],[72.1,67.2],[71.9,67.1],[72,67.1],[71.9,67],[71.8,67],[71.8,66.9],[71.7,66.9],[71.6,66.9],[71.5,66.9],[71.4,67],[71.3,67],[71.4,66.9],[71.5,66.9],[71.4,66.9],[71.5,66.9],[71.5,66.8],[71.5,66.7],[71.6,66.7],[71.5,66.6],[71.4,66.6],[71.3,66.7],[71.4,66.7],[71.3,66.6],[71.2,66.6],[71.2,66.7],[71.2,66.6],[71.1,66.6],[71,66.6],[71.1,66.6],[71,66.6],[70.9,66.6],[71,66.6],[71,66.5],[70.7,66.5],[70.4,66.6],[70.3,66.6],[70.3,66.7],[70.4,66.7],[70.5,66.7],[70.6,66.7],[70.7,66.7],[70.7,66.8],[70.6,66.8],[70.5,66.7],[70.6,66.7],[70.5,66.7],[70.3,66.7],[70.2,66.7],[70.1,66.8],[70,66.8],[69.9,66.9],[69.9,66.8],[69.8,66.8],[69.7,66.8],[69.6,66.8],[69.4,66.8],[69.3,66.8],[69.1,66.8],[69,66.8],[69.1,66.8],[69.1,66.7],[69.1,66.6],[69.2,66.6],[69.4,66.5],[69.5,66.5],[69.6,66.5],[69.7,66.5],[69.8,66.5],[69.9,66.4],[70.3,66.4],[70.4,66.3],[70.6,66.3],[70.9,66.4],[71.1,66.4],[71.3,66.4],[71.4,66.4],[71.5,66.3],[71.7,66.3],[71.8,66.3],[71.8,66.2],[71.9,66.3],[72,66.2],[72.1,66.2],[72.3,66.3],[72.4,66.3],[72.4,66.4],[72.4,66.5],[72.3,66.5],[72.4,66.5],[72.5,66.6],[72.8,66.6],[72.9,66.6],[72.9,66.7],[73,66.7],[73.1,66.8],[73.2,66.8],[73.5,66.8],[73.6,66.9],[73.7,66.9],[73.8,67],[73.9,67],[73.9,67.1],[73.9,67.2],[74,67.2],[73.9,67.3],[74.1,67.4],[74.4,67.6],[74.7,67.7],[74.8,67.8],[74.8,67.9],[74.8,68],[74.8,68.1],[74.7,68.1],[74.7,68.2],[74.6,68.3],[74.4,68.4],[74.3,68.4],[74.4,68.4],[74.5,68.5],[74.5,68.6],[74.4,68.6],[74.4,68.7],[74.5,68.7],[74.6,68.8],[74.9,68.8],[75.2,68.9],[75.5,68.9],[75.6,68.9],[75.8,68.9],[76,69],[76.1,69],[76.2,69],[76.4,69],[76.6,69],[76.6,68.9],[76.7,68.9],[76.7,68.8],[76.6,68.8],[76.7,68.8],[76.9,68.7],[77,68.7],[77,68.6],[77.1,68.6],[77.2,68.6],[77.3,68.5],[77.2,68.5],[77.3,68.4],[77.3,68.3],[77.2,68.3],[77.3,68.2],[77.4,68.2],[77.3,68.2],[77.3,68.1],[77.2,68.1],[77.2,68],[77.3,67.9],[77.2,67.8],[77.1,67.9],[77.1,67.8],[77.4,67.7],[77.5,67.7],[77.7,67.6],[77.7,67.5],[77.8,67.6],[77.9,67.6],[78,67.6],[78,67.5],[78.1,67.5],[78.1,67.6],[78.2,67.6],[78.3,67.6],[78.4,67.6],[78.5,67.6],[78.6,67.6],[78.7,67.6],[78.8,67.6],[78.9,67.6],[79,67.6],[79.1,67.6],[79,67.6],[78.9,67.6],[78.8,67.6],[78.9,67.6],[78.9,67.7],[78.8,67.7],[78.7,67.6],[78.6,67.6],[78.5,67.6],[78.6,67.6],[78.6,67.7],[78.5,67.7],[78.4,67.7],[78.4,67.6],[78.3,67.7],[78.2,67.7],[78.1,67.7],[78,67.7],[77.9,67.7],[77.8,67.7],[77.8,67.8],[77.7,67.7],[77.6,67.7],[77.5,67.8],[77.5,67.9],[77.6,67.9],[77.5,67.9],[77.5,68],[77.5,68.1],[77.6,68.2],[77.7,68.2],[77.8,68.2],[77.9,68.2],[78,68.2],[78.1,68.2],[78.2,68.3],[78.1,68.3],[78.1,68.4],[78,68.4],[77.9,68.4],[77.9,68.5],[78,68.5],[77.9,68.5],[77.8,68.5],[77.8,68.6],[77.7,68.6],[77.7,68.7],[77.7,68.8],[77.7,68.9],[77.6,68.9],[77.4,68.9],[77.3,69],[77.2,69],[76.9,69],[76.8,69.1],[76.7,69.1],[76.6,69.1],[76.6,69.2],[76.6,69.1],[76.5,69.1],[76.4,69.1],[76.2,69.2],[76.1,69.2],[76,69.2],[75.8,69.2],[75.5,69.3],[75.3,69.2],[75.2,69.2],[75.1,69.2],[75.1,69.1],[75.2,69.1],[75.1,69.1],[74.9,69.1],[74.8,69.1],[74.7,69.1],[74.5,69.1],[74.3,69.1],[74.2,69.1],[74,69.1],[73.9,69.1],[73.8,69.1],[73.8,69.2],[73.8,69.3],[73.9,69.4],[73.9,69.5],[73.8,69.6],[73.6,69.6],[73.6,69.7],[73.5,69.7],[73.5,69.8],[73.6,69.8],[73.7,69.9],[73.7,70],[73.8,70.1],[73.7,70.1],[73.7,70.2],[74,70.3],[74.1,70.3],[74.1,70.4],[74.2,70.4],[74.3,70.5],[74.3,70.6],[74.3,70.7],[74,70.8],[73.9,70.9],[73.9,71],[73.8,71],[73.7,71],[73.7,71.1],[73.7,71.2],[73.6,71.2],[73.6,71.3],[73.5,71.3],[73.4,71.3],[73.3,71.3],[73.2,71.4],[73.1,71.4],[73,71.4],[73.4,71.6],[73.5,71.7],[73.5,71.8],[73.8,71.9],[73.9,71.9],[74.3,72],[74.4,72],[74.7,72],[74.9,72.1],[75,72.1],[75.1,72.2],[75.1,72.3],[75.1,72.4],[75.1,72.5],[75.1,72.6],[75,72.6],[75,72.7],[74.7,72.8],[74.8,72.8],[75,72.9],[75.1,72.9],[75.2,72.8],[75.3,72.8],[75.5,72.8],[75.5,72.7],[75.4,72.7],[75.3,72.7],[75.4,72.7],[75.5,72.7],[75.5,72.6],[75.7,72.6],[75.7,72.5],[75.6,72.5],[75.6,72.4],[75.7,72.4],[75.7,72.3],[75.8,72.3],[75.7,72.3],[75.7,72.2],[75.6,72.2],[75.5,72.2],[75.5,72.1],[75.4,72],[75.3,72],[75.3,71.9],[75.2,71.9],[75.2,71.8],[75.3,71.8],[75.3,71.7],[75.5,71.7],[75.5,71.6],[75.4,71.6],[75.5,71.6],[75.5,71.5],[75.4,71.5],[75.3,71.5],[75.2,71.5],[75.2,71.4],[75.3,71.4],[75.3,71.3],[75.7,71.3],[76,71.2],[76.1,71.2],[76.2,71.2],[76.5,71.2],[76.7,71.2],[76.9,71.2],[76.9,71.1],[77,71.1],[76.9,71.2],[77,71.2],[77.4,71.2],[77.6,71.2],[77.8,71.1],[77.9,71.1],[77.9,71],[78,71],[78.3,70.9],[78.4,70.9],[78.5,70.9],[78.6,70.9],[78.8,70.9],[78.9,70.9],[79,70.9],[79.1,70.9],[79.1,71],[79,71],[79.1,71],[79,71],[78.8,71],[78.9,71],[78.8,70.9],[78.7,70.9],[78.7,71],[78.6,71],[78.5,70.9],[78.4,70.9],[78.5,71],[78.6,71],[78.5,71.1],[78.4,71.1],[78.3,71.1],[78.4,71.1],[78.5,71.1],[78.5,71],[78.4,71],[78.4,71.1],[78.3,71.1],[78.2,71.1],[78.3,71.1],[78.3,71.2],[78.3,71.3],[78.2,71.3],[78,71.3],[77.9,71.3],[78,71.3],[78,71.4],[77.9,71.4],[77.9,71.3],[77.8,71.3],[77.7,71.3],[77.8,71.3],[77.7,71.3],[77.6,71.3],[77.5,71.3],[77.4,71.3],[77.5,71.3],[77.2,71.4],[77.1,71.4],[76.9,71.4],[76.7,71.5],[76.6,71.5],[76.5,71.5],[76.3,71.6],[76.2,71.6],[76.3,71.6],[76.3,71.7],[76.2,71.7],[76.1,71.8],[76.1,71.9],[76,71.9],[76.1,71.9],[76.4,72],[76.6,72],[76.9,72.1],[76.9,72],[77,72],[77.4,71.9],[77.6,71.8],[77.7,71.8],[78.1,71.9],[78.2,71.9],[78.2,72],[78,72.1],[77.9,72.1],[77.7,72.1],[77.6,72.1],[77.5,72.1],[77.4,72.1],[77.5,72.2],[77.4,72.2],[77.5,72.2],[77.6,72.2],[77.7,72.2],[77.9,72.3],[78.1,72.4],[78.2,72.4],[78.3,72.4],[78.4,72.4],[78.5,72.4],[78.8,72.4],[79,72.4],[79.2,72.4],[79.4,72.4],[79.5,72.4],[79.8,72.3],[80,72.2],[80.5,72.2],[80.8,72.1],[80.9,72.1],[80.8,72.1],[80.8,72],[80.7,72],[80.8,72.1],[80.7,72.1],[80.6,72.1],[80.6,72],[80.9,71.9],[81.2,71.9],[81.3,71.9],[81.3,71.8],[81.5,71.7],[81.7,71.7],[82.2,71.7],[82.3,71.7],[82.4,71.7],[82.5,71.8],[82.9,71.8],[83,71.7],[83.2,71.7],[83.3,71.7],[83.3,71.6],[83.2,71.6],[83.1,71.6],[83,71.5],[83,71.4],[82.9,71.4],[82.8,71.4],[82.6,71.3],[82.3,71.3],[82.3,71.2],[82.3,71.1],[82.4,71.1],[82.3,71.1],[82.2,71],[82.3,70.9],[82.3,70.8],[82.4,70.8],[82.4,70.7],[82.2,70.7],[82.2,70.6],[82.1,70.6],[82.1,70.5],[82.2,70.5],[82.2,70.4],[82.2,70.3],[82.3,70.3],[82.3,70.2],[82.3,70.3],[82.3,70.4],[82.2,70.4],[82.2,70.5],[82.2,70.6],[82.3,70.6],[82.4,70.6],[82.5,70.6],[82.4,70.7],[82.5,70.7],[82.5,70.8],[82.6,70.8],[82.5,70.8],[82.6,70.9],[82.7,71],[82.8,71],[82.9,70.9],[82.9,71],[83,70.9],[83.1,70.9],[83.1,70.8],[83.1,70.7],[83.1,70.6],[83,70.6],[83,70.5],[83.1,70.5],[83,70.5],[83,70.4],[82.9,70.4],[82.7,70.3],[82.7,70.2],[82.6,70.2],[82.7,70.2],[82.8,70.1],[82.9,70.1],[83,70.1],[83.1,70.1],[83.2,70.1],[83.1,70.2],[83,70.3],[83.2,70.3],[83.3,70.3],[83.5,70.3],[83.5,70.4],[83.6,70.4],[83.8,70.5],[83.7,70.5],[83.8,70.5],[83.8,70.6],[83.7,70.6],[83.7,70.7],[83.6,70.7],[83.6,70.8],[83.5,70.8],[83.5,70.9],[83.4,71],[83.3,71.1],[83.2,71.1],[83.1,71.1],[83.2,71.1],[83.3,71.1],[83.2,71.1],[83.2,71.2],[83.1,71.2],[83.2,71.3],[83.3,71.3],[83.3,71.4],[83.4,71.4],[83.4,71.5],[83.5,71.5],[83.6,71.5],[83.6,71.6],[83.6,71.7],[83.5,71.7],[83.4,71.7],[83.4,71.8],[83.3,71.9],[83.2,71.9],[83.1,71.9],[83,71.9],[82.8,71.9],[82.7,71.9],[82.6,71.9],[82.6,72],[82.5,72],[82.4,72],[82.3,72.1],[82.2,72.1],[82.3,72.1],[82.3,72.2],[82.2,72.3],[82.1,72.3],[81.9,72.3],[81.6,72.4],[81.2,72.4],[80.9,72.5],[80.8,72.5],[80.7,72.5],[80.7,72.6],[80.8,72.6],[80.7,72.6],[80.7,72.7],[80.6,72.7],[80.7,72.8],[80.8,72.8],[80.8,72.9],[80.8,73],[80.7,73.1],[80.5,73.1],[80.4,73.1],[80.5,73.1],[80.6,73.1],[80.5,73.2],[80.4,73.2],[80.3,73.2],[80.2,73.2],[80.3,73.2],[80.5,73.2],[80.6,73.2],[80.5,73.3],[80.4,73.3],[80.3,73.3],[80.3,73.4],[80.4,73.4],[80.5,73.4],[80.6,73.4],[80.6,73.5],[80.7,73.5],[80.6,73.5],[80.5,73.5],[80.5,73.6],[80.6,73.6],[80.8,73.6],[80.9,73.6],[81.3,73.6],[81.5,73.6],[82,73.7],[82.3,73.7],[82.6,73.7],[83.1,73.7],[83.5,73.7],[83.7,73.7],[84,73.7],[84.4,73.7],[84.6,73.8],[84.8,73.8],[84.9,73.7],[85,73.7],[85.1,73.7],[85.4,73.7],[85.5,73.7],[85.5,73.8],[85.6,73.8],[85.9,73.8],[86,73.9],[86.4,73.9],[86.8,73.9],[87.1,73.9],[87.1,73.8],[87,73.8],[86.9,73.8],[86.8,73.8],[86.7,73.7],[86.6,73.7],[86.5,73.7],[86.4,73.6],[86.3,73.6],[86.1,73.6],[86,73.5],[85.9,73.5],[85.8,73.5],[85.8,73.4],[85.8,73.3],[85.9,73.3],[86.2,73.3],[86.2,73.2],[86.3,73.2],[86.2,73.2],[86.3,73.2],[86.5,73.2],[86.6,73.1],[86.7,73.1],[86.7,73],[86.8,73],[86.8,73.1],[86.7,73.1],[86.7,73.2],[86.6,73.2],[86.5,73.2],[86.4,73.2],[86.3,73.3],[85.9,73.3],[85.9,73.4],[85.8,73.4],[85.9,73.4],[85.8,73.4],[85.9,73.5],[86,73.5],[86.1,73.5],[86.2,73.6],[86.5,73.6],[86.8,73.6],[87.1,73.6],[87.2,73.6],[87.2,73.7],[87.3,73.7],[87.2,73.7],[87.3,73.7],[87.3,73.8],[87.6,73.8],[87.7,73.9],[87.6,73.9],[87.7,73.9],[87.6,73.9],[87.5,73.9],[87.5,73.8],[87.4,73.8],[87.3,73.8],[87.2,73.9],[87.1,73.9],[87.1,74],[87,74],[86.9,74],[87,74],[87.3,74],[87.4,74],[87.3,74.1],[86.9,74.1],[86.8,74.1],[86.7,74.1],[86.8,74.2],[86.7,74.2],[86.5,74.3],[86,74.3],[85.9,74.3],[86,74.3],[85.9,74.3],[85.9,74.4],[86.2,74.4],[86.2,74.3],[86.3,74.3],[86.3,74.4],[86.2,74.4],[86.1,74.4],[86,74.4],[86.1,74.4],[86.2,74.4],[86.3,74.4],[86.5,74.5],[86.6,74.4],[86.7,74.4],[86.8,74.4],[86.9,74.4],[87,74.4],[86.9,74.4],[86.8,74.3],[86.7,74.3],[86.8,74.3],[86.9,74.3],[87,74.3],[87.1,74.3],[87,74.3],[87,74.4],[87.1,74.4],[87.3,74.4],[87.2,74.4],[87.1,74.4],[86.8,74.4],[86.7,74.4],[86.7,74.5],[86.6,74.5],[86.5,74.5],[86.6,74.5],[86.8,74.5],[86.8,74.6],[86.5,74.6],[86.4,74.6],[86.3,74.6],[86.2,74.6],[85.7,74.6],[85.8,74.7],[85.9,74.7],[85.8,74.7],[85.9,74.7],[86,74.7],[86.1,74.7],[86.1,74.8],[86,74.8],[86.1,74.8],[86.2,74.8],[86.3,74.8],[86.4,74.8],[86.2,74.8],[86.3,74.7],[86.4,74.7],[86.5,74.7],[86.6,74.7],[86.7,74.7],[86.7,74.6],[86.8,74.6],[86.9,74.6],[87,74.6],[86.9,74.6],[86.9,74.7],[87,74.7],[86.9,74.7],[86.8,74.7],[86.9,74.7],[86.9,74.8],[87,74.8],[87,74.7],[87.1,74.7],[87.1,74.8],[87,74.8],[87.1,74.8],[87.1,74.9],[87.3,74.9],[87.4,74.9],[87.4,75],[87.3,75],[87.2,75],[87.3,75],[87.4,75],[87.5,75],[87.4,75],[87.5,74.9],[87.6,74.9],[87.6,75],[87.7,75],[87.8,75],[87.7,75],[87.5,75],[87.4,75],[87.3,75.1],[87,75.1],[86.9,75.1],[87,75.2],[87.2,75.2],[87.5,75.1],[87.6,75.1],[87.9,75.1],[88,75.1],[88.1,75.1],[88.2,75.2],[88.3,75.2],[88.4,75.3],[88.5,75.3],[88.6,75.3],[88.8,75.4],[88.9,75.4],[89,75.4],[89.1,75.4],[89,75.4],[88.7,75.4],[88.8,75.4],[89,75.4],[89,75.5],[89.1,75.5],[89.2,75.5],[89.3,75.5],[89.4,75.5],[89.4,75.4],[89.5,75.4],[89.6,75.4],[89.6,75.5],[89.6,75.4],[89.7,75.4],[89.7,75.5],[89.6,75.5],[89.9,75.5],[90.1,75.5],[90,75.5],[89.9,75.6],[90,75.6],[90.3,75.6],[90.6,75.6],[90.8,75.7],[90.9,75.7],[90.9,75.6],[91,75.6],[91.1,75.6],[91.1,75.7],[91.2,75.7],[91.2,75.6],[91.3,75.6],[91.5,75.7],[91.6,75.6],[91.6,75.7],[91.7,75.7],[91.8,75.7],[91.9,75.7],[92,75.7],[92.1,75.7],[92.2,75.8],[92.4,75.7],[92.5,75.8],[92.9,75.8],[93.2,75.8],[93.5,75.9],[93.8,75.9],[94.1,75.9],[94.2,75.9],[94.1,76],[94.1,75.9],[93.7,75.9],[93.6,75.9],[93.6,76],[93.5,76],[93.5,75.9],[93.4,75.9],[93.5,75.9],[93.4,75.9],[93.3,75.9],[93.3,76],[93.2,76],[93.1,76],[93,75.9],[93.1,75.9],[93,75.9],[92.9,75.9],[92.9,76],[92.8,76],[92.9,76],[92.9,76.1],[93,76.1],[93.1,76.1],[93.1,76],[93.2,76],[93.2,76.1],[93.1,76.1],[93.3,76.1],[93.4,76.1],[93.3,76.1],[93.4,76.1],[93.4,76],[93.5,76],[93.6,76.1],[93.6,76],[93.7,76.1],[93.7,76],[93.8,76],[93.8,76.1],[94,76],[94,76.1],[93.9,76.1],[93.8,76.1],[93.7,76.1],[93.6,76.1],[93.7,76.1],[94.1,76.1],[94.2,76.1],[94.3,76.1],[94.4,76.1],[94.5,76.1],[94.4,76.1],[94.5,76.1],[94.6,76.1],[94.7,76.1],[94.6,76.1],[94.5,76.1],[94.6,76.2],[94.8,76.1],[94.9,76.1],[95.1,76.1],[95.2,76.1],[95.3,76.1],[95.3,76.2],[95.4,76.2],[95.9,76.1],[96,76.1],[96.1,76.1],[96.2,76.1],[96.1,76.1],[96,76.1],[96.1,76.1],[96.1,76],[96,76],[95.9,76],[95.7,75.9],[95.6,75.9],[95.7,75.9],[95.8,75.9],[95.9,75.9],[96,76],[96.1,76],[96.2,75.9],[96.3,76],[96.4,76],[96.5,76],[96.6,76],[96.7,76],[96.6,76],[96.6,75.9],[96.5,75.9],[96.4,75.9],[96.5,75.9],[96.6,75.9],[96.7,75.9],[96.8,75.9],[96.9,75.9],[97,75.9],[97,76],[97.1,76],[97.2,76],[97.3,76],[97.4,76],[97.2,76],[97.2,75.9],[97.3,75.9],[97.3,76],[97.4,76],[97.5,76],[97.6,76],[97.7,76],[97.8,76],[97.7,76.1],[97.6,76],[97.5,76.1],[97.6,76.1],[97.7,76.1],[97.8,76.1],[97.9,76.1],[98,76.1],[98.1,76.1],[98.2,76.1],[98,76.1],[97.9,76.1],[98,76.1],[98,76.2],[98.1,76.2],[98.1,76.1],[98.1,76.2],[98.2,76.2],[98.3,76.2],[98.4,76.2],[98.6,76.2],[98.8,76.3],[98.8,76.2],[98.7,76.2],[98.8,76.2],[98.9,76.2],[99.2,76.2],[99.3,76.2],[99.2,76.2],[99.1,76.2],[99.2,76.1],[99.3,76.1],[99.4,76.1],[99.5,76.1],[99.6,76.2],[99.6,76.1],[99.5,76.1],[99.6,76.1],[99.7,76.1],[99.8,76],[99.7,76],[99.7,75.9],[99.6,75.8],[99.5,75.8],[99.4,75.8],[99.6,75.8],[99.7,75.8],[99.7,75.9],[99.9,75.9],[99.9,76],[99.8,76],[99.9,76.1],[99.8,76.1],[99.8,76.2],[99.7,76.2],[99.6,76.2],[99.6,76.3],[99.4,76.3],[99.3,76.3],[99.3,76.4],[99.1,76.4],[99,76.4],[98.9,76.4],[98.8,76.5],[98.9,76.5],[99.2,76.5],[99.5,76.5],[99.8,76.5],[99.9,76.5],[100.2,76.5],[100.3,76.5],[100.7,76.5],[100.8,76.5],[100.9,76.5],[101,76.5],[101.1,76.5],[101,76.5],[101.3,76.5],[101.4,76.5],[101.7,76.5],[101.8,76.4],[101.9,76.4],[102.2,76.4],[102.1,76.4],[102,76.4],[101.9,76.4],[101.8,76.5],[101.6,76.5],[101.5,76.5],[101.6,76.5],[101.4,76.5],[101,76.5],[100.9,76.6],[101,76.6],[101.1,76.6],[101.1,76.7],[101.2,76.7],[101.2,76.8],[101,76.8],[100.9,76.8],[100.9,76.9],[100.9,77],[101,77],[101.1,77],[101.2,77],[101.2,77.1],[101.4,77.2],[101.6,77.2],[101.8,77.3],[102,77.4],[102.1,77.4],[102.2,77.4],[102.3,77.4],[102.4,77.4],[102.5,77.5],[102.6,77.5],[102.9,77.5],[102.9,77.6],[103.2,77.7],[103.3,77.7],[103.3,77.6],[103.4,77.6],[103.6,77.6],[103.7,77.7],[103.8,77.7],[103.9,77.7],[104,77.7],[104.1,77.7],[104.2,77.7],[104.3,77.7],[104.7,77.7],[104.8,77.7],[104.8,77.6],[104.9,77.6],[105,77.6],[105.2,77.6],[105.3,77.5],[105.6,77.6],[105.9,77.6],[105.8,77.5],[105.9,77.5],[106,77.4],[106.1,77.4],[106.2,77.4],[106.3,77.4],[106.2,77.4],[105.8,77.4],[105.7,77.4],[105.7,77.3],[105.6,77.3],[105.5,77.3],[105.4,77.3],[105.5,77.3],[105.5,77.2],[105.3,77.2],[105.2,77.2],[105,77.2],[104.9,77.2],[104.8,77.2],[104.6,77.2],[104.5,77.1],[104.3,77.1],[104.2,77.1],[104.1,77.1],[104.2,77.1],[104.3,77.1],[104.8,77.1],[104.9,77.1],[105.1,77.1],[105.2,77.1],[105.3,77.1],[105.6,77.1],[105.8,77.1],[105.9,77.1],[105.8,77.1],[105.7,77.1],[105.8,77.1],[105.8,77],[105.7,77],[105.5,77],[105.4,77],[105.5,77],[105.6,77],[105.7,77],[105.8,77],[105.9,77],[106.2,77.1],[106.3,77.1],[106.4,77],[106.5,77],[106.6,77],[106.7,77],[106.8,77],[106.7,77],[106.6,77],[106.7,77],[106.8,77],[106.8,77.1],[107,77],[107.1,77],[107.2,77],[107.3,77],[107.2,77],[107.3,77],[107.4,76.9],[107.5,76.9],[107.3,76.9],[107.4,76.9],[107.3,76.9],[107.2,76.9],[107.2,76.8],[107.3,76.8],[107.2,76.8],[107.1,76.8],[107,76.8],[107,76.7],[106.9,76.7],[106.8,76.7],[106.7,76.7],[106.8,76.7],[106.7,76.6],[106.6,76.6],[106.5,76.6],[106.6,76.6],[106.5,76.6],[106.4,76.6],[106.4,76.5],[106.7,76.5],[106.8,76.5],[106.9,76.5],[107,76.5],[107.3,76.5],[107.6,76.5],[107.8,76.5],[107.9,76.5],[107.9,76.6],[108,76.6],[108,76.7],[107.9,76.7],[108,76.7],[108.1,76.7],[108.2,76.7],[108.3,76.7],[108.5,76.7],[108.7,76.7],[109,76.7],[109.2,76.7],[109.3,76.8],[109.4,76.8],[109.4,76.7],[109.6,76.7],[109.8,76.7],[109.9,76.7],[110,76.7],[110.1,76.7],[110.4,76.8],[110.6,76.8],[110.6,76.7],[110.7,76.7],[110.8,76.7],[110.9,76.7],[110.9,76.8],[111,76.8],[111.1,76.8],[111.1,76.7],[111.2,76.7],[111.6,76.7],[111.5,76.7],[111.5,76.6],[111.4,76.6],[111.5,76.6],[111.7,76.6],[111.8,76.6],[112.2,76.5],[111.9,76.4],[111.8,76.3],[111.9,76.4],[112,76.4],[112.1,76.4],[112.2,76.4],[112.2,76.5],[112.3,76.5],[112.7,76.4],[112.7,76.3],[112.7,76.2],[112.6,76.2],[112.5,76.2],[112.6,76.2],[112.7,76.2],[112.8,76.2],[112.9,76.1],[112.8,76.1],[112.7,76.1],[112.6,76.1],[112.6,76],[113,76.1],[113.1,76.2],[113.2,76.1],[113.3,76.1],[113.3,76.2],[113.2,76.2],[113.1,76.2],[113,76.2],[112.9,76.2],[112.9,76.3],[113.1,76.3],[113.2,76.3],[113.3,76.3],[113.3,76.2],[113.2,76.2],[113.3,76.2],[113.4,76.2],[113.5,76.1],[113.4,76.1],[113.5,76],[113.6,76],[113.5,76],[113.4,75.9],[113.5,75.9],[113.6,75.9],[113.5,75.9],[113.6,75.9],[113.7,75.9],[113.6,75.9],[113.7,75.9],[113.8,75.9],[113.9,75.9],[113.8,75.9],[113.9,75.9],[113.9,75.8],[113.8,75.8],[113.8,75.7],[113.7,75.7],[113.7,75.6],[113.6,75.6],[113.6,75.5],[113.4,75.5],[113.4,75.6],[113.5,75.6],[113.6,75.6],[113.6,75.7],[113.3,75.7],[113.1,75.7],[112.8,75.8],[112.6,75.9],[112.4,75.9],[112.3,75.8],[112.4,75.8],[112.5,75.8],[112.6,75.8],[112.7,75.8],[112.8,75.7],[112.9,75.7],[112.8,75.7],[112.7,75.7],[112.8,75.7],[112.9,75.7],[112.9,75.6],[112.8,75.6],[112.9,75.5],[113,75.5],[113,75.6],[113.2,75.7],[113.3,75.7],[113.3,75.6],[113.3,75.5],[113.5,75.5],[113.6,75.5],[113.7,75.5],[113.7,75.4],[113.6,75.4],[113.5,75.4],[113.6,75.4],[113.7,75.4],[113.7,75.3],[113.6,75.3],[113.4,75.2],[113.1,75.1],[113,75.1],[113,75],[112.9,75],[112.5,74.9],[112.4,74.9],[112.1,74.9],[112.1,74.8],[112,74.8],[111.9,74.8],[111.9,74.7],[112,74.7],[111.9,74.7],[111.8,74.7],[111.7,74.7],[111.5,74.7],[111.4,74.7],[111.1,74.6],[111,74.6],[111.1,74.6],[111,74.6],[111,74.5],[110.8,74.5],[110.7,74.5],[110.6,74.5],[110.5,74.5],[110.4,74.5],[110.3,74.5],[110.4,74.5],[110.4,74.4],[110.3,74.4],[110.2,74.4],[110,74.4],[110,74.3],[109.9,74.3],[109.8,74.3],[109.7,74.3],[109.6,74.3],[109.7,74.3],[109.9,74.3],[110,74.3],[109.9,74.2],[109.8,74.2],[109.6,74.1],[109.5,74.1],[109.2,74.1],[109,74],[108.9,74],[108.8,74],[108.8,73.9],[108.7,73.9],[108.6,73.9],[108.6,73.8],[108.5,73.8],[108.4,73.8],[108.5,73.8],[108.4,73.8],[108.1,73.6],[108.1,73.7],[108,73.7],[107.8,73.6],[107.7,73.6],[107.4,73.6],[107.3,73.6],[107.2,73.6],[107.1,73.6],[107.2,73.6],[107.1,73.5],[106.9,73.5],[106.9,73.4],[106.8,73.4],[106.8,73.3],[106.6,73.3],[106.5,73.3],[106.4,73.3],[106.2,73.3],[106.1,73.3],[106,73.3],[106,73.2],[106.1,73.2],[106,73.2],[105.9,73.1],[105.8,73],[105.7,72.9],[105.6,72.9],[105.5,72.9],[105.4,72.8],[105.3,72.8],[105.1,72.8],[105.5,72.8],[105.6,72.8],[105.7,72.8],[105.8,72.9],[105.9,72.9],[106,72.9],[106,73],[106.1,72.9],[106.2,72.9],[106.3,72.9],[106.4,72.9],[106.6,72.9],[106.7,72.8],[106.8,72.8],[107,72.8],[107.1,72.9],[107,72.9],[106.9,72.9],[106.8,72.9],[106.6,72.9],[106.5,72.9],[106.3,73],[106.2,73],[106.2,73.1],[106.3,73.1],[106.3,73.2],[106.4,73.2],[106.8,73.1],[106.9,73.1],[107,73.2],[107.3,73.2],[107.5,73.2],[107.7,73.2],[107.8,73.2],[108,73.2],[108.1,73.2],[108.3,73.2],[108.4,73.2],[108.4,73.3],[108.2,73.3],[108.4,73.3],[108.5,73.3],[108.7,73.3],[108.9,73.4],[109.1,73.4],[109.2,73.4],[109.3,73.4],[109.2,73.4],[109.2,73.5],[109.3,73.4],[109.4,73.4],[109.4,73.5],[109.3,73.5],[109.2,73.5],[109.2,73.6],[109.2,73.5],[109.3,73.5],[109.4,73.5],[109.5,73.5],[109.6,73.5],[109.7,73.5],[109.9,73.5],[110,73.5],[110.1,73.5],[110.2,73.5],[110.1,73.6],[110.2,73.6],[110.3,73.6],[110.4,73.6],[110.5,73.6],[110.6,73.6],[110.9,73.7],[110.9,73.8],[110.7,73.8],[110.3,73.7],[109.8,73.7],[109.7,73.7],[109.6,73.7],[109.6,73.8],[109.5,73.8],[109.6,73.8],[109.7,73.9],[109.8,73.9],[109.9,73.9],[109.9,74],[110,74],[110.3,74],[110.6,74],[110.7,74],[110.8,74],[110.9,73.9],[111,73.9],[111.1,73.9],[111.1,74],[111.2,74],[111.5,74.1],[111.6,74],[111.5,74],[111.4,74],[111.3,74],[111.2,74],[111.3,73.9],[111.4,73.8],[111.8,73.7],[112.1,73.7],[112.4,73.7],[112.5,73.7],[112.6,73.7],[112.7,73.7],[112.8,73.7],[112.9,73.8],[113,73.8],[112.9,73.8],[112.9,73.9],[112.8,73.9],[112.8,74],[112.9,73.9],[113.1,73.9],[113.2,73.9],[113.2,73.8],[113.3,73.8],[113.3,73.7],[113.4,73.7],[113.4,73.6],[113.3,73.6],[113.2,73.5],[113.1,73.5],[113.1,73.4],[113.2,73.4],[113.3,73.4],[113.4,73.4],[113.5,73.4],[113.5,73.3],[113.5,73.2],[113.5,73.1],[113.5,73],[113.3,72.9],[113.2,72.9],[113.1,72.9],[113.1,72.8],[113.2,72.8],[113.2,72.7],[113.3,72.7],[113.4,72.7],[113.5,72.6],[113.8,72.6],[114.1,72.6],[114,72.6],[113.7,72.7],[113.4,72.7],[113.2,72.7],[113.2,72.8],[113.3,72.9],[113.4,72.9],[113.5,73],[113.6,73.1],[113.5,73.2],[113.6,73.3],[113.7,73.3],[113.9,73.3],[114,73.3],[114,73.4],[113.8,73.3],[113.8,73.4],[113.7,73.4],[113.6,73.4],[113.5,73.4],[113.5,73.5],[113.7,73.5],[113.9,73.5],[114.1,73.6],[114.4,73.6],[114.7,73.6],[114.9,73.6],[115.1,73.7],[115.4,73.7],[115.9,73.7],[116.2,73.7],[116.6,73.7],[117.1,73.6],[117.4,73.6],[117.7,73.6],[117.9,73.6],[118.2,73.6],[118.5,73.6],[118.8,73.6],[118.9,73.5],[119,73.5],[118.9,73.5],[118.8,73.4],[118.8,73.5],[118.7,73.5],[118.7,73.4],[118.6,73.5],[118.5,73.5],[118.4,73.4],[118.3,73.4],[118.4,73.4],[118.4,73.3],[118.4,73.2],[118.5,73.2],[118.9,73.1],[119.1,73.1],[119.3,73.1],[119.4,73.1],[119.5,73.1],[119.6,73],[119.7,73],[120.1,72.9],[120.5,72.9],[120.6,72.9],[120.5,72.9],[120.2,72.9],[119.8,73],[120.2,73],[120.4,73],[120.7,73],[120.8,72.9],[121.1,72.9],[121.3,73],[121.4,73],[121.7,73],[121.8,73],[122,73],[121.9,72.9],[122,72.9],[122.4,72.9],[122.5,72.8],[122.6,72.8],[122.7,72.8],[122.3,72.9],[122.3,73],[122.4,73],[122.8,72.9],[122.9,72.9],[123,72.9],[122.7,72.9],[122.4,73],[122.5,73],[122.6,73],[122.8,73],[122.9,73],[123.1,72.9],[123.2,72.9],[123.3,72.9],[123.3,73],[123.4,73.1],[123.5,73.1],[123.4,73.1],[123.4,73.2],[123.5,73.2],[123.6,73.2],[123.7,73.2],[123.6,73.2],[123.7,73.2],[123.6,73.2],[123.5,73.2],[123.5,73.3],[123.4,73.3],[123.3,73.3],[123.3,73.4],[123.4,73.4],[123.3,73.4],[123.2,73.4],[123.3,73.4],[123.3,73.5],[123.4,73.5],[123.4,73.4],[123.4,73.5],[123.3,73.5],[123.2,73.5],[123.3,73.6],[123.4,73.6],[123.3,73.6],[123.4,73.6],[123.4,73.7],[123.5,73.7],[123.6,73.7],[123.6,73.6],[123.7,73.6],[123.6,73.6],[123.7,73.6],[123.8,73.6],[123.9,73.6],[124,73.6],[124,73.7],[123.9,73.7],[123.9,73.8],[124,73.8],[124,73.7],[124.1,73.7],[124,73.7],[124.1,73.7],[124.2,73.7],[124.2,73.8],[124.3,73.8],[124.4,73.8],[124.5,73.8],[124.6,73.8],[124.6,73.7],[124.7,73.7],[124.9,73.7],[124.8,73.7],[124.9,73.7],[125,73.7],[125,73.6],[125.1,73.7],[125,73.7],[125.1,73.7],[125.2,73.7],[125.2,73.6],[125.2,73.5],[125.3,73.5],[125.3,73.6],[125.4,73.6],[125.5,73.6],[125.5,73.5],[125.6,73.5],[125.7,73.5],[125.6,73.5],[125.5,73.5],[125.5,73.4],[125.6,73.4],[125.6,73.5],[125.8,73.5],[125.9,73.5],[125.8,73.5],[125.9,73.5],[126,73.5],[125.9,73.5],[125.9,73.4],[126,73.4],[126,73.5],[126.1,73.5],[126.2,73.6],[126.3,73.6],[126.4,73.5],[126.4,73.4],[126.3,73.4],[126.3,73.5],[126.3,73.4],[126.2,73.4],[126.2,73.5],[126.2,73.4],[126.3,73.4],[126.2,73.4],[126.3,73.4],[126.4,73.4],[126.5,73.4],[126.4,73.4],[126.5,73.4],[126.5,73.3],[126.6,73.3],[126.6,73.2],[126.6,73.3],[126.7,73.3],[126.6,73.3],[126.6,73.4],[126.7,73.4],[126.8,73.4],[126.9,73.4],[126.9,73.5],[126.8,73.5],[126.9,73.5],[127.1,73.5],[127.2,73.5],[127.5,73.5],[128,73.5],[127.9,73.4],[128.1,73.4],[128,73.4],[128,73.3],[128.2,73.4],[128.2,73.3],[128.3,73.3],[128.3,73.4],[128.4,73.4],[128.3,73.3],[128.2,73.3],[128.3,73.3],[128.4,73.3],[128.4,73.2],[128.6,73.3],[128.7,73.3],[128.8,73.2],[128.9,73.2],[128.8,73.2],[128.9,73.2],[129,73.2],[128.9,73.2],[128.9,73.1],[128.8,73.1],[128.9,73.1],[129,73.1],[129.1,73.1],[129.2,73.1],[129.3,73.1],[129.4,73],[129.5,73],[129.4,72.9],[129.2,73],[129.1,73],[128.9,73],[128.8,73],[128.7,72.9],[128.3,72.9],[128.2,72.9],[128.2,72.8],[128.1,72.8],[128.4,72.8],[128.8,72.8],[129.3,72.7],[129.4,72.7],[129.3,72.7],[129.2,72.7],[128.9,72.7],[128.8,72.7],[128.7,72.7],[128.5,72.7],[128.4,72.7],[128,72.7],[127.9,72.7],[128,72.6],[128.1,72.6],[128.2,72.6],[128.3,72.6],[128.6,72.5],[128.8,72.5],[129.1,72.5],[129.3,72.5],[129.3,72.4],[129.2,72.4],[129.3,72.4],[129.4,72.4],[129.5,72.4],[129.5,72.3],[129.4,72.3],[129.3,72.3],[129.4,72.3],[129.5,72.3],[129.5,72.2],[129.6,72.2],[129.5,72.2],[129.4,72.2],[129.3,72.2],[129.3,72.1],[129.2,72.1],[129.3,72.1],[129.4,72.1],[129.5,72.1],[129.3,72.1],[129.2,72.1],[129.1,72.1],[129,72.1],[128.9,72.1],[128.8,72.1],[128.7,72.2],[128.5,72.2],[128.6,72.2],[128.5,72.3],[128.1,72.3],[127.9,72.4],[127.8,72.4],[127.7,72.4],[127.8,72.4],[127.8,72.3],[127.9,72.3],[127.8,72.3],[127.7,72.3],[127.8,72.3],[127.9,72.3],[128,72.3],[128.1,72.3],[128.1,72.2],[128.2,72.2],[128.3,72.2],[128.3,72.1],[128.4,72.1],[128.5,72.1],[128.4,72.1],[128.4,72],[128.5,72],[128.6,72],[128.6,71.9],[128.7,71.9],[128.7,71.8],[128.8,71.8],[128.9,71.8],[128.9,71.7],[129,71.7],[129,71.8],[129.1,71.8],[129.2,71.8],[129.2,71.9],[129.1,71.9],[129.1,72],[129,72],[129.1,72],[129.2,71.9],[129.3,71.9],[129.3,71.8],[129.4,71.8],[129.5,71.7],[129.3,71.8],[129.2,71.7],[129.1,71.7],[129,71.7],[128.9,71.7],[128.8,71.7],[128.8,71.6],[128.9,71.6],[129.1,71.6],[129.2,71.6],[129.2,71.5],[129.3,71.5],[129.2,71.5],[129.3,71.5],[129.3,71.4],[129.4,71.4],[129.4,71.3],[129.5,71.3],[129.6,71.3],[129.7,71.3],[129.7,71.2],[129.8,71.1],[129.7,71.1],[129.6,71.1],[129.9,71.1],[130,71.1],[130.1,71.1],[130.2,71.1],[130.2,71],[130.3,70.9],[130.5,70.9],[130.6,70.9],[130.7,70.9],[130.7,71],[130.8,71],[130.8,70.9],[130.9,70.8],[131,70.7],[131.1,70.7],[131.2,70.8],[131.4,70.8],[131.5,70.9],[131.6,70.9],[131.7,71.1],[131.8,71.1],[131.9,71.1],[131.9,71.2],[131.8,71.2],[131.9,71.2],[132,71.2],[132.2,71.2],[132,71.3],[131.9,71.3],[132,71.3],[132,71.4],[132.1,71.5],[132.2,71.6],[132.2,71.7],[132.3,71.7],[132.5,71.9],[132.6,71.9],[132.7,71.9],[132.8,72],[132.9,71.9],[133,72],[133.1,72],[133.2,72],[133.3,71.9],[133.4,71.8],[133.3,71.9],[133.2,71.9],[133.1,72],[133,72],[132.9,71.9],[132.8,71.9],[132.8,71.8],[132.7,71.8],[132.9,71.7],[133,71.7],[133.1,71.6],[133.2,71.6],[133.4,71.5],[133.7,71.4],[133.8,71.4],[133.9,71.4],[134.2,71.4],[134.5,71.4],[134.6,71.4],[134.7,71.4],[134.7,71.3],[134.8,71.4],[134.7,71.4],[134.8,71.4],[134.8,71.5],[134.9,71.5],[135,71.5],[135.1,71.5],[135.2,71.5],[135.2,71.6],[135.2,71.5],[135.3,71.5],[135.4,71.5],[135.4,71.6],[135.3,71.6],[135.4,71.6],[135.5,71.6],[135.6,71.6],[136,71.6],[136.3,71.6],[136.4,71.6],[136.5,71.6],[136.5,71.5],[136.6,71.5],[136.5,71.5],[136.6,71.5],[136.7,71.5],[136.8,71.5],[136.9,71.5],[137,71.4],[137.1,71.4],[137.2,71.4],[137.3,71.4],[137.2,71.4],[137.3,71.4],[137.4,71.4],[137.4,71.3],[137.5,71.3],[137.4,71.3],[137.5,71.3],[137.4,71.3],[137.5,71.3],[137.5,71.2],[137.6,71.2],[137.7,71.3],[137.7,71.2],[137.7,71.3],[137.7,71.2],[137.6,71.2],[137.5,71.2],[137.6,71.2],[137.7,71.2],[137.8,71.2],[137.8,71.1],[137.9,71.1],[138,71.1],[137.9,71.1],[138,71.1],[138.1,71.1],[138.1,71.2],[138,71.2],[137.9,71.2],[137.8,71.2],[137.9,71.2],[137.8,71.2],[137.7,71.2],[137.8,71.2],[137.8,71.3],[138,71.2],[138.1,71.2],[138.2,71.2],[138.2,71.3],[138,71.3],[138.2,71.3],[138.3,71.3],[138.4,71.3],[138.3,71.3],[138,71.3],[138,71.4],[137.9,71.4],[138,71.4],[137.9,71.4],[137.8,71.4],[137.9,71.4],[138,71.4],[138,71.5],[138,71.6],[138.1,71.6],[138.2,71.6],[138.5,71.6],[138.4,71.6],[138.4,71.5],[138.6,71.6],[138.7,71.6],[138.8,71.6],[138.9,71.6],[139,71.6],[139.1,71.6],[139.1,71.5],[139.2,71.4],[139.1,71.4],[139.2,71.4],[139.3,71.4],[139.4,71.4],[139.4,71.5],[139.6,71.5],[139.7,71.5],[139.8,71.5],[139.9,71.5],[140,71.5],[139.8,71.6],[139.8,71.7],[139.7,71.7],[139.7,71.8],[139.8,71.9],[139.7,71.9],[139.6,71.9],[139.3,71.9],[139.4,72],[139.6,71.9],[139.6,72],[139.7,72],[139.7,72.1],[139.8,72.1],[139.8,72.2],[139.9,72.2],[140,72.1],[140.1,72.1],[140.1,72.2],[140.2,72.2],[140.1,72.2],[139.9,72.2],[139.6,72.2],[139.5,72.2],[139.4,72.2],[139.5,72.2],[139.6,72.2],[139.5,72.2],[139.4,72.2],[139.3,72.2],[139.3,72.1],[139.2,72.1],[139.2,72.2],[139.1,72.2],[139.1,72.3],[139.2,72.3],[139.2,72.4],[139.3,72.4],[139.4,72.4],[139.5,72.5],[139.8,72.5],[140.1,72.5],[140.3,72.5],[140.6,72.5],[140.8,72.5],[140.9,72.5],[140.9,72.6],[141.1,72.6],[141,72.6],[140.9,72.6],[141,72.6],[141,72.7],[140.9,72.7],[140.8,72.8],[140.7,72.8],[140.6,72.8],[140.6,72.9],[140.7,72.9],[140.8,72.9],[140.9,72.9],[141,72.9],[141.1,72.9],[141.3,72.9],[141.4,72.8],[141.5,72.8],[141.6,72.8],[141.7,72.8],[141.7,72.7],[142,72.7],[142.2,72.7],[142.5,72.7],[142.7,72.7],[143,72.7],[143.1,72.7],[143.5,72.7],[143.6,72.7],[143.7,72.7],[144.1,72.6],[144.3,72.6],[144.6,72.6],[144.8,72.6],[145.1,72.6],[145.4,72.6],[145.7,72.5],[146,72.5],[146.1,72.5],[146.3,72.4],[146.4,72.4],[146.5,72.4],[146.8,72.4],[146.9,72.4],[146.8,72.3],[146.5,72.3],[146.1,72.4],[146.1,72.3],[145.7,72.4],[145.5,72.4],[145.4,72.3],[145.3,72.4],[145.2,72.4],[145.1,72.4],[145,72.4],[144.9,72.4],[144.7,72.4],[144.7,72.3],[144.6,72.3],[144.5,72.3],[144.5,72.2],[144.4,72.3],[144.3,72.3],[144.2,72.3],[144.1,72.3],[144.2,72.2],[144.3,72.2],[144.4,72.2],[144.5,72.2],[144.6,72.2],[144.7,72.2],[144.8,72.2],[145,72.2],[145.1,72.3],[145.4,72.3],[145.7,72.3],[146,72.3],[146.3,72.3],[146.6,72.3],[146.9,72.3],[146.8,72.2],[146.7,72.2],[146.5,72.1],[146.2,72],[146,71.9],[145.9,71.9],[146,71.9],[146,72],[146.1,72],[146.2,72.1],[146.3,72.1],[146.2,72.2],[146.1,72.2],[146,72.2],[146,72.1],[146.1,72.1],[146,72.1],[145.9,72.1],[146,72.1],[145.9,72.2],[145.8,72.2],[145.9,72.2],[145.8,72.2],[145.7,72.3],[145.6,72.2],[145.7,72.2],[145.8,72.2],[145.7,72.2],[145.6,72.1],[145.7,72],[145.8,72],[145.8,71.9],[145.7,71.9],[145.6,71.9],[145.3,71.9],[145.2,71.9],[145.1,71.9],[145,72],[145,71.9],[145.1,71.9],[145.2,71.9],[145.2,71.8],[145.1,71.8],[145,71.8],[144.9,71.8],[144.9,71.7],[145,71.7],[145.1,71.7],[145.2,71.7],[145.3,71.7],[145.6,71.7],[145.7,71.7],[145.8,71.7],[145.9,71.8],[146,71.8],[146.1,71.8],[146.2,71.8],[146.3,71.9],[146.4,71.9],[146.5,72],[146.6,72],[146.6,72.1],[146.7,72.1],[147.1,72.3],[147.2,72.3],[147.3,72.3],[147.4,72.3],[147.7,72.3],[148.1,72.3],[148.4,72.3],[148.7,72.3],[149,72.3],[149.4,72.2],[149.6,72.1],[149.7,72.1],[150,72],[150,71.9],[150.1,71.9],[150,71.8],[149.7,71.8],[149.6,71.8],[149.5,71.9],[149.4,71.9],[149.3,71.9],[149.2,71.8],[149.1,71.8],[149,71.8],[148.9,71.8],[148.8,71.8],[148.9,71.8],[149,71.8],[149,71.7],[148.9,71.7],[148.8,71.7],[149,71.7],[149.1,71.7],[149.2,71.7],[149.3,71.7],[149.4,71.7],[149.8,71.6],[149.8,71.7],[149.9,71.7],[150,71.7],[150,71.6],[150.1,71.6],[150,71.6],[149.9,71.6],[150,71.5],[149.9,71.5],[150.1,71.5],[150.3,71.5],[150.4,71.5],[150.5,71.5],[150.6,71.5],[150.7,71.5],[150.7,71.4],[150.6,71.4],[150.5,71.4],[150.5,71.3],[150.4,71.3],[150.3,71.3],[150.2,71.3],[150.1,71.2],[150,71.2],[150.1,71.2],[150.2,71.3],[150.3,71.3],[150.4,71.3],[150.6,71.3],[150.6,71.4],[150.7,71.4],[150.6,71.3],[150.7,71.3],[150.8,71.3],[150.8,71.4],[150.9,71.4],[151,71.4],[151.1,71.4],[151.5,71.3],[151.6,71.3],[151.7,71.3],[151.8,71.2],[151.9,71.1],[152,71.1],[152.1,71.1],[152.1,71],[151.7,71],[152,70.9],[152.2,70.9],[152.5,70.8],[152.6,70.8],[152.8,70.8],[153,70.8],[153.3,70.9],[153.5,70.9],[153.6,70.9],[153.7,70.9],[153.9,70.9],[154.2,70.9],[154.2,71],[154.5,71],[154.7,71],[155,71],[155.5,71.1],[155.5,71],[155.6,71],[155.6,71.1],[155.9,71.1],[156.3,71.1],[156.7,71.1],[157,71.1],[157.3,71.1],[157.6,71.1],[157.7,71.1],[157.8,71.1],[158,71],[158.2,71],[158.3,71],[158.4,71],[158.5,71],[158.9,70.9],[159.2,70.8],[159.7,70.7],[159.8,70.6],[160,70.4],[160.1,70.4],[160.1,70.3],[160.1,70.2],[160,70.2],[160,70.1],[159.9,70.1],[159.7,70.1],[159.8,70.1],[159.9,70.1],[159.8,70],[159.9,70],[159.8,70],[159.7,69.9],[159.8,69.8],[159.7,69.8],[159.8,69.8],[159.9,69.8],[160.1,69.7],[160.2,69.7],[160.1,69.7],[160.3,69.7],[160.4,69.7],[160.5,69.7],[160.7,69.7],[160.8,69.6],[160.9,69.6],[161,69.6],[161,69.5],[160.9,69.5],[160.9,69.4],[161,69.4],[161,69.3],[161,69.2],[161,69.1],[161.1,69.1],[161.3,69],[161.4,69],[161.4,68.9],[161.3,68.9],[161.3,68.8],[161.2,68.8],[161.2,68.7],[161.1,68.7],[161.1,68.6],[161,68.6],[160.9,68.6],[160.8,68.6],[160.8,68.5],[160.9,68.5],[161,68.5],[161.1,68.6],[161.3,68.7],[161.3,68.8],[161.4,68.8],[161.5,68.9],[161.6,68.9],[161.6,69],[161.5,69],[161.5,69.1],[161.4,69.2],[161.5,69.2],[161.4,69.2],[161.5,69.3],[161.4,69.3],[161.5,69.3],[161.5,69.4],[161.4,69.4],[161.5,69.4],[161.6,69.4],[161.7,69.5],[161.8,69.5],[161.9,69.5],[162,69.6],[162.1,69.6],[162.2,69.6],[162.2,69.7],[162.3,69.6],[162.3,69.7],[162.4,69.7],[162.6,69.7],[162.7,69.7],[162.8,69.7],[163,69.7],[163.1,69.7],[163.2,69.7],[163.3,69.7],[163.4,69.7],[163.5,69.7],[163.6,69.7],[163.8,69.7],[163.9,69.7],[164,69.8],[164.1,69.8],[164.1,69.7],[164.2,69.7],[164.3,69.7],[164.4,69.6],[164.5,69.6],[164.8,69.6],[165.3,69.6],[165.7,69.6],[165.8,69.6],[165.9,69.6],[166,69.5],[166.1,69.5],[166.4,69.5],[166.6,69.5],[166.7,69.5],[166.9,69.5],[167.2,69.6],[167.5,69.7],[167.6,69.7],[167.7,69.8],[167.8,69.8],[167.9,69.7],[168,69.7],[168.1,69.7],[168,69.7],[167.9,69.7],[168,69.6],[168.1,69.6],[168.2,69.6],[168.3,69.5],[168.2,69.5],[168.2,69.4],[168.2,69.3],[168.3,69.3],[168.3,69.2],[168.4,69.2],[168.7,69.2],[168.9,69.2],[169,69.2],[169,69.1],[169.1,69.1],[169.2,69.1],[169.3,69.1],[169.4,69.1],[169.4,69],[169.4,68.9],[169.5,68.8],[169.6,68.8],[170,68.8],[170.4,68.8],[170.5,68.8],[170.6,68.8],[170.6,68.7],[170.5,68.8],[170.6,68.8],[170.5,68.8],[170.4,68.8],[170.4,68.9],[170.5,68.9],[170.6,68.9],[170.7,68.9],[170.7,68.8],[170.7,68.9],[170.8,69],[170.9,69],[171,69],[171,69.1],[171,69],[171.1,69],[171.2,69],[171.1,69],[171,69.1],[171,69.2],[170.9,69.2],[170.9,69.3],[170.8,69.4],[170.7,69.4],[170.7,69.5],[170.6,69.6],[170.5,69.6],[170.3,69.6],[170.2,69.6],[170.2,69.7],[170.3,69.7],[170.4,69.7],[170.5,69.7],[170.6,69.8],[170.5,69.8],[170.6,69.8],[170.6,69.9],[170.5,69.9],[170.5,70],[170.6,70.1],[170.5,70.1],[170.4,70.1],[170.5,70.1],[170.6,70.1],[171,70.1],[171.3,70.1],[171.5,70],[171.9,70],[172,70],[172.3,70],[172.6,70],[172.7,70],[172.8,70],[172.8,69.9],[172.9,69.9],[173.2,69.8],[173.3,69.8],[173.4,69.8],[173.5,69.8],[173.4,69.9],[173.3,69.9],[173.2,69.9],[173.3,69.9],[173.5,69.9],[173.7,69.9],[173.8,69.9],[173.7,69.9],[173.8,69.9],[173.9,69.9],[173.9,69.8],[173.9,69.9],[174,69.9],[174.1,69.9],[174.3,69.9],[174.4,69.9],[174.8,69.9],[175.1,69.8],[175.2,69.8],[175.4,69.9],[175.5,69.9],[175.7,69.9],[175.6,69.9],[175.5,69.9],[175.6,69.8],[175.7,69.8],[175.8,69.8],[175.9,69.8],[176,69.8],[176.1,69.8],[176.2,69.8],[176.1,69.8],[176.1,69.9],[176,69.9],[175.9,69.9],[175.8,69.9],[175.9,69.9],[176,69.9],[176.1,69.9],[176.2,69.9],[176.3,69.8],[176.2,69.8],[176.3,69.8],[176.5,69.8],[176.5,69.7],[176.6,69.7],[176.7,69.7],[176.8,69.7],[177,69.6],[177.2,69.6],[177.4,69.6],[177.6,69.6],[177.7,69.6],[177.6,69.6],[177.6,69.5],[177.7,69.5],[177.8,69.5],[177.9,69.5],[178.2,69.5],[178.2,69.4],[178.3,69.5],[178.4,69.5],[178.8,69.4],[178.9,69.4],[179,69.4],[179,69.3],[179.1,69.3],[178.9,69.3],[178.9,69.4],[178.8,69.4],[178.7,69.4],[178.7,69.3],[178.9,69.3],[179,69.3],[179.1,69.3],[179.3,69.3],[179.4,69.2],[179.7,69.1],[180,69],[179.9,69],[179.8,69],[179.7,69.1],[179.6,69.1],[179.5,69.1],[179.6,69.1],[179.7,69.1],[179.7,69],[179.8,69],[180,69],[180,68.6],[180,68.1],[180,67.6],[180,67.1],[180,66.6],[180,66.1],[180,65.6],[180,65.1],[179.9,65.1],[179.8,65],[179.7,65],[179.5,64.8],[179.4,64.8],[179.3,64.8],[179.2,64.8],[179,64.7],[178.9,64.7],[178.8,64.6],[178.6,64.6],[178.5,64.6],[178.7,64.6],[178.7,64.7],[178.8,64.7],[178.7,64.7],[178.6,64.7],[178.2,64.7],[178.3,64.7],[178.2,64.7],[178.1,64.7],[178,64.7],[177.9,64.7],[177.7,64.7],[177.6,64.7],[177.6,64.8],[177.5,64.8],[177.4,64.8],[177.5,64.9],[177.4,64.9],[177.5,64.9],[177.4,64.9],[177.3,64.9],[177.2,64.9],[177.2,65],[177,65.1],[176.9,65.1],[176.8,65.1],[176.7,65],[176.6,65],[176.5,65.1],[176.4,65.1],[176.3,65.1],[176.3,65],[176.4,65],[176.5,65],[176.9,65],[177,65],[177.1,65],[177.2,64.9],[177.3,64.9],[177.3,64.8],[177.2,64.8],[177.1,64.8],[177,64.8],[176.9,64.8],[176.8,64.9],[176.6,64.9],[176.6,64.8],[176.5,64.8],[176.4,64.8],[176.4,64.9],[176.2,64.9],[176.1,64.9],[176.1,65],[176,65],[176,64.9],[175.9,64.9],[175.9,64.8],[175.8,64.8],[175.7,64.8],[175.6,64.8],[175.5,64.8],[175.4,64.8],[175.3,64.8],[175.2,64.8],[175,64.8],[174.9,64.7],[174.8,64.7],[174.7,64.7],[174.4,64.7],[174.5,64.7],[174.8,64.7],[175,64.8],[175.1,64.8],[175.3,64.8],[175.6,64.8],[175.7,64.8],[175.8,64.8],[175.9,64.8],[175.9,64.9],[176,64.9],[176.1,64.9],[176.2,64.9],[176.3,64.8],[176.4,64.7],[176.3,64.7],[176.2,64.6],[176.1,64.6],[176.1,64.5],[176.1,64.6],[176.2,64.6],[176.3,64.6],[176.4,64.6],[176.4,64.7],[176.5,64.7],[176.6,64.7],[176.7,64.6],[176.8,64.6],[176.9,64.6],[176.9,64.7],[177,64.7],[177.1,64.7],[177.2,64.7],[177.3,64.8],[177.5,64.8],[177.5,64.7],[177.4,64.7],[177.5,64.7],[177.4,64.6],[177.4,64.5],[177.4,64.4],[177.5,64.4],[177.6,64.4],[177.6,64.3],[177.7,64.3],[177.8,64.3],[178,64.2],[178.2,64.2],[178.1,64.2],[178.1,64.3],[178.2,64.3],[178.3,64.3],[178.3,64.4],[178.2,64.4],[178.4,64.2],[178.6,64.1],[178.6,64],[178.5,64.1],[178.4,64.1],[178.4,64],[178.5,64],[178.4,64],[178.5,64],[178.6,63.9],[178.7,63.9],[178.7,64],[178.6,64],[178.7,63.9],[178.7,63.8],[178.7,63.7],[178.8,63.6],[178.7,63.6],[178.7,63.7],[178.6,63.7],[178.6,63.6],[178.7,63.6],[178.6,63.6],[178.5,63.6],[178.4,63.6],[178.3,63.6],[178.3,63.5],[178.4,63.5],[178.5,63.6],[178.7,63.6],[178.7,63.5],[178.7,63.4],[178.6,63.4],[178.7,63.4],[178.8,63.4],[178.8,63.5],[178.8,63.6],[178.8,63.5],[179,63.3],[178.9,63.4],[178.8,63.4],[178.9,63.3],[179,63.3],[179.1,63.3],[179.1,63.2],[179.2,63.2],[179.3,63.2],[179.4,63.2],[179.4,63.1],[179.3,63.1],[179.3,63],[179.2,63],[179.3,62.9],[179.5,62.9],[179.5,62.8],[179.6,62.8],[179.6,62.7],[179.6,62.6],[179.5,62.6],[179.4,62.6],[179.4,62.5],[179.3,62.5],[179.2,62.5],[179.1,62.5],[179.1,62.4],[179.2,62.3],[179.1,62.3],[179,62.3],[179,62.4],[178.9,62.4],[178.8,62.4],[178.7,62.4],[178.5,62.4],[178.4,62.5],[178.3,62.5],[178.2,62.5],[178.1,62.5],[177.9,62.6],[177.7,62.6],[177.3,62.6],[177.3,62.7],[177.3,62.8],[177.4,62.8],[177.5,62.8],[177.4,62.8],[177.3,62.8],[177.3,62.7],[177.2,62.7],[177.1,62.7],[177.2,62.8],[177.1,62.8],[177,62.8],[177,62.9],[177,62.8],[177,62.7],[176.9,62.7],[177,62.6],[177.1,62.6],[177.2,62.6],[177.3,62.6],[177.2,62.6],[177,62.6],[176.9,62.5],[176.7,62.5],[176.6,62.5],[176.6,62.4],[176.4,62.4],[176.3,62.3],[176,62.3],[175.6,62.2],[175.5,62.1],[175.3,62.1],[175.4,62.1],[175.3,62.1],[175.3,62.2],[175.3,62.1],[175.2,62],[174.8,61.9],[174.8,62],[174.7,62],[174.6,62],[174.6,61.9],[174.7,61.9],[174.5,61.8],[174.4,61.8],[174.3,61.8],[174.2,61.8],[174.1,61.8],[174,61.8],[174.1,61.8],[174,61.8],[174,61.7],[173.9,61.7],[173.8,61.7],[173.8,61.6],[173.8,61.7],[173.7,61.7],[173.6,61.8],[173.5,61.7],[173.5,61.6],[173.4,61.6],[173.3,61.5],[173.1,61.4],[173,61.4],[172.9,61.4],[172.9,61.5],[172.8,61.5],[172.7,61.4],[172.8,61.4],[172.9,61.4],[172.9,61.3],[173,61.3],[172.9,61.3],[172.8,61.3],[172.7,61.3],[172.8,61.3],[172.7,61.3],[172.7,61.2],[172.6,61.2],[172.4,61.2],[172.3,61.2],[172.4,61.2],[172.4,61.1],[172.3,61.1],[172.2,61.1],[172.3,61.1],[172.4,61.1],[172.5,61.1],[172.4,61],[172.3,61],[172.2,61],[172.1,61.1],[172,61.1],[172.2,61],[172.2,60.9],[172.1,60.9],[172,60.9],[172,61],[172,60.9],[171.9,60.9],[172,60.9],[171.9,60.8],[171.8,60.8],[171.7,60.9],[171.7,60.8],[171.6,60.8],[171.5,60.8],[171.6,60.8],[171.6,60.7],[171.5,60.7],[171.4,60.7],[171.5,60.7],[171.4,60.8],[171.4,60.7],[171.4,60.6],[171.3,60.6],[171.2,60.6],[171.1,60.6],[171,60.5],[170.8,60.5],[170.7,60.5],[170.8,60.5],[170.8,60.4],[170.7,60.4],[170.6,60.4],[170.6,60.5],[170.5,60.5],[170.5,60.4],[170.6,60.4],[170.7,60.4],[170.7,60.3],[170.6,60.3],[170.5,60.3],[170.5,60.2],[170.4,60.1],[170.4,60],[170.4,59.9],[170.3,59.9],[170.2,59.9],[170.2,60],[170.1,60],[170,60.1],[169.9,60.1],[169.9,60.2],[169.8,60.2],[169.9,60.2],[170,60.2],[169.9,60.2],[169.9,60.3],[169.9,60.2],[169.8,60.2],[169.8,60.3],[169.7,60.3],[169.7,60.4],[169.6,60.4],[169.6,60.5],[169.5,60.5],[169.4,60.5],[169.3,60.5],[169.3,60.6],[169.2,60.6],[169.3,60.6],[169.4,60.6],[169.3,60.6],[169.2,60.6],[169.1,60.6],[169.2,60.6],[169,60.6],[168.7,60.6],[168.6,60.6],[168.5,60.6],[168.3,60.6],[168.2,60.6],[168.1,60.6],[167.8,60.5],[167.8,60.6],[167.7,60.5],[167.8,60.5],[167.7,60.5],[167.6,60.5],[167.6,60.4],[167.5,60.4],[167.5,60.5],[167.5,60.4],[167.4,60.4],[167.4,60.5],[167.3,60.5],[167.4,60.4],[167.3,60.4],[167.2,60.4],[167.1,60.4],[167,60.4],[167.1,60.3],[167,60.3],[166.9,60.3],[166.9,60.2],[166.8,60.2],[166.7,60.1],[166.5,60],[166.4,59.9],[166.3,59.8],[166.2,59.8],[166.1,59.8],[166.1,59.9],[166.1,60],[166.2,60],[166.1,60],[166.2,60.1],[166.2,60.2],[166.3,60.2],[166.3,60.3],[166.3,60.4],[166.2,60.4],[166.3,60.4],[166.4,60.5],[166.3,60.5],[166.4,60.5],[166.3,60.5],[166.1,60.5],[166,60.4],[165.9,60.4],[166,60.4],[166.1,60.4],[166.2,60.5],[166.2,60.4],[166.1,60.4],[166,60.4],[165.9,60.3],[165.8,60.3],[165.7,60.3],[165.5,60.2],[165.4,60.3],[165.4,60.2],[165.3,60.1],[165.2,60.1],[165.2,60.2],[165.1,60.2],[165.1,60.1],[165,60.1],[165.1,60.1],[165.1,60],[165.2,60],[165.1,59.9],[165,59.8],[164.9,59.8],[164.8,59.8],[164.8,59.9],[164.7,60],[164.6,60],[164.6,60.1],[164.5,60.1],[164.4,60.1],[164.3,60.1],[164.3,60],[164.4,60],[164.3,60],[164.2,60],[164.1,60],[164.1,59.9],[164.2,59.9],[164.1,59.9],[164,59.9],[164.1,59.9],[164.1,60],[164.2,60],[164.1,60],[164,60],[163.9,60],[163.8,60.1],[163.8,60],[163.7,60.1],[163.6,60],[163.7,60],[163.8,60],[163.7,59.9],[163.6,59.9],[163.5,59.9],[163.4,59.8],[163.4,59.7],[163.4,59.6],[163.3,59.6],[163.2,59.6],[163.2,59.5],[163.3,59.5],[163.3,59.4],[163.3,59.3],[163.3,59.2],[163.2,59.2],[163.3,59.3],[163.2,59.3],[163.1,59.3],[163.1,59.2],[163.2,59.2],[163.2,59.1],[163.3,59.1],[163.2,59.1],[163.2,59],[163.1,59],[163.2,59.1],[163.1,59.1],[163,59.2],[162.9,59.2],[162.9,59.1],[163,59.1],[163,59],[163.1,59],[163,58.9],[162.9,58.9],[162.9,59],[162.8,58.9],[162.7,58.9],[162.7,58.8],[162.7,58.9],[162.8,58.9],[162.8,58.8],[162.7,58.8],[162.5,58.7],[162.4,58.7],[162.3,58.6],[162.2,58.5],[162.2,58.4],[162,58.2],[162,58.1],[162,58],[162,57.9],[162.1,57.9],[162.1,57.8],[162.2,57.8],[162.3,57.8],[162.4,57.8],[162.5,57.8],[162.4,57.7],[162.3,57.7],[162.4,57.7],[162.5,57.8],[162.5,57.9],[162.6,57.9],[162.6,58],[162.7,58],[162.8,57.9],[162.9,57.9],[163,57.8],[163.1,57.8],[163.2,57.8],[163.3,57.8],[163.3,57.7],[163.2,57.7],[163.2,57.6],[163.1,57.5],[163,57.4],[162.9,57.4],[162.8,57.4],[162.8,57.3],[162.8,57.2],[162.8,57.1],[162.9,57.1],[162.8,57],[162.8,56.9],[162.8,56.8],[162.8,56.7],[162.9,56.7],[163,56.7],[163.1,56.7],[163.2,56.7],[163.3,56.7],[163.2,56.6],[163.3,56.6],[163.3,56.5],[163.2,56.5],[163.3,56.5],[163.3,56.4],[163.3,56.3],[163.4,56.3],[163.3,56.3],[163.3,56.2],[163.4,56.2],[163.3,56.2],[163.3,56.1],[163.2,56.1],[163.1,56.1],[163.1,56],[163,56],[162.9,56],[162.8,56.1],[162.7,56.1],[162.7,56.2],[162.6,56.2],[162.7,56.3],[162.8,56.3],[162.8,56.4],[162.9,56.4],[163,56.4],[163.1,56.4],[163.1,56.5],[163,56.5],[162.9,56.4],[162.8,56.4],[162.7,56.5],[162.6,56.4],[162.5,56.4],[162.4,56.4],[162.5,56.3],[162.6,56.3],[162.5,56.2],[162.4,56.2],[162.3,56.2],[162.2,56.1],[162.1,56.1],[162,56.1],[162,56],[162.1,56],[162,56],[162,55.9],[161.9,55.9],[161.9,55.8],[161.8,55.7],[161.8,55.6],[161.8,55.5],[161.7,55.5],[161.7,55.4],[161.8,55.4],[161.8,55.3],[161.8,55.2],[161.8,55.1],[161.9,55.1],[162,55],[162,54.9],[162.1,54.9],[162.2,54.9],[162.2,54.8],[162.1,54.8],[162.1,54.7],[162,54.7],[161.9,54.6],[161.8,54.6],[161.8,54.5],[161.7,54.5],[161.6,54.5],[161.5,54.5],[161.4,54.5],[161.3,54.5],[161.2,54.5],[161.2,54.6],[161.1,54.6],[160.9,54.6],[160.7,54.5],[160.5,54.4],[160.4,54.4],[160.3,54.3],[160.2,54.2],[160.1,54.2],[160,54.1],[160,54],[159.9,54],[159.8,53.8],[159.8,53.7],[159.9,53.7],[159.8,53.7],[159.9,53.6],[159.9,53.7],[159.9,53.6],[160,53.6],[160,53.5],[159.9,53.5],[159.8,53.5],[159.9,53.5],[159.9,53.4],[159.9,53.3],[160,53.3],[159.9,53.3],[160,53.2],[160,53.3],[160,53.2],[160.1,53.2],[160.1,53.1],[160,53.1],[159.9,53.1],[159.8,53.2],[159.8,53.3],[159.7,53.2],[159.6,53.3],[159.5,53.2],[159.4,53.2],[159.3,53.2],[159.2,53.1],[159,53.1],[158.9,53],[158.7,52.9],[158.7,53],[158.6,53],[158.6,53.1],[158.5,53.1],[158.5,53],[158.4,53],[158.5,53],[158.4,53],[158.4,52.9],[158.5,52.9],[158.6,52.9],[158.6,52.8],[158.5,52.8],[158.6,52.8],[158.5,52.8],[158.5,52.7],[158.6,52.7],[158.6,52.6],[158.5,52.6],[158.4,52.7],[158.4,52.6],[158.5,52.6],[158.5,52.5],[158.5,52.4],[158.4,52.4],[158.5,52.4],[158.6,52.4],[158.5,52.4],[158.5,52.3],[158.6,52.3],[158.5,52.3],[158.4,52.3],[158.4,52.2],[158.4,52.1],[158.3,52.1],[158.3,52],[158.2,51.9],[158.1,51.9],[158.1,51.8],[158,51.8],[158,51.7],[157.9,51.7],[157.9,51.6],[157.8,51.6],[157.8,51.5],[157.7,51.6],[157.7,51.5],[157.6,51.5],[157.5,51.5],[157.5,51.4],[157.4,51.3],[157.4,51.4],[157.4,51.3],[157.3,51.3],[157.3,51.2],[157.2,51.2],[157.1,51.2],[157,51.1],[156.9,51],[156.8,51],[156.8,50.9],[156.7,50.9],[156.8,51],[156.8,51.1],[156.7,51.1],[156.7,51.2],[156.7,51.3],[156.6,51.3],[156.5,51.3],[156.5,51.4],[156.5,51.5],[156.5,51.6],[156.5,51.8],[156.5,52],[156.4,52.2],[156.4,52.4],[156.3,52.4],[156.3,52.5],[156.4,52.5],[156.4,52.4],[156.4,52.5],[156.3,52.5],[156.3,52.6],[156.2,52.7],[156.2,52.8],[156.1,52.9],[156.1,53],[156.1,53.2],[156.1,53.3],[156,53.4],[156,53.6],[156,53.7],[156,53.8],[155.9,53.8],[155.9,53.9],[155.9,54],[155.9,54.1],[155.8,54.2],[155.7,54.4],[155.6,54.8],[155.6,54.9],[155.6,55.3],[155.6,55.4],[155.6,55.5],[155.6,55.6],[155.7,55.9],[155.7,56],[155.7,56.1],[155.8,56.1],[155.7,56.1],[155.8,56.2],[155.8,56.3],[155.9,56.6],[156,56.7],[156,56.8],[156.1,56.8],[156.2,56.8],[156.1,56.8],[156.1,56.7],[156.1,56.8],[156.2,56.8],[156.2,56.9],[156.3,56.9],[156.4,56.9],[156.5,56.9],[156.5,57],[156.5,57.1],[156.6,57.1],[156.7,57.1],[156.7,57],[156.7,57.1],[156.8,57.1],[156.8,57.2],[156.9,57.3],[157,57.4],[157,57.5],[156.9,57.6],[156.9,57.7],[156.8,57.7],[156.7,57.7],[156.8,57.8],[157,57.9],[157,57.8],[157.1,57.8],[157.2,57.8],[157.3,57.8],[157.4,57.8],[157.5,57.8],[157.6,57.9],[157.6,58],[157.7,58],[157.6,58],[157.7,58],[157.8,58],[157.9,58],[158.1,58],[158.2,58],[158.3,58],[158.2,58],[158.2,58.1],[158.3,58.1],[158.4,58.1],[158.5,58.2],[158.7,58.3],[158.8,58.3],[158.9,58.3],[158.9,58.4],[159,58.4],[159.1,58.5],[159.2,58.5],[159.4,58.6],[159.4,58.7],[159.5,58.7],[159.6,58.8],[159.7,58.8],[159.7,58.9],[159.8,58.9],[159.8,59],[159.7,59],[159.8,59.1],[159.9,59.1],[160.2,59.3],[160.3,59.3],[160.3,59.4],[160.4,59.5],[160.5,59.5],[160.5,59.6],[160.6,59.6],[160.7,59.6],[160.8,59.6],[160.9,59.6],[160.9,59.7],[161,59.7],[161,59.8],[161.1,59.8],[161.2,59.8],[161.3,59.9],[161.4,60],[161.5,60],[161.5,60.1],[161.6,60.1],[161.7,60.1],[161.8,60.1],[161.9,60.2],[161.9,60.3],[161.9,60.4],[162,60.4],[162.1,60.5],[162.2,60.5],[162.3,60.5],[162.4,60.6],[162.5,60.6],[162.6,60.6],[162.7,60.6],[162.8,60.6],[162.8,60.7],[162.9,60.7],[162.9,60.8],[163,60.8],[163.1,60.8],[163.2,60.8],[163.3,60.8],[163.3,60.7],[163.3,60.8],[163.4,60.8],[163.5,60.8],[163.5,60.9],[163.6,60.9],[163.7,60.9],[163.8,60.9],[163.7,60.9],[163.7,61],[163.6,61],[163.5,61],[163.6,61],[163.6,61.1],[163.7,61.1],[163.8,61.2],[163.9,61.2],[163.9,61.3],[164,61.3],[164,61.4],[163.9,61.5],[163.8,61.5],[163.8,61.4],[163.8,61.5],[163.8,61.6],[163.9,61.6],[163.9,61.7],[164,61.7],[164.1,61.7],[164.1,61.8],[164,61.8],[164.1,61.8],[164.1,61.9],[164.1,62],[164.1,62.1],[164.1,62.2],[164.1,62.3],[164.2,62.3],[164.3,62.3],[164.4,62.4],[164.5,62.4],[164.5,62.5],[164.6,62.4],[164.6,62.5],[164.7,62.5],[164.9,62.4],[165,62.4],[165.1,62.4],[165.2,62.4],[165.3,62.3],[165.3,62.4],[165.2,62.4],[165.1,62.4],[165.1,62.5],[165.2,62.5],[165.3,62.5],[165.4,62.5],[165.6,62.4],[165.7,62.5],[165.6,62.5],[165.5,62.5],[165.4,62.5],[165.1,62.5],[165,62.5],[164.9,62.5],[164.8,62.6],[164.7,62.6],[164.6,62.6],[164.6,62.7],[164.5,62.7],[164.4,62.7],[164.3,62.7],[164.2,62.7],[164.1,62.7],[164,62.6],[163.9,62.6],[163.8,62.6],[163.7,62.6],[163.6,62.6],[163.5,62.6],[163.5,62.5],[163.4,62.6],[163.4,62.5],[163.3,62.5],[163.2,62.5],[163.3,62.5],[163.2,62.4],[163.3,62.4],[163.4,62.4],[163.4,62.3],[163.3,62.3],[163.2,62.3],[163.1,62.3],[163.1,62.2],[163.1,62.1],[163.2,62.1],[163.1,62.1],[163.2,62.1],[163.2,62],[163.1,62],[163.1,61.9],[163,61.9],[163.1,61.9],[163,61.9],[163,61.8],[163.1,61.8],[163.1,61.7],[163.2,61.7],[163.3,61.7],[163.3,61.6],[163.2,61.6],[163.1,61.6],[163.1,61.5],[163,61.5],[163,61.6],[162.9,61.6],[162.9,61.7],[162.8,61.7],[162.7,61.7],[162.6,61.7],[162.6,61.6],[162.7,61.6],[162.8,61.6],[162.7,61.6],[162.6,61.6],[162.5,61.7],[162.4,61.7],[162.4,61.6],[162.3,61.6],[162.2,61.6],[162.2,61.5],[162.1,61.5],[162.1,61.4],[162,61.4],[162.1,61.4],[162,61.4],[161.9,61.4],[161.9,61.3],[161.8,61.4],[161.8,61.3],[161.7,61.3],[161.6,61.3],[161.6,61.2],[161.5,61.2],[161.4,61.2],[161.4,61.1],[161.5,61.1],[161.4,61.1],[161.3,61.1],[161.2,61.1],[161.2,61],[161.1,61],[161,60.9],[160.9,60.9],[160.9,60.8],[160.8,60.8],[160.8,60.7],[160.7,60.7],[160.7,60.8],[160.6,60.7],[160.5,60.7],[160.4,60.7],[160.3,60.6],[160.2,60.6],[160.1,60.6],[160.2,60.6],[160.1,60.7],[160.2,60.7],[160.3,60.7],[160.2,60.8],[160.3,60.8],[160.2,60.8],[160.3,60.8],[160.2,60.9],[160.3,60.9],[160.4,60.9],[160.4,61],[160.3,61],[160.2,61],[160.1,61],[160,61],[160,60.9],[159.9,60.9],[159.8,60.9],[159.8,61],[159.9,61],[160,61.1],[160,61.2],[159.9,61.2],[160,61.2],[159.9,61.2],[159.9,61.3],[159.8,61.2],[159.8,61.3],[159.9,61.3],[160,61.3],[159.9,61.3],[160,61.3],[160,61.4],[160.1,61.4],[160,61.4],[160.1,61.4],[160.1,61.5],[160.1,61.4],[160,61.5],[160.1,61.5],[160.2,61.5],[160.3,61.6],[160.2,61.6],[160.3,61.6],[160.3,61.7],[160.4,61.7],[160.4,61.8],[160.4,61.9],[160.3,61.9],[160.2,61.9],[160.1,61.9],[160,61.8],[159.9,61.8],[159.9,61.7],[159.8,61.7],[159.7,61.7],[159.6,61.7],[159.5,61.7],[159.5,61.8],[159.6,61.8],[159.5,61.8],[159.4,61.8],[159.4,61.9],[159.3,61.9],[159.2,61.9],[159.1,61.9],[159,61.9],[158.9,61.9],[158.8,61.9],[158.9,61.8],[158.8,61.8],[158.7,61.8],[158.6,61.8],[158.5,61.8],[158.4,61.8],[158.3,61.8],[158.2,61.8],[158.1,61.8],[158.1,61.7],[158,61.7],[157.9,61.7],[157.9,61.8],[157.8,61.8],[157.7,61.8],[157.5,61.8],[157.4,61.7],[157.3,61.7],[157.2,61.7],[157.1,61.7],[157,61.7],[157,61.6],[156.9,61.6],[156.8,61.5],[156.7,61.5],[156.6,61.4],[156.6,61.3],[156.7,61.3],[156.7,61.2],[156.6,61.2],[156.5,61.2],[156.4,61.1],[156.3,61.1],[156.1,61],[156,61],[156,60.9],[155.9,60.9],[156,60.9],[155.9,60.9],[155.9,60.8],[155.9,60.7],[155.8,60.7],[155.7,60.7],[155.7,60.6],[155.6,60.6],[155.5,60.6],[155.5,60.5],[155.4,60.5],[155.3,60.5],[155.2,60.5],[155.2,60.4],[155.1,60.4],[155,60.4],[154.9,60.3],[154.8,60.3],[154.8,60.2],[154.7,60.2],[154.6,60.1],[154.5,60.1],[154.5,60],[154.5,59.9],[154.5,60],[154.5,60.1],[154.6,60.1],[154.5,60.1],[154.4,60.1],[154.4,60],[154.5,60],[154.5,59.9],[154.4,59.8],[154.4,59.9],[154.3,59.9],[154.2,59.9],[154.2,59.8],[154.2,59.7],[154.3,59.7],[154.4,59.6],[154.3,59.6],[154.3,59.7],[154.2,59.7],[154.2,59.6],[154.1,59.5],[154.3,59.4],[154.3,59.5],[154.4,59.5],[154.3,59.5],[154.4,59.5],[154.4,59.4],[154.5,59.4],[154.5,59.5],[154.4,59.5],[154.5,59.5],[154.6,59.5],[154.7,59.5],[154.8,59.5],[154.9,59.5],[155,59.5],[155,59.4],[155.1,59.4],[155.2,59.4],[155.2,59.3],[155.2,59.2],[155.1,59.2],[155.2,59.2],[155.1,59.2],[155,59.2],[154.9,59.2],[154.8,59.2],[154.8,59.1],[154.7,59.1],[154.7,59.2],[154.6,59.2],[154.5,59.2],[154.4,59.2],[154.3,59.2],[154.4,59.1],[154.3,59.1],[154.2,59.1],[154.1,59.1],[154,59.1],[153.9,59.1],[153.8,59.2],[153.7,59.2],[153.8,59.2],[153.7,59.2],[153.6,59.2],[153.5,59.2],[153.4,59.2],[153.3,59.2],[153.3,59.1],[153.4,59.1],[153.3,59.1],[153.2,59.1],[153.1,59.1],[153,59.1],[153,59],[152.9,59],[152.9,58.9],[152.8,58.9],[152.7,58.9],[152.6,58.9],[152.5,59],[152.4,59],[152.4,59.1],[152.3,59.1],[152.3,59],[152.4,59],[152.3,59],[152.2,59],[152.2,58.9],[152.1,58.9],[152,58.9],[151.9,58.9],[151.8,58.9],[151.7,58.8],[151.6,58.8],[151.5,58.9],[151.4,58.8],[151.3,58.8],[151.4,58.8],[151.4,58.9],[151.3,58.9],[151.2,59],[151.1,59.1],[151.2,59.1],[151.3,59.1],[151.4,59.1],[151.4,59.2],[151.5,59.2],[151.6,59.2],[151.7,59.2],[151.7,59.1],[151.8,59.1],[151.8,59.2],[151.9,59.1],[152,59.1],[152,59.2],[152.1,59.1],[152.1,59.2],[152.2,59.2],[152.3,59.2],[152.2,59.3],[152.1,59.3],[152,59.3],[151.9,59.3],[151.8,59.3],[151.7,59.3],[151.8,59.3],[151.7,59.4],[151.7,59.5],[151.6,59.5],[151.5,59.5],[151.5,59.6],[151.4,59.6],[151.5,59.6],[151.4,59.6],[151.3,59.6],[151.2,59.6],[151.1,59.6],[151,59.6],[150.9,59.6],[150.9,59.5],[150.9,59.4],[150.8,59.4],[150.7,59.4],[150.8,59.5],[150.7,59.5],[150.6,59.5],[150.5,59.5],[150.6,59.5],[150.7,59.5],[150.8,59.5],[150.8,59.6],[150.7,59.6],[150.7,59.5],[150.6,59.5],[150.5,59.6],[150.4,59.6],[150.3,59.6],[150.3,59.7],[150.2,59.7],[150.1,59.7],[150,59.7],[149.8,59.7],[149.6,59.8],[149.4,59.7],[149.4,59.8],[149.3,59.8],[149.4,59.7],[149.3,59.7],[149.2,59.7],[149.1,59.6],[149.1,59.7],[149,59.6],[149.1,59.6],[149.1,59.5],[149.2,59.5],[149.1,59.5],[149,59.5],[148.9,59.5],[148.8,59.5],[148.9,59.5],[148.8,59.6],[148.8,59.5],[148.7,59.5],[148.7,59.4],[148.8,59.4],[148.9,59.4],[149,59.4],[148.9,59.3],[149,59.3],[148.9,59.2],[148.9,59.3],[148.8,59.3],[148.8,59.2],[148.7,59.2],[148.7,59.3],[148.6,59.2],[148.5,59.3],[148.4,59.3],[148.4,59.4],[148.3,59.4],[148.2,59.4],[148,59.4],[147.9,59.4],[147.8,59.4],[147.8,59.3],[147.7,59.3],[147.6,59.3],[147.5,59.2],[147.4,59.3],[147.3,59.3],[147.2,59.3],[147.1,59.3],[147.1,59.4],[147,59.4],[146.9,59.4],[146.7,59.4],[146.6,59.4],[146.6,59.5],[146.5,59.5],[146.4,59.5],[146.4,59.4],[146.3,59.4],[146.3,59.3],[146.3,59.2],[146.4,59.2],[146.3,59.2],[146.2,59.2],[146.1,59.2],[146.1,59.1],[146,59.1],[146,59.2],[145.9,59.2],[145.8,59.2],[145.8,59.3],[145.9,59.3],[145.9,59.4],[146,59.4],[145.9,59.4],[145.8,59.4],[145.7,59.4],[145.6,59.4],[145.5,59.4],[145.4,59.4],[145.3,59.4],[145.2,59.4],[145.1,59.4],[145,59.4],[144.8,59.4],[144.6,59.4],[144.7,59.4],[144.5,59.4],[144.4,59.4],[144.3,59.4],[144.1,59.4],[143.9,59.4],[143.8,59.4],[143.6,59.3],[143.5,59.3],[143.4,59.3],[143.3,59.4],[143.2,59.4],[143.1,59.4],[143.2,59.4],[142.9,59.3],[142.6,59.2],[142.3,59.1],[142.1,59.1],[142.1,59],[142,59],[141.9,58.9],[141.8,58.8],[141.7,58.7],[141.6,58.6],[141.4,58.5],[141.2,58.5],[141.1,58.5],[141,58.4],[140.9,58.4],[140.7,58.3],[140.7,58.2],[140.6,58.1],[140.5,57.9],[140.5,57.8],[140.4,57.8],[140.3,57.8],[140.3,57.7],[140.3,57.8],[140.2,57.8],[140.2,57.7],[140.1,57.7],[140,57.7],[139.9,57.7],[139.9,57.6],[139.8,57.5],[139.7,57.5],[139.6,57.5],[139.6,57.4],[139.5,57.4],[139.5,57.3],[139.4,57.3],[139.3,57.3],[139.2,57.3],[139.1,57.2],[139,57.2],[139,57.1],[139,57.2],[139,57.1],[138.9,57.1],[138.9,57],[138.8,57],[138.7,57],[138.6,57],[138.6,56.9],[138.6,56.8],[138.5,56.8],[138.5,56.9],[138.5,56.8],[138.4,56.8],[138.4,56.7],[138.3,56.7],[138.3,56.6],[138.2,56.6],[138.1,56.6],[138.1,56.5],[138.2,56.5],[138.3,56.5],[138.2,56.5],[138.2,56.4],[138.2,56.5],[138.1,56.4],[138,56.4],[137.9,56.4],[137.9,56.3],[137.8,56.2],[137.7,56.2],[137.7,56.1],[137.6,56.1],[137.5,56.1],[137.4,56],[137.4,55.9],[137.4,56],[137.3,56],[137.3,55.9],[137.2,55.9],[137.1,55.9],[137,55.8],[137.1,55.8],[137,55.8],[136.9,55.8],[136.9,55.7],[136.8,55.7],[136.7,55.7],[136.7,55.6],[136.6,55.6],[136.5,55.6],[136.4,55.6],[136.4,55.5],[136.3,55.5],[136.3,55.4],[136.2,55.4],[136.2,55.3],[136.1,55.3],[136,55.3],[136,55.2],[135.9,55.2],[135.8,55.2],[135.8,55.1],[135.7,55.1],[135.6,55.1],[135.5,55.1],[135.5,55],[135.4,55],[135.3,55],[135.3,54.9],[135.2,54.9],[135.2,54.8],[135.3,54.7],[135.2,54.7],[135.3,54.7],[135.7,54.7],[135.7,54.6],[135.8,54.6],[135.9,54.6],[136,54.6],[136.1,54.6],[136.2,54.6],[136.3,54.6],[136.5,54.6],[136.6,54.6],[136.6,54.7],[136.7,54.7],[136.7,54.6],[136.8,54.6],[136.8,54.7],[136.8,54.6],[136.9,54.6],[136.8,54.6],[136.8,54.5],[136.8,54.4],[136.7,54.4],[136.8,54.4],[136.8,54.3],[136.8,54.2],[136.8,54.1],[136.7,54],[136.7,53.9],[136.7,53.8],[136.8,53.8],[136.9,53.8],[137,53.9],[137,53.8],[137.1,53.8],[137.2,53.8],[137.2,53.9],[137.2,54],[137.3,54],[137.3,54.1],[137.2,54],[137.1,54.1],[137.1,54.2],[137.2,54.2],[137.3,54.2],[137.3,54.3],[137.4,54.3],[137.5,54.3],[137.6,54.3],[137.7,54.3],[137.6,54.2],[137.5,54.2],[137.5,54.1],[137.4,54.1],[137.5,54.1],[137.4,54.1],[137.3,54.1],[137.3,54],[137.4,54],[137.5,54],[137.6,54],[137.7,54],[137.8,53.9],[137.8,54],[137.9,54],[137.8,54],[137.8,53.9],[137.7,53.9],[137.6,53.9],[137.6,53.8],[137.6,53.7],[137.5,53.7],[137.4,53.7],[137.3,53.7],[137.3,53.6],[137.2,53.6],[137.3,53.5],[137.4,53.5],[137.7,53.6],[137.9,53.6],[138,53.7],[138.2,53.7],[138.3,53.7],[138.3,53.8],[138.3,53.9],[138.4,53.9],[138.5,53.9],[138.6,54],[138.6,53.9],[138.6,53.8],[138.5,53.8],[138.4,53.7],[138.3,53.6],[138.2,53.6],[138.2,53.5],[138.3,53.5],[138.4,53.5],[138.5,53.5],[138.5,53.6],[138.6,53.6],[138.7,53.7],[138.7,53.8],[138.7,53.9],[138.8,54],[138.8,54.1],[138.7,54.1],[138.7,54.2],[138.7,54.3],[138.6,54.3],[138.7,54.3],[138.9,54.3],[139.1,54.2],[139.2,54.2],[139.3,54.2],[139.4,54.2],[139.6,54.3],[139.7,54.3],[139.8,54.3],[139.8,54.2],[139.9,54.2],[140,54.1],[140.1,54.1],[140.2,54.1],[140.2,54],[140.3,54],[140.3,53.9],[140.4,53.8],[140.5,53.7],[140.6,53.6],[140.7,53.6],[141,53.5],[141.1,53.5],[141,53.5],[140.9,53.5],[140.9,53.4],[141,53.4],[141,53.5],[141,53.4],[141.1,53.4],[141.2,53.4],[141.2,53.3],[141.3,53.3],[141.4,53.3],[141.4,53.2],[141.4,53.1],[141.3,53.1],[141.4,53.1],[141.3,53.1],[141.2,53.1],[141.2,53],[141.3,53],[141.2,53],[141.1,53],[141,53],[141,53.1],[140.9,53.1],[140.8,53.1],[140.7,53.1],[140.8,53.1],[140.9,53],[141,53],[141,52.9],[141.1,52.9],[141.2,52.9],[141.2,52.8],[141.3,52.9],[141.3,52.8],[141.2,52.8],[141.3,52.8],[141.3,52.7],[141.3,52.6],[141.2,52.5],[141.1,52.5],[141.1,52.4],[141.2,52.4],[141.2,52.3],[141.3,52.3],[141.4,52.3],[141.4,52.2],[141.5,52.2],[141.6,52.2],[141.6,52.1],[141.5,52.2],[141.4,52.1],[141.3,52.1],[141.4,52.1],[141.3,52.1],[141.3,52],[141.4,52],[141.4,51.9],[141.3,51.9],[141.2,51.8],[141.1,51.7],[141,51.7],[140.9,51.6],[140.9,51.5],[140.8,51.5],[140.8,51.4],[140.9,51.4],[140.8,51.3],[140.7,51.3],[140.7,51.2],[140.7,51.1],[140.7,51],[140.7,50.9],[140.6,50.9],[140.5,50.9],[140.5,50.8],[140.5,50.7],[140.5,50.6],[140.4,50.5],[140.5,50.5],[140.5,50.4],[140.5,50.3],[140.5,50.2],[140.5,50.1],[140.6,50.1],[140.7,50.1],[140.6,50],[140.5,50],[140.5,49.9],[140.4,49.9],[140.5,49.8],[140.5,49.7],[140.5,49.6],[140.6,49.6],[140.5,49.5],[140.5,49.4],[140.4,49.4],[140.4,49.3],[140.3,49.3],[140.4,49.3],[140.4,49.2],[140.3,49.2],[140.4,49.2],[140.4,49.1],[140.3,49.1],[140.3,49],[140.2,49],[140.3,49],[140.2,49],[140.3,49],[140.4,49],[140.4,48.9],[140.3,48.9],[140.3,48.8],[140.2,48.8],[140.2,48.7],[140.2,48.6],[140.2,48.5],[140.2,48.4],[140.1,48.4],[140,48.3],[139.8,48.2],[139.7,48.2],[139.7,48.1],[139.6,48],[139.5,48],[139.4,47.9],[139.3,47.8],[139.2,47.8],[139.2,47.7],[139.2,47.6],[139.1,47.6],[139.1,47.5],[139,47.5],[139,47.4],[139,47.3],[138.9,47.3],[138.7,47.1],[138.6,47.1],[138.6,47],[138.5,47],[138.5,46.9],[138.4,46.8],[138.4,46.7],[138.3,46.7],[138.3,46.6],[138.4,46.6],[138.3,46.5],[138.2,46.5],[138.1,46.3],[138.1,46.2],[138,46.2],[138,46.1],[137.9,46.1],[137.9,46],[137.8,45.9],[137.7,45.9],[137.7,45.8],[137.6,45.8],[137.5,45.7],[137.4,45.6],[137.3,45.6],[137.3,45.5],[137.2,45.5],[137.1,45.4],[136.9,45.3],[136.8,45.2],[136.8,45.1],[136.7,45.1],[136.7,45],[136.6,45],[136.6,44.9],[136.5,44.9],[136.5,44.8],[136.4,44.8],[136.3,44.8],[136.3,44.7],[136.2,44.7],[136.2,44.6],[136.2,44.5],[136.1,44.5],[136,44.4],[136,44.5],[136,44.4],[135.9,44.4],[135.8,44.4],[135.8,44.3],[135.7,44.2],[135.6,44.1],[135.7,44.1],[135.6,44.1],[135.6,44],[135.5,44],[135.5,43.9],[135.5,44],[135.5,43.9],[135.5,43.8],[135.4,43.8],[135.4,43.7],[135.3,43.7],[135.2,43.7],[135.2,43.6],[135.1,43.5],[135,43.5],[135,43.4],[134.9,43.4],[134.8,43.4],[134.8,43.3],[134.7,43.3],[134.6,43.3],[134.6,43.2],[134.5,43.2],[134.4,43.2],[134.4,43.1],[134.3,43.1],[134.2,43.1],[134.2,43],[134.1,43],[134,43],[133.9,42.9],[133.8,42.9],[133.7,42.8],[133.7,42.9],[133.6,42.9],[133.6,42.8],[133.6,42.9],[133.6,42.8],[133.5,42.8],[133.4,42.8],[133.3,42.8],[133.2,42.7],[133.1,42.7],[133,42.7],[133.1,42.7],[133.1,42.8],[133,42.8],[132.9,42.8],[132.9,42.7],[132.8,42.7],[132.8,42.8],[132.8,42.9],[132.7,42.9],[132.6,42.9],[132.6,42.8],[132.5,42.9],[132.4,42.9],[132.3,42.9],[132.4,42.9],[132.3,42.9],[132.3,42.8],[132.3,42.9],[132.3,43],[132.3,43.1],[132.3,43.2],[132.4,43.2],[132.3,43.2],[132.3,43.3],[132.4,43.3],[132.3,43.3],[132.2,43.2],[132.1,43.2],[132,43.1],[131.9,43.1],[131.8,43.1],[131.9,43.1],[131.9,43.2],[132,43.2],[132,43.3],[132.1,43.3],[132,43.3],[131.9,43.3],[131.8,43.3],[131.8,43.2],[131.7,43.2],[131.8,43.2],[131.7,43.2],[131.6,43.2],[131.7,43.2],[131.7,43.1],[131.6,43],[131.5,43],[131.5,42.9],[131.4,42.9],[131.4,43],[131.4,42.9],[131.5,42.9],[131.4,42.9],[131.4,42.8],[131.3,42.8],[131.2,42.7],[131.3,42.7],[131.2,42.7],[131.2,42.6],[131.1,42.6],[131.1,42.7],[131.1,42.6],[131,42.6],[130.9,42.6],[130.8,42.6],[130.9,42.6],[130.9,42.7],[130.8,42.7],[130.7,42.7],[130.7,42.6],[130.8,42.6],[130.9,42.5],[130.8,42.5],[130.8,42.4],[130.7,42.4],[130.7,42.3],[130.7,42.4],[130.6,42.4],[130.6,42.5],[130.5,42.5],[130.6,42.6],[130.5,42.7],[130.4,42.7],[130.5,42.8],[130.6,42.8],[130.7,42.8],[130.8,42.9],[130.9,42.8],[131,42.8],[131,42.9],[131.1,42.9],[131.1,43],[131.1,43.1],[131.2,43.1],[131.2,43.2],[131.2,43.3],[131.3,43.4],[131.3,43.5],[131.2,43.5],[131.2,43.6],[131.2,43.7],[131.2,43.8],[131.2,43.9],[131.2,44],[131.3,44],[131.3,44.1],[131.2,44.4],[131.1,44.7],[131,44.7],[131,44.8],[130.9,44.8],[131,44.9],[131.1,44.9],[131.2,44.9],[131.3,44.9],[131.3,45],[131.4,45],[131.5,45],[131.6,45.1],[131.6,45.2],[131.7,45.2],[131.8,45.3],[131.9,45.3],[131.9,45.2],[132,45.2],[132.4,45.1],[132.8,45.1],[132.9,45],[133,45],[133,45.1],[133.1,45.1],[133.1,45.2],[133.1,45.3],[133.1,45.4],[133.2,45.5],[133.3,45.5],[133.4,45.6],[133.5,45.6],[133.5,45.7],[133.4,45.7],[133.5,45.7],[133.5,45.8],[133.5,45.9],[133.6,45.9],[133.7,45.9],[133.7,46],[133.7,46.1],[133.7,46.2],[133.8,46.2],[133.9,46.2],[133.9,46.3],[133.9,46.4],[133.8,46.5],[133.9,46.5],[133.9,46.6],[134,46.6],[134,46.7],[134,46.8],[134.1,46.9],[134.1,47],[134.1,47.1],[134.2,47.1],[134.2,47.2],[134.2,47.3],[134.2,47.4],[134.3,47.4],[134.4,47.4],[134.5,47.4],[134.5,47.5],[134.6,47.5],[134.7,47.6],[134.7,47.7],[134.8,47.7],[134.7,47.8],[134.7,47.9],[134.6,47.9],[134.6,48],[134.6,48.1],[134.7,48.1],[134.7,48.2],[134.7,48.3],[134.6,48.3],[134.5,48.4],[134.5,48.3],[134.4,48.4],[134.2,48.4],[134.1,48.3],[134,48.3],[133.9,48.3],[133.8,48.3],[133.7,48.3],[133.7,48.2],[133.6,48.2],[133.6,48.1],[133.5,48.1],[133.4,48.1],[133.3,48.1],[133.2,48.1],[133.1,48.1],[133,48.1],[132.9,48],[132.8,48],[132.8,47.9],[132.7,48],[132.7,47.9],[132.6,47.8],[132.6,47.7],[132.5,47.7],[132.4,47.7],[132.3,47.7],[132.2,47.7],[132.1,47.7],[132,47.7],[131.9,47.7],[131.8,47.7],[131.7,47.7],[131.6,47.7],[131.5,47.7],[131.4,47.7],[131.2,47.7],[131.1,47.7],[131,47.7],[130.9,47.7],[130.9,47.8],[130.9,47.9],[130.7,48.1],[130.7,48.2],[130.8,48.2],[130.8,48.3],[130.8,48.4],[130.7,48.4],[130.8,48.5],[130.7,48.5],[130.6,48.5],[130.6,48.6],[130.5,48.6],[130.6,48.8],[130.7,48.8],[130.7,48.9],[130.6,48.9],[130.5,48.9],[130.4,48.9],[130.3,48.9],[130.2,48.9],[130,49],[129.9,49],[129.9,49.1],[129.8,49.1],[129.8,49.2],[129.7,49.2],[129.7,49.3],[129.6,49.3],[129.5,49.3],[129.5,49.4],[129.4,49.4],[129.4,49.3],[129.3,49.3],[129.3,49.4],[129.2,49.4],[129.1,49.4],[129.1,49.3],[129.1,49.4],[129,49.4],[128.9,49.4],[128.9,49.5],[128.8,49.5],[128.8,49.6],[128.7,49.6],[128.6,49.6],[128.4,49.6],[128.3,49.5],[128.3,49.6],[128.2,49.6],[128.2,49.5],[128.1,49.5],[128,49.6],[127.9,49.6],[127.8,49.6],[127.7,49.6],[127.7,49.7],[127.6,49.8],[127.5,49.8],[127.5,49.9],[127.5,50],[127.5,50.1],[127.6,50.1],[127.6,50.2],[127.4,50.3],[127.3,50.3],[127.3,50.4],[127.4,50.4],[127.3,50.4],[127.3,50.5],[127.4,50.5],[127.4,50.6],[127.3,50.6],[127.3,50.7],[127.3,50.8],[127.2,50.8],[127.1,50.9],[127,51],[126.9,51],[126.9,51.1],[126.9,51.2],[126.9,51.3],[127,51.3],[126.9,51.3],[126.8,51.3],[126.9,51.4],[126.8,51.4],[126.8,51.5],[126.7,51.6],[126.7,51.7],[126.6,51.7],[126.4,52],[126.5,52],[126.5,52.1],[126.6,52.1],[126.5,52.2],[126.4,52.2],[126.3,52.2],[126.4,52.3],[126.3,52.3],[126.3,52.4],[126.4,52.4],[126.3,52.4],[126.3,52.5],[126.2,52.5],[126.1,52.6],[126,52.6],[126,52.7],[126.1,52.7],[126,52.7],[126.1,52.7],[126.1,52.8],[126,52.8],[125.9,52.8],[125.9,52.9],[125.8,52.9],[125.7,52.9],[125.6,52.9],[125.7,52.9],[125.7,53],[125.6,53],[125.6,53.1],[125.5,53],[125.5,53.1],[125.4,53.1],[125.1,53.2],[125,53.2],[124.9,53.2],[124.9,53.1],[124.8,53.1],[124.8,53.2],[124.7,53.1],[124.7,53.2],[124.6,53.2],[124.5,53.2],[124.4,53.2],[124.4,53.3],[124.3,53.3],[124.3,53.4],[124.2,53.4],[124.1,53.4],[124,53.4],[124,53.5],[123.9,53.5],[123.7,53.5],[123.6,53.6],[123.6,53.5],[123.5,53.5],[123.5,53.6],[123.5,53.5],[123.4,53.5],[123.3,53.6],[123.2,53.6],[123.2,53.5],[123,53.5],[122.9,53.5],[122.5,53.5],[122.4,53.5],[122.3,53.5],[122.2,53.5],[122.1,53.5],[122.1,53.4],[122,53.4],[121.9,53.4],[121.6,53.4],[121.5,53.3],[121.4,53.3],[121.3,53.3],[121.2,53.3],[121.1,53.3],[120.9,53.3],[120.8,53.3],[120.8,53.2],[120.7,53.2],[120.7,53.1],[120.6,53.1],[120.5,53.1],[120.5,53],[120.4,53],[120.4,52.9],[120.3,52.9],[120.2,52.8],[120.1,52.8],[120,52.8],[120,52.7],[120.1,52.7],[120,52.7],[120,52.6],[120.1,52.6],[120.2,52.6],[120.3,52.6],[120.4,52.6],[120.5,52.6],[120.6,52.6],[120.7,52.6],[120.7,52.5],[120.7,52.4],[120.6,52.4],[120.6,52.3],[120.7,52.3],[120.8,52.2],[120.8,52.1],[120.7,52.1],[120.7,52],[120.7,51.9],[120.6,51.9],[120.5,51.9],[120.5,51.8],[120.4,51.8],[120.3,51.8],[120.2,51.7],[120.1,51.7],[120.1,51.6],[120,51.5],[120,51.4],[119.9,51.4],[119.9,51.3],[119.8,51.3],[119.8,51.2],[119.8,51.1],[119.7,51.1],[119.7,51],[119.6,51],[119.6,50.9],[119.5,50.9],[119.5,50.8],[119.5,50.7],[119.4,50.7],[119.4,50.6],[119.3,50.6],[119.3,50.5],[119.2,50.4],[119.1,50.4],[119.2,50.4],[119.2,50.3],[119.3,50.3],[119.3,50.4],[119.3,50.3],[119.4,50.3],[119.3,50.3],[119.3,50.2],[119.3,50.1],[119.3,50],[119.2,50],[119.1,50],[119,50],[118.9,50],[118.8,50],[118.7,50],[118.7,49.9],[118.7,50],[118.6,50],[118.6,49.9],[118.5,49.9],[118.5,49.8],[118.4,49.8],[118.3,49.8],[118.2,49.7],[118.1,49.7],[118.1,49.6],[118,49.6],[117.9,49.6],[117.9,49.5],[117.8,49.5],[117.5,49.6],[117.3,49.6],[117.1,49.7],[116.7,49.8],[116.7,49.9],[116.6,49.9],[116.3,50],[116.2,50],[116.1,50],[115.8,49.9],[115.7,49.9],[115.6,49.9],[115.5,49.9],[115.4,49.9],[115.2,50],[115.1,50.1],[115,50.1],[114.8,50.2],[114.7,50.3],[114.5,50.2],[114.4,50.2],[114.3,50.3],[114.2,50.3],[114.1,50.2],[114,50.2],[113.8,50.1],[113.6,50],[113.5,50],[113.4,49.9],[113.2,49.8],[113.1,49.7],[113.1,49.6],[113,49.6],[112.9,49.6],[112.9,49.5],[112.8,49.5],[112.7,49.5],[112.6,49.5],[112.5,49.5],[112.4,49.5],[112.1,49.4],[112,49.4],[111.7,49.4],[111.6,49.4],[111.5,49.3],[111.4,49.3],[111.4,49.4],[111.3,49.4],[111.3,49.3],[111.1,49.3],[111,49.2],[110.8,49.2],[110.7,49.1],[110.6,49.1],[110.5,49.2],[110.4,49.2],[110.3,49.2],[110.2,49.2],[109.9,49.2],[109.8,49.2],[109.8,49.3],[109.7,49.3],[109.5,49.3],[109.4,49.3],[109.3,49.3],[109.2,49.3],[109.1,49.3],[109,49.3],[108.9,49.3],[108.8,49.3],[108.6,49.3],[108.5,49.3],[108.5,49.4],[108.3,49.4],[108.3,49.5],[108.2,49.5],[108.1,49.5],[108.1,49.6],[108,49.6],[108,49.7],[107.9,49.7],[108,49.7],[108,49.8],[107.9,49.8],[107.9,49.9],[108,49.9],[107.9,49.9],[107.8,49.9],[107.8,50],[107.7,50],[107.4,50],[107.3,50],[107.2,50],[107.1,50.1],[107,50.1],[107,50.2],[106.9,50.2],[106.8,50.3],[106.7,50.3],[106.5,50.3],[106.4,50.3],[106.2,50.3],[106.1,50.3],[106,50.3],[106,50.4],[105.9,50.4],[105.8,50.4],[105.6,50.4],[105.3,50.5],[105.2,50.5],[105.1,50.4],[104.9,50.4],[104.8,50.4],[104.7,50.4],[104.7,50.3],[104.6,50.3],[104.5,50.3],[104.4,50.3],[104.3,50.3],[104.3,50.2],[104.2,50.2],[104.1,50.1],[104,50.1],[103.8,50.2],[103.7,50.1],[103.6,50.1],[103.5,50.2],[103.4,50.2],[103.3,50.2],[103.2,50.2],[103.2,50.3],[103.1,50.3],[103,50.3],[102.9,50.3],[102.8,50.4],[102.6,50.4],[102.5,50.5],[102.4,50.5],[102.3,50.5],[102.3,50.6],[102.3,50.7],[102.2,50.8],[102.2,50.9],[102.2,51],[102.2,51.1],[102.1,51.1],[102.1,51.2],[102.2,51.2],[102.1,51.2],[102.2,51.3],[102.1,51.4],[102,51.4],[101.9,51.4],[101.8,51.4],[101.7,51.4],[101.7,51.5],[101.6,51.5],[101.5,51.5],[101.4,51.5],[101.3,51.5],[101.2,51.5],[101.1,51.5],[101.1,51.6],[100.6,51.7],[100.5,51.7],[100.2,51.7],[100.1,51.7],[100,51.7],[99.9,51.7],[99.8,51.8],[99.7,51.9],[99.6,51.9],[99.3,51.9],[99.3,52],[99.2,52],[99,52],[99,52.1],[98.9,52.1],[98.8,52.1],[98.8,52],[98.8,51.9],[98.7,51.8],[98.6,51.8],[98.4,51.7],[98.3,51.7],[98.3,51.6],[98.2,51.6],[98.2,51.5],[98.1,51.5],[98,51.5],[98,51.4],[97.9,51.3],[97.9,51.2],[97.9,51.1],[97.8,51],[97.8,50.9],[97.9,50.9],[98,50.9],[98,50.8],[97.9,50.8],[98,50.7],[98,50.6],[98.1,50.6],[98.2,50.6],[98.3,50.6],[98.3,50.5],[98.3,50.4],[98.3,50.3],[98.1,50.1],[98,50],[97.9,50],[97.8,49.9],[97.8,50],[97.7,50],[97.6,49.9],[97.6,49.8],[97.5,49.8],[97.4,49.7],[97.3,49.7],[97.2,49.7],[97.2,49.8],[97.1,49.8],[97,49.8],[97,49.9],[96.7,49.9],[96.6,49.9],[96.5,49.9],[96.4,49.9],[96.3,49.9],[96.2,49.9],[96.1,50],[96,50],[95.9,49.9],[95.9,50],[95.8,50],[95.7,50],[95.7,49.9],[95.6,49.9],[95.5,49.9],[95.4,49.9],[95.1,49.9],[95,50],[94.9,50],[94.7,50],[94.6,50],[94.6,50.1],[94.5,50.1],[94.5,50.2],[94.4,50.2],[94.3,50.2],[94.3,50.3],[94.3,50.4],[94.3,50.5],[94.3,50.6],[94.2,50.6],[93.9,50.6],[93.5,50.6],[93.4,50.6],[93.2,50.6],[93.1,50.6],[93,50.6],[93,50.7],[93,50.8],[92.9,50.8],[92.8,50.8],[92.7,50.7],[92.6,50.7],[92.5,50.8],[92.4,50.8],[92.4,50.9],[92.3,50.9],[92.3,50.8],[92.2,50.7],[92.1,50.7],[91.9,50.7],[91.8,50.7],[91.7,50.7],[91.7,50.6],[91.6,50.6],[91.5,50.5],[91.4,50.5],[91.3,50.5],[91.2,50.4],[91.1,50.4],[91,50.4],[90.9,50.4],[90.9,50.3],[90.8,50.3],[90.7,50.3],[90.7,50.2],[90.6,50.2],[90.5,50.2],[90.4,50.2],[90.3,50.2],[90.2,50.1],[90.1,50.1],[90,50.1],[90,50],[89.9,50],[89.9,49.9],[89.7,49.9],[89.6,49.9],[89.6,49.8],[89.7,49.8],[89.7,49.7],[89.6,49.7],[89.5,49.7],[89.5,49.6],[89.4,49.6],[89.3,49.6],[89.2,49.6],[89.2,49.5],[89,49.5],[88.9,49.5],[88.9,49.4],[88.7,49.4],[88.7,49.5],[88.6,49.5],[88.5,49.5],[88.4,49.5],[88.2,49.5],[88.2,49.4],[88.1,49.4],[88.1,49.3],[88.1,49.2],[88,49.2],[87.9,49.2],[87.8,49.2]]],[[[-180,65.1],[-180,65.6],[-180,66.1],[-180,66.6],[-180,67.1],[-180,67.6],[-180,68.1],[-180,68.6],[-180,69],[-179.7,68.9],[-179.6,68.9],[-179.5,68.9],[-179.5,69],[-179.5,68.9],[-179.4,68.9],[-179.3,68.9],[-179.4,68.9],[-179.4,68.8],[-179.3,68.8],[-179.2,68.8],[-179.1,68.8],[-178.9,68.8],[-178.8,68.8],[-178.7,68.7],[-178.6,68.6],[-178.5,68.6],[-178.6,68.6],[-178.7,68.6],[-178.7,68.7],[-178.7,68.6],[-178.7,68.5],[-178.6,68.5],[-178.5,68.5],[-178.4,68.5],[-178.3,68.5],[-178.2,68.5],[-178,68.4],[-178,68.3],[-178.1,68.3],[-178,68.3],[-177.9,68.3],[-177.8,68.3],[-177.7,68.3],[-178,68.4],[-178.2,68.5],[-178.3,68.5],[-178.4,68.5],[-178.4,68.6],[-178,68.5],[-177.7,68.4],[-177.7,68.3],[-177.5,68.3],[-177.6,68.3],[-177.8,68.3],[-177.7,68.3],[-177.7,68.2],[-177.6,68.2],[-177.5,68.2],[-177.4,68.2],[-177.3,68.2],[-177.2,68.2],[-177.3,68.2],[-177.2,68.2],[-177.2,68.1],[-177.1,68.2],[-176.9,68.1],[-176.8,68.1],[-176.6,68],[-176.7,68],[-176.8,68],[-176.7,67.9],[-176.6,67.9],[-176.5,67.9],[-176.4,67.9],[-176.2,67.9],[-176.3,67.9],[-176.4,67.9],[-176.4,68],[-176.5,68],[-176.4,68],[-176.3,67.9],[-176.1,67.9],[-176,67.9],[-175.9,67.9],[-175.9,67.8],[-176,67.9],[-176.1,67.8],[-176.1,67.7],[-176,67.7],[-176.1,67.7],[-176.2,67.7],[-176.3,67.7],[-176.2,67.6],[-176.1,67.6],[-176,67.6],[-175.9,67.6],[-175.8,67.6],[-175.7,67.6],[-175.8,67.7],[-175.9,67.6],[-175.9,67.7],[-175.8,67.7],[-175.9,67.7],[-176,67.7],[-175.9,67.7],[-175.9,67.8],[-175.8,67.8],[-175.5,67.7],[-175.4,67.7],[-175.3,67.7],[-175.3,67.6],[-175.2,67.6],[-175.2,67.5],[-175.1,67.5],[-175.2,67.5],[-175.2,67.4],[-175.4,67.4],[-175.3,67.3],[-175.2,67.3],[-175.1,67.3],[-175.1,67.4],[-175,67.4],[-175,67.5],[-175.1,67.5],[-175,67.4],[-174.9,67.4],[-174.8,67.4],[-174.8,67.3],[-174.9,67.3],[-174.9,67.2],[-174.9,67.1],[-174.9,67],[-174.8,67],[-174.8,66.9],[-174.7,66.9],[-174.8,66.9],[-174.7,66.9],[-174.7,66.8],[-174.7,66.7],[-174.8,66.8],[-174.8,66.7],[-174.9,66.7],[-175,66.7],[-174.9,66.7],[-174.9,66.6],[-174.8,66.6],[-174.7,66.6],[-174.6,66.6],[-174.5,66.5],[-174.4,66.5],[-174.5,66.5],[-174.5,66.4],[-174.4,66.4],[-174.4,66.3],[-174.5,66.3],[-174.4,66.3],[-174.5,66.3],[-174.4,66.3],[-174.3,66.3],[-174.4,66.3],[-174.3,66.4],[-174.2,66.4],[-174.2,66.5],[-174.1,66.5],[-174,66.5],[-174,66.4],[-173.9,66.4],[-173.9,66.3],[-174,66.3],[-174,66.2],[-173.9,66.3],[-173.8,66.3],[-173.9,66.3],[-173.8,66.3],[-173.7,66.4],[-173.7,66.5],[-173.8,66.5],[-173.9,66.5],[-174,66.5],[-174.1,66.5],[-174.2,66.5],[-174.2,66.6],[-174.3,66.6],[-174.2,66.6],[-174.1,66.6],[-174,66.6],[-173.9,66.7],[-173.9,66.8],[-174,66.8],[-174,66.9],[-174,67],[-174.1,67],[-174.2,67],[-174.3,67],[-174.2,67],[-174.3,67],[-174.4,67],[-174.5,67],[-174.4,67.1],[-174.6,67],[-174.6,67.1],[-174.2,67.1],[-173.9,67.1],[-173.8,67.1],[-173.7,67.1],[-173.6,67.1],[-173.5,67.1],[-173.4,67.1],[-173.5,67.1],[-173.5,67],[-173.4,67],[-173.4,67.1],[-173.3,67.1],[-173.1,67.1],[-173.1,67],[-173.2,67],[-173.2,67.1],[-173.3,67.1],[-173.3,67],[-173.2,67],[-173.1,67],[-173.2,67],[-173.3,67],[-173.3,66.9],[-173.3,66.8],[-173.2,66.8],[-173.1,66.8],[-173.1,66.9],[-173.2,66.9],[-173.2,67],[-173.1,67],[-173.1,66.9],[-173,66.9],[-172.9,66.9],[-172.8,66.9],[-172.7,66.9],[-172.6,66.9],[-172.5,66.9],[-172.4,66.9],[-172.5,67],[-172.7,67],[-172.8,67],[-172.9,67],[-173,67],[-172.8,67],[-172.7,67],[-172.6,67],[-172.4,67],[-172.2,67],[-172.1,67],[-172,67],[-171.9,67],[-171.8,67],[-171.7,67],[-171.6,66.9],[-171.7,66.9],[-171.6,66.8],[-171.4,66.8],[-171.3,66.7],[-171.4,66.7],[-171.3,66.6],[-171.1,66.6],[-171,66.5],[-170.9,66.5],[-170.8,66.5],[-170.7,66.5],[-170.7,66.4],[-170.6,66.4],[-170.5,66.3],[-170.4,66.3],[-170.5,66.3],[-170.5,66.2],[-170.6,66.2],[-170.7,66.2],[-170.6,66.2],[-170.5,66.2],[-170.5,66.3],[-170.4,66.3],[-170.3,66.3],[-170.2,66.3],[-170.2,66.2],[-170.1,66.2],[-170.2,66.2],[-170.3,66.2],[-170.2,66.1],[-170.1,66.1],[-170.1,66.2],[-170,66.2],[-170,66.1],[-169.9,66.1],[-169.9,66.2],[-170,66.2],[-169.9,66.2],[-169.8,66.2],[-169.7,66.1],[-169.6,66.1],[-169.7,66.1],[-169.7,66],[-169.8,66],[-169.9,66],[-170,66],[-170.1,66],[-170.2,66],[-170.3,65.9],[-170.4,65.9],[-170.5,65.9],[-170.6,65.9],[-170.6,65.8],[-170.6,65.9],[-170.5,65.9],[-170.5,65.8],[-170.6,65.8],[-170.5,65.7],[-170.5,65.6],[-170.6,65.6],[-170.7,65.6],[-170.9,65.6],[-171.1,65.7],[-171.2,65.7],[-171.2,65.8],[-171.3,65.8],[-171.4,65.8],[-171.5,65.8],[-171.4,65.8],[-171.4,65.7],[-171.3,65.7],[-171.4,65.7],[-171.3,65.7],[-171.2,65.7],[-171.2,65.6],[-171.1,65.6],[-171,65.6],[-171,65.5],[-171.2,65.5],[-171.3,65.5],[-171.4,65.5],[-171.6,65.5],[-171.9,65.5],[-172,65.5],[-171.8,65.5],[-171.7,65.5],[-171.8,65.5],[-171.9,65.5],[-172,65.5],[-172.1,65.6],[-172.1,65.5],[-172.2,65.5],[-172.3,65.5],[-172.3,65.6],[-172.2,65.6],[-172.3,65.6],[-172.3,65.7],[-172.4,65.7],[-172.5,65.7],[-172.7,65.7],[-172.8,65.7],[-172.9,65.7],[-172.8,65.7],[-172.7,65.7],[-172.7,65.6],[-172.6,65.6],[-172.5,65.6],[-172.4,65.6],[-172.4,65.5],[-172.3,65.5],[-172.4,65.5],[-172.4,65.4],[-172.3,65.4],[-172.2,65.4],[-172.1,65.5],[-172.2,65.4],[-172.2,65.3],[-172.2,65.2],[-172.3,65.3],[-172.4,65.3],[-172.5,65.3],[-172.6,65.3],[-172.6,65.2],[-172.6,65.3],[-172.7,65.3],[-172.7,65.2],[-172.6,65.2],[-172.5,65.2],[-172.4,65.2],[-172.3,65.2],[-172.2,65.2],[-172.2,65.1],[-172.3,65.1],[-172.2,65.1],[-172.1,65.1],[-172.2,65],[-172.3,64.9],[-172.5,64.9],[-172.6,64.9],[-172.7,64.9],[-172.8,64.8],[-172.9,64.9],[-173,64.9],[-173.1,64.8],[-173.2,64.8],[-173.1,64.8],[-173,64.8],[-172.9,64.8],[-172.8,64.8],[-172.8,64.7],[-172.9,64.7],[-173,64.7],[-173,64.6],[-173,64.7],[-172.9,64.7],[-172.8,64.6],[-172.9,64.6],[-173,64.6],[-172.9,64.6],[-172.8,64.6],[-172.7,64.6],[-172.6,64.6],[-172.5,64.6],[-172.5,64.5],[-172.4,64.5],[-172.2,64.4],[-172.3,64.4],[-172.4,64.4],[-172.5,64.4],[-172.6,64.4],[-172.7,64.4],[-172.7,64.5],[-172.8,64.5],[-172.9,64.5],[-173,64.5],[-173,64.4],[-172.9,64.4],[-172.8,64.5],[-172.8,64.4],[-172.8,64.3],[-172.9,64.3],[-173,64.3],[-172.9,64.3],[-173,64.3],[-173.1,64.2],[-173.2,64.3],[-173.3,64.3],[-173.4,64.3],[-173.4,64.4],[-173.3,64.4],[-173.3,64.5],[-173.3,64.6],[-173.4,64.6],[-173.4,64.5],[-173.4,64.4],[-173.5,64.4],[-173.5,64.3],[-173.6,64.3],[-173.7,64.3],[-173.8,64.4],[-173.9,64.4],[-174,64.4],[-174,64.5],[-174.1,64.5],[-174.1,64.6],[-174.2,64.6],[-174.3,64.6],[-174.3,64.7],[-174.4,64.7],[-174.5,64.7],[-174.7,64.7],[-174.7,64.8],[-174.6,64.8],[-174.6,64.9],[-174.7,64.9],[-174.7,64.8],[-174.8,64.8],[-174.9,64.8],[-174.9,64.9],[-175,64.9],[-175,64.8],[-175.1,64.8],[-175.2,64.8],[-175.3,64.8],[-175.4,64.8],[-175.5,64.8],[-175.4,64.8],[-175.5,64.8],[-175.5,64.9],[-175.6,64.9],[-175.7,64.9],[-175.8,64.9],[-175.8,65],[-175.9,65],[-175.8,65],[-175.8,65.1],[-175.7,65.1],[-175.7,65.2],[-175.8,65.2],[-175.9,65.3],[-175.9,65.4],[-176,65.4],[-176,65.5],[-176.1,65.5],[-176.2,65.5],[-176.3,65.5],[-176.6,65.5],[-177,65.6],[-177.1,65.6],[-177.2,65.6],[-177.2,65.5],[-177.3,65.5],[-177.4,65.4],[-177.8,65.4],[-178,65.4],[-178.3,65.4],[-178.5,65.5],[-178.5,65.6],[-178.4,65.7],[-178.5,65.7],[-178.5,65.8],[-178.6,65.7],[-178.7,65.8],[-178.6,65.8],[-178.7,65.8],[-178.8,65.8],[-178.9,65.9],[-178.9,66],[-179,66],[-178.9,66],[-178.8,66],[-178.7,66],[-178.7,66.1],[-178.6,66.1],[-178.5,66.1],[-178.5,66.2],[-178.5,66.3],[-178.5,66.4],[-178.6,66.4],[-178.6,66.3],[-178.7,66.3],[-178.7,66.2],[-178.8,66.2],[-178.9,66.1],[-179,66.2],[-179.1,66.2],[-179.1,66.3],[-179.1,66.4],[-179.2,66.4],[-179.2,66.3],[-179.3,66.3],[-179.4,66.3],[-179.3,66.3],[-179.3,66.2],[-179.2,66.2],[-179.3,66.1],[-179.4,66.1],[-179.6,66.1],[-179.7,66.1],[-179.6,66.1],[-179.6,66.2],[-179.7,66.2],[-179.8,66.1],[-179.8,66],[-179.8,65.9],[-179.8,65.8],[-179.7,65.8],[-179.5,65.7],[-179.4,65.7],[-179.3,65.6],[-179.3,65.5],[-179.4,65.5],[-179.4,65.4],[-179.5,65.4],[-179.5,65.3],[-179.5,65.2],[-179.6,65.2],[-179.7,65.1],[-179.8,65.1],[-179.9,65.1],[-180,65.1]]],[[[57,74.7],[56.9,74.7],[56.8,74.7],[56.7,74.7],[56.6,74.7],[56.5,74.7],[56.5,74.8],[56.5,74.7],[56.4,74.7],[56.4,74.8],[56.5,74.8],[56.2,74.8],[55.9,74.8],[55.8,74.8],[55.9,74.8],[56.2,74.9],[56.5,74.9],[56.6,74.9],[56.7,74.9],[56.7,75],[56.6,75],[56.5,75],[56.5,74.9],[56.4,75],[56.4,74.9],[56.4,75],[56.3,75],[56.4,75],[56.5,75],[56.4,75],[56.3,75],[56.2,75],[56.1,75],[55.9,75],[55.9,75.1],[55.8,75.1],[55.7,75.1],[55.8,75.1],[55.8,75.2],[55.9,75.2],[56,75.2],[56.1,75.2],[56.2,75.2],[56.1,75.2],[56.2,75.2],[56.3,75.2],[56.4,75.2],[56.5,75.1],[56.4,75.1],[56.5,75.1],[56.6,75.1],[56.8,75.2],[56.9,75.2],[56.9,75.3],[56.8,75.3],[56.7,75.3],[56.8,75.3],[56.8,75.4],[57,75.4],[57.1,75.4],[57.4,75.4],[57.5,75.4],[57.6,75.3],[57.7,75.3],[57.7,75.4],[57.6,75.4],[57.5,75.5],[57.6,75.5],[58.1,75.6],[58.2,75.6],[58.1,75.6],[58,75.6],[57.9,75.6],[57.9,75.7],[58,75.7],[58.3,75.7],[58.4,75.7],[58.5,75.7],[58.6,75.7],[58.5,75.8],[58.6,75.8],[58.7,75.8],[58.8,75.8],[58.9,75.9],[59.1,75.9],[59.2,75.9],[59.3,75.9],[59.4,75.9],[59.7,75.9],[59.8,75.9],[59.9,76],[60,76],[60.3,76],[60.1,76],[60,76.1],[60.1,76.1],[60.3,76.1],[60.6,76.1],[60.8,76.1],[60.5,76],[60.6,76],[60.5,76],[60.6,76],[60.7,76],[60.8,76],[60.8,76.1],[60.9,76.1],[61,76.1],[61.1,76.1],[61.2,76.1],[61.1,76.1],[61.1,76.2],[60.9,76.1],[60.9,76.2],[61,76.2],[61,76.3],[61.1,76.3],[61.2,76.3],[61.5,76.3],[61.6,76.3],[61.7,76.3],[61.8,76.3],[61.9,76.3],[62,76.3],[62.1,76.3],[62.4,76.3],[62.4,76.2],[62.5,76.2],[62.6,76.2],[62.7,76.2],[62.6,76.2],[62.7,76.2],[62.8,76.3],[62.9,76.2],[62.8,76.2],[62.9,76.2],[63,76.2],[63.2,76.2],[63.2,76.3],[63.5,76.3],[63.6,76.3],[63.7,76.3],[63.9,76.3],[63.9,76.4],[64,76.4],[64,76.3],[64.1,76.3],[64.2,76.3],[64.3,76.4],[64.4,76.4],[64.5,76.4],[64.6,76.4],[64.7,76.4],[64.8,76.5],[65,76.5],[65.1,76.5],[65.2,76.5],[65.3,76.5],[65.4,76.5],[65.4,76.6],[65.5,76.6],[65.6,76.6],[66,76.5],[66,76.6],[65.9,76.6],[65.9,76.7],[65.8,76.7],[65.9,76.7],[66.1,76.8],[66.2,76.8],[66.3,76.8],[66.4,76.8],[66.5,76.9],[66.6,76.9],[66.7,76.9],[66.9,76.9],[67.2,77],[67.3,77],[67.4,77],[67.5,77],[67.6,77],[68,77],[68.2,77],[68.3,77],[68.5,77],[68.5,76.9],[68.6,76.9],[68.7,76.9],[68.8,76.9],[68.8,76.8],[68.9,76.8],[68.9,76.7],[69,76.7],[68.9,76.7],[68.8,76.6],[68.9,76.6],[68.7,76.5],[68.6,76.5],[68.5,76.4],[68.4,76.4],[68.3,76.3],[68.2,76.3],[68.3,76.3],[67.9,76.3],[67.6,76.2],[67.5,76.2],[67.4,76.2],[67.1,76.1],[67,76.1],[66.8,76.1],[66.7,76.1],[66.6,76],[66.5,76],[66.4,76],[66.3,76],[66.2,76],[65.7,75.9],[65.2,75.9],[65.1,75.8],[65,75.8],[64.9,75.8],[64.6,75.8],[64.3,75.7],[64.1,75.7],[64,75.7],[63.9,75.7],[63.8,75.6],[63.7,75.6],[63.7,75.7],[63.6,75.7],[63.5,75.6],[63.4,75.6],[63.3,75.6],[63.2,75.6],[63.1,75.6],[63,75.6],[62.7,75.5],[62.6,75.5],[62.3,75.4],[62.2,75.4],[62.2,75.5],[62.1,75.4],[62,75.5],[62,75.4],[61.9,75.4],[61.8,75.4],[61.7,75.4],[61.7,75.3],[61.6,75.3],[61.7,75.3],[61.6,75.3],[61.5,75.3],[61.5,75.2],[61.4,75.2],[61.4,75.3],[61.3,75.3],[61.1,75.2],[61,75.2],[60.8,75.2],[60.8,75.1],[60.7,75.1],[60.8,75.1],[60.8,75],[60.7,75],[60.6,75],[60.6,75.1],[60.5,75.1],[60.4,75.1],[60.5,75.1],[60.4,75],[60.5,75],[60.4,75],[60.3,75],[60.2,75],[60.3,75],[60.2,75],[60.1,75],[59.9,75],[60,75],[60.3,75],[60.6,75],[60.7,74.9],[60.6,74.9],[60.3,74.9],[60.2,74.9],[60.2,74.8],[60.3,74.8],[60.4,74.8],[60.3,74.8],[60.3,74.7],[59.9,74.7],[59.8,74.7],[59.7,74.7],[59.6,74.8],[59.5,74.8],[59.6,74.8],[59.6,74.7],[59.8,74.7],[59.9,74.7],[59.9,74.6],[59.8,74.6],[59.7,74.6],[59.6,74.6],[59.5,74.6],[59.4,74.7],[59.3,74.7],[59.2,74.7],[59.1,74.7],[59.2,74.7],[59.3,74.7],[59.3,74.6],[59.2,74.6],[59.2,74.7],[59.1,74.7],[59.1,74.6],[59.2,74.6],[59.1,74.6],[59.1,74.5],[59.1,74.4],[58.9,74.5],[58.7,74.5],[58.5,74.5],[58.2,74.6],[58.3,74.5],[58.4,74.5],[58.5,74.5],[58.6,74.4],[58.7,74.3],[58.7,74.2],[58.5,74.2],[58.6,74.2],[58.7,74.2],[58.5,74.2],[58.6,74.2],[58.5,74.2],[58.4,74.2],[58.3,74.2],[58.2,74.2],[58.3,74.2],[58.4,74.1],[58.5,74.1],[58.4,74.1],[58.3,74.1],[58.2,74.1],[58.2,74.2],[58.1,74.1],[58.2,74.1],[58.1,74.1],[58.2,74.1],[58.2,74],[58.1,74],[58,74],[57.9,74],[57.8,74],[57.7,74.1],[57.6,74.1],[57.6,74.2],[57.5,74.2],[57.4,74.2],[57.5,74.1],[57.3,74.1],[57.5,74.1],[57.6,74.1],[57.6,74],[57.9,73.9],[57.8,73.9],[57.9,73.9],[57.9,73.8],[57.7,73.7],[57.6,73.7],[57.6,73.8],[57.5,73.8],[57.4,73.8],[57,73.9],[56.6,73.9],[56.9,73.9],[57.1,73.8],[57.2,73.8],[57.3,73.8],[57.4,73.8],[57.5,73.8],[57.5,73.7],[57.6,73.7],[57.6,73.6],[57.3,73.6],[57.4,73.6],[57,73.6],[56.8,73.7],[56.7,73.7],[56.7,73.6],[56.8,73.6],[56.9,73.6],[56.8,73.6],[56.7,73.6],[56.8,73.6],[56.9,73.6],[57.1,73.5],[57.2,73.5],[57.3,73.5],[57.2,73.5],[57.3,73.5],[57.2,73.5],[57.2,73.4],[57,73.3],[56.9,73.3],[56.8,73.4],[56.7,73.4],[56.7,73.3],[56.8,73.3],[56.7,73.3],[56.8,73.3],[56.7,73.2],[56.6,73.2],[56.6,73.3],[56.1,73.3],[56,73.3],[56,73.4],[55.9,73.4],[56,73.4],[56,73.3],[55.9,73.3],[55.8,73.3],[55.4,73.3],[55,73.4],[54.9,73.4],[54.8,73.4],[54.7,73.4],[54.6,73.4],[54.5,73.4],[54.3,73.3],[54,73.4],[54.1,73.4],[54.3,73.4],[54.3,73.5],[54.4,73.5],[54.3,73.5],[54.2,73.5],[54.5,73.6],[54.6,73.6],[54.7,73.6],[54.8,73.7],[54.9,73.7],[55,73.7],[55.1,73.7],[55.3,73.7],[55,73.7],[54.9,73.7],[54.8,73.7],[54.9,73.7],[54.8,73.7],[54.7,73.7],[54.5,73.7],[54.4,73.7],[54.4,73.6],[54.3,73.6],[54.1,73.6],[54,73.6],[53.9,73.6],[54,73.6],[53.9,73.7],[53.8,73.7],[53.7,73.7],[53.6,73.7],[53.6,73.8],[53.7,73.8],[53.8,73.8],[53.9,73.8],[54.1,73.8],[54.1,73.9],[54.2,73.9],[54.3,73.9],[54.5,73.9],[54.6,74],[54.7,74],[54.8,74],[54.7,74],[54.6,74],[54.7,74.1],[55,74.2],[55.2,74.2],[55.3,74.2],[55.4,74.1],[55.5,74.1],[55.8,74.1],[55.9,74.1],[55.8,74.1],[55.7,74.2],[55.6,74.2],[55.2,74.2],[55.1,74.2],[55.1,74.3],[55.2,74.3],[55.3,74.3],[55.4,74.3],[55.5,74.3],[55.6,74.3],[55.7,74.3],[55.6,74.3],[55.5,74.3],[55.4,74.4],[55.3,74.4],[55.2,74.4],[55.3,74.4],[55.4,74.4],[55.5,74.4],[55.6,74.5],[55.7,74.5],[55.9,74.5],[56,74.5],[56.1,74.5],[56.3,74.5],[56.2,74.5],[56,74.5],[56.1,74.5],[56,74.5],[55.9,74.6],[55.8,74.5],[55.7,74.5],[55.7,74.6],[55.5,74.6],[55.6,74.6],[55.5,74.6],[55.5,74.7],[55.6,74.7],[55.7,74.7],[55.8,74.7],[55.9,74.7],[56.4,74.7],[56.5,74.7],[56.6,74.7],[57,74.7]]],[[[142.5,54.3],[142.5,54.2],[142.6,54.2],[142.6,54.3],[142.7,54.3],[142.7,54.4],[142.8,54.4],[142.8,54.3],[142.9,54.2],[143,54.2],[143,54.1],[143,54],[142.9,54],[142.9,53.9],[142.9,53.8],[143,53.8],[143,53.7],[143,53.8],[142.9,53.8],[142.9,53.7],[143,53.7],[143,53.6],[143.1,53.6],[143,53.6],[143,53.5],[143.1,53.5],[143.1,53.6],[143.1,53.5],[143.1,53.4],[143.2,53.4],[143.2,53.3],[143.3,53.2],[143.3,53.1],[143.3,53],[143.3,52.9],[143.4,52.9],[143.4,52.8],[143.3,52.8],[143.3,52.7],[143.3,52.6],[143.3,52.5],[143.3,52.4],[143.2,52.4],[143.2,52.3],[143.2,52.4],[143.3,52.4],[143.3,52.5],[143.2,52.5],[143.3,52.6],[143.2,52.6],[143.3,52.6],[143.2,52.6],[143.2,52.5],[143.2,52.4],[143.1,52.4],[143.1,52.3],[143.2,52.3],[143.2,52.2],[143.2,52.1],[143.1,52.1],[143.1,52.2],[143.1,52.1],[143.1,52],[143.2,52],[143.1,52],[143.1,51.9],[143.2,51.9],[143.3,51.8],[143.3,51.7],[143.3,51.6],[143.2,51.6],[143.2,51.5],[143.3,51.5],[143.3,51.6],[143.4,51.6],[143.4,51.5],[143.5,51.5],[143.5,51.3],[143.4,51.4],[143.4,51.3],[143.5,51.3],[143.5,51.2],[143.5,51.3],[143.5,51.2],[143.6,51],[143.7,50.7],[143.7,50.6],[143.8,50.3],[143.9,50.2],[144,50],[144,49.9],[144.1,49.8],[144.1,49.7],[144.1,49.6],[144.2,49.6],[144.2,49.5],[144.2,49.4],[144.3,49.3],[144.4,49.1],[144.4,49],[144.7,48.9],[144.7,48.8],[144.7,48.7],[144.8,48.6],[144.7,48.6],[144.7,48.7],[144.6,48.8],[144.5,48.9],[144.5,49],[144.4,49],[144.3,49.1],[144.2,49.1],[144.1,49.2],[144.1,49.3],[144,49.3],[143.7,49.3],[143.5,49.3],[143.5,49.4],[143.4,49.4],[143.3,49.4],[143.2,49.4],[143.3,49.4],[143.3,49.3],[143.4,49.3],[143.6,49.3],[143.7,49.3],[143.6,49.3],[143.4,49.3],[143.2,49.2],[143.1,49.2],[143,49.2],[143,49.1],[143,49],[143,48.9],[142.9,48.8],[142.9,48.7],[142.8,48.6],[142.7,48.4],[142.7,48.3],[142.6,48.2],[142.5,48],[142.5,47.9],[142.5,47.8],[142.6,47.6],[142.7,47.4],[142.8,47.4],[142.9,47.4],[143,47.3],[143,47.2],[143,47.1],[143.1,47],[143.1,46.9],[143.2,46.9],[143.2,46.8],[143.1,46.8],[143.2,46.7],[143.3,46.7],[143.4,46.7],[143.3,46.7],[143.3,46.8],[143.2,46.8],[143.3,46.8],[143.4,46.8],[143.5,46.8],[143.5,46.7],[143.5,46.6],[143.6,46.5],[143.6,46.4],[143.6,46.3],[143.5,46.3],[143.5,46.2],[143.5,46.1],[143.4,46],[143.4,46.1],[143.4,46.2],[143.4,46.3],[143.3,46.4],[143.4,46.4],[143.3,46.5],[143.4,46.5],[143.4,46.6],[143.3,46.6],[143.3,46.5],[143.2,46.6],[143.1,46.6],[143,46.6],[142.9,46.6],[142.8,46.6],[142.7,46.7],[142.6,46.7],[142.5,46.7],[142.5,46.6],[142.4,46.6],[142.3,46.4],[142.3,46.3],[142.2,46.2],[142.2,46.1],[142.2,46],[142.1,46],[142.1,45.9],[142,45.9],[142,46],[141.9,46],[141.9,46.1],[141.9,46.3],[141.8,46.4],[141.8,46.5],[141.8,46.6],[141.9,46.7],[142.1,47.1],[142.1,47.2],[142,47.2],[142,47.3],[142,47.4],[142,47.5],[142,47.6],[142,47.7],[142.1,47.8],[142.1,47.9],[142.2,47.9],[142.2,48],[142.2,48.1],[142.2,48.2],[142.1,48.3],[142.1,48.4],[141.9,48.6],[141.9,48.7],[141.9,48.8],[142,48.9],[142,49],[142,49.1],[142.1,49.2],[142.1,49.3],[142.1,49.4],[142.1,49.5],[142.1,49.6],[142.2,49.7],[142.2,49.8],[142.1,49.9],[142.1,50],[142.2,50],[142.2,50.1],[142.2,50.2],[142.1,50.3],[142.2,50.3],[142.1,50.4],[142,50.5],[142,50.6],[142.1,50.6],[142.1,50.7],[142.1,50.8],[142.1,50.9],[142.2,51],[142.3,51.1],[142.3,51.2],[142.2,51.3],[142.1,51.4],[142.1,51.5],[141.9,51.6],[141.8,51.7],[141.7,51.7],[141.8,51.7],[141.8,51.8],[141.7,51.9],[141.6,51.9],[141.7,51.9],[141.7,52],[141.6,52.1],[141.7,52.1],[141.7,52.2],[141.7,52.3],[141.6,52.3],[141.7,52.3],[141.7,52.4],[141.8,52.4],[141.8,52.5],[141.8,52.6],[141.8,52.7],[141.8,52.8],[141.9,52.8],[141.9,52.9],[141.9,53],[141.9,53.1],[141.8,53.1],[141.8,53.2],[141.8,53.3],[141.8,53.4],[141.9,53.4],[141.9,53.5],[142,53.5],[142.1,53.5],[142.2,53.5],[142.3,53.5],[142.2,53.5],[142.3,53.4],[142.2,53.4],[142.3,53.4],[142.4,53.4],[142.5,53.4],[142.6,53.5],[142.7,53.5],[142.7,53.6],[142.6,53.6],[142.5,53.6],[142.5,53.5],[142.5,53.6],[142.5,53.7],[142.6,53.7],[142.7,53.7],[142.7,53.6],[142.8,53.7],[142.8,53.8],[142.7,53.8],[142.7,53.7],[142.6,53.7],[142.6,53.8],[142.7,53.8],[142.7,53.9],[142.7,54],[142.6,54],[142.5,54.1],[142.5,54.2],[142.4,54.2],[142.4,54.3],[142.3,54.3],[142.4,54.3],[142.5,54.3]]],[[[51.4,71.8],[51.4,71.9],[51.5,72],[51.6,72],[51.6,72.1],[51.7,72.1],[51.8,72.2],[51.9,72.2],[52,72.1],[52.1,72.1],[52,72.1],[52.1,72.1],[52.2,72.1],[52.3,72.1],[52.4,72.1],[52.4,72.2],[52.5,72.2],[52.4,72.2],[52.5,72.2],[52.5,72.3],[52.4,72.3],[52.5,72.3],[52.6,72.3],[52.7,72.3],[52.6,72.4],[52.7,72.4],[52.7,72.3],[52.9,72.3],[52.8,72.4],[52.7,72.4],[52.8,72.4],[52.8,72.5],[52.7,72.5],[52.8,72.5],[52.9,72.5],[52.9,72.6],[53,72.6],[53.1,72.6],[52.9,72.6],[52.8,72.6],[52.7,72.6],[52.8,72.6],[52.7,72.6],[52.8,72.6],[53,72.7],[53.1,72.6],[53.2,72.6],[53.2,72.7],[53.1,72.7],[53,72.7],[52.8,72.7],[52.7,72.7],[52.6,72.7],[52.5,72.7],[52.4,72.7],[52.4,72.8],[52.5,72.8],[52.6,72.8],[52.6,72.9],[53,72.9],[53.3,72.9],[53.4,72.9],[53.3,72.9],[53.4,72.9],[53.2,72.9],[53.1,73],[53.2,73],[53.4,73],[53.3,73],[53.3,73.1],[53.2,73.1],[53.1,73.1],[53.2,73.1],[53.2,73.2],[53.3,73.2],[53.4,73.2],[53.5,73.2],[53.6,73.2],[53.7,73.3],[53.8,73.3],[53.9,73.3],[54.1,73.3],[54.2,73.3],[54.3,73.3],[54.4,73.3],[54.5,73.4],[54.6,73.4],[54.7,73.4],[54.8,73.4],[54.9,73.4],[55.1,73.4],[55.3,73.3],[55.5,73.3],[55.8,73.3],[56.1,73.3],[56.4,73.2],[56.5,73.2],[56.6,73.2],[56.6,73.1],[56.5,73.1],[56.2,73.1],[55.8,73.1],[56.1,73.1],[56.4,73.1],[56.5,73.1],[56.4,73],[56.3,73],[56.2,73],[55.9,73],[55.6,73],[55.7,73],[55.8,73],[56,72.9],[56.1,73],[56.2,73],[56.3,73],[56.2,72.9],[56.2,72.8],[56.1,72.8],[55.9,72.8],[55.7,72.8],[55.5,72.8],[55.4,72.8],[55.6,72.8],[55.7,72.8],[55.8,72.8],[55.9,72.7],[55.8,72.7],[55.6,72.7],[55.7,72.7],[55.7,72.6],[55.6,72.6],[55.7,72.6],[55.6,72.5],[55.5,72.5],[55.5,72.6],[55.3,72.6],[55.4,72.6],[55.5,72.5],[55.6,72.5],[55.5,72.5],[55.4,72.5],[55.3,72.5],[55.2,72.5],[55.1,72.5],[55.3,72.4],[55.4,72.4],[55.5,72.4],[55.4,72.3],[55.5,72.3],[55.5,72.2],[55.6,72.2],[55.5,72.2],[55.4,72.1],[55.3,72.1],[55.4,72.1],[55.5,72.1],[55.4,72],[55.3,72],[55.4,72],[55.4,71.9],[55.2,72],[55.3,71.9],[55.2,71.9],[55.4,71.9],[55.5,71.9],[55.5,71.8],[55.6,71.7],[55.7,71.6],[55.8,71.6],[55.8,71.5],[55.9,71.5],[55.9,71.4],[56,71.4],[56.1,71.3],[56.3,71.2],[56.6,71.1],[56.6,71],[56.8,71],[56.9,71],[56.9,70.9],[57,70.9],[57.1,70.9],[57.2,70.8],[57.3,70.8],[57.5,70.8],[57.6,70.7],[57.5,70.7],[57.4,70.7],[57.5,70.7],[57.5,70.6],[57.4,70.6],[57.5,70.6],[57.3,70.6],[57.1,70.7],[57,70.7],[56.9,70.7],[56.8,70.7],[56.7,70.7],[56.8,70.7],[56.9,70.6],[57,70.6],[57.1,70.6],[57.2,70.6],[57.3,70.6],[57,70.6],[56.7,70.6],[56.6,70.7],[56.6,70.6],[56.7,70.6],[56.6,70.6],[56.5,70.7],[56.6,70.7],[56.6,70.8],[56.5,70.8],[56.5,70.7],[56.4,70.7],[56.3,70.7],[56.2,70.7],[56.3,70.7],[56.2,70.7],[56.3,70.7],[56.2,70.7],[56.3,70.6],[56.4,70.6],[56.4,70.7],[56.3,70.7],[56.4,70.7],[56.5,70.7],[56.5,70.6],[56.6,70.6],[56.7,70.6],[56.6,70.6],[56.5,70.5],[56.4,70.6],[56.5,70.6],[56.6,70.6],[56.5,70.6],[56.4,70.6],[56.3,70.6],[56.2,70.7],[56.1,70.7],[56,70.6],[56.2,70.6],[56.1,70.6],[56,70.6],[56,70.7],[55.9,70.7],[55.8,70.7],[55.9,70.7],[56,70.6],[55.9,70.6],[55.8,70.6],[55.7,70.6],[55.6,70.6],[55.7,70.6],[55.8,70.6],[55.8,70.7],[55.7,70.7],[55.6,70.7],[55.7,70.7],[55.7,70.6],[55.7,70.7],[55.5,70.7],[55.4,70.7],[55.4,70.8],[55.4,70.7],[55.3,70.7],[55.4,70.7],[55.5,70.7],[55.4,70.7],[55.3,70.7],[55.2,70.7],[55.3,70.6],[55.2,70.6],[55.1,70.6],[55,70.6],[54.9,70.6],[54.9,70.7],[54.8,70.7],[54.7,70.7],[54.7,70.8],[54.6,70.8],[54.5,70.8],[54.6,70.8],[54.5,70.8],[54.5,70.7],[54.7,70.7],[54.6,70.7],[54.7,70.7],[54.8,70.6],[54.6,70.7],[54.5,70.7],[54.3,70.8],[54.3,70.7],[54.2,70.7],[54.2,70.8],[54.1,70.8],[54.1,70.7],[54,70.7],[54,70.8],[53.9,70.8],[53.8,70.8],[53.9,70.8],[53.8,70.8],[53.7,70.8],[53.6,70.8],[53.6,70.9],[53.5,70.9],[53.5,70.8],[53.4,70.9],[53.3,70.9],[53.5,70.9],[53.6,70.9],[53.6,70.8],[53.7,70.8],[53.7,70.9],[53.7,71],[53.5,71],[53.5,71.1],[53.6,71.1],[53.7,71.1],[53.8,71.1],[53.9,71.1],[53.8,71.1],[53.9,71.1],[54,71.1],[54.1,71.1],[54,71.1],[53.9,71.1],[54,71.1],[54.1,71.1],[54.2,71.1],[54.1,71.1],[54,71.1],[54,71.2],[54.1,71.2],[54.2,71.2],[54.1,71.2],[54,71.2],[53.9,71.2],[53.8,71.2],[53.7,71.2],[53.6,71.2],[53.5,71.2],[53.5,71.3],[53.6,71.3],[53.7,71.3],[53.7,71.4],[53.9,71.4],[54,71.5],[53.9,71.5],[53.8,71.4],[53.6,71.4],[53.5,71.4],[53.5,71.3],[53.4,71.3],[53.4,71.4],[53.3,71.4],[53.3,71.5],[53.4,71.5],[53.4,71.6],[53.3,71.6],[53.2,71.5],[53.1,71.5],[53.2,71.4],[53.1,71.4],[53.1,71.5],[53,71.5],[53.1,71.5],[53,71.5],[53,71.4],[52.9,71.4],[52.9,71.5],[52.8,71.5],[52.8,71.4],[52.7,71.4],[52.7,71.5],[52.6,71.5],[52.6,71.6],[52.5,71.6],[52.4,71.5],[52.3,71.5],[52.3,71.6],[52.2,71.6],[52.2,71.5],[52.1,71.5],[52.2,71.5],[52.3,71.5],[52.1,71.5],[52,71.5],[51.9,71.5],[51.8,71.5],[51.7,71.5],[51.6,71.5],[51.5,71.6],[51.6,71.6],[51.5,71.6],[51.5,71.7],[51.4,71.7],[51.4,71.8]]],[[[145.4,75.5],[145.3,75.5],[145.1,75.5],[145,75.5],[144.8,75.4],[144.7,75.4],[144.7,75.3],[144.9,75.3],[144.8,75.3],[144.7,75.2],[144.6,75.1],[144.5,75.1],[144.4,75.1],[144.3,75],[144.2,75],[144,75],[143.9,75],[143.8,75.1],[143.5,75.1],[143.4,75.1],[143.3,75.1],[143.1,75.1],[143,75.1],[142.9,75.1],[142.9,75.2],[142.8,75.2],[142.7,75.2],[142.7,75.3],[142.6,75.3],[142.5,75.3],[142.5,75.4],[142.5,75.5],[142.6,75.5],[142.7,75.6],[142.8,75.6],[143,75.6],[143,75.7],[142.9,75.7],[142.7,75.7],[142.6,75.7],[142.5,75.7],[142.3,75.7],[142.4,75.7],[142.1,75.7],[142,75.7],[142.1,75.6],[142.2,75.6],[142,75.6],[142.1,75.6],[142.1,75.5],[142.2,75.5],[142.2,75.4],[142.2,75.3],[142.4,75.3],[142.4,75.2],[142.5,75.2],[142.6,75.2],[142.6,75.1],[142.7,75.1],[142.8,75.1],[143,75.1],[143.2,75],[143.4,75],[143.6,75],[143.7,75],[143.7,74.9],[143.5,74.9],[143,74.9],[142.9,74.9],[142.8,74.9],[142.7,74.9],[142.6,74.8],[142.7,74.9],[142.7,74.8],[142.5,74.8],[142.4,74.8],[142,74.9],[142,75],[142.1,75],[142.2,75],[142.3,74.9],[142.4,74.9],[142.3,74.9],[142.3,75],[142.2,75],[141.8,75],[141.7,75],[141.4,74.9],[141.1,74.9],[140.6,74.9],[140.5,74.9],[140.4,74.8],[140.1,74.8],[140,74.9],[139.9,74.9],[139.9,75],[139.8,75],[139.7,75],[139.6,75],[139.5,74.9],[139.6,74.9],[139.6,74.8],[139.5,74.8],[139.3,74.7],[139.2,74.7],[139.1,74.7],[139,74.7],[138.8,74.7],[138.5,74.7],[138.2,74.8],[138.1,74.8],[137.9,74.8],[137.9,74.9],[137.8,74.9],[137.8,75],[137.7,75],[137.4,75.1],[137.1,75.1],[137.1,75.2],[137,75.2],[136.9,75.3],[136.9,75.4],[137,75.4],[137.1,75.3],[137.2,75.3],[137.3,75.3],[137.4,75.4],[137.3,75.4],[137.2,75.4],[137.1,75.4],[137.1,75.5],[137.2,75.5],[137.3,75.5],[137.2,75.5],[137.2,75.6],[137.3,75.6],[137.2,75.6],[137.2,75.7],[137.1,75.7],[137.2,75.7],[137.1,75.7],[137.2,75.8],[137.3,75.8],[137.4,75.8],[137.6,75.8],[137.7,75.7],[137.7,75.8],[137.6,75.8],[137.5,75.8],[137.5,75.9],[137.4,75.9],[137.4,76],[137.7,76],[137.9,76],[138,76],[138.1,76.1],[138,76.1],[138.1,76.1],[138.4,76.2],[138.3,76.1],[138.4,76.1],[138.5,76.1],[138.4,76.1],[138.5,76.1],[138.5,76.2],[138.8,76.2],[139,76.2],[138.9,76.2],[139,76.2],[139,76.1],[139.1,76.1],[139.6,76],[139.8,76],[139.9,75.9],[139.8,75.9],[139.9,75.9],[139.9,75.8],[140,75.8],[140.2,75.8],[140.3,75.8],[140.5,75.8],[140.5,75.7],[140.4,75.7],[140.5,75.6],[140.7,75.6],[140.8,75.6],[140.9,75.6],[141,75.6],[141.1,75.7],[141,75.7],[140.9,75.7],[140.9,75.8],[140.9,75.9],[140.9,76],[141,76],[141,76.1],[141.2,76.1],[141.6,76],[141.5,76.1],[141.4,76.1],[141.4,76.2],[141.3,76.2],[141.4,76.2],[141.6,76.1],[141.7,76.1],[141.9,76.1],[142.1,76],[142.4,75.9],[142.5,75.9],[142.9,75.8],[143.1,75.8],[143.3,75.8],[143.4,75.8],[143.6,75.9],[143.7,75.9],[143.8,75.8],[143.9,75.8],[144.2,75.8],[144.4,75.7],[144.6,75.7],[144.7,75.7],[144.8,75.7],[144.8,75.6],[145.2,75.6],[145.3,75.6],[145.4,75.5]]],[[[99.9,79],[99.9,78.9],[99.7,78.9],[99.6,78.9],[99.5,78.8],[99.4,78.8],[99.1,78.8],[98.9,78.8],[98.6,78.8],[98.3,78.8],[98.2,78.8],[98.1,78.8],[97.9,78.8],[97.8,78.8],[97.7,78.8],[97.4,78.8],[97.5,78.8],[97.6,78.8],[97.6,78.9],[97.3,78.9],[97.2,78.9],[97.1,78.9],[96.9,78.9],[96.8,78.9],[96.9,79],[96.8,79],[96.5,79],[96.3,79],[96.4,79],[95.9,79],[95.7,79],[95.6,79],[95.7,79.1],[95.6,79.1],[95.5,79.1],[95.4,79.1],[95.3,79.1],[95.2,79.1],[95.1,79],[95,79],[95,79.1],[94.9,79.1],[94.8,79.1],[94.6,79.1],[94.6,79.2],[94.4,79.2],[94.3,79.2],[94.3,79.3],[94.4,79.3],[94.3,79.3],[94.3,79.4],[94.4,79.4],[94.3,79.5],[94.2,79.5],[94.1,79.5],[94.1,79.4],[94,79.4],[93.7,79.4],[93.7,79.5],[93.8,79.5],[93.9,79.5],[94,79.5],[93.8,79.5],[93.7,79.5],[93.8,79.6],[93.9,79.6],[93.8,79.6],[93.7,79.6],[93.6,79.6],[93.6,79.5],[93.5,79.5],[93.4,79.5],[93.5,79.5],[93.4,79.5],[93.3,79.4],[93.2,79.4],[93.1,79.5],[93.2,79.5],[93.3,79.5],[93.2,79.5],[93.1,79.5],[93,79.5],[92.9,79.6],[93,79.6],[93.2,79.5],[93.3,79.6],[93.6,79.6],[93.7,79.6],[93.8,79.7],[94.2,79.8],[94.4,79.8],[94.7,79.8],[94.6,79.8],[94.5,79.9],[94.4,79.9],[94.3,79.9],[94.2,79.9],[94.3,79.9],[94.4,79.9],[94.4,80],[94.3,80],[94.4,80],[94.5,80],[94.7,80],[94.8,80],[94.9,80.1],[95,80.1],[95.1,80.1],[95.2,80],[95.3,80],[95.4,80],[95.4,80.1],[95.5,80.1],[95.8,80.1],[96.1,80.1],[96.2,80.1],[96.3,80.1],[96.4,80.1],[96.5,80.1],[96.6,80.1],[96.7,80.1],[96.9,80.1],[97.2,80.2],[97.6,80.2],[97.7,80.1],[97.8,80.1],[97.9,80.1],[98,80.1],[98.1,80.1],[98.1,80],[98,80],[97.9,80],[97.8,80],[97.9,80],[97.8,80],[97.8,79.9],[97.6,79.9],[97.6,79.8],[97.7,79.8],[97.6,79.8],[97.5,79.8],[97.6,79.8],[97.5,79.8],[97.4,79.7],[97.2,79.7],[97.3,79.7],[97.7,79.8],[97.8,79.8],[97.9,79.8],[97.9,79.9],[98.1,79.9],[98.3,79.9],[98.4,79.9],[98.5,79.9],[98.4,79.9],[98.5,79.9],[98.5,80],[98.6,80],[98.5,80],[98.4,80],[98.5,80],[98.5,80.1],[98.6,80.1],[98.8,80],[99.2,80],[99.3,80],[99.4,80],[99.6,80],[99.5,80],[99.5,79.9],[99.7,79.9],[99.8,79.9],[99.9,79.9],[100,79.8],[100.1,79.8],[100,79.8],[99.9,79.7],[99.8,79.7],[99.9,79.7],[99.8,79.7],[99.8,79.6],[99.7,79.6],[99.8,79.5],[99.7,79.5],[99.7,79.4],[99.7,79.3],[99.6,79.3],[99.5,79.3],[99.5,79.2],[99.4,79.3],[99.1,79.3],[99,79.3],[99.1,79.3],[99.3,79.2],[99.6,79.2],[99.6,79.1],[99.5,79.1],[99.8,79.1],[99.9,79.1],[99.9,79]]],[[[97.7,80.7],[97.8,80.7],[97.9,80.7],[98,80.7],[97.9,80.7],[97.8,80.7],[97.7,80.7],[97.6,80.7],[97.4,80.7],[97.3,80.7],[97.1,80.7],[97.2,80.7],[97.2,80.6],[97.1,80.6],[97,80.6],[97.1,80.6],[97,80.6],[97,80.5],[97.1,80.5],[97.2,80.4],[97.2,80.3],[97.3,80.3],[97.4,80.3],[97.3,80.3],[97.2,80.3],[97.2,80.2],[96.8,80.2],[96.3,80.2],[95.9,80.2],[95.5,80.2],[95,80.1],[94.9,80.2],[94.8,80.1],[94.7,80.1],[94.5,80.1],[94.2,80],[93.9,80],[93.7,80],[93.3,80],[93,80.1],[92.5,80.2],[92.4,80.2],[92.1,80.2],[92.2,80.2],[92.5,80.2],[92.8,80.2],[92.9,80.2],[92.8,80.2],[92.7,80.2],[92.4,80.2],[92.3,80.2],[92.2,80.2],[92.3,80.2],[92.2,80.3],[92.1,80.3],[92.4,80.3],[92.7,80.3],[92.8,80.3],[93.3,80.3],[93.2,80.3],[92.8,80.3],[92.7,80.3],[92.3,80.3],[91.9,80.3],[91.5,80.3],[91.6,80.3],[91.5,80.3],[91.4,80.3],[91.5,80.4],[91.6,80.4],[91.7,80.4],[92,80.4],[92.1,80.4],[92.6,80.4],[92.4,80.4],[92.1,80.4],[92,80.4],[91.9,80.4],[91.9,80.5],[92.3,80.5],[92.7,80.5],[92.8,80.5],[92.8,80.6],[92.8,80.7],[92.9,80.7],[93.2,80.8],[93.3,80.8],[92.9,80.8],[92.8,80.8],[92.7,80.8],[92.5,80.8],[92.6,80.8],[92.7,80.8],[92.7,80.9],[92.8,80.9],[92.9,80.9],[93.1,80.9],[93.2,80.9],[93.1,81],[93.5,81],[93.7,81],[93.7,81.1],[94.1,81.1],[94.2,81.1],[94.4,81.1],[94.6,81.1],[94.9,81.1],[95,81.2],[95.1,81.2],[95.2,81.2],[95.5,81.2],[95.1,81.2],[95,81.2],[95.1,81.3],[95.4,81.3],[95.8,81.3],[95.9,81.3],[96,81.2],[96.1,81.2],[96.2,81.2],[96.3,81.2],[96.3,81.1],[96.6,81.1],[96.5,81.1],[96.5,81],[96.6,81],[96.7,81],[96.6,81],[96.7,81],[96.8,80.9],[96.9,80.9],[97,80.9],[97.4,80.9],[97.4,80.8],[97.6,80.8],[97.7,80.8],[97.8,80.8],[97.7,80.8],[97.8,80.8],[97.9,80.8],[97.8,80.7],[97.7,80.7]]],[[[105.4,78.6],[105.4,78.5],[105.3,78.5],[105.2,78.5],[105,78.4],[104.8,78.3],[104.7,78.3],[104.7,78.4],[104.6,78.4],[104.6,78.3],[104.4,78.3],[104.3,78.3],[104.2,78.3],[104.1,78.3],[104,78.3],[103.7,78.3],[103.3,78.3],[103.1,78.2],[103,78.3],[103,78.2],[102.9,78.2],[102.8,78.2],[102.7,78.2],[102.6,78.2],[102.2,78.2],[102.1,78.2],[102,78.2],[101.6,78.2],[101.2,78.2],[101,78.1],[100.6,78.1],[100.5,78],[100.4,78],[100,78],[99.9,78],[99.7,78],[99.6,77.9],[99.5,77.9],[99.5,78],[99.4,78],[99.3,78],[99.4,78],[99.3,78],[99.3,78.1],[99.4,78.1],[99.5,78.1],[99.5,78.2],[99.6,78.2],[99.8,78.3],[100,78.3],[100,78.4],[100.1,78.4],[100.1,78.5],[100.2,78.5],[100.1,78.5],[100.2,78.5],[100.3,78.6],[100.3,78.7],[100.4,78.7],[100.4,78.8],[100.6,78.8],[100.7,78.8],[101,78.8],[101,78.7],[101.1,78.8],[101.2,78.8],[101.1,78.8],[100.9,78.8],[100.8,78.8],[100.8,78.9],[100.9,78.9],[100.9,79],[101,79],[101.1,79],[101.3,79],[101.6,79],[101.4,79],[101.2,79],[101,79.1],[101.1,79.1],[101.2,79.1],[101.2,79.2],[101.1,79.2],[101.2,79.2],[101.3,79.2],[101.4,79.2],[101.5,79.2],[101.6,79.3],[101.5,79.3],[101.6,79.3],[101.5,79.3],[101.6,79.3],[101.5,79.3],[101.6,79.4],[101.8,79.4],[101.9,79.3],[102,79.3],[102.1,79.3],[102.2,79.2],[102.3,79.3],[102.2,79.3],[102.1,79.3],[102.1,79.4],[102.2,79.4],[102.3,79.4],[102.4,79.4],[102.5,79.4],[102.6,79.4],[102.8,79.4],[102.9,79.4],[102.9,79.3],[103.1,79.3],[103.2,79.3],[103.1,79.3],[103,79.3],[102.9,79.3],[102.8,79.2],[102.9,79.2],[102.8,79.2],[102.7,79.2],[102.8,79.2],[102.8,79.1],[102.7,79.1],[102.7,79],[102.6,79],[102.4,78.9],[102.4,78.8],[102.5,78.8],[102.7,78.9],[102.8,79],[102.9,79],[102.9,79.1],[103,79.1],[103.1,79.1],[103.3,79.1],[103.5,79.1],[103.5,79.2],[103.6,79.2],[103.6,79.1],[103.7,79.1],[103.8,79.2],[103.8,79.1],[104,79.1],[104,79],[104.1,79],[104.4,79],[104.5,79],[104.5,78.9],[104.4,78.9],[104.6,78.8],[104.7,78.8],[104.6,78.8],[104.7,78.8],[104.8,78.8],[104.7,78.8],[104.8,78.9],[104.9,78.9],[105.1,78.8],[105.2,78.8],[105.2,78.7],[105.3,78.7],[105.2,78.7],[105.3,78.7],[105.3,78.6],[105.4,78.6]]],[[[33.6,46.1],[33.7,46.1],[33.7,46.2],[33.8,46.2],[33.9,46.2],[34,46.1],[34.1,46.1],[34.2,46.1],[34.3,46.1],[34.4,46.1],[34.4,46],[34.5,46],[34.6,46],[34.7,46],[34.8,45.9],[34.8,45.8],[34.9,45.8],[34.9,45.7],[35,45.7],[35.3,45.4],[35.5,45.3],[35.7,45.3],[35.7,45.4],[35.8,45.4],[35.8,45.5],[35.9,45.5],[35.9,45.4],[35.8,45.4],[35.9,45.4],[36,45.4],[36.1,45.4],[36.1,45.5],[36.3,45.5],[36.3,45.4],[36.3,45.5],[36.4,45.5],[36.4,45.4],[36.5,45.4],[36.6,45.4],[36.6,45.3],[36.5,45.3],[36.4,45.3],[36.4,45.2],[36.4,45.1],[36.5,45.1],[36.4,45.1],[36.4,45],[36.3,45],[36.2,45],[36.1,45],[36,45],[35.9,45],[35.8,45],[35.8,45.1],[35.7,45.1],[35.6,45.1],[35.5,45.1],[35.4,45.1],[35.4,45],[35.4,44.9],[35.3,45],[35.2,44.9],[35.1,44.9],[35.1,44.8],[35,44.8],[34.9,44.8],[34.8,44.8],[34.7,44.8],[34.6,44.8],[34.5,44.8],[34.5,44.7],[34.4,44.7],[34.4,44.6],[34.3,44.6],[34.3,44.5],[34.2,44.5],[34.1,44.4],[34,44.4],[33.9,44.4],[33.8,44.4],[33.7,44.4],[33.6,44.4],[33.6,44.5],[33.5,44.5],[33.4,44.6],[33.5,44.6],[33.6,44.6],[33.5,44.6],[33.5,44.7],[33.5,44.8],[33.6,44.8],[33.6,44.9],[33.6,45],[33.6,45.1],[33.5,45.1],[33.4,45.2],[33.3,45.2],[33.2,45.2],[33.1,45.2],[33.1,45.3],[33,45.3],[32.9,45.3],[32.9,45.4],[32.8,45.4],[32.7,45.4],[32.7,45.3],[32.6,45.3],[32.5,45.3],[32.5,45.4],[32.5,45.5],[32.6,45.5],[32.7,45.5],[32.7,45.6],[32.8,45.6],[32.9,45.6],[32.9,45.7],[33.2,45.7],[33.2,45.8],[33.3,45.8],[33.4,45.8],[33.5,45.9],[33.5,45.8],[33.6,45.8],[33.6,45.9],[33.7,45.9],[33.8,45.9],[33.7,45.9],[33.7,46],[33.6,46],[33.6,45.9],[33.6,46],[33.6,46.1]]],[[[150.8,75.2],[150.9,75.2],[151,75.1],[150.9,75.1],[150.8,75.1],[150.7,75],[150.6,75],[150.7,75],[150.7,74.9],[150.6,74.9],[150.2,74.8],[149.8,74.8],[149.7,74.8],[149.3,74.8],[149.2,74.8],[148.9,74.8],[148.5,74.8],[148.2,74.8],[147.9,74.9],[147.8,74.9],[147.7,74.9],[147.7,75],[147.5,75],[147.3,75],[147.1,75],[147,75.1],[146.6,75.1],[146.2,75.2],[146.1,75.2],[146.1,75.3],[146.2,75.3],[146.2,75.4],[146.3,75.4],[146.3,75.5],[146.4,75.5],[146.3,75.5],[146.4,75.6],[146.5,75.6],[146.7,75.6],[146.7,75.5],[146.8,75.5],[146.7,75.5],[146.6,75.4],[146.7,75.4],[146.8,75.4],[147.2,75.3],[147.3,75.3],[147.3,75.4],[147.2,75.4],[147.3,75.4],[147.4,75.4],[147.3,75.4],[147.4,75.4],[147.7,75.4],[147.8,75.4],[148.1,75.4],[148.4,75.4],[148.5,75.4],[148.6,75.4],[148.6,75.3],[148.5,75.3],[148.4,75.3],[148.5,75.3],[148.6,75.2],[148.7,75.2],[148.8,75.2],[148.9,75.2],[149.1,75.3],[149.5,75.3],[149.8,75.2],[150.1,75.2],[150.2,75.2],[150.3,75.2],[150.4,75.1],[150.6,75.1],[150.5,75.1],[150.6,75.1],[150.7,75.1],[150.7,75.2],[150.8,75.2]]],[[[22.8,54.4],[22.7,54.3],[22.5,54.3],[22.3,54.4],[22,54.4],[21.7,54.4],[21.3,54.4],[20.9,54.4],[20.6,54.4],[20.4,54.4],[20,54.4],[19.8,54.4],[19.7,54.4],[19.6,54.4],[19.6,54.5],[19.7,54.5],[19.8,54.6],[19.9,54.7],[20,54.8],[19.9,54.9],[20,55],[20,54.9],[20.1,55],[20.2,55],[20.4,54.9],[20.4,55],[20.5,55],[20.6,55],[20.8,55.2],[20.9,55.3],[21,55.3],[20.9,55.2],[20.8,55.2],[20.8,55.1],[20.7,55.1],[20.6,55],[20.5,55],[20.6,54.9],[20.8,54.9],[20.9,54.9],[21,54.9],[21.1,54.9],[21.2,54.9],[21.2,55],[21.2,55.1],[21.2,55.2],[21.3,55.2],[21.3,55.3],[21.4,55.3],[21.5,55.2],[21.6,55.2],[21.7,55.1],[21.8,55.1],[21.9,55.1],[22,55.1],[22,55],[22.1,55],[22.1,55.1],[22.3,55.1],[22.4,55.1],[22.5,55.1],[22.6,55.1],[22.6,55],[22.7,55],[22.7,54.9],[22.8,54.9],[22.7,54.9],[22.8,54.9],[22.8,54.8],[22.8,54.7],[22.7,54.7],[22.7,54.6],[22.7,54.5],[22.7,54.4],[22.8,54.4]]],[[[143.5,73.3],[143.6,73.2],[143.5,73.2],[143.4,73.2],[143.2,73.2],[142.8,73.2],[142.5,73.2],[142.3,73.2],[142.2,73.2],[141.8,73.3],[141.5,73.3],[141.3,73.3],[141,73.4],[140.8,73.4],[140.5,73.4],[140.3,73.4],[140.2,73.3],[140,73.3],[139.8,73.3],[139.8,73.4],[139.9,73.5],[140.1,73.5],[140.2,73.5],[140.5,73.5],[140.6,73.6],[140.7,73.6],[140.7,73.7],[140.8,73.7],[140.8,73.8],[140.9,73.8],[141.1,73.9],[141.2,73.9],[141.4,73.9],[141.6,73.9],[142,73.9],[142.3,73.9],[142.5,73.8],[142.6,73.8],[142.9,73.7],[143,73.7],[143.2,73.6],[143.4,73.5],[143.5,73.5],[143.5,73.4],[143.4,73.4],[143.5,73.4],[143.5,73.3]]],[[[51.7,80.7],[51.4,80.6],[51.2,80.6],[51.1,80.6],[51,80.5],[50.9,80.5],[50.5,80.5],[50.1,80.5],[50,80.5],[49.7,80.5],[49.8,80.5],[49.8,80.4],[49.5,80.4],[49.2,80.4],[48.8,80.4],[48.7,80.3],[48.6,80.3],[48.7,80.3],[48.9,80.3],[49,80.2],[49.1,80.2],[49,80.2],[48.7,80.2],[48.6,80.2],[48.5,80.2],[48.6,80.2],[48.5,80.1],[48.4,80.1],[48.3,80.1],[48.2,80.1],[48.1,80.1],[48,80.1],[47.7,80.1],[47.6,80.1],[47.7,80.2],[47.8,80.2],[48,80.2],[48.1,80.2],[47.9,80.2],[47.8,80.2],[47.9,80.2],[48,80.2],[47.9,80.2],[47.7,80.2],[47.6,80.2],[47.5,80.2],[47.3,80.2],[47.4,80.2],[47.2,80.2],[47.1,80.2],[46.9,80.2],[46.7,80.3],[46.6,80.3],[47.1,80.4],[47.2,80.4],[47.2,80.3],[47.4,80.3],[47.6,80.3],[48,80.3],[48.1,80.3],[48.2,80.3],[48.1,80.3],[47.9,80.4],[47.7,80.4],[47.6,80.4],[47.9,80.4],[48.2,80.4],[48.1,80.4],[48.1,80.5],[48,80.5],[47.8,80.5],[47.4,80.4],[47.4,80.5],[47.7,80.5],[48,80.5],[48.2,80.5],[48.3,80.6],[48.4,80.6],[48.5,80.5],[48.6,80.5],[48.5,80.5],[48.6,80.5],[48.7,80.5],[48.8,80.5],[48.9,80.5],[49,80.5],[49.1,80.5],[49.2,80.5],[49.2,80.6],[49.3,80.6],[49.4,80.6],[49.3,80.6],[49.4,80.7],[49.6,80.6],[49.7,80.7],[49.6,80.7],[49.7,80.7],[49.6,80.7],[49.7,80.7],[49.6,80.7],[49.2,80.7],[49.3,80.7],[49.2,80.7],[49,80.7],[49.1,80.8],[49,80.8],[49.3,80.8],[49.7,80.9],[49.8,80.9],[50.2,80.9],[50.3,80.9],[50.4,80.9],[50.1,80.9],[50,80.9],[50.4,80.9],[50.7,80.9],[50.8,80.9],[50.9,80.9],[51,80.9],[51,80.8],[50.8,80.8],[50.7,80.8],[50.5,80.8],[50.3,80.8],[50.3,80.7],[50.4,80.7],[50.7,80.8],[50.7,80.7],[50.8,80.7],[50.8,80.8],[50.9,80.8],[51,80.8],[51.1,80.8],[51.1,80.7],[51.2,80.8],[51.1,80.8],[51.2,80.8],[51.3,80.8],[51.4,80.8],[51.5,80.7],[51.7,80.7]]],[[[-180,71],[-180,71.1],[-180,71.5],[-179.9,71.5],[-179.9,71.6],[-179.8,71.6],[-179.7,71.6],[-179.6,71.6],[-179.4,71.6],[-179.3,71.6],[-179.2,71.6],[-179.1,71.6],[-178.7,71.6],[-178.4,71.5],[-178.3,71.5],[-178.2,71.5],[-178.1,71.5],[-178,71.4],[-178.1,71.4],[-178,71.4],[-177.8,71.3],[-177.7,71.3],[-177.6,71.3],[-177.5,71.3],[-177.5,71.2],[-177.4,71.2],[-177.5,71.2],[-177.6,71.1],[-177.7,71.1],[-177.8,71.1],[-177.9,71.1],[-177.9,71],[-178.2,71],[-178.3,71],[-178.6,71],[-178.9,71],[-179,71],[-179.3,70.9],[-179.4,70.9],[-179.5,70.9],[-179.7,71],[-179.9,71],[-180,71]]],[[[50.3,69.2],[50.3,69.1],[50.2,69.1],[50.2,69],[50.1,69],[50.1,69.1],[50.2,69.1],[50.2,69.2],[50.1,69.1],[50,69.1],[49.9,69],[49.8,69],[49.7,68.9],[49.6,68.9],[49.5,68.8],[49.4,68.8],[49.3,68.8],[49.2,68.8],[48.8,68.7],[48.7,68.8],[48.7,68.7],[48.6,68.7],[48.5,68.8],[48.4,68.8],[48.3,68.8],[48.3,68.9],[48.2,68.9],[48.2,69],[48.3,69],[48.2,69],[48.3,69],[48.2,69.1],[48.3,69.1],[48.3,69.2],[48.3,69.3],[48.4,69.3],[48.4,69.4],[48.5,69.4],[48.6,69.4],[48.8,69.5],[48.9,69.5],[49.1,69.5],[49.3,69.5],[49.7,69.4],[50,69.3],[50.2,69.3],[50.2,69.2],[50.3,69.2]]],[[[62.2,80.8],[62.3,80.8],[62.3,80.7],[62.2,80.7],[62,80.7],[62.1,80.6],[61.7,80.6],[61.6,80.6],[61.6,80.5],[61.3,80.5],[61.4,80.5],[61.3,80.5],[61.3,80.4],[61.2,80.4],[61.1,80.4],[61,80.4],[60.6,80.4],[60.3,80.5],[60.2,80.5],[60.1,80.5],[60,80.5],[60,80.4],[59.7,80.4],[59.6,80.4],[59.5,80.5],[59.2,80.5],[59.3,80.5],[59.4,80.6],[59.3,80.6],[59.2,80.6],[59.2,80.7],[59.3,80.7],[59.4,80.7],[59.4,80.8],[59.5,80.8],[59.6,80.8],[59.5,80.8],[59.6,80.8],[59.7,80.8],[59.8,80.8],[59.9,80.8],[60.2,80.9],[60.2,80.8],[60.3,80.8],[60,80.8],[60.3,80.8],[60.4,80.8],[60.6,80.8],[61.1,80.8],[61.5,80.9],[61.6,80.9],[62.1,80.9],[62.2,80.8]]],[[[62.8,80.9],[62.9,80.9],[63,80.9],[63.1,81],[63.6,81],[64,81],[64.2,81],[64.2,81.1],[64.1,81.1],[64.2,81.1],[64.2,81.2],[64.3,81.2],[64.4,81.2],[64.7,81.2],[64.8,81.2],[64.9,81.2],[65.2,81.1],[65.3,81.1],[65.4,81.1],[65.4,81],[65.5,81],[65.3,81],[65.4,81],[65.5,81],[65.5,80.9],[65.4,80.9],[65.2,80.8],[65.1,80.8],[65,80.8],[64.7,80.8],[64.6,80.8],[64.5,80.8],[64.4,80.7],[64.1,80.7],[63.8,80.7],[63.7,80.7],[63.4,80.7],[63.1,80.7],[62.9,80.7],[62.6,80.8],[62.5,80.8],[62.8,80.9]]],[[[60.5,69.8],[60.4,69.8],[60.5,69.7],[60.4,69.7],[60.3,69.7],[60.2,69.7],[60.1,69.7],[60,69.7],[59.9,69.7],[59.8,69.7],[59.6,69.7],[59.5,69.8],[59.6,69.8],[59.5,69.9],[59.4,69.9],[59.3,69.9],[59.2,69.9],[59.1,69.9],[58.9,69.9],[59,69.9],[59.1,69.9],[59,69.9],[58.9,69.9],[58.7,70],[58.6,70.1],[58.5,70.1],[58.6,70.1],[58.6,70.2],[58.5,70.2],[58.4,70.2],[58.4,70.3],[58.5,70.3],[58.8,70.2],[58.8,70.3],[58.7,70.3],[58.5,70.3],[58.6,70.3],[58.6,70.4],[58.7,70.4],[58.8,70.4],[58.7,70.4],[58.8,70.4],[58.9,70.4],[59,70.5],[59.1,70.4],[59.3,70.4],[59.4,70.4],[59.4,70.3],[59.5,70.3],[59.5,70.2],[59.6,70.2],[59.7,70.2],[59.8,70.2],[59.8,70.1],[59.9,70.1],[60,70.1],[60.1,70.1],[60.3,70],[60.4,70],[60.5,69.9],[60.5,69.8]]],[[[180,71.5],[180,71.1],[180,71],[179.9,71],[179.9,70.9],[179.8,70.9],[179.7,70.9],[179.5,70.9],[179.3,70.9],[179.2,70.9],[179.1,70.9],[178.8,70.8],[178.7,70.9],[178.7,71],[178.6,71],[178.6,71.1],[178.7,71.1],[178.8,71.2],[178.9,71.2],[178.8,71.2],[178.9,71.2],[179.2,71.3],[179.4,71.4],[179.5,71.4],[179.6,71.5],[179.7,71.5],[179.8,71.5],[179.9,71.5],[179.8,71.5],[180,71.5]]],[[[93.6,79.9],[93.7,79.9],[93.8,79.9],[93.7,79.9],[93.7,79.8],[93.5,79.8],[93.4,79.8],[93.3,79.8],[93.1,79.7],[92.6,79.7],[92.3,79.7],[91.9,79.7],[92,79.7],[91.9,79.7],[92.1,79.7],[92.2,79.7],[92.3,79.7],[92.4,79.7],[92.3,79.8],[92.1,79.8],[91.8,79.8],[91.4,79.8],[91.1,79.9],[91.2,79.9],[91.3,79.9],[91.2,79.9],[91.1,80],[91,80],[91.1,80],[91.2,80],[91.1,80],[91,80.1],[90.9,80.1],[91.2,80.1],[91.6,80],[91.8,80.1],[92,80],[92.4,80],[92.6,80],[93.1,80],[93.6,79.9]]],[[[71.7,73.2],[71.7,73.1],[71.8,73],[71.7,73],[71.6,73.1],[71.5,73.2],[71.4,73.2],[71.3,73.2],[71.3,73.1],[71,73.1],[70.7,73.1],[70.5,73.1],[70.3,73],[70.2,73],[70.2,73.1],[70.1,73.1],[70,73.1],[70.1,73],[70,73],[69.9,73],[69.9,73.1],[70,73.2],[70.1,73.2],[70.1,73.3],[70,73.3],[70,73.4],[70.5,73.5],[70.6,73.5],[70.7,73.5],[70.9,73.5],[71.2,73.5],[71.3,73.4],[71.2,73.4],[71.1,73.4],[71.1,73.3],[71,73.3],[71.1,73.3],[71.2,73.3],[71.3,73.3],[71.4,73.3],[71.4,73.4],[71.5,73.3],[71.6,73.3],[71.7,73.2]]],[[[113.4,74.4],[113.3,74.3],[113.2,74.3],[113.3,74.3],[113.2,74.3],[113.2,74.2],[113,74.2],[112.9,74.2],[112.8,74.1],[112.7,74.1],[112.6,74.1],[112.5,74.1],[112.2,74.1],[112.1,74.2],[112,74.2],[111.9,74.2],[111.6,74.3],[111.5,74.3],[111.5,74.4],[111.6,74.4],[111.7,74.4],[111.8,74.4],[111.9,74.4],[112,74.4],[112,74.5],[112.1,74.6],[112.4,74.5],[112.7,74.5],[113,74.5],[113.3,74.5],[113.4,74.5],[113.4,74.4]]],[[[46.7,80.5],[46.6,80.5],[46.5,80.5],[46.1,80.4],[46,80.5],[46.1,80.5],[46.1,80.6],[46,80.6],[45.8,80.6],[45.8,80.5],[45.8,80.6],[45.7,80.6],[45.7,80.5],[45.6,80.5],[45.5,80.5],[45.4,80.6],[45.3,80.6],[44.9,80.6],[45,80.6],[45.1,80.6],[45.6,80.7],[46,80.7],[46.5,80.7],[46.4,80.7],[46.9,80.7],[47,80.8],[47.1,80.8],[47.2,80.8],[47.1,80.8],[47.5,80.9],[47.9,80.8],[48,80.8],[48.3,80.8],[48.5,80.8],[48.7,80.8],[48.6,80.7],[48.5,80.7],[48.6,80.7],[48.7,80.7],[48.8,80.7],[48.8,80.6],[48.7,80.6],[48.6,80.6],[48.5,80.6],[48.4,80.7],[48.1,80.7],[48,80.7],[47.9,80.7],[47.8,80.8],[47.7,80.8],[47.6,80.8],[47.6,80.7],[47.5,80.7],[47.6,80.7],[47.5,80.7],[47.4,80.7],[47.3,80.7],[47.4,80.6],[47.2,80.6],[47.1,80.6],[47,80.6],[46.7,80.6],[46.6,80.6],[46.7,80.5]]],[[[57.5,80.1],[57.4,80.1],[57.3,80.2],[57.2,80.2],[57.2,80.3],[57.3,80.3],[57.2,80.3],[57.3,80.3],[57.2,80.4],[57.3,80.4],[57.2,80.4],[56.9,80.5],[57.3,80.5],[57.7,80.5],[58.1,80.5],[58.5,80.5],[58.6,80.5],[58.7,80.4],[58.8,80.4],[58.9,80.4],[59.2,80.4],[59.3,80.3],[58.9,80.3],[58.6,80.3],[58.4,80.3],[58.3,80.3],[58.2,80.3],[58.1,80.3],[58.1,80.2],[58.4,80.2],[58.5,80.2],[58.4,80.2],[58.3,80.2],[58.1,80.2],[58,80.2],[57.9,80.2],[58,80.2],[58,80.1],[57.7,80.1],[57.6,80.1],[57.5,80.1]]],[[[169.4,69.8],[169.5,69.8],[169.4,69.8],[169.3,69.8],[169.3,69.7],[169.3,69.6],[169.2,69.6],[169.1,69.6],[169,69.6],[168.9,69.6],[168.5,69.6],[168.2,69.7],[168.1,69.7],[168.1,69.8],[168,69.8],[167.9,69.8],[167.8,69.8],[167.8,69.9],[168,70],[168.2,70],[168.3,70],[168.6,70],[168.7,70],[168.8,70],[168.8,69.9],[169.2,69.9],[169.3,69.9],[169.4,69.9],[169.4,69.8]]],[[[54.6,81],[54.4,81],[54.5,81],[54.5,81.1],[54.6,81.1],[54.5,81.1],[54.6,81.1],[54.7,81.1],[54.9,81.1],[55.3,81.1],[55.5,81],[55.6,81],[56,81],[56.3,81],[56.6,81],[56.7,80.9],[57,80.9],[57.3,80.9],[57.7,80.8],[57.6,80.8],[57.6,80.7],[57.3,80.7],[57.1,80.7],[57,80.7],[56.8,80.8],[56.7,80.8],[56.2,80.8],[55.8,80.9],[55.7,80.9],[55.5,80.9],[55.4,80.9],[55.4,81],[55.3,81],[55.2,81],[55,81],[54.9,81],[54.6,81]]],[[[148.8,45.4],[148.8,45.3],[148.7,45.3],[148.6,45.3],[148.5,45.3],[148.4,45.2],[148.3,45.2],[148.2,45.2],[148.1,45.1],[148,45],[147.9,45],[147.8,45],[147.8,44.9],[147.7,45],[147.6,45],[147.6,44.9],[147.6,44.8],[147.5,44.8],[147.4,44.7],[147.3,44.7],[147.3,44.6],[147.2,44.6],[147.1,44.6],[147.1,44.5],[147,44.5],[147,44.4],[146.9,44.4],[146.9,44.5],[146.9,44.6],[147,44.6],[147,44.7],[147.1,44.6],[147.2,44.7],[147.2,44.8],[147.1,44.8],[147.2,44.8],[147.2,44.9],[147.3,44.9],[147.4,44.9],[147.5,45],[147.5,45.1],[147.6,45.1],[147.7,45.1],[147.7,45.2],[147.8,45.2],[147.9,45.2],[147.9,45.3],[147.9,45.4],[148,45.4],[148,45.3],[148.1,45.3],[148.3,45.3],[148.4,45.3],[148.4,45.4],[148.5,45.4],[148.6,45.5],[148.7,45.5],[148.8,45.5],[148.9,45.5],[148.8,45.4]]],[[[78.3,72.6],[78.4,72.5],[78.3,72.5],[78.2,72.4],[78.1,72.4],[78,72.4],[77.9,72.4],[77.8,72.3],[77.6,72.3],[77.2,72.3],[77.1,72.3],[76.9,72.3],[76.9,72.4],[77.2,72.5],[77.3,72.5],[77.4,72.6],[77.6,72.6],[77.8,72.6],[78,72.6],[78.1,72.6],[78.2,72.6],[78.3,72.6]]],[[[141.1,74.1],[141.1,74],[141,74],[140.9,74],[140.8,74],[140.7,74],[140.7,73.9],[140.6,73.9],[140.5,73.9],[140.4,73.9],[140.3,73.9],[140.2,74],[140.2,74.1],[140.2,74.2],[140.3,74.3],[140.6,74.3],[140.9,74.3],[141,74.3],[141.1,74.2],[141.1,74.1]]],[[[164.7,59],[164.7,58.9],[164.6,58.9],[164.5,58.9],[164.4,58.9],[164.3,58.8],[164.2,58.8],[164.1,58.8],[164,58.7],[163.9,58.7],[163.8,58.7],[163.8,58.6],[163.7,58.6],[163.6,58.6],[163.6,58.5],[163.5,58.5],[163.5,58.4],[163.5,58.5],[163.4,58.5],[163.4,58.6],[163.6,58.6],[163.6,58.7],[163.7,58.7],[163.7,58.8],[163.8,58.8],[163.8,58.9],[163.9,59],[163.8,59],[163.7,59],[163.8,59],[164,59],[164.3,59.1],[164.3,59.2],[164.4,59.2],[164.5,59.2],[164.6,59.2],[164.6,59.1],[164.7,59.1],[164.7,59]]],[[[55.7,80.1],[56,80.2],[56,80.3],[56.1,80.4],[56.4,80.3],[56.6,80.3],[56.7,80.3],[56.7,80.4],[57,80.4],[57.1,80.3],[57.1,80.2],[57.2,80.2],[57.1,80.2],[57,80.2],[57.1,80.1],[57,80.1],[56.6,80.1],[56.3,80.1],[55.9,80.1],[55.8,80.1],[55.7,80.1]]],[[[79.6,72.8],[79.6,72.7],[79.5,72.7],[79.4,72.7],[79,72.7],[78.9,72.7],[78.8,72.8],[78.7,72.8],[78.6,72.8],[78.6,72.9],[78.7,72.9],[78.9,73],[79.1,73.1],[79.2,73.1],[79.3,73],[79.4,73],[79.5,72.9],[79.6,72.9],[79.5,72.9],[79.5,72.8],[79.6,72.8]]],[[[138,55.1],[138.1,55.1],[138.2,55.1],[138.2,55],[138.1,55],[138,54.9],[138,54.8],[137.9,54.8],[137.9,54.7],[137.8,54.7],[137.7,54.7],[137.7,54.6],[137.7,54.7],[137.6,54.7],[137.6,54.8],[137.5,54.8],[137.5,54.9],[137.4,54.9],[137.3,54.8],[137.2,54.8],[137.3,54.8],[137.3,54.9],[137.4,55],[137.5,55],[137.5,55.1],[137.5,55.2],[137.6,55.2],[137.7,55.2],[137.7,55.1],[137.8,55.1],[137.9,55.1],[137.9,55.2],[138,55.1],[137.9,55],[138,55.1]]],[[[156.1,50.6],[156.2,50.6],[156.1,50.6],[156.2,50.5],[156.1,50.5],[156,50.5],[156,50.4],[155.9,50.3],[155.9,50.2],[155.8,50.2],[155.6,50.2],[155.5,50.1],[155.4,50],[155.4,50.1],[155.3,50.1],[155.2,50.1],[155.3,50.1],[155.3,50.2],[155.2,50.2],[155.2,50.3],[155.3,50.3],[155.4,50.3],[155.4,50.4],[155.5,50.4],[155.6,50.4],[155.7,50.4],[155.8,50.5],[155.8,50.6],[155.9,50.6],[155.9,50.7],[156,50.7],[156,50.8],[156.1,50.8],[156.1,50.7],[156.1,50.6]]],[[[52.6,80.2],[52.4,80.2],[52.3,80.2],[52.2,80.3],[52.3,80.3],[52.6,80.3],[52.7,80.3],[52.7,80.4],[52.8,80.4],[52.9,80.4],[53,80.4],[53.1,80.4],[53.3,80.4],[53.5,80.3],[53.9,80.3],[53.8,80.2],[53.7,80.2],[53.6,80.2],[53.5,80.2],[53.1,80.2],[52.6,80.2]]],[[[79.8,81],[80.1,81],[80.4,80.9],[80.3,80.9],[79.9,80.8],[79.5,80.8],[79.1,80.8],[79,80.8],[79,80.9],[79.1,80.9],[79.2,81],[79.7,81],[79.8,81]]],[[[60.3,81],[60.3,81.1],[60.5,81.1],[60.6,81.1],[61,81.1],[61.3,81.1],[61.7,81.1],[61.6,81.1],[61.6,81],[61.3,81],[61,80.9],[60.7,80.9],[60.3,80.9],[60.3,81],[60.1,81],[60,81],[60.1,81],[60.2,81],[60.3,81]]],[[[55.6,81.2],[55.6,81.3],[55.4,81.3],[55.5,81.3],[55.6,81.3],[55.7,81.3],[55.8,81.3],[55.9,81.3],[56,81.3],[56.1,81.3],[56.2,81.3],[56.5,81.3],[56.6,81.3],[56.5,81.3],[56.4,81.3],[56.4,81.4],[56.3,81.4],[56.7,81.4],[56.8,81.4],[56.9,81.4],[57.2,81.4],[57.4,81.3],[57.5,81.3],[57.6,81.3],[57.7,81.3],[57.9,81.3],[57.8,81.3],[57.4,81.3],[57,81.3],[56.7,81.2],[56.6,81.2],[56.4,81.2],[56.3,81.2],[56.2,81.2],[55.8,81.2],[55.7,81.2],[55.6,81.2]]],[[[57.3,81.4],[57,81.4],[56.8,81.4],[56.7,81.5],[56.8,81.5],[56.9,81.5],[57,81.5],[56.9,81.5],[57,81.5],[57.5,81.5],[57.5,81.6],[57.8,81.6],[57.8,81.5],[57.9,81.5],[57.8,81.5],[57.9,81.5],[58.1,81.5],[58.4,81.5],[58.5,81.4],[58.6,81.4],[58.5,81.4],[58.4,81.4],[58.3,81.4],[58.1,81.4],[57.8,81.4],[57.7,81.4],[57.6,81.4],[57.5,81.4],[57.4,81.4],[57.3,81.4]]],[[[136,75.5],[136,75.4],[135.8,75.4],[135.5,75.4],[135.4,75.4],[135.5,75.4],[135.5,75.5],[135.6,75.6],[135.5,75.7],[135.6,75.7],[135.6,75.8],[135.7,75.8],[135.7,75.9],[135.7,75.8],[135.8,75.8],[135.8,75.7],[135.9,75.7],[136,75.7],[136.1,75.7],[136.1,75.6],[136.2,75.6],[136,75.5]]],[[[55.8,80.8],[55.3,80.8],[54.9,80.7],[54.7,80.7],[54.7,80.8],[54.6,80.8],[54.5,80.8],[54.3,80.8],[54,80.8],[54.1,80.9],[54.3,80.9],[54.4,80.9],[54.7,80.9],[54.8,80.9],[54.8,80.8],[54.9,80.8],[54.9,80.9],[55,80.9],[55.1,80.9],[55.3,80.9],[55.4,80.9],[55.7,80.8],[56,80.8],[55.9,80.8],[55.8,80.8]]],[[[146.5,44.4],[146.6,44.5],[146.6,44.4],[146.5,44.4],[146.4,44.4],[146.4,44.3],[146.3,44.3],[146.2,44.3],[146.1,44.3],[146.1,44.2],[146,44.2],[145.9,44.1],[145.9,44],[145.8,44],[145.8,43.9],[145.7,43.9],[145.6,43.9],[145.6,43.8],[145.6,43.7],[145.5,43.7],[145.6,43.7],[145.5,43.7],[145.4,43.7],[145.4,43.8],[145.4,43.9],[145.5,43.9],[145.6,43.9],[145.7,44],[145.7,44.1],[145.8,44.1],[145.8,44.2],[145.9,44.2],[145.9,44.3],[146,44.3],[146,44.4],[146.1,44.5],[146.2,44.5],[146.3,44.5],[146.3,44.4],[146.4,44.4],[146.5,44.4]]],[[[55.8,80.6],[55.7,80.7],[55.6,80.6],[55.6,80.7],[55.7,80.7],[55.5,80.7],[55.4,80.7],[55.5,80.7],[55.6,80.7],[55.7,80.7],[55.8,80.7],[55.8,80.8],[56.2,80.8],[56.5,80.8],[56.6,80.8],[56.7,80.8],[56.8,80.7],[56.9,80.7],[56.6,80.6],[56.3,80.6],[56.3,80.7],[55.8,80.6]]],[[[150.3,46.2],[150.4,46.2],[150.5,46.2],[150.6,46.2],[150.5,46.2],[150.4,46.1],[150.3,46.1],[150.3,46],[150.2,46],[150.2,45.9],[150.1,45.9],[150,45.8],[149.9,45.8],[149.8,45.8],[149.8,45.7],[149.7,45.6],[149.6,45.6],[149.5,45.6],[149.4,45.6],[149.5,45.6],[149.5,45.7],[149.6,45.7],[149.6,45.8],[149.7,45.8],[149.7,45.9],[149.8,45.9],[149.9,45.9],[149.9,46],[150,46.1],[150.1,46.1],[150.2,46.1],[150.2,46.2],[150.3,46.2]]],[[[91.5,81.2],[91.6,81.1],[91.4,81.1],[91.3,81.1],[91.2,81.1],[90.8,81.1],[90.4,81.1],[90,81.1],[89.9,81.1],[89.9,81.2],[90,81.2],[90.1,81.2],[90.5,81.2],[91,81.2],[91.5,81.2]]],[[[166.7,54.8],[166.7,54.7],[166.6,54.7],[166.5,54.8],[166.4,54.8],[166.3,54.9],[166.2,54.9],[166.2,55],[166.1,55.1],[166,55.2],[165.9,55.3],[165.8,55.3],[165.7,55.3],[165.8,55.3],[165.9,55.3],[165.9,55.4],[166,55.4],[166.2,55.3],[166.3,55.3],[166.2,55.3],[166.2,55.2],[166.3,55.2],[166.3,55.1],[166.4,55.1],[166.4,55],[166.5,54.9],[166.6,54.9],[166.6,54.8],[166.7,54.8]]],[[[58.3,81.7],[58,81.7],[57.9,81.7],[57.9,81.8],[58,81.8],[58.1,81.8],[58,81.8],[57.9,81.8],[58,81.8],[58.1,81.8],[58.2,81.8],[58.5,81.8],[58.9,81.8],[59.2,81.9],[59.3,81.8],[59.4,81.8],[59.3,81.8],[59.4,81.8],[59,81.7],[58.6,81.7],[58.3,81.7]]],[[[57.3,80.9],[57.2,80.9],[57.2,81],[57.1,81],[57,81],[56.9,81],[56.8,81],[56.5,81.1],[56.1,81.1],[56.2,81.1],[56.7,81.1],[56.8,81.1],[56.9,81.1],[57.2,81.1],[57.3,81.1],[57.6,81],[57.7,81],[57.8,81],[58,80.9],[58.3,80.9],[58.2,80.9],[58,80.9],[57.9,80.9],[57.8,80.9],[57.5,80.9],[57.4,80.9],[57.3,80.9]]],[[[53.2,71.2],[53.2,71.1],[53.1,71.1],[53.2,71.1],[53.1,71.1],[53,71.1],[53,71],[53.1,71],[53,71],[53,71.1],[52.9,71.1],[52.8,71.1],[52.8,71.2],[52.7,71.2],[52.6,71.2],[52.5,71.3],[52.5,71.2],[52.4,71.2],[52.3,71.3],[52.2,71.3],[52.3,71.3],[52.4,71.4],[52.5,71.4],[52.6,71.4],[52.7,71.4],[52.7,71.3],[52.7,71.4],[52.9,71.4],[52.9,71.3],[53,71.3],[52.9,71.3],[52.9,71.4],[52.8,71.4],[52.7,71.4],[52.8,71.4],[52.8,71.3],[52.9,71.3],[52.8,71.3],[53.1,71.2],[53.2,71.2],[53.1,71.3],[53.2,71.3],[53.2,71.2]]],[[[70.1,66.6],[70,66.6],[70.1,66.6],[70.1,66.5],[70,66.5],[69.9,66.5],[69.8,66.5],[69.7,66.5],[69.5,66.6],[69.6,66.6],[69.5,66.7],[69.4,66.8],[69.3,66.8],[69.3,66.7],[69.2,66.8],[69.1,66.8],[69.2,66.8],[69.3,66.8],[69.4,66.8],[69.5,66.8],[69.5,66.7],[69.6,66.7],[69.7,66.7],[69.6,66.7],[69.5,66.8],[69.6,66.8],[69.7,66.8],[69.8,66.8],[69.8,66.7],[69.9,66.7],[70,66.7],[70.1,66.7],[70.1,66.6],[70,66.6],[70.1,66.6]]],[[[96.5,77.2],[96.6,77.2],[96.6,77.1],[96.5,77.1],[96.4,77.1],[96.3,77],[96.2,77],[96.1,77],[96,77],[95.7,77],[95.8,77],[95.9,77],[96,77],[95.9,77],[95.8,77],[95.5,77],[95.3,77],[95.2,77],[95.3,77],[95.4,77],[95.4,77.1],[95.6,77.1],[95.7,77.1],[96,77.1],[96.3,77.2],[96.4,77.2],[96.5,77.2]]],[[[137.9,71.6],[138,71.5],[137.9,71.5],[137.8,71.4],[137.7,71.4],[137.6,71.4],[137.5,71.5],[137.4,71.5],[137.3,71.5],[137.4,71.5],[137.4,71.4],[137.3,71.4],[137,71.5],[137.1,71.5],[137.2,71.6],[137.5,71.6],[137.6,71.6],[137.7,71.6],[137.9,71.6]]],[[[62.5,81.7],[62.1,81.7],[62.2,81.7],[62.5,81.7],[62.6,81.7],[62.8,81.7],[63.2,81.7],[63.7,81.7],[63.8,81.7],[63.8,81.6],[63.7,81.6],[63.5,81.6],[63.3,81.6],[63.2,81.6],[63,81.6],[62.7,81.6],[62.6,81.6],[62.5,81.6],[62.5,81.7]]],[[[82.2,75.4],[82.3,75.4],[82.3,75.3],[82.2,75.3],[82.1,75.3],[82,75.3],[82.1,75.3],[82,75.3],[82,75.2],[81.9,75.2],[81.9,75.3],[81.8,75.3],[81.7,75.3],[81.6,75.3],[81.5,75.3],[81.5,75.4],[81.7,75.5],[81.8,75.5],[81.8,75.4],[81.7,75.4],[81.8,75.4],[81.7,75.4],[81.8,75.4],[81.9,75.4],[82,75.4],[81.9,75.4],[81.9,75.5],[82,75.5],[81.9,75.5],[82,75.5],[82.2,75.5],[82.1,75.5],[82.1,75.4],[82.2,75.4],[82.1,75.4],[82,75.4],[82.1,75.4],[82.2,75.4]]],[[[107.7,78.1],[107.6,78.1],[107.5,78.1],[107.4,78.1],[107.2,78.1],[106.8,78.1],[106.4,78.1],[106.4,78.2],[106.5,78.2],[106.9,78.2],[107.2,78.2],[107.3,78.2],[107.6,78.2],[107.7,78.1]]],[[[51.3,80],[51.4,80],[51.5,79.9],[51.4,79.9],[51,79.9],[50.5,80],[50,80],[50.1,80],[50.2,80],[50.6,80],[50.7,80],[50.7,80.1],[50.9,80.1],[51,80.1],[51.1,80.1],[51.3,80.1],[51.2,80],[51.3,80],[51.4,80],[51.3,80]]],[[[59,80],[58.8,80],[59.2,80.1],[59.5,80.1],[59.6,80.1],[59.8,80.1],[59.8,80],[59.9,80],[59.7,80],[59.5,79.9],[59.4,79.9],[59.2,79.9],[59.2,80],[59,80]]],[[[161.5,69],[161.5,68.9],[161.4,68.9],[161.5,69],[161.4,69],[161.3,69.1],[161.1,69.1],[161.1,69.2],[161.1,69.3],[161.2,69.3],[161.2,69.4],[161.1,69.4],[161.1,69.5],[161.3,69.5],[161.4,69.6],[161.4,69.5],[161.3,69.4],[161.4,69.4],[161.4,69.3],[161.3,69.2],[161.4,69.2],[161.4,69.1],[161.5,69]]],[[[77.6,79.5],[77.1,79.5],[76.7,79.5],[76.6,79.5],[76.7,79.5],[76.6,79.5],[76.2,79.6],[76.1,79.6],[76.1,79.7],[76.2,79.7],[76.3,79.6],[76.2,79.6],[76.1,79.6],[76.2,79.6],[76.3,79.6],[76.4,79.6],[76.5,79.6],[76.9,79.6],[77.2,79.6],[77.6,79.5]]],[[[58.1,80.8],[57.9,80.8],[57.8,80.8],[57.9,80.8],[58,80.8],[58.2,80.9],[58.5,80.9],[58.7,80.9],[58.9,80.9],[59,80.9],[59,80.8],[58.9,80.8],[58.8,80.8],[58.7,80.8],[58.5,80.8],[58.4,80.7],[58.1,80.8]]],[[[128.3,72.8],[128.4,72.9],[128.5,72.9],[128.7,72.9],[128.8,72.9],[129,72.9],[129.2,72.9],[129.4,72.9],[129.4,72.8],[129.3,72.8],[129.2,72.8],[129,72.8],[128.7,72.8],[128.3,72.8]]],[[[87,75],[87.1,75],[87.1,74.9],[87,74.9],[86.9,74.9],[86.7,74.9],[86.8,74.9],[86.9,74.8],[86.7,74.8],[86.6,74.8],[86.5,74.8],[86.5,74.9],[86.4,74.8],[86.3,74.9],[86.2,74.9],[86.3,74.9],[86.5,74.9],[86.6,74.9],[86.5,74.9],[86.5,75],[86.6,75],[86.7,75],[86.9,75],[87,75]]],[[[96.6,76.3],[96.6,76.2],[96.5,76.2],[96.6,76.2],[96.5,76.3],[96.4,76.3],[96.3,76.3],[96.4,76.2],[96.3,76.2],[96.2,76.2],[96.3,76.2],[96.4,76.2],[96.4,76.1],[96.3,76.1],[96.4,76.1],[96.3,76.1],[96.2,76.2],[95.9,76.2],[95.7,76.2],[95.3,76.2],[95.3,76.3],[95.5,76.3],[95.5,76.2],[95.6,76.2],[95.7,76.3],[95.8,76.3],[95.9,76.3],[96,76.3],[96.1,76.3],[96.1,76.2],[96.2,76.3],[96.3,76.3],[96.6,76.3]]],[[[149.4,76.7],[149.3,76.7],[149.2,76.7],[149.3,76.6],[149.2,76.6],[149,76.6],[148.8,76.6],[148.6,76.6],[148.5,76.6],[148.4,76.6],[148.5,76.7],[148.6,76.7],[148.7,76.7],[148.8,76.7],[148.9,76.7],[149,76.7],[149.4,76.8],[149.5,76.8],[149.4,76.8],[149.4,76.7]]],[[[136.3,74],[136.3,73.9],[136.2,73.9],[136.1,73.9],[136,73.9],[135.7,74],[135.7,74.1],[135.6,74.2],[135.5,74.2],[135.4,74.2],[135.4,74.3],[135.5,74.2],[135.6,74.2],[135.7,74.2],[135.9,74.1],[136,74.1],[136.1,74],[136.2,74],[136.3,74]]],[[[128.8,72.7],[128.9,72.7],[128.9,72.6],[129,72.6],[128.9,72.6],[128.8,72.6],[128.8,72.5],[128.7,72.5],[128.6,72.5],[128.5,72.6],[128.4,72.6],[128.3,72.6],[128.1,72.6],[128.4,72.7],[128.7,72.7],[128.8,72.7]]],[[[58.7,81],[58.6,81],[58.4,80.9],[58.3,81],[57.9,81],[57.8,81],[57.8,81.1],[57.9,81.1],[58,81.1],[58.1,81.1],[58.4,81.1],[58.7,81]]],[[[74.7,73.1],[74.8,73.1],[75,73.1],[74.9,73.1],[74.8,73.1],[74.7,73.1],[74.7,73],[74.6,73],[74.6,72.9],[74.7,72.9],[74.6,72.9],[74.5,72.9],[74.3,72.9],[74.2,73],[74.1,73],[74.2,73.1],[74.5,73.1],[74.7,73.1]]],[[[89.7,77.3],[89.7,77.2],[89.8,77.2],[89.7,77.2],[89.5,77.1],[89.3,77.1],[89.2,77.2],[89.1,77.2],[89.2,77.2],[89.2,77.3],[89.3,77.3],[89.6,77.3],[89.7,77.3]]],[[[58.6,81.3],[58.5,81.3],[58.5,81.4],[58.7,81.4],[59,81.4],[59.1,81.4],[59.2,81.4],[59.3,81.4],[59.4,81.3],[59.3,81.3],[59.2,81.3],[59.1,81.3],[58.7,81.3],[58.6,81.3]]],[[[83.3,70.8],[83.4,70.8],[83.5,70.7],[83.4,70.7],[83.3,70.6],[83.3,70.5],[83.3,70.4],[83.2,70.4],[83.1,70.4],[83.1,70.5],[83.1,70.6],[83.2,70.7],[83.2,70.8],[83.3,70.8]]],[[[75.9,73.5],[75.8,73.5],[75.5,73.4],[75.5,73.5],[75.4,73.5],[75.4,73.4],[75.3,73.4],[75.3,73.5],[75.4,73.5],[75.6,73.6],[76,73.6],[76.1,73.6],[76,73.5],[75.9,73.5]]],[[[120.3,73.1],[120.2,73.1],[120.2,73],[119.8,73],[119.7,73],[119.8,73.1],[119.7,73.1],[119.6,73.1],[119.7,73.1],[119.8,73.2],[120,73.2],[120.2,73.1],[120.3,73.1]]],[[[83.3,76],[83.3,75.9],[83.2,75.9],[83.1,75.9],[83,75.9],[82.9,75.9],[82.8,75.9],[82.9,75.9],[82.8,76],[82.7,75.9],[82.5,76],[82.4,75.9],[82.3,75.9],[82.3,76],[82.4,76],[82.5,76],[82.6,76],[82.7,76],[83,76],[83.2,76],[83.3,76]]],[[[50.5,81.1],[50.3,81.1],[50.4,81.1],[50.5,81.1],[50.5,81.2],[50.8,81.2],[50.9,81.1],[51,81.1],[50.9,81.1],[50.8,81.1],[50.7,81.1],[50.8,81.1],[50.8,81],[50.6,81],[50.5,81],[50.4,81],[50.5,81.1]]],[[[50.1,80.1],[50,80.1],[49.9,80.1],[49.8,80.1],[49.7,80.1],[49.6,80.1],[49.5,80.2],[49.6,80.2],[49.8,80.2],[49.9,80.2],[50.2,80.2],[50.3,80.2],[50.1,80.1]]],[[[53.8,80.5],[53.9,80.5],[53.8,80.5],[53.9,80.5],[54,80.5],[53.9,80.5],[53.9,80.6],[53.8,80.6],[53.9,80.6],[54.3,80.6],[54.2,80.6],[54.1,80.6],[54.2,80.5],[54.4,80.5],[54.5,80.5],[54.4,80.5],[54.4,80.4],[54.3,80.4],[54.2,80.4],[53.8,80.5]]],[[[57.3,81.2],[57.4,81.2],[57.6,81.2],[57.7,81.2],[57.8,81.2],[57.9,81.2],[58,81.2],[58.1,81.2],[57.9,81.2],[57.8,81.1],[57.7,81.1],[57.4,81.1],[57,81.2],[57.1,81.2],[57.2,81.2],[57.3,81.2]]],[[[112,76.6],[112.1,76.6],[112.3,76.6],[112.3,76.7],[112.4,76.7],[112.4,76.6],[112.5,76.6],[112.6,76.6],[112.6,76.5],[112.5,76.5],[112.7,76.5],[112.6,76.5],[112.6,76.4],[112.5,76.5],[112.4,76.5],[112.3,76.5],[112.1,76.5],[112.1,76.6],[112,76.6]]],[[[137.2,55.1],[137.1,55],[137.1,54.9],[137,54.9],[136.9,54.9],[136.9,55],[136.8,54.9],[136.7,54.9],[136.8,54.9],[136.7,54.9],[136.7,55],[136.8,55],[136.9,55],[137,55.1],[137.1,55.1],[137.2,55.1]]],[[[156.5,50.9],[156.5,50.8],[156.5,50.7],[156.4,50.7],[156.4,50.6],[156.3,50.6],[156.3,50.7],[156.2,50.7],[156.2,50.8],[156.3,50.8],[156.4,50.9],[156.5,50.9]]],[[[-172.2,64.8],[-172.1,64.8],[-172,64.8],[-172.2,64.7],[-172.3,64.7],[-172.4,64.7],[-172.5,64.7],[-172.6,64.7],[-172.6,64.8],[-172.5,64.8],[-172.4,64.8],[-172.3,64.8],[-172.2,64.8]]],[[[96.5,76.7],[96.4,76.7],[96.4,76.6],[96.3,76.6],[96.2,76.6],[96.1,76.6],[96,76.6],[95.9,76.6],[95.9,76.7],[96,76.7],[96.1,76.7],[96.2,76.7],[96.3,76.7],[96.4,76.7],[96.5,76.7]]]]}},{"type":"Feature","properties":{"name":"Netherlands","iso":"NL"},"geometry":{"type":"MultiPolygon","coordinates":[[[[7.2,53.2],[7.2,53.1],[7.2,53],[7.2,52.9],[7.1,52.9],[7.1,52.8],[7,52.7],[7,52.6],[6.9,52.6],[6.8,52.6],[6.7,52.6],[6.7,52.5],[6.8,52.4],[6.9,52.4],[7,52.4],[7,52.5],[7,52.4],[7,52.3],[7,52.2],[6.9,52.2],[6.9,52.1],[6.8,52.1],[6.7,52.1],[6.7,52],[6.8,52],[6.8,51.9],[6.7,51.9],[6.6,51.9],[6.5,51.9],[6.5,51.8],[6.4,51.8],[6.4,51.9],[6.4,51.8],[6.3,51.8],[6.3,51.9],[6.2,51.9],[6.1,51.9],[6.2,51.8],[6.1,51.8],[6.1,51.9],[6,51.8],[5.9,51.8],[6,51.8],[5.9,51.7],[6,51.7],[6.1,51.6],[6.2,51.5],[6.2,51.4],[6.2,51.3],[6.1,51.3],[6.1,51.2],[6.2,51.2],[6.1,51.2],[6.1,51.1],[6,51.1],[6,51],[5.9,51],[5.9,51.1],[5.9,51],[6,51],[6,50.9],[6.1,50.9],[6,50.8],[6,50.7],[5.9,50.7],[5.9,50.8],[5.8,50.8],[5.7,50.8],[5.6,50.8],[5.6,50.9],[5.7,50.9],[5.8,50.9],[5.8,51],[5.7,51],[5.8,51],[5.8,51.1],[5.8,51.2],[5.7,51.2],[5.6,51.2],[5.5,51.2],[5.5,51.3],[5.4,51.3],[5.3,51.3],[5.2,51.3],[5.1,51.3],[5.1,51.4],[5.1,51.5],[5,51.5],[5,51.4],[4.9,51.4],[4.8,51.4],[4.8,51.5],[4.7,51.5],[4.7,51.4],[4.6,51.4],[4.5,51.4],[4.5,51.5],[4.4,51.5],[4.4,51.4],[4.3,51.4],[4.2,51.4],[4.1,51.4],[4,51.4],[4,51.5],[3.9,51.5],[3.9,51.4],[3.8,51.4],[3.7,51.4],[3.7,51.5],[3.6,51.4],[3.6,51.5],[3.5,51.5],[3.4,51.5],[3.5,51.6],[3.6,51.6],[3.8,51.6],[3.9,51.6],[3.9,51.5],[4,51.5],[4.1,51.5],[4.1,51.4],[4.2,51.4],[4.3,51.4],[4.3,51.5],[4.2,51.5],[4.1,51.5],[4,51.6],[4.1,51.6],[4.2,51.6],[4.1,51.6],[4.1,51.7],[4.2,51.7],[4.1,51.7],[4.1,51.8],[4,51.8],[3.9,51.8],[4,51.8],[4.1,51.8],[4.1,51.9],[4,51.9],[4,52],[4.1,52],[4.3,52.1],[4.4,52.2],[4.5,52.3],[4.6,52.4],[4.6,52.5],[4.6,52.7],[4.7,52.8],[4.7,52.9],[4.7,53],[4.8,53],[4.8,52.9],[4.9,52.9],[5,52.9],[5.1,53],[5.3,53.1],[5.4,53.1],[5.4,53.2],[5.5,53.2],[5.5,53.3],[5.6,53.3],[5.7,53.3],[5.9,53.4],[6,53.4],[6.1,53.4],[6.2,53.4],[6.3,53.4],[6.5,53.4],[6.7,53.5],[6.8,53.5],[6.8,53.4],[6.9,53.4],[6.9,53.3],[7,53.3],[7.1,53.3],[7.2,53.2]]],[[[3.3,51.4],[3.5,51.4],[3.6,51.4],[3.7,51.4],[3.8,51.4],[3.8,51.3],[3.9,51.3],[4,51.4],[4.1,51.4],[4.2,51.4],[4.2,51.3],[4.1,51.3],[4,51.2],[3.9,51.2],[3.8,51.2],[3.8,51.3],[3.6,51.3],[3.5,51.3],[3.5,51.2],[3.4,51.2],[3.4,51.3],[3.3,51.4]]]]}},{"type":"Feature","properties":{"name":"Haiti","iso":"HT"},"geometry":{"type":"MultiPolygon","coordinates":[[[[-71.8,19.7],[-71.7,19.7],[-71.7,19.6],[-71.7,19.5],[-71.7,19.4],[-71.7,19.3],[-71.8,19.3],[-71.7,19.3],[-71.7,19.2],[-71.6,19.2],[-71.6,19.1],[-71.7,19.1],[-71.7,19],[-71.8,19],[-71.9,19],[-71.9,18.9],[-71.8,18.9],[-71.8,19],[-71.8,18.9],[-71.7,18.9],[-71.7,18.8],[-71.7,18.7],[-71.8,18.7],[-71.8,18.6],[-71.9,18.6],[-72,18.6],[-71.9,18.5],[-71.9,18.4],[-71.8,18.4],[-71.7,18.3],[-71.8,18.2],[-71.8,18.1],[-71.8,18],[-71.9,18.1],[-71.9,18.2],[-72,18.2],[-72.1,18.2],[-72.2,18.2],[-72.3,18.2],[-72.4,18.2],[-72.5,18.2],[-72.6,18.2],[-72.5,18.2],[-72.6,18.2],[-72.7,18.2],[-72.8,18.2],[-72.7,18.2],[-72.8,18.2],[-72.8,18.1],[-72.9,18.2],[-72.9,18.1],[-72.9,18.2],[-73,18.2],[-73.1,18.2],[-73.2,18.2],[-73.3,18.2],[-73.4,18.2],[-73.3,18.2],[-73.3,18.3],[-73.4,18.3],[-73.5,18.3],[-73.5,18.2],[-73.5,18.3],[-73.6,18.3],[-73.6,18.2],[-73.6,18.3],[-73.6,18.2],[-73.7,18.2],[-73.6,18.3],[-73.7,18.3],[-73.7,18.2],[-73.8,18.2],[-73.8,18.1],[-73.8,18],[-73.9,18],[-73.9,18.1],[-74,18.1],[-74,18.2],[-74.1,18.2],[-74.1,18.3],[-74.2,18.3],[-74.3,18.3],[-74.4,18.3],[-74.5,18.4],[-74.5,18.5],[-74.4,18.5],[-74.4,18.6],[-74.3,18.7],[-74.2,18.7],[-74,18.6],[-73.9,18.6],[-73.8,18.6],[-73.8,18.5],[-73.7,18.5],[-73.7,18.6],[-73.6,18.6],[-73.6,18.5],[-73.6,18.6],[-73.6,18.5],[-73.7,18.6],[-73.7,18.5],[-73.6,18.5],[-73.5,18.5],[-73.4,18.5],[-73.3,18.5],[-73.2,18.5],[-73.1,18.5],[-73,18.5],[-72.9,18.5],[-72.9,18.4],[-72.8,18.4],[-72.7,18.4],[-72.7,18.5],[-72.6,18.6],[-72.4,18.5],[-72.4,18.6],[-72.4,18.5],[-72.3,18.5],[-72.3,18.6],[-72.3,18.7],[-72.4,18.7],[-72.5,18.7],[-72.5,18.8],[-72.6,18.8],[-72.6,18.9],[-72.7,18.9],[-72.8,19.1],[-72.7,19.1],[-72.7,19.2],[-72.8,19.2],[-72.8,19.3],[-72.7,19.3],[-72.8,19.3],[-72.8,19.4],[-72.7,19.4],[-72.7,19.5],[-72.8,19.5],[-72.9,19.5],[-72.9,19.6],[-73,19.6],[-73.1,19.6],[-73.2,19.6],[-73.3,19.6],[-73.4,19.6],[-73.4,19.7],[-73.5,19.7],[-73.4,19.8],[-73.3,19.8],[-73.2,19.9],[-73.1,19.9],[-73,19.9],[-72.9,19.9],[-72.8,19.9],[-72.7,19.9],[-72.6,19.9],[-72.5,19.9],[-72.5,19.8],[-72.4,19.8],[-72.3,19.8],[-72.3,19.7],[-72.4,19.8],[-72.3,19.7],[-72.3,19.8],[-72.2,19.8],[-72.2,19.7],[-72.1,19.7],[-72,19.7],[-71.9,19.7],[-71.8,19.7]]],[[[-73.3,18.9],[-73.3,19],[-73.2,19],[-73.1,18.9],[-73,18.9],[-72.9,18.9],[-72.8,18.8],[-72.8,18.7],[-72.9,18.7],[-73,18.7],[-73,18.8],[-73.1,18.8],[-73.2,18.8],[-73.2,18.9],[-73.3,18.9]]]]}},{"type":"Feature","properties":{"name":"Dominican Republic","iso":"DO"},"geometry":{"type":"MultiPolygon","coordinates":[[[[-71.8,19.7],[-71.7,19.7],[-71.7,19.8],[-71.8,19.8],[-71.7,19.8],[-71.7,19.9],[-71.6,19.9],[-71.5,19.9],[-71.4,19.9],[-71.3,19.8],[-71.3,19.9],[-71.3,19.8],[-71.2,19.8],[-71.2,19.9],[-71.2,19.8],[-71.2,19.9],[-71.1,19.9],[-71,19.9],[-70.9,19.9],[-70.8,19.9],[-70.8,19.8],[-70.7,19.8],[-70.6,19.8],[-70.5,19.8],[-70.4,19.8],[-70.4,19.7],[-70.3,19.7],[-70.2,19.6],[-70.1,19.6],[-70.1,19.7],[-70,19.7],[-69.9,19.7],[-69.9,19.6],[-69.9,19.5],[-69.9,19.4],[-69.8,19.3],[-69.7,19.3],[-69.6,19.3],[-69.5,19.3],[-69.4,19.3],[-69.3,19.3],[-69.3,19.4],[-69.2,19.4],[-69.2,19.3],[-69.2,19.2],[-69.3,19.2],[-69.4,19.2],[-69.5,19.2],[-69.6,19.2],[-69.6,19.1],[-69.5,19.1],[-69.4,19.1],[-69.5,19.1],[-69.4,19.1],[-69.3,19],[-69.2,19],[-69.1,19],[-69.2,19],[-69.1,19.1],[-69.1,19],[-69,19],[-68.9,19],[-68.8,19],[-68.7,19],[-68.6,18.9],[-68.6,18.8],[-68.5,18.8],[-68.5,18.7],[-68.4,18.7],[-68.3,18.6],[-68.4,18.4],[-68.5,18.4],[-68.5,18.3],[-68.5,18.4],[-68.6,18.4],[-68.6,18.3],[-68.6,18.2],[-68.7,18.2],[-68.8,18.2],[-68.8,18.3],[-68.8,18.4],[-68.9,18.4],[-69,18.4],[-69.1,18.4],[-69.2,18.4],[-69.2,18.5],[-69.3,18.4],[-69.3,18.5],[-69.3,18.4],[-69.5,18.4],[-69.6,18.4],[-69.6,18.5],[-69.6,18.4],[-69.7,18.4],[-69.7,18.5],[-69.9,18.5],[-70,18.4],[-70.1,18.4],[-70.1,18.3],[-70.2,18.2],[-70.3,18.2],[-70.4,18.2],[-70.5,18.2],[-70.6,18.2],[-70.5,18.2],[-70.6,18.2],[-70.6,18.3],[-70.6,18.4],[-70.7,18.4],[-70.8,18.3],[-70.8,18.4],[-70.8,18.3],[-70.9,18.3],[-71,18.3],[-71.1,18.3],[-71.1,18.2],[-71.1,18.1],[-71.2,17.9],[-71.3,17.9],[-71.3,17.8],[-71.3,17.9],[-71.3,17.8],[-71.4,17.7],[-71.4,17.6],[-71.5,17.7],[-71.5,17.8],[-71.6,17.8],[-71.7,17.8],[-71.6,17.8],[-71.6,17.9],[-71.7,17.9],[-71.7,18],[-71.8,18],[-71.8,18.1],[-71.8,18.2],[-71.7,18.3],[-71.8,18.4],[-71.9,18.4],[-71.9,18.5],[-72,18.6],[-71.9,18.6],[-71.8,18.6],[-71.8,18.7],[-71.7,18.7],[-71.7,18.8],[-71.7,18.9],[-71.8,18.9],[-71.8,19],[-71.8,18.9],[-71.9,18.9],[-71.9,19],[-71.8,19],[-71.7,19],[-71.7,19.1],[-71.6,19.1],[-71.6,19.2],[-71.7,19.2],[-71.7,19.3],[-71.8,19.3],[-71.7,19.3],[-71.7,19.4],[-71.7,19.5],[-71.7,19.6],[-71.7,19.7],[-71.8,19.7]]]]}},{"type":"Feature","properties":{"name":"El Salvador","iso":"SV"},"geometry":{"type":"MultiPolygon","coordinates":[[[[-90.1,13.7],[-90.1,13.8],[-90.1,13.9],[-90,13.9],[-89.9,14],[-89.8,14.1],[-89.8,14],[-89.7,14],[-89.8,14.1],[-89.7,14.1],[-89.7,14.2],[-89.6,14.2],[-89.5,14.2],[-89.5,14.3],[-89.6,14.3],[-89.6,14.4],[-89.5,14.4],[-89.4,14.4],[-89.3,14.4],[-89.2,14.4],[-89.1,14.4],[-89.1,14.3],[-89,14.3],[-89,14.2],[-88.9,14.2],[-88.8,14.1],[-88.7,14.1],[-88.7,14],[-88.6,14],[-88.5,14],[-88.5,13.9],[-88.4,13.9],[-88.3,13.9],[-88.2,13.9],[-88.2,14],[-88.1,14],[-88.1,13.9],[-88,13.9],[-87.9,13.9],[-87.8,13.9],[-87.7,13.8],[-87.7,13.7],[-87.8,13.7],[-87.8,13.6],[-87.8,13.5],[-87.7,13.5],[-87.7,13.4],[-87.8,13.4],[-87.9,13.4],[-87.8,13.3],[-87.9,13.2],[-88.1,13.2],[-88.2,13.2],[-88.3,13.2],[-88.4,13.2],[-88.3,13.2],[-88.4,13.2],[-88.3,13.2],[-88.4,13.2],[-88.4,13.3],[-88.5,13.3],[-88.5,13.2],[-88.5,13.3],[-88.6,13.3],[-88.7,13.3],[-88.6,13.3],[-88.6,13.2],[-88.5,13.2],[-88.6,13.2],[-88.5,13.2],[-88.8,13.2],[-88.8,13.3],[-89.1,13.4],[-89.2,13.4],[-89.3,13.5],[-89.4,13.5],[-89.5,13.5],[-89.6,13.5],[-89.7,13.5],[-89.8,13.5],[-89.8,13.6],[-89.9,13.6],[-90,13.7],[-90.1,13.7]]]]}},{"type":"Feature","properties":{"name":"Guatemala","iso":"GT"},"geometry":{"type":"Polygon","coordinates":[[[-89.4,14.4],[-89.5,14.4],[-89.6,14.4],[-89.6,14.3],[-89.5,14.3],[-89.5,14.2],[-89.6,14.2],[-89.7,14.2],[-89.7,14.1],[-89.8,14.1],[-89.7,14],[-89.8,14],[-89.8,14.1],[-89.9,14],[-90,13.9],[-90.1,13.9],[-90.1,13.8],[-90.1,13.7],[-90.2,13.8],[-90.4,13.9],[-90.5,13.9],[-90.6,13.9],[-90.7,13.9],[-90.8,13.9],[-90.9,13.9],[-91,13.9],[-91.2,13.9],[-91.3,14],[-91.6,14.1],[-91.8,14.2],[-91.9,14.3],[-92,14.4],[-92.2,14.5],[-92.2,14.6],[-92.2,14.7],[-92.2,14.8],[-92.2,14.9],[-92.2,15],[-92.1,15],[-92.1,15.1],[-92.2,15.2],[-92.2,15.3],[-92.1,15.4],[-92.1,15.5],[-92,15.6],[-91.9,15.8],[-91.8,15.9],[-91.8,16],[-91.7,16.1],[-91.5,16.1],[-91.4,16.1],[-91.3,16.1],[-91.1,16.1],[-91,16.1],[-90.9,16.1],[-90.7,16.1],[-90.6,16.1],[-90.5,16.1],[-90.4,16.1],[-90.5,16.1],[-90.4,16.1],[-90.4,16.2],[-90.5,16.2],[-90.4,16.2],[-90.5,16.2],[-90.5,16.3],[-90.4,16.3],[-90.4,16.4],[-90.5,16.4],[-90.5,16.5],[-90.6,16.5],[-90.6,16.6],[-90.7,16.6],[-90.7,16.7],[-90.7,16.8],[-90.8,16.8],[-90.9,16.8],[-90.9,16.9],[-91,16.9],[-91.1,16.9],[-91.1,17],[-91.2,17],[-91.2,17.1],[-91.3,17.1],[-91.3,17.2],[-91.4,17.2],[-91.4,17.3],[-91,17.3],[-91,17.5],[-91,17.8],[-90.9,17.8],[-90.7,17.8],[-90.5,17.8],[-90.3,17.8],[-90,17.8],[-89.8,17.8],[-89.6,17.8],[-89.4,17.8],[-89.2,17.8],[-89.2,17.6],[-89.2,17.3],[-89.1,17],[-89.2,16.8],[-89.2,16.5],[-89.2,16.4],[-89.2,16.2],[-89.2,16],[-89.2,15.9],[-89.1,15.9],[-89,15.9],[-88.9,15.9],[-88.8,15.9],[-88.8,15.8],[-88.7,15.8],[-88.6,15.8],[-88.6,15.7],[-88.6,15.8],[-88.5,15.8],[-88.6,15.8],[-88.6,15.9],[-88.6,15.8],[-88.5,15.8],[-88.5,15.9],[-88.6,15.9],[-88.6,16],[-88.6,15.9],[-88.5,15.9],[-88.4,15.9],[-88.3,15.8],[-88.3,15.7],[-88.2,15.7],[-88.3,15.7],[-88.4,15.6],[-88.5,15.5],[-88.6,15.4],[-88.7,15.4],[-88.8,15.3],[-88.8,15.2],[-89,15.1],[-89.1,15.1],[-89.2,15.1],[-89.2,15],[-89.2,14.9],[-89.2,14.8],[-89.2,14.7],[-89.1,14.7],[-89.2,14.7],[-89.2,14.6],[-89.3,14.6],[-89.3,14.5],[-89.4,14.5],[-89.4,14.4]]]}},{"type":"Feature","properties":{"name":"US Naval Base Guantanamo Bay","iso":"-99"},"geometry":{"type":"MultiPolygon","coordinates":[[[[-75.1,19.9],[-75.2,19.9],[-75.1,19.9],[-75.1,20],[-75.1,19.9]]]]}},{"type":"Feature","properties":{"name":"Cuba","iso":"CU"},"geometry":{"type":"MultiPolygon","coordinates":[[[[-75.1,19.9],[-75.1,20],[-75.1,20.1],[-75.1,20],[-75.2,20],[-75.1,20],[-75.2,20],[-75.2,19.9],[-75.3,19.9],[-75.4,19.9],[-75.5,19.9],[-75.6,19.9],[-75.7,19.9],[-75.7,20],[-75.8,20],[-75.9,20],[-76,20],[-76.1,20],[-76.2,20],[-76.3,20],[-76.4,20],[-76.5,20],[-76.5,19.9],[-76.7,20],[-76.8,19.9],[-76.9,19.9],[-77,19.9],[-77.1,19.9],[-77.2,19.9],[-77.3,19.9],[-77.4,19.9],[-77.5,19.9],[-77.5,19.8],[-77.6,19.8],[-77.7,19.8],[-77.7,19.9],[-77.7,20],[-77.6,20],[-77.6,20.1],[-77.5,20.1],[-77.4,20.2],[-77.3,20.2],[-77.3,20.3],[-77.2,20.3],[-77.1,20.4],[-77.1,20.5],[-77.2,20.5],[-77.2,20.6],[-77.2,20.5],[-77.2,20.6],[-77.2,20.7],[-77.3,20.7],[-77.3,20.6],[-77.3,20.7],[-77.4,20.7],[-77.5,20.7],[-77.6,20.7],[-77.7,20.7],[-77.8,20.7],[-77.9,20.7],[-78,20.7],[-78.1,20.7],[-78.1,20.8],[-78.2,20.8],[-78.2,20.9],[-78.3,20.9],[-78.4,21],[-78.5,21],[-78.5,21.1],[-78.5,21.2],[-78.5,21.3],[-78.5,21.2],[-78.5,21.3],[-78.6,21.3],[-78.6,21.4],[-78.6,21.5],[-78.7,21.6],[-78.8,21.6],[-78.7,21.6],[-78.8,21.6],[-78.9,21.6],[-79,21.6],[-79.1,21.6],[-79.2,21.6],[-79.2,21.5],[-79.2,21.6],[-79.3,21.6],[-79.4,21.6],[-79.5,21.6],[-79.6,21.6],[-79.6,21.7],[-79.7,21.7],[-79.8,21.7],[-79.9,21.7],[-79.9,21.8],[-79.9,21.7],[-80,21.7],[-80,21.8],[-80,21.7],[-80,21.8],[-80.1,21.8],[-80.2,21.8],[-80.2,21.9],[-80.3,21.9],[-80.4,22],[-80.4,22.1],[-80.5,22.1],[-80.4,22.1],[-80.5,22.1],[-80.4,22.2],[-80.5,22.2],[-80.5,22.1],[-80.5,22],[-80.5,22.1],[-80.6,22.1],[-80.8,22.1],[-80.9,22],[-81,22.1],[-81.1,22.1],[-81.1,22.2],[-81.2,22.3],[-81.2,22.2],[-81.2,22.1],[-81.2,22.2],[-81.3,22.1],[-81.4,22.1],[-81.4,22.2],[-81.5,22.2],[-81.6,22.2],[-81.7,22.2],[-81.8,22.2],[-81.9,22.2],[-81.9,22.3],[-82,22.3],[-82.1,22.3],[-82.1,22.4],[-82.2,22.4],[-82.1,22.4],[-82,22.4],[-81.9,22.4],[-81.8,22.4],[-81.8,22.5],[-81.7,22.5],[-81.6,22.5],[-81.7,22.5],[-81.6,22.6],[-81.7,22.6],[-81.8,22.6],[-81.8,22.7],[-81.9,22.7],[-82,22.7],[-82.1,22.7],[-82.2,22.7],[-82.3,22.7],[-82.4,22.7],[-82.5,22.7],[-82.6,22.7],[-82.7,22.7],[-82.8,22.7],[-82.8,22.6],[-82.9,22.6],[-82.9,22.5],[-83,22.5],[-83.1,22.5],[-83.1,22.4],[-83.2,22.3],[-83.3,22.3],[-83.3,22.2],[-83.4,22.2],[-83.5,22.2],[-83.6,22.2],[-83.7,22.2],[-83.8,22.2],[-83.9,22.2],[-84,22.1],[-84,22],[-84,21.9],[-84.1,21.9],[-84.2,21.9],[-84.3,21.9],[-84.4,21.8],[-84.5,21.8],[-84.5,21.9],[-84.6,21.9],[-84.7,21.9],[-84.8,21.8],[-84.9,21.8],[-84.9,21.9],[-84.8,21.9],[-84.9,21.9],[-84.8,21.9],[-84.7,22],[-84.6,22],[-84.5,22],[-84.4,22],[-84.3,22],[-84.3,22.1],[-84.3,22],[-84.3,22.1],[-84.4,22.1],[-84.3,22.1],[-84.4,22.1],[-84.4,22.2],[-84.4,22.3],[-84.4,22.4],[-84.3,22.4],[-84.3,22.5],[-84.2,22.5],[-84.2,22.6],[-84.1,22.6],[-84.1,22.7],[-84,22.7],[-84.1,22.7],[-84,22.7],[-83.9,22.7],[-83.9,22.8],[-83.8,22.8],[-83.7,22.8],[-83.6,22.8],[-83.7,22.8],[-83.6,22.8],[-83.5,22.9],[-83.4,22.9],[-83.3,22.9],[-83.3,23],[-83.2,23],[-83.2,22.9],[-83.1,23],[-83.2,23],[-83.1,23],[-83,23],[-82.9,23],[-82.8,23],[-82.7,23],[-82.6,23],[-82.6,23.1],[-82.5,23.1],[-82.4,23.1],[-82.4,23.2],[-82.3,23.2],[-82.2,23.2],[-82.1,23.2],[-82,23.2],[-81.9,23.2],[-81.8,23.2],[-81.7,23.2],[-81.6,23.2],[-81.6,23.1],[-81.5,23.1],[-81.6,23.1],[-81.5,23],[-81.5,23.1],[-81.4,23.1],[-81.3,23.1],[-81.2,23.2],[-81.1,23.2],[-81.2,23.2],[-81.3,23.1],[-81.2,23.1],[-81.1,23],[-81.1,23.1],[-81,23.1],[-80.9,23.1],[-80.8,23.1],[-80.7,23.1],[-80.6,23.1],[-80.6,23.2],[-80.6,23.1],[-80.6,23],[-80.5,23],[-80.4,23],[-80.4,22.9],[-80.3,22.9],[-80.2,22.9],[-80.2,23],[-80.1,23],[-80.1,22.9],[-80,23],[-80,22.9],[-79.9,22.9],[-79.9,22.8],[-79.9,22.9],[-79.8,22.9],[-79.9,22.9],[-79.9,22.8],[-79.8,22.8],[-79.7,22.8],[-79.7,22.7],[-79.7,22.8],[-79.6,22.7],[-79.6,22.6],[-79.5,22.6],[-79.5,22.5],[-79.4,22.5],[-79.3,22.4],[-79.2,22.4],[-79.1,22.4],[-79,22.4],[-78.9,22.4],[-78.8,22.4],[-78.8,22.3],[-78.7,22.3],[-78.7,22.4],[-78.6,22.3],[-78.5,22.3],[-78.4,22.2],[-78.3,22.2],[-78.2,22.2],[-78.2,22.1],[-78.1,22.1],[-78,22.1],[-78,22],[-77.9,21.9],[-77.9,22],[-77.8,22],[-77.9,21.9],[-77.8,21.9],[-77.8,21.8],[-77.7,21.8],[-77.6,21.8],[-77.5,21.8],[-77.4,21.8],[-77.4,21.7],[-77.4,21.8],[-77.5,21.8],[-77.5,21.7],[-77.4,21.7],[-77.4,21.6],[-77.3,21.6],[-77.3,21.7],[-77.4,21.7],[-77.4,21.8],[-77.5,21.8],[-77.6,21.9],[-77.5,21.9],[-77.4,21.8],[-77.3,21.8],[-77.3,21.7],[-77.2,21.7],[-77.1,21.7],[-77.1,21.6],[-77.2,21.6],[-77.3,21.6],[-77.4,21.6],[-77.3,21.6],[-77.2,21.6],[-77.3,21.5],[-77.2,21.5],[-77.1,21.5],[-77.1,21.6],[-77,21.5],[-76.9,21.5],[-76.9,21.4],[-76.8,21.4],[-76.9,21.4],[-76.9,21.3],[-76.8,21.3],[-76.8,21.4],[-76.7,21.4],[-76.7,21.3],[-76.6,21.3],[-76.7,21.3],[-76.6,21.2],[-76.6,21.3],[-76.7,21.3],[-76.6,21.3],[-76.5,21.3],[-76.5,21.2],[-76.6,21.2],[-76.5,21.2],[-76.5,21.3],[-76.4,21.3],[-76.3,21.3],[-76.3,21.2],[-76.2,21.2],[-76.1,21.2],[-76.1,21.1],[-76,21.1],[-75.9,21.1],[-75.8,21.1],[-75.7,21.1],[-75.6,21.1],[-75.6,21],[-75.6,20.9],[-75.7,20.9],[-75.6,20.9],[-75.6,20.8],[-75.7,20.8],[-75.8,20.8],[-75.8,20.7],[-75.7,20.7],[-75.6,20.8],[-75.6,20.7],[-75.5,20.7],[-75.4,20.7],[-75.5,20.7],[-75.4,20.7],[-75.3,20.7],[-75.4,20.7],[-75.3,20.7],[-75.2,20.7],[-75.3,20.7],[-75.2,20.7],[-75.1,20.7],[-75,20.7],[-74.9,20.7],[-74.9,20.6],[-74.8,20.6],[-74.7,20.6],[-74.7,20.5],[-74.6,20.5],[-74.6,20.4],[-74.5,20.4],[-74.5,20.3],[-74.4,20.3],[-74.3,20.3],[-74.2,20.3],[-74.1,20.3],[-74.1,20.2],[-74.2,20.2],[-74.2,20.1],[-74.3,20.1],[-74.4,20.1],[-74.5,20.1],[-74.6,20],[-74.6,20.1],[-74.7,20],[-74.7,20.1],[-74.8,20],[-74.9,20],[-75,20],[-75,19.9],[-75.1,19.9]]],[[[-82.6,21.6],[-82.5,21.6],[-82.6,21.6],[-82.6,21.5],[-82.8,21.5],[-82.8,21.4],[-82.9,21.4],[-82.9,21.5],[-83,21.5],[-83.1,21.5],[-83.2,21.5],[-83.2,21.6],[-83.1,21.6],[-83.1,21.5],[-83,21.5],[-83,21.6],[-82.9,21.6],[-83,21.6],[-83.1,21.8],[-83,21.9],[-82.9,21.9],[-82.8,21.9],[-82.7,21.9],[-82.7,21.8],[-82.6,21.8],[-82.6,21.7],[-82.6,21.6]]]]}},{"type":"Feature","properties":{"name":"Honduras","iso":"HN"},"geometry":{"type":"MultiPolygon","coordinates":[[[[-89.4,14.4],[-89.4,14.5],[-89.3,14.5],[-89.3,14.6],[-89.2,14.6],[-89.2,14.7],[-89.1,14.7],[-89.2,14.7],[-89.2,14.8],[-89.2,14.9],[-89.2,15],[-89.2,15.1],[-89.1,15.1],[-89,15.1],[-88.8,15.2],[-88.8,15.3],[-88.7,15.4],[-88.6,15.4],[-88.5,15.5],[-88.4,15.6],[-88.3,15.7],[-88.2,15.7],[-88.1,15.7],[-88.1,15.8],[-88,15.8],[-87.9,15.8],[-88,15.9],[-87.9,15.9],[-87.8,15.9],[-87.7,15.9],[-87.6,15.9],[-87.5,15.8],[-87.4,15.8],[-87.3,15.9],[-87.2,15.8],[-87.1,15.8],[-87,15.8],[-86.9,15.8],[-86.8,15.8],[-86.7,15.8],[-86.5,15.8],[-86.4,15.8],[-86.3,15.8],[-86.2,15.8],[-86.2,15.9],[-86.1,15.9],[-86,15.9],[-85.9,15.9],[-85.9,16],[-86,16],[-85.9,16],[-85.8,16],[-85.7,16],[-85.7,15.9],[-85.6,15.9],[-85.5,15.9],[-85.4,15.9],[-85.3,15.9],[-85.2,15.9],[-85.1,16],[-85,16],[-84.9,15.9],[-84.7,15.9],[-84.7,15.8],[-84.6,15.8],[-84.5,15.8],[-84.6,15.8],[-84.6,15.9],[-84.5,15.8],[-84.4,15.8],[-84.3,15.8],[-84.2,15.8],[-84.2,15.7],[-84.1,15.6],[-84,15.5],[-83.9,15.5],[-83.8,15.4],[-83.7,15.4],[-83.8,15.4],[-83.9,15.4],[-83.9,15.5],[-84,15.5],[-84.1,15.5],[-84.1,15.6],[-84.1,15.5],[-84.1,15.6],[-84.2,15.6],[-84.2,15.5],[-84.2,15.6],[-84.2,15.5],[-84.1,15.5],[-84.1,15.4],[-84.1,15.3],[-84,15.3],[-84,15.4],[-84,15.3],[-83.9,15.3],[-84,15.3],[-83.9,15.3],[-83.9,15.2],[-83.9,15.3],[-83.8,15.3],[-83.9,15.3],[-84,15.4],[-83.9,15.4],[-83.9,15.3],[-83.8,15.3],[-83.8,15.2],[-83.7,15.2],[-83.7,15.3],[-83.6,15.3],[-83.5,15.3],[-83.5,15.2],[-83.6,15.2],[-83.5,15.2],[-83.5,15.3],[-83.6,15.3],[-83.7,15.3],[-83.7,15.4],[-83.5,15.3],[-83.4,15.3],[-83.4,15.2],[-83.3,15.2],[-83.3,15.1],[-83.3,15],[-83.1,15],[-83.2,15],[-83.3,15],[-83.4,15],[-83.5,15],[-83.5,14.9],[-83.5,15],[-83.5,14.9],[-83.6,14.9],[-83.7,14.9],[-83.7,14.8],[-83.7,14.9],[-83.7,14.8],[-83.8,14.8],[-83.9,14.8],[-84,14.8],[-84.1,14.8],[-84.1,14.7],[-84.2,14.7],[-84.2,14.8],[-84.3,14.8],[-84.3,14.7],[-84.4,14.7],[-84.4,14.6],[-84.5,14.6],[-84.5,14.7],[-84.6,14.7],[-84.7,14.7],[-84.7,14.8],[-84.8,14.8],[-84.9,14.8],[-85,14.8],[-85,14.7],[-85.1,14.7],[-85,14.7],[-85,14.6],[-85.1,14.6],[-85.1,14.5],[-85.1,14.6],[-85.1,14.5],[-85.2,14.5],[-85.2,14.4],[-85.2,14.3],[-85.3,14.3],[-85.3,14.2],[-85.4,14.3],[-85.4,14.2],[-85.4,14.1],[-85.5,14.1],[-85.5,14],[-85.6,14],[-85.7,14],[-85.7,13.9],[-85.7,13.8],[-85.8,13.8],[-85.8,13.9],[-85.9,13.9],[-86,13.9],[-86,14],[-86,14.1],[-86.1,14],[-86.2,14],[-86.2,13.9],[-86.3,13.8],[-86.4,13.8],[-86.4,13.7],[-86.4,13.8],[-86.5,13.8],[-86.6,13.8],[-86.7,13.8],[-86.8,13.7],[-86.8,13.6],[-86.7,13.4],[-86.7,13.3],[-86.8,13.3],[-86.9,13.3],[-86.9,13.2],[-86.9,13.1],[-87,13],[-87.1,13],[-87.3,13],[-87.3,13.1],[-87.4,13.1],[-87.3,13.1],[-87.4,13.1],[-87.4,13.2],[-87.5,13.2],[-87.5,13.3],[-87.4,13.4],[-87.5,13.4],[-87.6,13.4],[-87.5,13.4],[-87.6,13.4],[-87.6,13.5],[-87.7,13.5],[-87.7,13.4],[-87.8,13.4],[-87.7,13.4],[-87.7,13.5],[-87.8,13.5],[-87.8,13.6],[-87.8,13.7],[-87.7,13.7],[-87.7,13.8],[-87.8,13.9],[-87.9,13.9],[-88,13.9],[-88.1,13.9],[-88.1,14],[-88.2,14],[-88.2,13.9],[-88.3,13.9],[-88.4,13.9],[-88.5,13.9],[-88.5,14],[-88.6,14],[-88.7,14],[-88.7,14.1],[-88.8,14.1],[-88.9,14.2],[-89,14.2],[-89,14.3],[-89.1,14.3],[-89.1,14.4],[-89.2,14.4],[-89.3,14.4],[-89.4,14.4]]]]}},{"type":"Feature","properties":{"name":"Ecuador","iso":"EC"},"geometry":{"type":"MultiPolygon","coordinates":[[[[-78.8,1.4],[-78.7,1.4],[-78.7,1.3],[-78.6,1.3],[-78.6,1.2],[-78.5,1.2],[-78.4,1.1],[-78.3,1.1],[-78.3,1],[-78.1,0.9],[-78,0.9],[-77.9,0.9],[-77.9,0.8],[-77.8,0.8],[-77.7,0.8],[-77.7,0.7],[-77.6,0.7],[-77.5,0.7],[-77.5,0.6],[-77.4,0.5],[-77.4,0.4],[-77.3,0.4],[-77.2,0.3],[-77.1,0.4],[-77.1,0.3],[-77,0.3],[-76.9,0.3],[-76.9,0.2],[-76.8,0.2],[-76.7,0.2],[-76.7,0.3],[-76.6,0.3],[-76.6,0.2],[-76.5,0.2],[-76.4,0.2],[-76.4,0.3],[-76.4,0.4],[-76.3,0.4],[-76.3,0.5],[-76.3,0.4],[-76.2,0.4],[-76.1,0.4],[-76,0.3],[-76,0.2],[-75.9,0.2],[-75.9,0.1],[-75.8,0.1],[-75.7,0.1],[-75.6,0.1],[-75.6,0],[-75.5,0],[-75.4,0],[-75.4,-0.1],[-75.3,-0.1],[-75.4,-0.1],[-75.4,-0.2],[-75.5,-0.2],[-75.5,-0.1],[-75.6,-0.1],[-75.6,-0.2],[-75.5,-0.2],[-75.5,-0.4],[-75.4,-0.4],[-75.4,-0.5],[-75.3,-0.5],[-75.3,-0.6],[-75.3,-0.7],[-75.3,-0.9],[-75.2,-0.9],[-75.2,-1],[-75.3,-1],[-75.4,-1],[-75.4,-0.9],[-75.4,-1],[-75.5,-1.1],[-75.5,-1.2],[-75.5,-1.3],[-75.5,-1.4],[-75.6,-1.5],[-75.6,-1.6],[-75.7,-1.6],[-75.7,-1.7],[-75.8,-1.8],[-75.9,-1.9],[-75.9,-2],[-76,-2],[-76,-2.1],[-76.1,-2.1],[-76.2,-2.2],[-76.3,-2.3],[-76.4,-2.4],[-76.5,-2.4],[-76.6,-2.5],[-76.7,-2.6],[-76.8,-2.6],[-76.9,-2.6],[-77,-2.7],[-77.2,-2.7],[-77.3,-2.8],[-77.4,-2.8],[-77.5,-2.9],[-77.7,-2.9],[-77.8,-3],[-77.9,-3],[-77.9,-3.1],[-78,-3.2],[-78.1,-3.2],[-78.1,-3.3],[-78.2,-3.3],[-78.2,-3.4],[-78.2,-3.5],[-78.2,-3.4],[-78.3,-3.4],[-78.4,-3.4],[-78.4,-3.5],[-78.4,-3.6],[-78.4,-3.7],[-78.4,-3.8],[-78.5,-3.8],[-78.5,-3.9],[-78.5,-4],[-78.6,-4],[-78.6,-4.1],[-78.6,-4.2],[-78.6,-4.3],[-78.7,-4.3],[-78.7,-4.4],[-78.6,-4.4],[-78.6,-4.5],[-78.7,-4.5],[-78.7,-4.6],[-78.8,-4.6],[-78.9,-4.7],[-78.9,-4.8],[-78.9,-4.9],[-79,-4.9],[-79,-5],[-79.1,-5],[-79.2,-5],[-79.3,-5],[-79.3,-4.9],[-79.4,-4.9],[-79.4,-4.8],[-79.5,-4.8],[-79.5,-4.7],[-79.5,-4.6],[-79.5,-4.5],[-79.6,-4.5],[-79.7,-4.4],[-79.7,-4.5],[-79.8,-4.5],[-79.9,-4.5],[-79.9,-4.4],[-80,-4.4],[-80.1,-4.3],[-80.2,-4.3],[-80.2,-4.4],[-80.3,-4.4],[-80.4,-4.5],[-80.5,-4.4],[-80.4,-4.2],[-80.3,-4.2],[-80.4,-4.2],[-80.5,-4.2],[-80.5,-4.1],[-80.5,-4],[-80.4,-4],[-80.3,-4],[-80.3,-3.9],[-80.2,-3.9],[-80.2,-3.8],[-80.2,-3.7],[-80.2,-3.6],[-80.2,-3.5],[-80.3,-3.5],[-80.3,-3.4],[-80.3,-3.3],[-80.3,-3.4],[-80.3,-3.3],[-80.2,-3.3],[-80.1,-3.3],[-80.1,-3.2],[-80,-3.2],[-80,-3.3],[-80,-3.2],[-79.9,-3.2],[-79.9,-3.1],[-79.9,-3],[-79.9,-2.9],[-79.8,-2.8],[-79.8,-2.7],[-79.8,-2.6],[-79.7,-2.6],[-79.7,-2.5],[-79.8,-2.5],[-79.8,-2.4],[-79.8,-2.3],[-79.8,-2.2],[-79.9,-2.2],[-79.9,-2.1],[-79.8,-2.1],[-79.8,-2],[-79.8,-2.1],[-79.9,-2.1],[-79.9,-2.2],[-79.9,-2.3],[-79.9,-2.5],[-79.9,-2.6],[-80,-2.6],[-80.1,-2.6],[-80.1,-2.5],[-80,-2.5],[-79.9,-2.5],[-80,-2.5],[-80,-2.4],[-80,-2.3],[-80.1,-2.5],[-80.1,-2.6],[-80.2,-2.6],[-80.3,-2.6],[-80.3,-2.7],[-80.2,-2.7],[-80.3,-2.7],[-80.4,-2.7],[-80.4,-2.6],[-80.5,-2.6],[-80.6,-2.5],[-80.7,-2.4],[-80.8,-2.4],[-80.9,-2.3],[-81,-2.2],[-80.9,-2.2],[-80.8,-2.2],[-80.8,-2.1],[-80.7,-2.1],[-80.7,-2],[-80.8,-2],[-80.7,-2],[-80.7,-1.9],[-80.8,-1.8],[-80.8,-1.7],[-80.8,-1.6],[-80.9,-1.6],[-80.8,-1.6],[-80.8,-1.5],[-80.8,-1.4],[-80.7,-1.4],[-80.7,-1.3],[-80.8,-1.3],[-80.8,-1.2],[-80.9,-1.1],[-80.9,-1],[-80.8,-1],[-80.8,-0.9],[-80.8,-1],[-80.8,-0.9],[-80.7,-0.9],[-80.6,-0.9],[-80.5,-0.9],[-80.5,-0.8],[-80.5,-0.7],[-80.5,-0.6],[-80.4,-0.6],[-80.4,-0.7],[-80.3,-0.7],[-80.3,-0.6],[-80.4,-0.6],[-80.4,-0.5],[-80.5,-0.5],[-80.5,-0.4],[-80.4,-0.3],[-80.4,-0.2],[-80.3,-0.2],[-80.2,-0.1],[-80.1,0],[-80.1,0.1],[-80,0.1],[-80,0.2],[-80,0.3],[-80,0.4],[-80,0.3],[-80,0.4],[-80,0.5],[-80,0.6],[-80.1,0.6],[-80.1,0.7],[-80.1,0.8],[-80,0.8],[-79.9,0.9],[-79.8,0.9],[-79.8,1],[-79.7,1],[-79.6,1],[-79.7,0.9],[-79.6,0.9],[-79.6,0.8],[-79.6,0.9],[-79.6,1],[-79.5,1],[-79.5,1.1],[-79.4,1.1],[-79.3,1.1],[-79.2,1.1],[-79.1,1.1],[-79.1,1.2],[-79,1.2],[-79,1.1],[-79,1.2],[-78.9,1.2],[-78.9,1.3],[-78.8,1.3],[-78.9,1.3],[-78.8,1.4]]],[[[-90.8,-0.7],[-90.8,-0.8],[-90.9,-0.9],[-90.9,-1],[-91,-1],[-91.2,-1],[-91.3,-1],[-91.4,-1],[-91.4,-0.9],[-91.5,-0.9],[-91.5,-0.8],[-91.4,-0.8],[-91.3,-0.7],[-91.2,-0.7],[-91.1,-0.7],[-91.1,-0.6],[-91.1,-0.5],[-91.2,-0.5],[-91.2,-0.4],[-91.3,-0.4],[-91.3,-0.3],[-91.4,-0.3],[-91.4,-0.2],[-91.4,-0.1],[-91.4,0],[-91.5,0],[-91.6,-0.1],[-91.6,0],[-91.5,0],[-91.5,0.1],[-91.4,0.1],[-91.4,0.2],[-91.4,0.1],[-91.3,0.2],[-91.3,0.1],[-91.3,0],[-91.2,0],[-91.2,-0.1],[-91.2,-0.2],[-91.1,-0.3],[-91,-0.4],[-91,-0.5],[-90.9,-0.5],[-91,-0.5],[-91,-0.6],[-90.9,-0.6],[-90.9,-0.7],[-90.8,-0.7]]],[[[-80.1,-2.7],[-80,-2.7],[-79.9,-2.7],[-79.9,-2.8],[-80,-2.8],[-80,-2.9],[-80.1,-2.9],[-80.1,-3],[-80.2,-3],[-80.3,-3],[-80.3,-2.8],[-80.2,-2.8],[-80.2,-2.7],[-80.1,-2.7]]],[[[-90.2,-0.5],[-90.2,-0.6],[-90.2,-0.7],[-90.3,-0.7],[-90.3,-0.8],[-90.4,-0.8],[-90.5,-0.7],[-90.5,-0.6],[-90.5,-0.5],[-90.4,-0.5],[-90.3,-0.5],[-90.2,-0.5]]]]}},{"type":"Feature","properties":{"name":"Colombia","iso":"CO"},"geometry":{"type":"MultiPolygon","coordinates":[[[[-78.8,1.4],[-78.8,1.5],[-78.9,1.5],[-78.9,1.6],[-78.9,1.5],[-78.9,1.6],[-79,1.6],[-79,1.7],[-78.9,1.7],[-78.9,1.8],[-78.8,1.8],[-78.7,1.8],[-78.6,1.8],[-78.5,1.9],[-78.6,1.9],[-78.5,1.9],[-78.6,1.9],[-78.6,2],[-78.7,2],[-78.7,2.1],[-78.7,2.2],[-78.7,2.3],[-78.6,2.3],[-78.6,2.4],[-78.5,2.4],[-78.5,2.5],[-78.5,2.6],[-78.4,2.6],[-78.3,2.6],[-78.3,2.5],[-78.3,2.6],[-78.2,2.7],[-78.2,2.6],[-78.2,2.5],[-78.1,2.5],[-78.1,2.6],[-78.1,2.7],[-78.1,2.6],[-78.1,2.7],[-78,2.7],[-77.9,2.7],[-77.9,2.6],[-77.8,2.6],[-77.8,2.7],[-77.8,2.8],[-77.7,2.8],[-77.8,2.8],[-77.7,2.8],[-77.7,2.9],[-77.6,2.9],[-77.6,2.8],[-77.6,2.9],[-77.7,2.9],[-77.6,2.9],[-77.6,3],[-77.7,3],[-77.7,3.1],[-77.6,3.1],[-77.6,3.2],[-77.5,3.2],[-77.5,3.3],[-77.5,3.4],[-77.4,3.4],[-77.4,3.3],[-77.3,3.3],[-77.4,3.4],[-77.3,3.4],[-77.3,3.5],[-77.3,3.6],[-77.3,3.5],[-77.3,3.6],[-77.2,3.6],[-77.2,3.7],[-77.1,3.7],[-77.2,3.7],[-77.1,3.7],[-77.2,3.7],[-77.2,3.8],[-77.2,3.7],[-77.1,3.7],[-77.2,3.7],[-77.2,3.8],[-77.1,3.8],[-77.2,3.8],[-77.1,3.8],[-77.1,3.9],[-77,3.9],[-77.1,3.9],[-77.2,3.9],[-77.3,3.8],[-77.3,3.9],[-77.3,4],[-77.2,4],[-77.2,4.1],[-77.3,4.1],[-77.3,4],[-77.3,4.1],[-77.3,4],[-77.3,3.9],[-77.4,3.9],[-77.4,4],[-77.4,4.1],[-77.4,4.2],[-77.3,4.2],[-77.2,4.3],[-77.3,4.3],[-77.4,4.3],[-77.4,4.4],[-77.3,4.4],[-77.3,4.5],[-77.3,4.7],[-77.3,4.8],[-77.3,4.7],[-77.3,4.8],[-77.3,4.9],[-77.4,5],[-77.4,5.1],[-77.4,5.2],[-77.3,5.2],[-77.4,5.3],[-77.4,5.4],[-77.4,5.5],[-77.5,5.5],[-77.6,5.5],[-77.5,5.5],[-77.5,5.6],[-77.4,5.6],[-77.3,5.6],[-77.3,5.7],[-77.2,5.7],[-77.2,5.8],[-77.3,5.8],[-77.3,5.9],[-77.4,6],[-77.4,6.1],[-77.5,6.2],[-77.5,6.3],[-77.4,6.3],[-77.4,6.2],[-77.4,6.3],[-77.4,6.4],[-77.4,6.5],[-77.3,6.5],[-77.3,6.6],[-77.4,6.6],[-77.4,6.7],[-77.5,6.7],[-77.6,6.8],[-77.6,6.9],[-77.7,6.9],[-77.7,6.8],[-77.7,6.9],[-77.7,7],[-77.7,7.1],[-77.7,7],[-77.7,7.1],[-77.8,7.1],[-77.8,7.2],[-77.9,7.2],[-77.8,7.2],[-77.9,7.2],[-77.9,7.4],[-77.8,7.5],[-77.7,7.5],[-77.7,7.6],[-77.8,7.6],[-77.8,7.7],[-77.7,7.7],[-77.7,7.6],[-77.6,7.6],[-77.6,7.5],[-77.5,7.6],[-77.4,7.7],[-77.3,7.7],[-77.4,7.7],[-77.4,7.8],[-77.3,7.8],[-77.3,7.9],[-77.2,7.9],[-77.2,8],[-77.2,8.1],[-77.3,8.2],[-77.3,8.3],[-77.4,8.3],[-77.4,8.4],[-77.4,8.5],[-77.5,8.5],[-77.4,8.6],[-77.4,8.7],[-77.3,8.6],[-77.3,8.5],[-77.2,8.5],[-77.2,8.4],[-77.1,8.4],[-77.1,8.3],[-77,8.3],[-77,8.2],[-76.9,8.2],[-76.9,8.1],[-76.8,8.1],[-76.9,8.1],[-76.8,8.1],[-76.9,8.1],[-76.8,8],[-76.9,8],[-76.9,7.9],[-76.8,7.9],[-76.7,7.9],[-76.7,8],[-76.8,8],[-76.7,8],[-76.7,8.1],[-76.8,8.1],[-76.7,8.2],[-76.8,8.2],[-76.8,8.3],[-76.8,8.4],[-76.8,8.5],[-76.9,8.5],[-76.9,8.6],[-76.8,8.7],[-76.7,8.7],[-76.6,8.7],[-76.6,8.8],[-76.5,8.8],[-76.5,8.9],[-76.4,8.9],[-76.3,8.9],[-76.3,9],[-76.3,9.1],[-76.2,9.1],[-76.2,9.2],[-76.1,9.3],[-76,9.4],[-75.9,9.4],[-75.8,9.4],[-75.9,9.4],[-75.8,9.4],[-75.7,9.4],[-75.6,9.5],[-75.6,9.6],[-75.6,9.7],[-75.7,9.7],[-75.6,9.8],[-75.6,9.9],[-75.6,10],[-75.6,10.1],[-75.6,10.2],[-75.5,10.2],[-75.6,10.2],[-75.7,10.1],[-75.7,10.2],[-75.6,10.2],[-75.6,10.3],[-75.5,10.3],[-75.5,10.4],[-75.6,10.4],[-75.5,10.4],[-75.5,10.5],[-75.5,10.4],[-75.5,10.5],[-75.5,10.6],[-75.4,10.6],[-75.4,10.7],[-75.3,10.7],[-75.2,10.7],[-75.2,10.8],[-75.2,10.7],[-75.3,10.8],[-75.2,10.8],[-75.1,10.9],[-75,10.9],[-75,11],[-74.9,11],[-74.8,11.1],[-74.9,11.1],[-74.8,11.1],[-74.7,11.1],[-74.6,11],[-74.5,11],[-74.4,11],[-74.3,11],[-74.4,11],[-74.5,11],[-74.5,10.9],[-74.6,10.9],[-74.6,10.8],[-74.5,10.8],[-74.5,10.7],[-74.4,10.7],[-74.4,10.8],[-74.3,10.8],[-74.3,10.9],[-74.3,11],[-74.2,11.1],[-74.2,11.2],[-74.2,11.3],[-74.1,11.3],[-74.1,11.4],[-74.1,11.3],[-74.1,11.4],[-74.1,11.3],[-74,11.3],[-74,11.4],[-74,11.3],[-73.9,11.3],[-73.8,11.3],[-73.7,11.3],[-73.6,11.3],[-73.4,11.3],[-73.3,11.3],[-73.2,11.3],[-73.2,11.4],[-73.1,11.4],[-73.1,11.5],[-72.9,11.6],[-72.8,11.7],[-72.7,11.7],[-72.6,11.7],[-72.6,11.8],[-72.5,11.8],[-72.4,11.8],[-72.3,11.9],[-72.2,11.9],[-72.2,12],[-72.2,12.1],[-72.1,12.1],[-72.1,12.2],[-72.2,12.2],[-72.1,12.3],[-72.1,12.2],[-72,12.3],[-72,12.2],[-71.9,12.2],[-71.9,12.3],[-72,12.3],[-71.9,12.3],[-71.9,12.4],[-71.8,12.4],[-71.8,12.3],[-71.8,12.4],[-71.7,12.4],[-71.8,12.4],[-71.7,12.4],[-71.6,12.4],[-71.7,12.4],[-71.7,12.5],[-71.7,12.4],[-71.7,12.5],[-71.6,12.5],[-71.6,12.4],[-71.5,12.4],[-71.4,12.4],[-71.3,12.4],[-71.3,12.3],[-71.2,12.3],[-71.2,12.2],[-71.2,12.1],[-71.1,12.1],[-71.1,12],[-71.2,12],[-71.3,11.9],[-71.3,11.8],[-71.4,11.9],[-71.4,11.8],[-71.5,11.8],[-71.6,11.8],[-71.7,11.7],[-71.8,11.7],[-71.9,11.7],[-72,11.7],[-72,11.6],[-72.1,11.5],[-72.1,11.4],[-72.2,11.3],[-72.2,11.2],[-72.3,11.2],[-72.4,11.2],[-72.4,11.1],[-72.5,11.1],[-72.5,11],[-72.6,11],[-72.6,10.9],[-72.7,10.9],[-72.7,10.8],[-72.8,10.7],[-72.8,10.6],[-72.9,10.5],[-72.9,10.4],[-72.9,10.2],[-73,10],[-73,9.9],[-73,9.8],[-73,9.7],[-73.1,9.7],[-73.1,9.6],[-73.2,9.5],[-73.3,9.4],[-73.3,9.3],[-73.3,9.2],[-73.4,9.2],[-73.3,9.2],[-73.2,9.2],[-73.1,9.2],[-73.1,9.3],[-73,9.3],[-73,9.2],[-73,9.1],[-72.9,9.1],[-72.8,9.1],[-72.8,9],[-72.7,8.9],[-72.7,8.8],[-72.7,8.7],[-72.7,8.6],[-72.6,8.6],[-72.6,8.5],[-72.5,8.5],[-72.5,8.4],[-72.4,8.4],[-72.4,8.3],[-72.4,8.2],[-72.3,8.1],[-72.4,8],[-72.5,8],[-72.5,7.9],[-72.5,7.8],[-72.5,7.6],[-72.5,7.5],[-72.5,7.4],[-72.4,7.4],[-72.3,7.4],[-72.2,7.4],[-72.2,7.3],[-72.2,7.2],[-72.1,7.1],[-72,7],[-71.9,7],[-71.8,7],[-71.7,7],[-71.7,7.1],[-71.6,7.1],[-71.6,7],[-71.5,7],[-71.4,7],[-71.3,7],[-71.2,7],[-71.1,7],[-71,7],[-70.9,7],[-70.9,7.1],[-70.8,7.1],[-70.7,7.1],[-70.6,7.1],[-70.5,7],[-70.4,7],[-70.3,6.9],[-70.2,7],[-70.1,7],[-70.1,6.9],[-70,6.8],[-69.9,6.7],[-69.9,6.6],[-69.8,6.5],[-69.7,6.4],[-69.6,6.3],[-69.5,6.3],[-69.5,6.2],[-69.4,6.1],[-69.4,6.2],[-69.3,6.2],[-69.3,6.1],[-69.2,6.1],[-69.1,6.2],[-69,6.2],[-68.9,6.2],[-68.8,6.2],[-68.7,6.2],[-68.7,6.1],[-68.6,6.1],[-68.6,6.2],[-68.5,6.2],[-68.4,6.2],[-68.3,6.2],[-68.2,6.2],[-68.1,6.2],[-68,6.2],[-67.9,6.2],[-67.9,6.3],[-67.8,6.3],[-67.7,6.3],[-67.6,6.3],[-67.5,6.2],[-67.4,6.2],[-67.5,6.2],[-67.5,6.1],[-67.4,6],[-67.5,6],[-67.5,5.9],[-67.6,5.8],[-67.6,5.7],[-67.6,5.6],[-67.6,5.5],[-67.7,5.5],[-67.7,5.4],[-67.8,5.4],[-67.8,5.3],[-67.8,5.2],[-67.8,5.1],[-67.8,5],[-67.8,4.9],[-67.8,4.8],[-67.8,4.7],[-67.8,4.6],[-67.9,4.6],[-67.9,4.5],[-67.8,4.5],[-67.8,4.4],[-67.8,4.3],[-67.8,4.2],[-67.8,4.1],[-67.7,4.1],[-67.7,4],[-67.7,3.9],[-67.6,3.8],[-67.6,3.7],[-67.5,3.7],[-67.4,3.5],[-67.3,3.5],[-67.3,3.4],[-67.3,3.3],[-67.4,3.3],[-67.4,3.2],[-67.5,3.2],[-67.6,3.1],[-67.7,3],[-67.8,2.9],[-67.9,2.9],[-67.9,2.8],[-67.8,2.8],[-67.7,2.8],[-67.6,2.8],[-67.6,2.7],[-67.5,2.7],[-67.5,2.6],[-67.4,2.6],[-67.4,2.5],[-67.3,2.5],[-67.3,2.4],[-67.2,2.4],[-67.2,2.3],[-67.2,2.2],[-67.2,2.1],[-67.1,2.1],[-67.1,2],[-67.1,1.9],[-67,1.7],[-67,1.6],[-66.9,1.5],[-66.9,1.4],[-66.9,1.3],[-66.9,1.2],[-67,1.2],[-67.1,1.2],[-67.1,1.3],[-67.1,1.5],[-67.1,1.6],[-67.1,1.7],[-67.2,1.8],[-67.3,1.9],[-67.3,2],[-67.3,2.1],[-67.4,2.1],[-67.5,2.1],[-67.6,2.1],[-67.7,2],[-67.8,1.8],[-67.9,1.8],[-67.9,1.7],[-68,1.7],[-68,1.8],[-68.1,1.8],[-68.1,1.9],[-68.1,2],[-68.2,2],[-68.3,1.9],[-68.3,1.8],[-68.2,1.8],[-68.2,1.7],[-68.3,1.7],[-68.4,1.7],[-68.6,1.7],[-68.8,1.7],[-69,1.7],[-69.2,1.7],[-69.3,1.7],[-69.4,1.7],[-69.5,1.8],[-69.6,1.8],[-69.6,1.7],[-69.7,1.7],[-69.8,1.7],[-69.9,1.7],[-69.8,1.7],[-69.8,1.6],[-69.8,1.5],[-69.9,1.4],[-69.9,1.3],[-69.9,1.2],[-69.9,1.1],[-69.8,1.1],[-69.7,1.1],[-69.6,1.1],[-69.5,1.1],[-69.5,1],[-69.4,1],[-69.4,1.1],[-69.3,1.1],[-69.3,1],[-69.2,1],[-69.2,0.9],[-69.2,0.8],[-69.2,0.7],[-69.1,0.7],[-69.1,0.6],[-69.2,0.6],[-69.3,0.6],[-69.3,0.7],[-69.4,0.6],[-69.4,0.7],[-69.5,0.7],[-69.6,0.7],[-69.7,0.7],[-69.7,0.6],[-69.8,0.6],[-69.9,0.6],[-70,0.6],[-70.1,0.6],[-70.1,0.5],[-70.1,0.4],[-70.1,0.3],[-70.1,0.2],[-70.1,0.1],[-70.1,0],[-70.1,-0.1],[-70.1,-0.2],[-70,-0.2],[-70,-0.3],[-69.9,-0.3],[-69.9,-0.4],[-69.8,-0.4],[-69.7,-0.5],[-69.6,-0.5],[-69.6,-0.6],[-69.6,-0.7],[-69.6,-0.8],[-69.6,-0.9],[-69.5,-0.9],[-69.5,-1],[-69.4,-1],[-69.4,-1.1],[-69.4,-1.2],[-69.4,-1.3],[-69.4,-1.4],[-69.5,-1.5],[-69.5,-1.6],[-69.5,-1.8],[-69.5,-1.9],[-69.6,-2.1],[-69.6,-2.3],[-69.6,-2.4],[-69.7,-2.6],[-69.7,-2.8],[-69.7,-2.9],[-69.7,-3.1],[-69.8,-3.2],[-69.8,-3.4],[-69.8,-3.6],[-69.9,-3.7],[-69.9,-3.9],[-69.9,-4],[-69.9,-4.2],[-70,-4.2],[-70,-4.1],[-70.1,-4.1],[-70.2,-4.1],[-70.2,-4],[-70.2,-3.9],[-70.3,-3.9],[-70.3,-3.8],[-70.4,-3.8],[-70.4,-3.9],[-70.5,-3.9],[-70.6,-3.9],[-70.7,-3.8],[-70.7,-3.7],[-70.6,-3.6],[-70.5,-3.5],[-70.5,-3.4],[-70.4,-3.2],[-70.3,-3.1],[-70.2,-3],[-70.2,-2.9],[-70.1,-2.8],[-70.1,-2.7],[-70.1,-2.6],[-70.1,-2.7],[-70.2,-2.7],[-70.2,-2.6],[-70.3,-2.6],[-70.3,-2.5],[-70.3,-2.6],[-70.4,-2.6],[-70.4,-2.5],[-70.3,-2.5],[-70.4,-2.5],[-70.5,-2.5],[-70.5,-2.4],[-70.6,-2.4],[-70.6,-2.5],[-70.7,-2.4],[-70.7,-2.3],[-70.8,-2.3],[-70.9,-2.2],[-71,-2.2],[-71,-2.3],[-71.1,-2.3],[-71.1,-2.2],[-71.1,-2.3],[-71.2,-2.3],[-71.3,-2.3],[-71.4,-2.4],[-71.4,-2.3],[-71.5,-2.3],[-71.5,-2.2],[-71.6,-2.2],[-71.7,-2.2],[-71.7,-2.1],[-71.8,-2.1],[-71.8,-2.2],[-71.9,-2.2],[-71.9,-2.3],[-72,-2.3],[-72.1,-2.3],[-72.1,-2.4],[-72.2,-2.4],[-72.3,-2.4],[-72.4,-2.4],[-72.4,-2.5],[-72.4,-2.4],[-72.5,-2.4],[-72.6,-2.4],[-72.6,-2.3],[-72.7,-2.4],[-72.8,-2.4],[-72.9,-2.4],[-73,-2.4],[-73,-2.3],[-73.1,-2.3],[-73.2,-2.3],[-73.2,-2.2],[-73.1,-2.1],[-73.1,-2],[-73.2,-2],[-73.2,-1.9],[-73.2,-1.8],[-73.2,-1.7],[-73.3,-1.7],[-73.3,-1.8],[-73.4,-1.8],[-73.4,-1.7],[-73.5,-1.7],[-73.5,-1.6],[-73.5,-1.5],[-73.5,-1.4],[-73.6,-1.4],[-73.6,-1.3],[-73.7,-1.2],[-73.8,-1.2],[-73.9,-1.2],[-73.9,-1.1],[-74,-1.1],[-74.1,-1],[-74.2,-1],[-74.3,-1],[-74.3,-0.9],[-74.3,-0.8],[-74.4,-0.7],[-74.4,-0.6],[-74.4,-0.5],[-74.5,-0.5],[-74.6,-0.4],[-74.6,-0.3],[-74.7,-0.3],[-74.7,-0.4],[-74.7,-0.3],[-74.8,-0.3],[-74.8,-0.2],[-74.9,-0.2],[-75,-0.2],[-75,-0.1],[-75.1,-0.1],[-75.1,0],[-75.2,0],[-75.2,-0.1],[-75.3,-0.1],[-75.4,-0.1],[-75.4,0],[-75.5,0],[-75.6,0],[-75.6,0.1],[-75.7,0.1],[-75.8,0.1],[-75.9,0.1],[-75.9,0.2],[-76,0.2],[-76,0.3],[-76.1,0.4],[-76.2,0.4],[-76.3,0.4],[-76.3,0.5],[-76.3,0.4],[-76.4,0.4],[-76.4,0.3],[-76.4,0.2],[-76.5,0.2],[-76.6,0.2],[-76.6,0.3],[-76.7,0.3],[-76.7,0.2],[-76.8,0.2],[-76.9,0.2],[-76.9,0.3],[-77,0.3],[-77.1,0.3],[-77.1,0.4],[-77.2,0.3],[-77.3,0.4],[-77.4,0.4],[-77.4,0.5],[-77.5,0.6],[-77.5,0.7],[-77.6,0.7],[-77.7,0.7],[-77.7,0.8],[-77.8,0.8],[-77.9,0.8],[-77.9,0.9],[-78,0.9],[-78.1,0.9],[-78.3,1],[-78.3,1.1],[-78.4,1.1],[-78.5,1.2],[-78.6,1.2],[-78.6,1.3],[-78.7,1.3],[-78.7,1.4],[-78.8,1.4]]]]}},{"type":"Feature","properties":{"name":"Paraguay","iso":"PY"},"geometry":{"type":"Polygon","coordinates":[[[-62.7,-22.2],[-62.6,-22.2],[-62.6,-22.1],[-62.6,-22],[-62.5,-21.9],[-62.5,-21.8],[-62.4,-21.6],[-62.4,-21.5],[-62.4,-21.4],[-62.3,-21.3],[-62.3,-21.2],[-62.3,-21.1],[-62.3,-21],[-62.3,-20.9],[-62.3,-20.8],[-62.3,-20.7],[-62.3,-20.6],[-62.2,-20.5],[-62.2,-20.4],[-62.1,-20.4],[-62.1,-20.3],[-62,-20.2],[-62,-20.1],[-61.9,-20.1],[-61.9,-20],[-61.9,-19.9],[-61.8,-19.9],[-61.8,-19.8],[-61.8,-19.7],[-61.8,-19.6],[-61.7,-19.6],[-61.6,-19.6],[-61.5,-19.6],[-61.2,-19.5],[-60.8,-19.5],[-60.5,-19.4],[-60.2,-19.3],[-60,-19.3],[-59.9,-19.3],[-59.7,-19.3],[-59.5,-19.3],[-59.4,-19.3],[-59.2,-19.3],[-59.1,-19.3],[-59,-19.3],[-59,-19.4],[-58.9,-19.4],[-58.8,-19.5],[-58.7,-19.5],[-58.6,-19.6],[-58.5,-19.6],[-58.4,-19.7],[-58.3,-19.7],[-58.2,-19.8],[-58.2,-19.9],[-58.1,-20],[-58.1,-20.1],[-58.2,-20.1],[-58.2,-20.2],[-58.1,-20.2],[-58.2,-20.2],[-58.2,-20.3],[-58.1,-20.3],[-58.1,-20.4],[-58,-20.4],[-58,-20.5],[-58,-20.6],[-58,-20.7],[-57.9,-20.7],[-57.9,-20.8],[-57.9,-20.9],[-57.8,-21],[-57.8,-20.9],[-57.8,-21],[-57.9,-21],[-57.9,-21.1],[-57.8,-21.1],[-57.8,-21.2],[-57.9,-21.2],[-57.9,-21.3],[-57.9,-21.4],[-57.9,-21.5],[-57.9,-21.6],[-57.9,-21.7],[-57.9,-21.8],[-58,-21.9],[-57.9,-21.9],[-58,-22],[-58,-22.1],[-57.9,-22.1],[-57.8,-22.1],[-57.7,-22.1],[-57.6,-22.1],[-57.6,-22.2],[-57.5,-22.2],[-57.4,-22.2],[-57.3,-22.2],[-57.2,-22.2],[-57.1,-22.2],[-57,-22.2],[-57,-22.3],[-56.9,-22.3],[-56.9,-22.2],[-56.9,-22.3],[-56.8,-22.3],[-56.8,-22.2],[-56.8,-22.3],[-56.8,-22.2],[-56.7,-22.2],[-56.7,-22.3],[-56.7,-22.2],[-56.7,-22.3],[-56.6,-22.3],[-56.7,-22.2],[-56.6,-22.2],[-56.5,-22.1],[-56.4,-22.1],[-56.3,-22.2],[-56.2,-22.3],[-56,-22.3],[-55.9,-22.3],[-55.8,-22.4],[-55.7,-22.5],[-55.7,-22.6],[-55.6,-22.6],[-55.6,-22.7],[-55.6,-22.8],[-55.7,-22.8],[-55.7,-22.9],[-55.6,-22.9],[-55.6,-23],[-55.6,-23.1],[-55.6,-23.2],[-55.5,-23.2],[-55.6,-23.3],[-55.5,-23.4],[-55.5,-23.5],[-55.5,-23.6],[-55.5,-23.7],[-55.4,-23.7],[-55.4,-23.9],[-55.4,-24],[-55.3,-24],[-55.2,-24],[-55.1,-24],[-55,-24],[-54.9,-24],[-54.9,-23.9],[-54.8,-23.9],[-54.7,-23.8],[-54.6,-23.8],[-54.4,-23.9],[-54.4,-24],[-54.3,-24],[-54.2,-24.1],[-54.3,-24.1],[-54.3,-24.2],[-54.3,-24.3],[-54.3,-24.4],[-54.3,-24.5],[-54.3,-24.6],[-54.4,-24.7],[-54.4,-24.8],[-54.5,-25],[-54.5,-25.1],[-54.4,-25.1],[-54.4,-25.2],[-54.5,-25.2],[-54.5,-25.3],[-54.6,-25.4],[-54.6,-25.5],[-54.6,-25.6],[-54.6,-25.7],[-54.6,-25.8],[-54.6,-25.9],[-54.6,-26],[-54.7,-26],[-54.6,-26.1],[-54.7,-26.1],[-54.7,-26.2],[-54.6,-26.2],[-54.7,-26.2],[-54.7,-26.3],[-54.7,-26.4],[-54.7,-26.5],[-54.8,-26.5],[-54.8,-26.6],[-54.8,-26.7],[-54.9,-26.7],[-55,-26.8],[-55.1,-26.8],[-55.1,-26.9],[-55.1,-27],[-55.2,-27],[-55.2,-26.9],[-55.3,-26.9],[-55.3,-27],[-55.4,-27],[-55.5,-27.1],[-55.6,-27.2],[-55.6,-27.3],[-55.6,-27.4],[-55.7,-27.4],[-55.8,-27.4],[-55.9,-27.4],[-55.9,-27.3],[-56,-27.3],[-56.1,-27.3],[-56.2,-27.3],[-56.2,-27.4],[-56.3,-27.4],[-56.3,-27.5],[-56.3,-27.6],[-56.4,-27.6],[-56.5,-27.6],[-56.5,-27.5],[-56.6,-27.4],[-56.6,-27.5],[-56.7,-27.5],[-56.8,-27.5],[-56.9,-27.4],[-57,-27.4],[-57.1,-27.5],[-57.2,-27.5],[-57.3,-27.4],[-57.4,-27.4],[-57.5,-27.4],[-57.7,-27.3],[-57.8,-27.3],[-57.9,-27.3],[-58,-27.3],[-58.1,-27.3],[-58.2,-27.3],[-58.5,-27.3],[-58.6,-27.3],[-58.6,-27.2],[-58.7,-27.2],[-58.6,-27.1],[-58.6,-27],[-58.5,-27],[-58.5,-27.1],[-58.5,-27],[-58.5,-26.9],[-58.4,-26.9],[-58.3,-26.9],[-58.3,-26.8],[-58.4,-26.8],[-58.3,-26.8],[-58.2,-26.8],[-58.2,-26.7],[-58.2,-26.6],[-58.2,-26.7],[-58.2,-26.6],[-58.2,-26.5],[-58.2,-26.4],[-58.2,-26.3],[-58.1,-26.3],[-58.1,-26.2],[-58.2,-26.2],[-58.1,-26.2],[-58.1,-26.1],[-58,-26.1],[-57.9,-26],[-57.9,-25.9],[-57.8,-25.9],[-57.8,-25.8],[-57.8,-25.7],[-57.7,-25.7],[-57.8,-25.7],[-57.7,-25.7],[-57.7,-25.6],[-57.6,-25.6],[-57.6,-25.5],[-57.6,-25.4],[-57.7,-25.3],[-57.7,-25.2],[-57.8,-25.2],[-57.8,-25.1],[-57.9,-25.1],[-58,-25.1],[-58,-25],[-58.1,-25],[-58.2,-24.9],[-58.3,-25],[-58.4,-25],[-58.4,-24.9],[-58.5,-24.9],[-58.7,-24.8],[-58.8,-24.8],[-59,-24.6],[-59.1,-24.6],[-59.2,-24.6],[-59.2,-24.5],[-59.3,-24.5],[-59.4,-24.5],[-59.4,-24.4],[-59.5,-24.4],[-59.5,-24.3],[-59.6,-24.3],[-59.7,-24.2],[-60,-24],[-60.1,-24],[-60.2,-24],[-60.3,-24],[-60.4,-24],[-60.5,-24],[-60.5,-23.9],[-60.6,-23.9],[-60.7,-23.9],[-60.8,-23.9],[-60.9,-23.9],[-60.9,-23.8],[-61,-23.8],[-61,-23.7],[-61.1,-23.7],[-61.1,-23.6],[-61.2,-23.6],[-61.2,-23.5],[-61.3,-23.5],[-61.4,-23.5],[-61.4,-23.4],[-61.5,-23.4],[-61.5,-23.3],[-61.6,-23.3],[-61.7,-23.3],[-61.7,-23.2],[-61.8,-23.2],[-61.8,-23.1],[-62,-23],[-62,-22.9],[-62.1,-22.9],[-62.1,-22.8],[-62.2,-22.7],[-62.2,-22.6],[-62.3,-22.6],[-62.2,-22.6],[-62.2,-22.5],[-62.3,-22.5],[-62.4,-22.5],[-62.4,-22.4],[-62.5,-22.4],[-62.5,-22.3],[-62.6,-22.3],[-62.6,-22.2],[-62.7,-22.2]]]}},{"type":"Feature","properties":{"name":"Portugal","iso":"PT"},"geometry":{"type":"MultiPolygon","coordinates":[[[[-7.1,38.8],[-7.2,38.8],[-7.3,38.7],[-7.3,38.6],[-7.3,38.5],[-7.4,38.4],[-7.3,38.4],[-7.2,38.3],[-7.1,38.2],[-7,38.2],[-6.9,38.2],[-7,38.2],[-7,38.1],[-7,38],[-7.1,38],[-7.2,38],[-7.3,38],[-7.3,37.9],[-7.3,37.8],[-7.4,37.8],[-7.4,37.7],[-7.5,37.7],[-7.5,37.6],[-7.5,37.5],[-7.5,37.4],[-7.4,37.4],[-7.4,37.3],[-7.4,37.2],[-7.5,37.2],[-7.6,37.1],[-7.8,37],[-7.9,37],[-8,37],[-8.1,37.1],[-8.2,37.1],[-8.3,37.1],[-8.4,37.1],[-8.5,37.1],[-8.6,37.1],[-8.7,37.1],[-8.8,37.1],[-8.9,37],[-9,37],[-9,37.1],[-8.9,37.1],[-8.9,37.2],[-8.9,37.3],[-8.8,37.4],[-8.8,37.5],[-8.8,37.6],[-8.8,37.7],[-8.8,37.8],[-8.8,37.9],[-8.9,37.9],[-8.9,38],[-8.8,38.1],[-8.8,38.2],[-8.8,38.3],[-8.8,38.4],[-8.9,38.4],[-8.9,38.5],[-8.8,38.4],[-8.7,38.4],[-8.6,38.4],[-8.7,38.4],[-8.7,38.5],[-8.8,38.5],[-8.7,38.5],[-8.8,38.5],[-8.8,38.6],[-8.8,38.5],[-8.9,38.5],[-9,38.5],[-9,38.4],[-9.1,38.4],[-9.2,38.4],[-9.2,38.5],[-9.2,38.6],[-9.3,38.7],[-9.2,38.7],[-9.1,38.7],[-9,38.7],[-9,38.8],[-8.9,38.8],[-9,38.8],[-9,38.9],[-9,38.8],[-9,38.9],[-9,39],[-8.9,39],[-8.8,39],[-8.8,39.1],[-8.9,39],[-9,39],[-9.1,38.9],[-9.1,38.8],[-9.1,38.7],[-9.2,38.7],[-9.3,38.7],[-9.4,38.7],[-9.5,38.7],[-9.5,38.8],[-9.5,38.9],[-9.4,38.9],[-9.4,39],[-9.4,39.1],[-9.4,39.2],[-9.3,39.2],[-9.3,39.3],[-9.4,39.3],[-9.4,39.4],[-9.3,39.4],[-9.2,39.4],[-9.2,39.5],[-9.1,39.5],[-9.1,39.6],[-9.1,39.7],[-9,39.8],[-8.9,40.1],[-8.8,40.1],[-8.8,40.2],[-8.9,40.2],[-8.9,40.3],[-8.8,40.5],[-8.8,40.6],[-8.7,40.6],[-8.7,40.7],[-8.7,40.6],[-8.7,40.7],[-8.6,40.7],[-8.7,40.7],[-8.6,40.7],[-8.6,40.8],[-8.6,40.7],[-8.7,40.7],[-8.7,40.8],[-8.6,40.8],[-8.7,40.8],[-8.7,40.7],[-8.8,40.7],[-8.7,41],[-8.7,41.1],[-8.6,41.1],[-8.6,41.2],[-8.7,41.2],[-8.7,41.3],[-8.8,41.3],[-8.8,41.4],[-8.8,41.5],[-8.8,41.6],[-8.8,41.7],[-8.7,41.7],[-8.8,41.7],[-8.9,41.7],[-8.9,41.8],[-8.9,41.9],[-8.8,41.9],[-8.8,42],[-8.7,42],[-8.6,42],[-8.6,42.1],[-8.5,42.1],[-8.3,42.1],[-8.2,42.2],[-8.2,42.1],[-8.1,42.1],[-8.1,42],[-8.2,42],[-8.2,41.9],[-8.2,41.8],[-8.1,41.8],[-8,41.8],[-8,41.9],[-7.9,41.9],[-7.8,41.9],[-7.7,41.9],[-7.6,41.9],[-7.6,41.8],[-7.5,41.8],[-7.5,41.9],[-7.5,41.8],[-7.4,41.8],[-7.3,41.8],[-7.3,41.9],[-7.2,41.9],[-7.2,42],[-7.1,42],[-7.1,41.9],[-7,42],[-6.9,41.9],[-6.8,42],[-6.8,41.9],[-6.7,41.9],[-6.6,41.9],[-6.6,42],[-6.6,41.9],[-6.5,41.9],[-6.5,41.8],[-6.6,41.8],[-6.6,41.7],[-6.5,41.7],[-6.4,41.7],[-6.3,41.7],[-6.3,41.6],[-6.2,41.6],[-6.3,41.5],[-6.3,41.4],[-6.4,41.4],[-6.4,41.3],[-6.5,41.3],[-6.6,41.3],[-6.7,41.3],[-6.7,41.2],[-6.8,41.2],[-6.8,41.1],[-6.9,41.1],[-6.9,41],[-6.9,40.9],[-6.8,40.9],[-6.8,40.8],[-6.8,40.7],[-6.8,40.6],[-6.9,40.6],[-6.8,40.6],[-6.8,40.5],[-6.9,40.4],[-6.8,40.4],[-6.8,40.3],[-6.9,40.3],[-7,40.3],[-7,40.2],[-7,40.1],[-6.9,40.1],[-6.9,40],[-6.9,39.9],[-7,39.8],[-7,39.7],[-7.2,39.7],[-7.3,39.7],[-7.6,39.7],[-7.5,39.7],[-7.5,39.6],[-7.5,39.5],[-7.4,39.5],[-7.3,39.5],[-7.3,39.4],[-7.3,39.3],[-7.3,39.2],[-7.2,39.2],[-7.2,39.1],[-7.1,39.1],[-7,39.1],[-7,39],[-7,38.9],[-7.1,38.9],[-7.1,38.8]]],[[[-25.2,37.9],[-25.1,37.8],[-25.2,37.8],[-25.2,37.7],[-25.3,37.7],[-25.4,37.7],[-25.5,37.7],[-25.6,37.7],[-25.7,37.7],[-25.8,37.8],[-25.9,37.9],[-25.8,37.9],[-25.7,37.9],[-25.7,37.8],[-25.6,37.8],[-25.5,37.8],[-25.5,37.9],[-25.5,37.8],[-25.4,37.8],[-25.3,37.9],[-25.2,37.9]]],[[[-16.8,32.7],[-16.8,32.6],[-16.9,32.6],[-17,32.6],[-17.1,32.7],[-17.2,32.7],[-17.2,32.8],[-17.3,32.8],[-17.2,32.8],[-17.2,32.9],[-17.1,32.8],[-17,32.8],[-16.9,32.8],[-16.8,32.8],[-16.7,32.8],[-16.7,32.7],[-16.8,32.7]]],[[[-27,38.7],[-27.1,38.7],[-27.1,38.6],[-27.2,38.6],[-27.2,38.7],[-27.2,38.6],[-27.3,38.7],[-27.4,38.7],[-27.4,38.8],[-27.3,38.8],[-27.1,38.8],[-27,38.7]]]]}},{"type":"Feature","properties":{"name":"United States of America","iso":"US"},"geometry":{"type":"MultiPolygon","coordinates":[[[[-122.8,49],[-122.7,49],[-122.4,49],[-122.2,49],[-122,49],[-121.8,49],[-121.6,49],[-121.3,49],[-121.1,49],[-120.9,49],[-120.7,49],[-120.5,49],[-120.2,49],[-120,49],[-119.8,49],[-119.6,49],[-119.4,49],[-119.1,49],[-118.9,49],[-118.7,49],[-118.5,49],[-118.3,49],[-118,49],[-117.8,49],[-117.6,49],[-117.4,49],[-117.2,49],[-117,49],[-116.9,49],[-116.7,49],[-116.5,49],[-116.3,49],[-116.1,49],[-116,49],[-115.8,49],[-115.6,49],[-115.4,49],[-115.2,49],[-115,49],[-114.7,49],[-114.5,49],[-114.3,49],[-114.1,49],[-113.9,49],[-113.6,49],[-113.4,49],[-113.2,49],[-113,49],[-112.8,49],[-112.5,49],[-112.3,49],[-112.1,49],[-111.9,49],[-111.7,49],[-111.4,49],[-111.2,49],[-111,49],[-110.8,49],[-110.6,49],[-110.3,49],[-110.1,49],[-110,49],[-109.9,49],[-109.7,49],[-109.5,49],[-109.2,49],[-109,49],[-108.8,49],[-108.6,49],[-108.4,49],[-108.1,49],[-107.9,49],[-107.7,49],[-107.5,49],[-107.3,49],[-107,49],[-106.8,49],[-106.6,49],[-106.4,49],[-106.2,49],[-105.9,49],[-105.7,49],[-105.5,49],[-105.3,49],[-105.1,49],[-104.8,49],[-104.6,49],[-104.4,49],[-104.2,49],[-104,49],[-103.7,49],[-103.5,49],[-103.3,49],[-103.1,49],[-102.9,49],[-102.7,49],[-102.4,49],[-102.2,49],[-102,49],[-101.8,49],[-101.6,49],[-101.4,49],[-101.3,49],[-101.1,49],[-100.9,49],[-100.7,49],[-100.5,49],[-100.2,49],[-100,49],[-99.8,49],[-99.6,49],[-99.4,49],[-99.1,49],[-98.9,49],[-98.7,49],[-98.5,49],[-98.3,49],[-98,49],[-97.8,49],[-97.6,49],[-97.4,49],[-97.2,49],[-96.9,49],[-96.7,49],[-96.5,49],[-96.3,49],[-96.1,49],[-95.8,49],[-95.6,49],[-95.4,49],[-95.2,49],[-95.2,49.1],[-95.2,49.2],[-95.2,49.3],[-95.2,49.4],[-95.1,49.4],[-95,49.4],[-94.9,49.3],[-94.8,49.3],[-94.8,49.2],[-94.8,49.1],[-94.8,49],[-94.7,48.9],[-94.7,48.8],[-94.6,48.7],[-94.5,48.7],[-94.3,48.7],[-94.2,48.7],[-94,48.6],[-93.9,48.6],[-93.8,48.6],[-93.8,48.5],[-93.6,48.5],[-93.5,48.5],[-93.5,48.6],[-93.4,48.6],[-93.3,48.6],[-93.1,48.6],[-93,48.6],[-92.9,48.6],[-92.7,48.5],[-92.6,48.5],[-92.7,48.5],[-92.7,48.4],[-92.6,48.4],[-92.5,48.4],[-92.5,48.3],[-92.4,48.3],[-92.4,48.2],[-92.3,48.2],[-92.3,48.3],[-92.2,48.4],[-92.1,48.3],[-92,48.3],[-92,48.2],[-91.9,48.2],[-91.8,48.2],[-91.7,48.2],[-91.7,48.1],[-91.6,48.1],[-91.6,48],[-91.5,48.1],[-91.5,48],[-91.4,48],[-91.4,48.1],[-91.3,48.1],[-91.2,48.1],[-91.1,48.2],[-91,48.2],[-90.9,48.2],[-90.8,48.2],[-90.8,48.1],[-90.7,48.1],[-90.6,48.1],[-90.5,48.1],[-90.2,48.1],[-90.1,48.1],[-90,48],[-89.9,48],[-89.8,48],[-89.7,48],[-89.6,48],[-89.5,48],[-89.4,48],[-89.3,48],[-89.2,48],[-89.1,48.1],[-88.9,48.2],[-88.8,48.2],[-88.6,48.3],[-88.4,48.3],[-88.3,48.3],[-88.2,48.2],[-88,48.2],[-87.8,48.1],[-87.6,48],[-87.4,47.9],[-87.2,47.9],[-87,47.8],[-86.8,47.7],[-86.7,47.7],[-86.6,47.6],[-86.5,47.6],[-86.4,47.5],[-86.3,47.5],[-86.2,47.5],[-86.1,47.4],[-86,47.4],[-85.9,47.3],[-85.8,47.3],[-85.6,47.2],[-85.5,47.2],[-85.4,47.1],[-85.3,47.1],[-85.1,47],[-85,47],[-85,46.9],[-84.9,46.9],[-84.8,46.8],[-84.8,46.7],[-84.8,46.6],[-84.7,46.6],[-84.6,46.5],[-84.5,46.5],[-84.4,46.5],[-84.3,46.5],[-84.2,46.5],[-84.1,46.5],[-84.2,46.4],[-84.1,46.4],[-84.1,46.3],[-84.1,46.2],[-84,46.2],[-84,46.1],[-83.9,46.1],[-83.8,46.1],[-83.7,46.1],[-83.6,46.1],[-83.5,46],[-83.5,45.9],[-83.6,45.9],[-83.6,45.8],[-83.5,45.8],[-83.4,45.7],[-83.2,45.6],[-83,45.6],[-82.8,45.4],[-82.6,45.4],[-82.5,45.3],[-82.5,45.1],[-82.4,44.9],[-82.4,44.7],[-82.3,44.5],[-82.3,44.2],[-82.2,44],[-82.2,43.8],[-82.1,43.6],[-82.2,43.5],[-82.2,43.4],[-82.3,43.4],[-82.3,43.3],[-82.3,43.2],[-82.4,43.1],[-82.4,43],[-82.5,42.9],[-82.5,42.8],[-82.5,42.7],[-82.5,42.6],[-82.6,42.6],[-82.7,42.5],[-82.8,42.4],[-82.9,42.4],[-83,42.3],[-83.1,42.3],[-83.1,42.2],[-83.1,42.1],[-83.2,42],[-83.1,41.9],[-83.1,41.8],[-83,41.8],[-82.9,41.8],[-82.7,41.7],[-82.5,41.7],[-82.4,41.7],[-82.3,41.7],[-82.1,41.8],[-82,41.9],[-81.9,41.9],[-81.7,42],[-81.6,42.1],[-81.4,42.1],[-81.3,42.2],[-81.1,42.2],[-81,42.2],[-80.9,42.3],[-80.8,42.3],[-80.6,42.3],[-80.5,42.3],[-80.4,42.3],[-80.2,42.4],[-80.1,42.4],[-79.9,42.5],[-79.8,42.5],[-79.6,42.6],[-79.5,42.6],[-79.3,42.7],[-79.2,42.7],[-79,42.8],[-78.9,42.9],[-78.9,43],[-79,43],[-79,43.1],[-79.1,43.1],[-79,43.2],[-79.1,43.3],[-79.2,43.5],[-79.1,43.5],[-78.9,43.5],[-78.8,43.6],[-78.7,43.6],[-78.5,43.6],[-78.2,43.6],[-78,43.6],[-77.8,43.6],[-77.5,43.6],[-77.3,43.6],[-77.1,43.6],[-76.8,43.6],[-76.8,43.7],[-76.7,43.8],[-76.6,43.9],[-76.5,44],[-76.5,44.1],[-76.4,44.1],[-76.4,44.2],[-76.3,44.2],[-76.2,44.2],[-76.2,44.3],[-76.1,44.3],[-75.9,44.4],[-75.8,44.4],[-75.8,44.5],[-75.7,44.6],[-75.6,44.7],[-75.5,44.7],[-75.3,44.8],[-75.3,44.9],[-75.1,44.9],[-75,45],[-74.9,45],[-74.7,45],[-74.6,45],[-74.5,45],[-74.4,45],[-74.3,45],[-74.2,45],[-74.1,45],[-74,45],[-73.9,45],[-73.8,45],[-73.7,45],[-73.6,45],[-73.5,45],[-73.4,45],[-73.3,45],[-73.2,45],[-73.1,45],[-73,45],[-72.9,45],[-72.8,45],[-72.7,45],[-72.6,45],[-72.5,45],[-72.4,45],[-72.3,45],[-72.2,45],[-72.1,45],[-72,45],[-71.9,45],[-71.8,45],[-71.7,45],[-71.6,45],[-71.5,45],[-71.5,45.1],[-71.4,45.1],[-71.4,45.2],[-71.4,45.3],[-71.3,45.3],[-71.2,45.3],[-71.2,45.2],[-71.1,45.3],[-71,45.3],[-70.9,45.2],[-70.9,45.3],[-70.8,45.3],[-70.8,45.4],[-70.7,45.4],[-70.6,45.4],[-70.7,45.4],[-70.7,45.5],[-70.7,45.6],[-70.6,45.7],[-70.5,45.7],[-70.4,45.7],[-70.4,45.8],[-70.3,45.9],[-70.3,46],[-70.3,46.1],[-70.2,46.1],[-70.2,46.2],[-70.3,46.2],[-70.3,46.3],[-70.2,46.3],[-70.2,46.4],[-70.1,46.4],[-70.1,46.5],[-70,46.6],[-70,46.7],[-69.9,46.8],[-69.8,46.9],[-69.7,47],[-69.6,47.1],[-69.5,47.2],[-69.4,47.3],[-69.4,47.4],[-69.3,47.4],[-69.3,47.5],[-69.2,47.5],[-69.1,47.4],[-69.1,47.3],[-69,47.2],[-68.9,47.2],[-68.8,47.2],[-68.7,47.2],[-68.6,47.2],[-68.6,47.3],[-68.5,47.3],[-68.4,47.3],[-68.3,47.4],[-68.2,47.4],[-68.2,47.3],[-68.1,47.3],[-68,47.2],[-67.9,47.2],[-67.9,47.1],[-67.8,47.1],[-67.8,47],[-67.8,46.9],[-67.8,46.8],[-67.8,46.6],[-67.8,46.5],[-67.8,46.4],[-67.8,46.2],[-67.8,46.1],[-67.8,46],[-67.8,45.9],[-67.8,45.8],[-67.8,45.7],[-67.7,45.7],[-67.7,45.6],[-67.6,45.6],[-67.5,45.6],[-67.4,45.6],[-67.4,45.5],[-67.5,45.5],[-67.4,45.4],[-67.5,45.3],[-67.4,45.2],[-67.3,45.2],[-67.2,45.2],[-67.2,45.1],[-67.1,45.1],[-67.1,45],[-67,45],[-67.1,45],[-67.1,44.9],[-67.2,44.9],[-67.1,44.8],[-67.1,44.9],[-67.1,44.8],[-67.1,44.9],[-67.1,44.8],[-67,44.8],[-67,44.9],[-67.1,44.9],[-67,44.9],[-67,44.8],[-67.1,44.8],[-67.1,44.7],[-67.2,44.7],[-67.2,44.6],[-67.2,44.7],[-67.3,44.7],[-67.3,44.6],[-67.3,44.7],[-67.4,44.7],[-67.3,44.7],[-67.4,44.7],[-67.4,44.6],[-67.4,44.7],[-67.5,44.7],[-67.5,44.6],[-67.4,44.6],[-67.5,44.6],[-67.6,44.6],[-67.6,44.5],[-67.6,44.6],[-67.7,44.6],[-67.7,44.5],[-67.8,44.5],[-67.7,44.6],[-67.8,44.6],[-67.8,44.5],[-67.8,44.6],[-67.9,44.5],[-67.8,44.5],[-67.9,44.5],[-67.9,44.4],[-67.9,44.5],[-67.9,44.4],[-68,44.4],[-68,44.5],[-68,44.4],[-68.1,44.3],[-68.1,44.4],[-68.1,44.5],[-68.2,44.5],[-68.3,44.5],[-68.4,44.5],[-68.4,44.4],[-68.4,44.5],[-68.5,44.5],[-68.5,44.4],[-68.4,44.4],[-68.5,44.4],[-68.6,44.4],[-68.5,44.4],[-68.6,44.3],[-68.5,44.3],[-68.5,44.2],[-68.6,44.3],[-68.7,44.3],[-68.8,44.3],[-68.8,44.4],[-68.7,44.4],[-68.8,44.4],[-68.8,44.5],[-68.7,44.5],[-68.7,44.6],[-68.8,44.6],[-68.8,44.5],[-68.9,44.5],[-68.8,44.5],[-68.9,44.5],[-68.9,44.4],[-69,44.4],[-68.9,44.3],[-69,44.3],[-69,44.2],[-69.1,44.2],[-69.1,44.1],[-69.1,44],[-69.2,44],[-69.2,43.9],[-69.3,43.9],[-69.3,44],[-69.2,44],[-69.3,44],[-69.3,43.9],[-69.3,44],[-69.4,44],[-69.3,44],[-69.4,44],[-69.3,44.1],[-69.4,44.1],[-69.4,44],[-69.5,43.9],[-69.5,43.8],[-69.5,43.9],[-69.5,43.8],[-69.6,43.8],[-69.6,43.9],[-69.6,44],[-69.5,44],[-69.6,44],[-69.6,43.9],[-69.6,43.8],[-69.7,43.9],[-69.6,43.9],[-69.7,43.9],[-69.6,43.9],[-69.7,43.9],[-69.7,44],[-69.6,44],[-69.7,44],[-69.7,43.9],[-69.8,43.9],[-69.7,43.9],[-69.7,43.8],[-69.8,43.8],[-69.8,43.9],[-69.8,44],[-69.8,44.1],[-69.8,44],[-69.9,44],[-69.8,44],[-69.8,43.9],[-69.8,43.8],[-69.8,43.7],[-69.9,43.7],[-69.9,43.8],[-69.8,43.8],[-69.9,43.8],[-69.9,43.9],[-69.9,43.8],[-70,43.8],[-70,43.7],[-69.9,43.8],[-70,43.8],[-70,43.7],[-70,43.8],[-70,43.9],[-70,43.8],[-70.1,43.8],[-70.2,43.8],[-70.2,43.7],[-70.3,43.7],[-70.3,43.6],[-70.2,43.6],[-70.2,43.5],[-70.3,43.5],[-70.3,43.6],[-70.3,43.5],[-70.4,43.5],[-70.4,43.4],[-70.3,43.5],[-70.3,43.4],[-70.4,43.4],[-70.5,43.4],[-70.5,43.3],[-70.6,43.3],[-70.6,43.2],[-70.6,43.1],[-70.7,43.1],[-70.8,43.1],[-70.7,43.1],[-70.7,43],[-70.8,42.9],[-70.8,42.8],[-70.9,42.8],[-70.8,42.8],[-70.8,42.7],[-70.7,42.7],[-70.8,42.7],[-70.7,42.7],[-70.7,42.6],[-70.7,42.7],[-70.6,42.7],[-70.6,42.6],[-70.7,42.6],[-70.8,42.6],[-70.9,42.5],[-70.8,42.5],[-70.9,42.5],[-70.9,42.4],[-71,42.4],[-71,42.3],[-71,42.2],[-70.9,42.2],[-70.9,42.3],[-70.8,42.3],[-70.8,42.2],[-70.7,42.2],[-70.7,42.1],[-70.6,42.1],[-70.6,42],[-70.6,42.1],[-70.7,42.1],[-70.7,42],[-70.6,42],[-70.5,41.9],[-70.5,41.8],[-70.4,41.8],[-70.4,41.7],[-70.3,41.7],[-70.2,41.7],[-70.1,41.8],[-70,41.8],[-70,41.9],[-70.1,41.9],[-70.1,42],[-70.1,42.1],[-70.2,42.1],[-70.2,42],[-70.2,42.1],[-70.1,42.1],[-70.1,42],[-70,42],[-69.9,41.9],[-69.9,41.8],[-70,41.8],[-69.9,41.8],[-69.9,41.7],[-70,41.7],[-70.1,41.7],[-70.2,41.7],[-70.2,41.6],[-70.3,41.6],[-70.4,41.6],[-70.5,41.6],[-70.6,41.6],[-70.7,41.5],[-70.7,41.6],[-70.7,41.7],[-70.6,41.7],[-70.7,41.7],[-70.8,41.7],[-70.8,41.6],[-70.8,41.7],[-70.8,41.6],[-70.9,41.6],[-70.8,41.6],[-70.9,41.6],[-70.9,41.5],[-71,41.5],[-71.1,41.5],[-71,41.5],[-71,41.6],[-71.1,41.6],[-71.1,41.5],[-71.2,41.5],[-71.2,41.6],[-71.2,41.7],[-71.1,41.8],[-71.2,41.7],[-71.3,41.7],[-71.3,41.8],[-71.3,41.7],[-71.4,41.7],[-71.4,41.8],[-71.4,41.7],[-71.4,41.6],[-71.4,41.5],[-71.5,41.4],[-71.6,41.4],[-71.8,41.3],[-71.9,41.3],[-72,41.3],[-72.1,41.4],[-72.1,41.3],[-72.2,41.3],[-72.3,41.3],[-72.4,41.3],[-72.3,41.3],[-72.4,41.4],[-72.4,41.3],[-72.5,41.3],[-72.6,41.3],[-72.7,41.3],[-72.8,41.3],[-72.9,41.2],[-72.9,41.3],[-73,41.3],[-73,41.2],[-73.1,41.2],[-73.1,41.1],[-73.2,41.2],[-73.2,41.1],[-73.3,41.1],[-73.4,41.1],[-73.5,41.1],[-73.5,41],[-73.6,41],[-73.7,41],[-73.6,41],[-73.7,41],[-73.7,40.9],[-73.8,40.9],[-73.8,40.8],[-73.9,40.8],[-73.9,40.9],[-73.9,41],[-73.9,41.1],[-73.9,41.2],[-74,41.3],[-73.9,41.3],[-74,41.3],[-74,41.2],[-73.9,41.2],[-73.9,41.1],[-73.9,41],[-73.9,40.9],[-74,40.9],[-74,40.8],[-74,40.7],[-74.1,40.7],[-74.1,40.6],[-74.1,40.7],[-74.2,40.7],[-74.2,40.6],[-74.3,40.6],[-74.3,40.5],[-74.2,40.5],[-74.2,40.4],[-74.1,40.4],[-74,40.4],[-74,40.5],[-74,40.4],[-74,40.3],[-74,40.2],[-74,40.1],[-74,40],[-74.1,40],[-74.1,39.9],[-74.1,39.8],[-74.1,39.9],[-74.1,40],[-74.1,40.1],[-74.1,40],[-74.1,39.9],[-74.1,39.8],[-74.2,39.8],[-74.2,39.7],[-74.2,39.6],[-74.3,39.6],[-74.2,39.6],[-74.3,39.6],[-74.3,39.5],[-74.4,39.6],[-74.4,39.5],[-74.4,39.6],[-74.4,39.5],[-74.4,39.4],[-74.4,39.5],[-74.4,39.4],[-74.5,39.4],[-74.4,39.4],[-74.4,39.3],[-74.5,39.3],[-74.5,39.4],[-74.5,39.3],[-74.6,39.3],[-74.7,39.3],[-74.6,39.3],[-74.6,39.2],[-74.7,39.2],[-74.7,39.1],[-74.8,39],[-74.9,38.9],[-75,38.9],[-75,39],[-74.9,39],[-74.9,39.1],[-74.9,39.2],[-75,39.2],[-75.1,39.2],[-75.2,39.2],[-75.2,39.3],[-75.3,39.3],[-75.4,39.3],[-75.4,39.4],[-75.5,39.4],[-75.5,39.5],[-75.5,39.6],[-75.6,39.6],[-75.5,39.6],[-75.5,39.7],[-75.4,39.8],[-75.3,39.8],[-75.3,39.9],[-75.2,39.9],[-75.1,39.9],[-75.1,40],[-75.1,39.9],[-75.1,40],[-75,40],[-75.1,40],[-75.1,39.9],[-75.2,39.9],[-75.3,39.9],[-75.4,39.8],[-75.5,39.8],[-75.5,39.7],[-75.6,39.7],[-75.6,39.6],[-75.6,39.5],[-75.6,39.4],[-75.5,39.4],[-75.5,39.3],[-75.4,39.3],[-75.4,39.2],[-75.4,39.1],[-75.4,39],[-75.3,39],[-75.3,38.9],[-75.2,38.9],[-75.2,38.8],[-75.1,38.8],[-75.1,38.7],[-75.1,38.6],[-75.1,38.7],[-75.2,38.7],[-75.1,38.7],[-75.1,38.6],[-75.2,38.6],[-75.1,38.6],[-75.1,38.5],[-75,38.5],[-75,38.4],[-75.1,38.4],[-75.1,38.3],[-75.1,38.4],[-75.1,38.5],[-75.1,38.4],[-75.2,38.4],[-75.1,38.4],[-75.1,38.3],[-75.2,38.2],[-75.2,38.3],[-75.2,38.2],[-75.3,38.2],[-75.3,38.1],[-75.4,38.1],[-75.4,38],[-75.4,37.9],[-75.5,37.9],[-75.5,37.8],[-75.6,37.7],[-75.7,37.6],[-75.7,37.5],[-75.8,37.5],[-75.8,37.4],[-75.9,37.4],[-75.9,37.3],[-75.9,37.2],[-75.9,37.1],[-76,37.1],[-76,37.2],[-76,37.3],[-76,37.4],[-76,37.5],[-75.9,37.5],[-76,37.5],[-75.9,37.5],[-75.9,37.6],[-75.9,37.7],[-75.8,37.7],[-75.8,37.8],[-75.7,37.8],[-75.7,37.9],[-75.6,37.9],[-75.6,38],[-75.7,38],[-75.8,38],[-75.8,37.9],[-75.9,37.9],[-75.9,38],[-75.8,38],[-75.9,38],[-75.8,38],[-75.8,38.1],[-75.7,38.1],[-75.8,38.1],[-75.9,38.1],[-75.8,38.1],[-75.8,38.2],[-75.9,38.2],[-75.9,38.1],[-75.9,38.2],[-75.8,38.2],[-75.9,38.2],[-75.9,38.3],[-75.9,38.4],[-75.8,38.4],[-75.9,38.4],[-75.9,38.3],[-76,38.3],[-76,38.2],[-76,38.3],[-76,38.4],[-76,38.3],[-76,38.2],[-76.1,38.3],[-76.2,38.4],[-76.2,38.3],[-76.2,38.4],[-76.3,38.4],[-76.3,38.5],[-76.2,38.5],[-76.2,38.6],[-76.3,38.6],[-76.2,38.6],[-76.1,38.6],[-76,38.6],[-76,38.7],[-76,38.6],[-76.1,38.6],[-76.1,38.7],[-76.1,38.6],[-76.2,38.7],[-76.1,38.7],[-76.2,38.7],[-76.2,38.8],[-76.3,38.7],[-76.3,38.8],[-76.3,38.7],[-76.3,38.8],[-76.3,38.9],[-76.3,38.8],[-76.2,38.8],[-76.1,38.8],[-76.2,38.8],[-76.2,38.9],[-76.1,38.9],[-76.2,38.9],[-76.1,38.9],[-76.2,38.9],[-76.2,39],[-76.3,38.9],[-76.4,38.8],[-76.4,38.9],[-76.3,39],[-76.2,39],[-76.1,39],[-76.2,39],[-76.2,39.1],[-76.1,39.1],[-76.2,39.1],[-76.1,39.1],[-76.2,39.1],[-76.2,39],[-76.2,39.1],[-76.3,39.1],[-76.3,39.2],[-76.2,39.2],[-76.2,39.3],[-76.1,39.3],[-76.1,39.4],[-76,39.4],[-75.9,39.4],[-75.8,39.4],[-75.9,39.4],[-76,39.4],[-76,39.5],[-75.9,39.5],[-75.8,39.5],[-75.9,39.5],[-75.8,39.6],[-75.9,39.6],[-75.9,39.5],[-76,39.5],[-75.9,39.6],[-76,39.6],[-76,39.5],[-76,39.6],[-76.1,39.6],[-76.1,39.5],[-76.1,39.4],[-76.2,39.4],[-76.2,39.5],[-76.3,39.5],[-76.3,39.4],[-76.2,39.3],[-76.3,39.3],[-76.3,39.4],[-76.4,39.4],[-76.3,39.4],[-76.3,39.3],[-76.4,39.3],[-76.5,39.3],[-76.4,39.3],[-76.4,39.2],[-76.5,39.2],[-76.6,39.3],[-76.6,39.2],[-76.5,39.2],[-76.4,39.1],[-76.5,39.1],[-76.4,39],[-76.5,39],[-76.5,39.1],[-76.6,39.1],[-76.6,39],[-76.5,39],[-76.5,38.9],[-76.5,39],[-76.6,39],[-76.5,38.9],[-76.5,38.8],[-76.6,38.8],[-76.5,38.7],[-76.5,38.6],[-76.5,38.5],[-76.4,38.4],[-76.4,38.3],[-76.5,38.3],[-76.5,38.4],[-76.6,38.4],[-76.6,38.5],[-76.7,38.7],[-76.7,38.6],[-76.7,38.5],[-76.6,38.4],[-76.5,38.4],[-76.5,38.3],[-76.4,38.3],[-76.4,38.2],[-76.3,38.2],[-76.3,38.1],[-76.3,38],[-76.3,38.1],[-76.4,38.1],[-76.4,38.2],[-76.5,38.2],[-76.4,38.2],[-76.5,38.2],[-76.5,38.1],[-76.5,38.2],[-76.5,38.1],[-76.5,38.2],[-76.6,38.2],[-76.7,38.2],[-76.8,38.2],[-76.8,38.3],[-76.8,38.4],[-76.9,38.4],[-76.8,38.3],[-76.9,38.3],[-77,38.3],[-77,38.4],[-77,38.5],[-77,38.4],[-77.1,38.4],[-77.1,38.5],[-77.1,38.4],[-77.2,38.4],[-77.3,38.4],[-77.3,38.5],[-77.2,38.5],[-77.2,38.6],[-77.1,38.6],[-77.1,38.7],[-77,38.7],[-77,38.8],[-77,38.9],[-77.1,38.9],[-77,38.9],[-77,38.8],[-77.1,38.8],[-77,38.8],[-77,38.7],[-77.1,38.7],[-77.2,38.7],[-77.1,38.7],[-77.1,38.6],[-77.2,38.6],[-77.2,38.7],[-77.2,38.6],[-77.3,38.6],[-77.3,38.5],[-77.3,38.4],[-77.4,38.4],[-77.3,38.4],[-77.3,38.3],[-77.2,38.3],[-77.1,38.4],[-77,38.4],[-77,38.3],[-77.1,38.3],[-77,38.3],[-77,38.2],[-76.9,38.2],[-76.8,38.2],[-76.8,38.1],[-76.7,38.1],[-76.7,38.2],[-76.7,38.1],[-76.6,38.1],[-76.6,38.2],[-76.6,38.1],[-76.5,38.1],[-76.5,38],[-76.4,38],[-76.3,37.9],[-76.2,37.9],[-76.2,37.8],[-76.3,37.8],[-76.3,37.9],[-76.3,37.8],[-76.3,37.7],[-76.3,37.6],[-76.4,37.6],[-76.4,37.7],[-76.5,37.7],[-76.6,37.8],[-76.7,37.8],[-76.8,37.9],[-76.9,38],[-76.9,38.1],[-77,38.1],[-77,38.2],[-77.1,38.2],[-77.1,38.1],[-77,38.1],[-76.9,38.1],[-76.9,38],[-76.9,37.9],[-76.8,37.9],[-76.8,37.8],[-76.7,37.8],[-76.6,37.8],[-76.6,37.7],[-76.6,37.6],[-76.5,37.6],[-76.4,37.6],[-76.3,37.6],[-76.4,37.5],[-76.3,37.5],[-76.2,37.4],[-76.3,37.3],[-76.3,37.4],[-76.4,37.4],[-76.4,37.3],[-76.5,37.3],[-76.5,37.2],[-76.5,37.3],[-76.6,37.3],[-76.6,37.4],[-76.7,37.4],[-76.7,37.5],[-76.8,37.5],[-76.7,37.4],[-76.6,37.3],[-76.5,37.3],[-76.5,37.2],[-76.4,37.2],[-76.3,37.2],[-76.3,37.1],[-76.3,37],[-76.4,37],[-76.5,37],[-76.5,37.1],[-76.6,37.1],[-76.6,37.2],[-76.7,37.2],[-76.8,37.2],[-76.8,37.3],[-76.9,37.3],[-76.9,37.2],[-76.9,37.3],[-77,37.3],[-77.1,37.3],[-77.2,37.3],[-77.3,37.3],[-77.2,37.3],[-77.1,37.3],[-77,37.3],[-77,37.2],[-76.9,37.2],[-76.8,37.2],[-76.7,37.2],[-76.7,37.1],[-76.7,37],[-76.6,37],[-76.5,37],[-76.5,36.9],[-76.4,36.9],[-76.3,36.9],[-76.3,36.8],[-76.3,36.9],[-76.3,37],[-76.2,36.9],[-76.1,36.9],[-76,36.9],[-76,36.8],[-75.9,36.6],[-75.9,36.5],[-75.8,36.4],[-75.8,36.3],[-75.8,36.2],[-75.7,36.1],[-75.6,35.9],[-75.5,35.8],[-75.6,35.8],[-75.6,35.9],[-75.7,36],[-75.7,36.1],[-75.7,36],[-75.7,36.1],[-75.7,36.2],[-75.8,36.2],[-75.8,36.3],[-75.8,36.4],[-75.9,36.5],[-75.9,36.6],[-75.9,36.7],[-76,36.7],[-76,36.6],[-76,36.5],[-75.9,36.5],[-75.9,36.6],[-75.9,36.5],[-76,36.5],[-76,36.6],[-76,36.5],[-76,36.4],[-75.9,36.4],[-75.9,36.3],[-75.8,36.2],[-75.8,36.1],[-75.9,36.1],[-75.9,36.2],[-75.9,36.3],[-76,36.3],[-76,36.2],[-75.9,36.2],[-76,36.2],[-75.9,36.2],[-76,36.2],[-76.1,36.2],[-76.1,36.3],[-76.2,36.3],[-76.1,36.2],[-76.1,36.1],[-76.2,36.1],[-76.2,36.2],[-76.3,36.2],[-76.2,36.2],[-76.2,36.1],[-76.3,36.1],[-76.4,36.2],[-76.5,36.2],[-76.4,36.2],[-76.4,36.1],[-76.3,36.1],[-76.4,36.1],[-76.4,36],[-76.5,36],[-76.6,36],[-76.6,36.1],[-76.6,36],[-76.7,36],[-76.7,36.1],[-76.7,36.2],[-76.7,36.3],[-76.7,36.2],[-76.8,36.2],[-76.8,36.1],[-76.7,36.1],[-76.7,36],[-76.7,35.9],[-76.6,35.9],[-76.5,36],[-76.4,36],[-76.4,35.9],[-76.3,35.9],[-76.3,36],[-76.2,36],[-76.1,36],[-76,36],[-76.1,36],[-76.1,35.9],[-76,35.9],[-76.1,35.9],[-76.1,35.8],[-76,35.7],[-76.1,35.7],[-76,35.7],[-76.1,35.7],[-76,35.7],[-76,35.8],[-76,35.9],[-75.9,35.9],[-75.8,35.9],[-75.9,35.9],[-75.9,36],[-75.8,36],[-75.8,35.9],[-75.7,35.9],[-75.7,35.8],[-75.7,35.7],[-75.8,35.7],[-75.7,35.6],[-75.8,35.6],[-75.9,35.6],[-76,35.5],[-76,35.4],[-76.1,35.4],[-76.2,35.3],[-76.2,35.4],[-76.3,35.4],[-76.3,35.3],[-76.3,35.4],[-76.4,35.4],[-76.4,35.3],[-76.4,35.4],[-76.4,35.5],[-76.4,35.4],[-76.5,35.4],[-76.6,35.5],[-76.5,35.5],[-76.6,35.5],[-76.5,35.5],[-76.6,35.5],[-76.6,35.4],[-76.7,35.4],[-76.6,35.4],[-76.7,35.4],[-76.8,35.4],[-76.8,35.5],[-76.9,35.5],[-77,35.5],[-77.1,35.5],[-77,35.5],[-77,35.4],[-76.9,35.5],[-76.9,35.4],[-76.8,35.4],[-76.7,35.4],[-76.6,35.3],[-76.5,35.3],[-76.5,35.2],[-76.6,35.2],[-76.5,35.2],[-76.6,35.2],[-76.7,35.2],[-76.6,35.2],[-76.6,35.1],[-76.6,35.2],[-76.6,35.1],[-76.7,35],[-76.8,35],[-76.9,35],[-76.9,35.1],[-77,35.1],[-77.1,35.2],[-77,35.1],[-77,35],[-76.9,35],[-76.8,34.9],[-76.7,34.9],[-76.7,35],[-76.6,35],[-76.6,34.9],[-76.5,34.9],[-76.5,35],[-76.6,35],[-76.5,35],[-76.5,35.1],[-76.4,35.1],[-76.4,35],[-76.5,35],[-76.5,34.9],[-76.4,34.9],[-76.4,35],[-76.4,34.9],[-76.4,35],[-76.3,35],[-76.4,35],[-76.3,35],[-76.3,34.9],[-76.4,34.9],[-76.4,34.8],[-76.5,34.8],[-76.5,34.7],[-76.6,34.7],[-76.6,34.8],[-76.6,34.7],[-76.7,34.7],[-76.7,34.8],[-76.8,34.8],[-76.7,34.8],[-76.7,34.7],[-76.9,34.7],[-77.1,34.7],[-77.1,34.8],[-77.1,34.7],[-77.2,34.7],[-77.3,34.6],[-77.4,34.6],[-77.3,34.6],[-77.3,34.7],[-77.4,34.7],[-77.4,34.8],[-77.4,34.7],[-77.4,34.6],[-77.4,34.5],[-77.5,34.5],[-77.7,34.4],[-77.7,34.3],[-77.8,34.2],[-77.9,34.1],[-77.9,34],[-77.9,33.9],[-77.9,34],[-77.9,34.1],[-78,34.2],[-78,34.1],[-77.9,34.1],[-78,34],[-77.9,34],[-78,34],[-78,33.9],[-78.1,33.9],[-78.2,33.9],[-78.3,33.9],[-78.4,33.9],[-78.4,34],[-78.4,33.9],[-78.5,33.9],[-78.6,33.9],[-78.5,33.9],[-78.6,33.9],[-78.6,33.8],[-78.7,33.8],[-78.8,33.8],[-78.9,33.7],[-78.9,33.6],[-79,33.5],[-79.1,33.4],[-79.2,33.4],[-79.1,33.4],[-79.2,33.4],[-79.2,33.2],[-79.2,33.3],[-79.3,33.3],[-79.2,33.4],[-79.3,33.4],[-79.3,33.3],[-79.2,33.3],[-79.2,33.2],[-79.2,33.1],[-79.2,33.2],[-79.3,33.2],[-79.3,33.1],[-79.3,33.2],[-79.3,33.1],[-79.4,33.1],[-79.4,33],[-79.5,33],[-79.6,33],[-79.6,32.9],[-79.7,32.9],[-79.7,32.8],[-79.8,32.8],[-79.9,32.8],[-79.9,32.9],[-79.9,32.8],[-79.9,32.9],[-79.9,32.8],[-80,32.8],[-79.9,32.8],[-79.9,32.7],[-80,32.6],[-80,32.7],[-80,32.6],[-80.1,32.6],[-80.2,32.6],[-80.3,32.6],[-80.2,32.6],[-80.2,32.5],[-80.3,32.5],[-80.4,32.5],[-80.5,32.5],[-80.5,32.6],[-80.5,32.5],[-80.6,32.5],[-80.7,32.5],[-80.6,32.5],[-80.5,32.5],[-80.6,32.5],[-80.5,32.5],[-80.5,32.4],[-80.5,32.3],[-80.5,32.4],[-80.4,32.4],[-80.5,32.4],[-80.5,32.3],[-80.6,32.3],[-80.6,32.4],[-80.7,32.4],[-80.7,32.5],[-80.7,32.4],[-80.7,32.3],[-80.8,32.4],[-80.8,32.5],[-80.9,32.5],[-80.8,32.5],[-80.8,32.4],[-80.8,32.3],[-80.7,32.3],[-80.7,32.2],[-80.8,32.1],[-80.8,32.2],[-80.8,32.1],[-80.9,32.1],[-80.9,32],[-80.8,32],[-80.9,32],[-81,32],[-81,31.9],[-80.9,31.9],[-81,31.9],[-81.1,31.9],[-81.1,31.8],[-81,31.8],[-81.1,31.8],[-81.1,31.7],[-81.2,31.7],[-81.2,31.8],[-81.3,31.8],[-81.3,31.7],[-81.2,31.7],[-81.3,31.6],[-81.3,31.5],[-81.4,31.4],[-81.3,31.4],[-81.3,31.3],[-81.4,31.4],[-81.5,31.4],[-81.5,31.3],[-81.4,31.3],[-81.3,31.3],[-81.3,31.2],[-81.4,31.2],[-81.4,31.1],[-81.4,31.2],[-81.5,31.2],[-81.4,31.2],[-81.4,31.1],[-81.5,31.1],[-81.4,31.1],[-81.4,31],[-81.5,31.1],[-81.5,31],[-81.5,30.9],[-81.5,30.8],[-81.5,30.9],[-81.5,30.8],[-81.5,30.7],[-81.4,30.7],[-81.4,30.6],[-81.4,30.5],[-81.5,30.5],[-81.5,30.6],[-81.5,30.5],[-81.4,30.5],[-81.4,30.4],[-81.4,30.3],[-81.4,30.2],[-81.3,30.1],[-81.3,29.9],[-81.3,29.8],[-81.2,29.7],[-81.2,29.6],[-81.1,29.5],[-81.1,29.4],[-81,29.2],[-80.9,29.1],[-80.9,29],[-80.7,28.8],[-80.7,28.7],[-80.6,28.7],[-80.6,28.6],[-80.5,28.5],[-80.6,28.4],[-80.6,28.3],[-80.6,28.2],[-80.6,28.1],[-80.5,28],[-80.5,27.9],[-80.5,28],[-80.6,28.1],[-80.6,28.2],[-80.6,28.4],[-80.6,28.5],[-80.6,28.6],[-80.7,28.6],[-80.8,28.6],[-80.8,28.7],[-80.7,28.7],[-80.8,28.7],[-80.8,28.8],[-80.8,28.7],[-80.8,28.6],[-80.8,28.5],[-80.8,28.4],[-80.7,28.4],[-80.7,28.3],[-80.5,28],[-80.4,27.7],[-80.3,27.5],[-80.2,27.2],[-80.3,27.2],[-80.2,27.2],[-80.1,27.1],[-80.1,27],[-80.1,26.9],[-80,26.8],[-80.1,26.8],[-80,26.7],[-80,26.6],[-80.1,26.6],[-80.1,26.4],[-80.1,26.3],[-80.1,26.1],[-80.1,25.8],[-80.1,25.9],[-80.2,25.9],[-80.2,25.8],[-80.2,25.7],[-80.3,25.7],[-80.3,25.6],[-80.3,25.5],[-80.3,25.4],[-80.4,25.3],[-80.4,25.2],[-80.5,25.2],[-80.4,25.2],[-80.5,25.2],[-80.6,25.2],[-80.7,25.2],[-80.7,25.1],[-80.8,25.1],[-80.8,25.2],[-80.8,25.1],[-80.8,25.2],[-80.8,25.1],[-80.8,25.2],[-80.9,25.2],[-80.9,25.1],[-81,25.1],[-81.1,25.1],[-81.1,25.2],[-81.2,25.2],[-81.2,25.3],[-81.1,25.3],[-81,25.2],[-80.9,25.2],[-80.9,25.3],[-81,25.3],[-81.1,25.3],[-81.1,25.4],[-81.2,25.4],[-81.2,25.5],[-81.2,25.6],[-81.3,25.7],[-81.4,25.8],[-81.3,25.8],[-81.4,25.8],[-81.4,25.9],[-81.5,25.9],[-81.6,25.9],[-81.7,25.9],[-81.7,26],[-81.7,25.9],[-81.7,26],[-81.8,26],[-81.8,26.1],[-81.8,26.2],[-81.8,26.3],[-81.9,26.3],[-81.9,26.4],[-81.8,26.4],[-81.9,26.4],[-81.9,26.5],[-81.9,26.4],[-81.9,26.5],[-82,26.5],[-81.9,26.5],[-81.9,26.6],[-81.8,26.7],[-81.9,26.7],[-81.9,26.6],[-81.9,26.5],[-82,26.5],[-82.1,26.5],[-82.1,26.6],[-82.1,26.7],[-82.1,26.8],[-82.1,26.9],[-82,26.9],[-82,27],[-82.1,27],[-82.1,26.9],[-82.2,26.9],[-82.2,27],[-82.3,27],[-82.2,27],[-82.2,26.9],[-82.2,27],[-82.2,26.9],[-82.2,26.8],[-82.3,26.8],[-82.3,26.9],[-82.4,27],[-82.4,26.9],[-82.3,26.9],[-82.4,26.9],[-82.5,27.1],[-82.5,27.2],[-82.5,27.3],[-82.6,27.3],[-82.5,27.3],[-82.6,27.3],[-82.6,27.4],[-82.7,27.4],[-82.7,27.5],[-82.6,27.5],[-82.7,27.5],[-82.6,27.5],[-82.6,27.6],[-82.6,27.5],[-82.6,27.6],[-82.5,27.7],[-82.4,27.8],[-82.4,27.9],[-82.5,27.9],[-82.5,27.8],[-82.5,27.9],[-82.6,28],[-82.7,28],[-82.6,28],[-82.7,28],[-82.7,27.9],[-82.6,27.9],[-82.6,27.8],[-82.6,27.7],[-82.7,27.7],[-82.7,27.8],[-82.8,27.8],[-82.8,27.7],[-82.7,27.7],[-82.8,27.7],[-82.8,27.8],[-82.9,27.9],[-82.8,27.9],[-82.8,28],[-82.8,28.1],[-82.8,28.2],[-82.7,28.3],[-82.7,28.4],[-82.7,28.5],[-82.6,28.6],[-82.6,28.7],[-82.6,28.8],[-82.7,28.8],[-82.6,28.8],[-82.6,28.9],[-82.7,28.9],[-82.7,29],[-82.8,29],[-82.7,29],[-82.7,29.1],[-82.8,29.1],[-82.8,29.2],[-82.9,29.2],[-83,29.2],[-83.1,29.2],[-83.1,29.3],[-83.2,29.3],[-83.2,29.4],[-83.3,29.4],[-83.3,29.5],[-83.4,29.5],[-83.4,29.6],[-83.4,29.7],[-83.5,29.7],[-83.6,29.7],[-83.6,29.8],[-83.6,29.9],[-83.7,29.9],[-83.7,30],[-83.8,30],[-83.9,30],[-84,30.1],[-84.1,30.1],[-84.2,30.1],[-84.3,30.1],[-84.4,30],[-84.3,30],[-84.4,30],[-84.5,30],[-84.4,30],[-84.3,29.9],[-84.4,29.9],[-84.5,29.9],[-84.6,29.9],[-84.7,29.9],[-84.7,29.8],[-84.8,29.8],[-84.9,29.7],[-84.9,29.8],[-85,29.7],[-85.1,29.7],[-85.2,29.7],[-85.3,29.7],[-85.4,29.7],[-85.4,29.8],[-85.4,29.9],[-85.4,29.8],[-85.4,29.7],[-85.3,29.7],[-85.3,29.8],[-85.3,29.9],[-85.4,29.9],[-85.5,30],[-85.6,30],[-85.5,30],[-85.6,30.1],[-85.7,30.1],[-85.6,30.1],[-85.5,30.1],[-85.5,30],[-85.4,30],[-85.4,30.1],[-85.5,30],[-85.5,30.1],[-85.6,30.1],[-85.7,30.2],[-85.7,30.3],[-85.6,30.3],[-85.6,30.2],[-85.6,30.3],[-85.7,30.3],[-85.7,30.2],[-85.7,30.3],[-85.8,30.3],[-85.9,30.3],[-85.8,30.2],[-85.7,30.2],[-85.7,30.1],[-85.7,30.2],[-85.7,30.1],[-85.9,30.2],[-86,30.3],[-86.1,30.3],[-86.2,30.3],[-86.4,30.4],[-86.5,30.4],[-86.4,30.4],[-86.3,30.4],[-86.2,30.4],[-86.3,30.4],[-86.2,30.4],[-86.1,30.4],[-86.2,30.5],[-86.1,30.5],[-86.2,30.5],[-86.3,30.5],[-86.4,30.5],[-86.5,30.5],[-86.6,30.4],[-86.7,30.4],[-86.8,30.4],[-86.9,30.4],[-87,30.4],[-87.1,30.4],[-87.2,30.4],[-87.1,30.4],[-87,30.4],[-86.9,30.5],[-86.9,30.4],[-86.9,30.5],[-87,30.5],[-87,30.6],[-87,30.5],[-87.1,30.5],[-87.1,30.4],[-87.1,30.5],[-87.1,30.6],[-87.2,30.6],[-87.2,30.5],[-87.2,30.4],[-87.3,30.4],[-87.3,30.3],[-87.5,30.3],[-87.4,30.3],[-87.5,30.3],[-87.4,30.3],[-87.4,30.4],[-87.3,30.4],[-87.4,30.5],[-87.4,30.4],[-87.5,30.4],[-87.5,30.3],[-87.6,30.3],[-87.6,30.4],[-87.6,30.3],[-87.7,30.3],[-87.8,30.2],[-87.9,30.2],[-88,30.2],[-88,30.3],[-87.9,30.3],[-87.9,30.2],[-87.8,30.3],[-87.8,30.4],[-87.9,30.4],[-87.8,30.4],[-87.9,30.4],[-87.9,30.5],[-87.9,30.6],[-87.9,30.7],[-88,30.7],[-88.1,30.7],[-88.1,30.6],[-88.1,30.5],[-88.1,30.4],[-88.1,30.3],[-88.2,30.3],[-88.2,30.4],[-88.3,30.4],[-88.4,30.4],[-88.4,30.3],[-88.5,30.3],[-88.6,30.3],[-88.6,30.4],[-88.7,30.4],[-88.8,30.4],[-88.9,30.4],[-89,30.4],[-88.9,30.4],[-89,30.4],[-89.1,30.4],[-89.2,30.3],[-89.3,30.3],[-89.2,30.3],[-89.3,30.4],[-89.4,30.4],[-89.3,30.3],[-89.4,30.3],[-89.4,30.2],[-89.5,30.2],[-89.6,30.2],[-89.7,30.2],[-89.8,30.2],[-89.9,30.3],[-90,30.3],[-90.1,30.4],[-90.2,30.4],[-90.3,30.4],[-90.3,30.3],[-90.4,30.2],[-90.4,30.1],[-90.3,30.1],[-90.2,30],[-90.1,30],[-90,30],[-90,30.1],[-89.9,30.1],[-89.9,30.2],[-89.8,30.1],[-89.7,30.2],[-89.7,30.1],[-89.8,30.1],[-89.7,30.1],[-89.7,30.2],[-89.7,30.1],[-89.7,30.2],[-89.7,30.1],[-89.6,30.1],[-89.7,30.1],[-89.7,30],[-89.8,30.1],[-89.8,30],[-89.8,29.9],[-89.7,30],[-89.7,29.9],[-89.6,29.9],[-89.6,30],[-89.5,30],[-89.5,30.1],[-89.4,30.1],[-89.4,30],[-89.4,30.1],[-89.4,30],[-89.5,30],[-89.4,30],[-89.4,29.9],[-89.3,29.9],[-89.4,29.9],[-89.3,29.9],[-89.4,29.9],[-89.4,29.8],[-89.3,29.8],[-89.4,29.8],[-89.5,29.8],[-89.6,29.7],[-89.6,29.8],[-89.6,29.7],[-89.5,29.7],[-89.5,29.6],[-89.5,29.7],[-89.6,29.7],[-89.7,29.7],[-89.6,29.7],[-89.6,29.6],[-89.7,29.6],[-89.8,29.6],[-89.7,29.6],[-89.7,29.5],[-89.6,29.5],[-89.5,29.5],[-89.5,29.4],[-89.4,29.4],[-89.3,29.4],[-89.4,29.4],[-89.4,29.3],[-89.3,29.3],[-89.3,29.4],[-89.3,29.3],[-89.2,29.3],[-89.2,29.4],[-89.2,29.3],[-89.1,29.3],[-89.1,29.2],[-89,29.2],[-89.1,29.2],[-89.1,29.1],[-89,29.1],[-89.1,29.1],[-89.2,29],[-89.1,29],[-89.2,29],[-89.2,29.1],[-89.3,29.1],[-89.3,29],[-89.4,28.9],[-89.4,29],[-89.4,29.1],[-89.3,29.1],[-89.3,29.2],[-89.3,29.1],[-89.3,29.2],[-89.3,29.1],[-89.4,29.1],[-89.4,29.2],[-89.5,29.2],[-89.5,29.3],[-89.5,29.2],[-89.6,29.2],[-89.6,29.3],[-89.7,29.3],[-89.8,29.3],[-89.7,29.4],[-89.8,29.4],[-89.8,29.5],[-89.9,29.5],[-89.9,29.4],[-89.9,29.5],[-90,29.5],[-90.1,29.5],[-90.2,29.6],[-90.2,29.5],[-90.1,29.5],[-90,29.4],[-90.1,29.4],[-90,29.4],[-90,29.3],[-90,29.4],[-90.1,29.4],[-90.1,29.3],[-90,29.3],[-90.1,29.3],[-90.1,29.2],[-90.1,29.1],[-90.2,29.1],[-90.3,29.2],[-90.3,29.3],[-90.3,29.2],[-90.3,29.3],[-90.4,29.3],[-90.4,29.2],[-90.4,29.3],[-90.4,29.4],[-90.4,29.3],[-90.5,29.3],[-90.6,29.3],[-90.6,29.2],[-90.6,29.1],[-90.6,29.2],[-90.7,29.2],[-90.7,29.1],[-90.8,29.1],[-90.8,29.2],[-90.9,29.1],[-90.9,29.2],[-91,29.2],[-91.1,29.2],[-91.2,29.2],[-91.3,29.3],[-91.3,29.4],[-91.2,29.4],[-91.2,29.3],[-91.1,29.3],[-91.2,29.4],[-91.3,29.5],[-91.2,29.6],[-91.3,29.6],[-91.2,29.6],[-91.3,29.6],[-91.3,29.5],[-91.4,29.5],[-91.4,29.6],[-91.5,29.6],[-91.5,29.5],[-91.6,29.5],[-91.5,29.5],[-91.5,29.6],[-91.6,29.6],[-91.6,29.7],[-91.7,29.8],[-91.8,29.7],[-91.9,29.7],[-91.9,29.8],[-91.8,29.8],[-91.9,29.8],[-92,29.8],[-92.1,29.8],[-92.1,29.7],[-92.1,29.8],[-92.2,29.8],[-92.2,29.7],[-92.1,29.7],[-92.1,29.6],[-92,29.6],[-92.1,29.6],[-92.2,29.6],[-92.2,29.5],[-92.3,29.5],[-92.5,29.6],[-92.7,29.6],[-92.8,29.6],[-92.9,29.7],[-93,29.7],[-93.1,29.8],[-93.2,29.8],[-93.3,29.8],[-93.4,29.8],[-93.5,29.8],[-93.6,29.8],[-93.7,29.7],[-93.8,29.7],[-93.9,29.7],[-93.9,29.8],[-93.8,29.8],[-93.8,29.9],[-93.8,30],[-93.9,30],[-93.9,29.9],[-93.9,29.8],[-93.9,29.7],[-94,29.7],[-94.1,29.7],[-94.2,29.6],[-94.3,29.6],[-94.7,29.5],[-94.7,29.4],[-94.8,29.4],[-94.7,29.5],[-94.6,29.5],[-94.5,29.5],[-94.5,29.6],[-94.5,29.5],[-94.5,29.6],[-94.6,29.6],[-94.7,29.5],[-94.8,29.5],[-94.7,29.6],[-94.7,29.7],[-94.7,29.8],[-94.8,29.8],[-94.8,29.7],[-94.9,29.7],[-95,29.7],[-95.1,29.7],[-95,29.7],[-95,29.6],[-95,29.5],[-94.9,29.5],[-95,29.5],[-94.9,29.5],[-94.9,29.4],[-94.8,29.4],[-94.9,29.4],[-94.9,29.3],[-95,29.3],[-95.1,29.2],[-95.2,29.2],[-95.2,29.1],[-95.1,29.1],[-95.2,29.1],[-95.2,29],[-95.3,29],[-95.3,28.9],[-95.4,28.9],[-95.5,28.8],[-95.6,28.8],[-95.6,28.7],[-95.7,28.7],[-95.8,28.7],[-96,28.7],[-95.9,28.7],[-96,28.7],[-96,28.6],[-95.9,28.6],[-95.8,28.7],[-95.7,28.7],[-95.8,28.6],[-95.9,28.6],[-96,28.6],[-96.1,28.6],[-96.1,28.5],[-96.2,28.5],[-96,28.6],[-96,28.7],[-96.1,28.6],[-96.2,28.6],[-96.1,28.6],[-96.2,28.6],[-96.2,28.7],[-96.3,28.7],[-96.3,28.6],[-96.4,28.6],[-96.4,28.7],[-96.4,28.8],[-96.4,28.7],[-96.4,28.6],[-96.5,28.6],[-96.4,28.6],[-96.5,28.6],[-96.6,28.6],[-96.6,28.7],[-96.7,28.7],[-96.6,28.7],[-96.6,28.6],[-96.5,28.6],[-96.5,28.5],[-96.6,28.5],[-96.5,28.5],[-96.4,28.5],[-96.4,28.4],[-96.5,28.4],[-96.7,28.3],[-96.7,28.4],[-96.8,28.4],[-96.8,28.5],[-96.8,28.4],[-96.8,28.3],[-96.8,28.2],[-96.9,28.2],[-96.9,28.1],[-96.9,28.2],[-96.9,28.3],[-96.9,28.2],[-97,28.2],[-96.9,28.2],[-97,28.2],[-97,28.1],[-97,28.2],[-97.1,28.2],[-97.1,28.1],[-97.1,28.2],[-97.2,28.2],[-97.2,28.1],[-97.2,28],[-97.1,28],[-97.1,28.1],[-97,28.1],[-97,28],[-97.1,28],[-97.1,27.9],[-97.2,27.8],[-97.2,27.9],[-97.3,27.9],[-97.4,27.9],[-97.3,27.9],[-97.4,27.9],[-97.5,27.9],[-97.5,27.8],[-97.4,27.8],[-97.4,27.7],[-97.3,27.7],[-97.3,27.6],[-97.3,27.5],[-97.4,27.5],[-97.4,27.4],[-97.4,27.3],[-97.5,27.3],[-97.5,27.4],[-97.5,27.3],[-97.5,27.4],[-97.5,27.3],[-97.6,27.3],[-97.7,27.4],[-97.8,27.5],[-97.8,27.4],[-97.7,27.4],[-97.7,27.3],[-97.8,27.3],[-97.7,27.3],[-97.6,27.3],[-97.6,27.2],[-97.5,27.2],[-97.5,27.3],[-97.4,27.3],[-97.4,27.2],[-97.5,27.2],[-97.4,27.1],[-97.5,27.1],[-97.5,27],[-97.6,27],[-97.6,26.9],[-97.5,26.9],[-97.6,26.9],[-97.6,26.8],[-97.5,26.8],[-97.5,26.7],[-97.4,26.6],[-97.4,26.5],[-97.5,26.5],[-97.4,26.5],[-97.4,26.4],[-97.5,26.4],[-97.4,26.4],[-97.4,26.3],[-97.4,26.4],[-97.3,26.3],[-97.4,26.3],[-97.3,26.3],[-97.3,26.2],[-97.3,26.1],[-97.2,26.1],[-97.3,26],[-97.2,26],[-97.2,26.1],[-97.1,26],[-97.2,26],[-97.3,26],[-97.3,25.9],[-97.4,25.9],[-97.3,25.9],[-97.4,25.8],[-97.4,25.9],[-97.5,25.9],[-97.6,26],[-97.7,26],[-97.8,26],[-97.8,26.1],[-97.9,26.1],[-98,26.1],[-98,26],[-98.1,26],[-98.1,26.1],[-98.2,26.1],[-98.3,26.1],[-98.3,26.2],[-98.4,26.2],[-98.5,26.2],[-98.6,26.2],[-98.6,26.3],[-98.6,26.2],[-98.7,26.2],[-98.7,26.3],[-98.8,26.4],[-98.9,26.4],[-99,26.4],[-99.1,26.4],[-99.1,26.5],[-99.2,26.5],[-99.2,26.6],[-99.2,26.7],[-99.2,26.8],[-99.3,26.8],[-99.3,26.9],[-99.4,27],[-99.5,27.1],[-99.4,27.1],[-99.5,27.1],[-99.4,27.2],[-99.5,27.3],[-99.5,27.4],[-99.5,27.5],[-99.5,27.6],[-99.6,27.6],[-99.7,27.7],[-99.8,27.7],[-99.8,27.8],[-99.9,27.8],[-99.9,27.9],[-99.9,28],[-100,28],[-100,28.1],[-100.1,28.1],[-100.1,28.2],[-100.2,28.2],[-100.3,28.3],[-100.3,28.4],[-100.3,28.5],[-100.4,28.5],[-100.3,28.5],[-100.4,28.5],[-100.4,28.6],[-100.5,28.7],[-100.5,28.8],[-100.6,28.8],[-100.6,28.9],[-100.6,29],[-100.7,29],[-100.7,29.1],[-100.8,29.2],[-100.8,29.3],[-100.9,29.3],[-101,29.4],[-101,29.5],[-101.1,29.5],[-101.2,29.5],[-101.2,29.6],[-101.3,29.6],[-101.3,29.7],[-101.4,29.7],[-101.4,29.8],[-101.5,29.8],[-101.6,29.8],[-101.8,29.8],[-101.9,29.8],[-102,29.8],[-102.1,29.8],[-102.2,29.8],[-102.3,29.9],[-102.4,29.9],[-102.4,29.8],[-102.5,29.8],[-102.6,29.8],[-102.6,29.7],[-102.7,29.7],[-102.7,29.6],[-102.8,29.6],[-102.8,29.5],[-102.8,29.4],[-102.9,29.4],[-102.9,29.3],[-102.9,29.2],[-103,29.2],[-103,29.1],[-103.1,29.1],[-103.1,29],[-103.2,29],[-103.3,29],[-103.4,29],[-103.4,29.1],[-103.5,29.1],[-103.6,29.2],[-103.7,29.2],[-103.8,29.2],[-103.8,29.3],[-103.9,29.3],[-104,29.3],[-104.1,29.3],[-104.1,29.4],[-104.2,29.4],[-104.2,29.5],[-104.3,29.5],[-104.4,29.6],[-104.5,29.6],[-104.5,29.7],[-104.6,29.7],[-104.6,29.8],[-104.6,29.9],[-104.7,29.9],[-104.7,30],[-104.7,30.1],[-104.7,30.2],[-104.7,30.3],[-104.8,30.3],[-104.8,30.4],[-104.9,30.4],[-104.9,30.5],[-104.9,30.6],[-105,30.6],[-105,30.7],[-105.1,30.7],[-105.1,30.8],[-105.2,30.8],[-105.3,30.8],[-105.4,30.9],[-105.5,31],[-105.6,31],[-105.6,31.1],[-105.7,31.1],[-105.8,31.2],[-105.9,31.3],[-105.9,31.4],[-106,31.4],[-106.1,31.4],[-106.2,31.4],[-106.2,31.5],[-106.3,31.6],[-106.3,31.7],[-106.4,31.7],[-106.4,31.8],[-106.5,31.8],[-106.6,31.8],[-106.7,31.8],[-106.8,31.8],[-106.9,31.8],[-107,31.8],[-107.1,31.8],[-107.2,31.8],[-107.3,31.8],[-107.4,31.8],[-107.5,31.8],[-107.6,31.8],[-107.7,31.8],[-107.8,31.8],[-107.9,31.8],[-108,31.8],[-108.1,31.8],[-108.2,31.8],[-108.2,31.7],[-108.2,31.6],[-108.2,31.5],[-108.2,31.4],[-108.2,31.3],[-108.3,31.3],[-108.4,31.3],[-108.5,31.3],[-108.6,31.3],[-108.7,31.3],[-108.8,31.3],[-108.9,31.3],[-109,31.3],[-109.1,31.3],[-109.2,31.3],[-109.3,31.3],[-109.4,31.3],[-109.5,31.3],[-109.6,31.3],[-109.7,31.3],[-109.8,31.3],[-109.9,31.3],[-110,31.3],[-110.1,31.3],[-110.2,31.3],[-110.3,31.3],[-110.4,31.3],[-110.5,31.3],[-110.6,31.3],[-110.7,31.3],[-110.8,31.3],[-110.9,31.3],[-111,31.3],[-111.1,31.3],[-111.1,31.4],[-111.2,31.4],[-111.3,31.4],[-111.4,31.4],[-111.5,31.5],[-111.9,31.6],[-112.3,31.7],[-112.7,31.9],[-113.1,32],[-113.6,32.1],[-114,32.2],[-114.4,32.4],[-114.8,32.5],[-114.8,32.6],[-114.8,32.7],[-114.7,32.7],[-114.8,32.7],[-114.9,32.7],[-115,32.7],[-115.1,32.7],[-115.2,32.7],[-115.3,32.7],[-115.4,32.7],[-115.5,32.7],[-115.6,32.6],[-115.7,32.6],[-115.8,32.6],[-115.9,32.6],[-116,32.6],[-116.1,32.6],[-116.2,32.6],[-116.3,32.6],[-116.4,32.6],[-116.5,32.6],[-116.6,32.6],[-116.7,32.6],[-116.8,32.6],[-116.9,32.5],[-117,32.5],[-117.1,32.5],[-117.1,32.6],[-117.2,32.7],[-117.1,32.7],[-117.1,32.6],[-117.1,32.7],[-117.2,32.7],[-117.3,32.7],[-117.3,32.8],[-117.3,32.9],[-117.3,32.8],[-117.3,32.9],[-117.3,33],[-117.3,33.1],[-117.4,33.2],[-117.5,33.3],[-117.6,33.4],[-117.7,33.4],[-117.7,33.5],[-117.8,33.5],[-117.8,33.6],[-117.9,33.6],[-118,33.6],[-118.1,33.7],[-118.2,33.8],[-118.2,33.7],[-118.2,33.8],[-118.3,33.8],[-118.3,33.7],[-118.4,33.7],[-118.4,33.8],[-118.4,33.9],[-118.5,34],[-118.6,34],[-118.7,34],[-118.8,34],[-118.9,34],[-119,34],[-119,34.1],[-119.1,34.1],[-119.2,34.1],[-119.2,34.2],[-119.2,34.1],[-119.2,34.2],[-119.3,34.2],[-119.3,34.3],[-119.4,34.3],[-119.4,34.4],[-119.5,34.4],[-119.6,34.4],[-119.7,34.4],[-119.8,34.4],[-119.9,34.4],[-120,34.4],[-120,34.5],[-120,34.4],[-120,34.5],[-120.1,34.5],[-120.2,34.5],[-120.3,34.5],[-120.4,34.5],[-120.5,34.4],[-120.5,34.5],[-120.6,34.5],[-120.6,34.6],[-120.6,34.7],[-120.6,34.8],[-120.6,34.9],[-120.7,34.9],[-120.6,35],[-120.6,35.1],[-120.7,35.1],[-120.7,35.2],[-120.8,35.2],[-120.9,35.2],[-120.9,35.3],[-120.9,35.4],[-120.9,35.3],[-120.8,35.3],[-120.9,35.4],[-121,35.5],[-121.1,35.5],[-121.1,35.6],[-121.2,35.6],[-121.2,35.7],[-121.3,35.7],[-121.3,35.8],[-121.4,35.8],[-121.4,35.9],[-121.5,35.9],[-121.5,36],[-121.6,36],[-121.6,36.1],[-121.7,36.1],[-121.7,36.2],[-121.8,36.2],[-121.8,36.3],[-121.9,36.3],[-121.9,36.4],[-121.9,36.5],[-122,36.5],[-121.9,36.5],[-121.9,36.6],[-122,36.6],[-121.9,36.6],[-121.8,36.6],[-121.8,36.7],[-121.8,36.8],[-121.9,36.9],[-121.9,37],[-122,37],[-122,36.9],[-122.1,36.9],[-122.1,37],[-122.2,37],[-122.3,37.1],[-122.4,37.2],[-122.4,37.3],[-122.4,37.4],[-122.4,37.5],[-122.5,37.5],[-122.5,37.6],[-122.5,37.7],[-122.5,37.8],[-122.4,37.8],[-122.4,37.7],[-122.4,37.6],[-122.3,37.6],[-122.2,37.6],[-122.2,37.5],[-122.1,37.5],[-122.1,37.4],[-122,37.5],[-122.1,37.5],[-122.1,37.6],[-122.2,37.6],[-122.2,37.7],[-122.3,37.7],[-122.2,37.7],[-122.2,37.8],[-122.3,37.8],[-122.3,37.9],[-122.4,37.9],[-122.4,38],[-122.3,38],[-122.2,38.1],[-122.2,38],[-122.1,38],[-122.1,38.1],[-122,38.1],[-121.9,38],[-121.8,38],[-121.7,38],[-121.7,38.1],[-121.6,38.1],[-121.6,38],[-121.6,38.1],[-121.5,38.1],[-121.5,38],[-121.4,38],[-121.5,38],[-121.5,38.1],[-121.6,38.1],[-121.7,38.1],[-121.7,38],[-121.8,38],[-121.8,38.1],[-121.7,38.1],[-121.8,38.1],[-121.9,38.1],[-122,38.1],[-122.1,38.1],[-122.1,38],[-122.2,38],[-122.2,38.1],[-122.3,38.1],[-122.4,38.2],[-122.4,38.1],[-122.5,38.1],[-122.5,38],[-122.4,38],[-122.5,38],[-122.5,37.9],[-122.4,37.9],[-122.5,37.9],[-122.5,37.8],[-122.6,37.8],[-122.6,37.9],[-122.7,37.9],[-122.8,37.9],[-122.8,38],[-122.9,38],[-122.9,38.1],[-122.9,38],[-123,38],[-122.9,38.1],[-123,38.2],[-122.9,38.2],[-122.9,38.1],[-122.8,38.1],[-122.9,38.1],[-122.9,38.2],[-123,38.2],[-123,38.3],[-123.1,38.3],[-123.1,38.4],[-123.2,38.5],[-123.3,38.5],[-123.3,38.6],[-123.4,38.6],[-123.4,38.7],[-123.5,38.7],[-123.5,38.8],[-123.6,38.8],[-123.7,38.9],[-123.7,39],[-123.7,39.1],[-123.7,39.2],[-123.8,39.2],[-123.8,39.3],[-123.8,39.4],[-123.8,39.5],[-123.8,39.6],[-123.8,39.7],[-123.8,39.8],[-123.9,39.8],[-123.9,39.9],[-124,39.9],[-124,40],[-124.1,40],[-124.1,40.1],[-124.2,40.1],[-124.2,40.2],[-124.3,40.2],[-124.4,40.3],[-124.3,40.3],[-124.4,40.3],[-124.4,40.4],[-124.4,40.5],[-124.4,40.6],[-124.3,40.6],[-124.3,40.7],[-124.2,40.8],[-124.2,40.7],[-124.3,40.7],[-124.2,40.7],[-124.2,40.8],[-124.1,40.8],[-124.1,40.9],[-124.2,40.9],[-124.2,40.8],[-124.1,40.9],[-124.1,41],[-124.1,41.1],[-124.2,41.1],[-124.1,41.1],[-124.1,41.2],[-124.1,41.3],[-124.1,41.4],[-124.1,41.5],[-124.1,41.6],[-124.1,41.7],[-124.2,41.7],[-124.2,41.8],[-124.3,41.8],[-124.2,41.8],[-124.2,41.9],[-124.2,42],[-124.3,42],[-124.3,42.1],[-124.4,42.1],[-124.4,42.2],[-124.4,42.3],[-124.4,42.4],[-124.4,42.5],[-124.4,42.6],[-124.4,42.7],[-124.5,42.7],[-124.5,42.8],[-124.6,42.8],[-124.5,42.8],[-124.5,42.9],[-124.5,43],[-124.4,43],[-124.4,43.1],[-124.4,43.3],[-124.3,43.4],[-124.3,43.3],[-124.3,43.4],[-124.2,43.4],[-124.1,43.4],[-124.2,43.4],[-124.2,43.5],[-124.2,43.4],[-124.3,43.4],[-124.2,43.5],[-124.2,43.6],[-124.2,43.7],[-124.1,43.7],[-124.2,43.7],[-124.2,43.8],[-124.2,43.9],[-124.1,43.9],[-124.1,44],[-124.1,44.1],[-124.1,44.2],[-124.1,44.3],[-124.1,44.4],[-124,44.4],[-124.1,44.4],[-124.1,44.5],[-124.1,44.6],[-124,44.6],[-124.1,44.6],[-124.1,44.7],[-124.1,44.8],[-124,44.9],[-124,45],[-124,45.1],[-124,45.2],[-124,45.3],[-124,45.4],[-123.9,45.4],[-124,45.4],[-124,45.5],[-123.9,45.6],[-123.9,45.5],[-123.9,45.6],[-124,45.6],[-123.9,45.6],[-123.9,45.7],[-124,45.7],[-124,45.8],[-124,45.9],[-124,46],[-123.9,46],[-123.9,46.1],[-124,46.1],[-124,46.2],[-123.9,46.2],[-123.8,46.2],[-123.8,46.1],[-123.8,46.2],[-123.9,46.2],[-123.8,46.2],[-123.7,46.2],[-123.6,46.2],[-123.5,46.2],[-123.4,46.2],[-123.4,46.1],[-123.3,46.1],[-123.2,46.1],[-123.2,46.2],[-123.3,46.2],[-123.4,46.2],[-123.4,46.3],[-123.5,46.3],[-123.6,46.3],[-123.7,46.3],[-123.8,46.3],[-123.9,46.3],[-123.9,46.2],[-123.9,46.3],[-124,46.3],[-124.1,46.3],[-124,46.3],[-124.1,46.3],[-124.1,46.4],[-124.1,46.6],[-124.1,46.7],[-124.1,46.6],[-124,46.6],[-124,46.5],[-124,46.4],[-123.9,46.4],[-123.8,46.4],[-123.9,46.4],[-123.9,46.5],[-123.9,46.6],[-124,46.6],[-123.9,46.6],[-123.9,46.7],[-123.8,46.7],[-123.9,46.7],[-124,46.7],[-124.1,46.7],[-124.1,46.8],[-124.1,46.9],[-124.1,46.8],[-124,46.8],[-124,46.9],[-124.1,46.9],[-124,46.9],[-123.9,46.9],[-123.8,47],[-123.9,47],[-124,47],[-123.9,47],[-124,47],[-124.1,47],[-124.1,46.9],[-124.2,46.9],[-124.2,47],[-124.2,47.1],[-124.2,47.2],[-124.2,47.3],[-124.3,47.3],[-124.3,47.4],[-124.3,47.5],[-124.4,47.5],[-124.4,47.6],[-124.4,47.7],[-124.4,47.8],[-124.5,47.8],[-124.6,47.9],[-124.7,48],[-124.7,48.1],[-124.7,48.2],[-124.7,48.3],[-124.7,48.4],[-124.6,48.4],[-124.5,48.3],[-124.4,48.3],[-124.3,48.3],[-124.2,48.3],[-124.2,48.2],[-124.1,48.2],[-124,48.2],[-123.9,48.2],[-123.8,48.2],[-123.7,48.2],[-123.6,48.2],[-123.6,48.1],[-123.6,48.2],[-123.5,48.1],[-123.4,48.1],[-123.5,48.1],[-123.4,48.1],[-123.3,48.1],[-123.2,48.1],[-123.2,48.2],[-123.1,48.2],[-123.2,48.2],[-123.1,48.2],[-123.1,48.1],[-123,48.1],[-123,48],[-123,48.1],[-122.9,48.1],[-122.9,48],[-122.8,48],[-122.9,48.1],[-122.8,48.1],[-122.8,48],[-122.7,48],[-122.7,47.9],[-122.6,47.9],[-122.7,47.9],[-122.7,47.8],[-122.8,47.8],[-122.8,47.7],[-122.8,47.8],[-122.9,47.8],[-122.8,47.7],[-122.9,47.7],[-122.9,47.6],[-123,47.6],[-123,47.5],[-123.1,47.5],[-123.1,47.4],[-123.2,47.4],[-123.1,47.3],[-122.9,47.4],[-122.8,47.4],[-122.9,47.4],[-123,47.4],[-123.1,47.4],[-123.1,47.5],[-123,47.5],[-122.9,47.6],[-122.8,47.7],[-122.7,47.7],[-122.6,47.8],[-122.6,47.9],[-122.6,47.8],[-122.6,47.9],[-122.5,47.9],[-122.5,47.8],[-122.5,47.7],[-122.6,47.7],[-122.7,47.7],[-122.6,47.7],[-122.6,47.6],[-122.7,47.7],[-122.7,47.6],[-122.6,47.6],[-122.7,47.6],[-122.7,47.5],[-122.6,47.5],[-122.6,47.6],[-122.5,47.6],[-122.5,47.5],[-122.5,47.4],[-122.6,47.4],[-122.5,47.4],[-122.6,47.3],[-122.7,47.3],[-122.6,47.4],[-122.7,47.4],[-122.7,47.3],[-122.8,47.3],[-122.7,47.3],[-122.7,47.2],[-122.8,47.2],[-122.7,47.2],[-122.8,47.2],[-122.8,47.3],[-122.8,47.4],[-122.8,47.3],[-122.9,47.3],[-122.9,47.2],[-123,47.2],[-123.1,47.1],[-123,47.1],[-123.1,47.1],[-123,47.1],[-123,47.2],[-122.9,47.2],[-123,47.1],[-122.9,47.1],[-122.9,47],[-122.9,47.1],[-122.9,47.2],[-122.8,47.2],[-122.8,47.1],[-122.9,47.1],[-122.8,47.1],[-122.8,47.2],[-122.8,47.1],[-122.7,47.1],[-122.6,47.2],[-122.5,47.3],[-122.4,47.3],[-122.3,47.3],[-122.3,47.4],[-122.4,47.4],[-122.4,47.5],[-122.4,47.6],[-122.3,47.6],[-122.4,47.6],[-122.4,47.7],[-122.4,47.8],[-122.4,47.9],[-122.3,47.9],[-122.3,48],[-122.2,48],[-122.3,48.1],[-122.4,48.1],[-122.4,48.2],[-122.5,48.2],[-122.5,48.1],[-122.4,48.1],[-122.3,48.1],[-122.4,48.1],[-122.5,48.1],[-122.5,48.2],[-122.5,48.3],[-122.4,48.3],[-122.4,48.2],[-122.4,48.3],[-122.5,48.3],[-122.5,48.4],[-122.6,48.4],[-122.7,48.4],[-122.7,48.5],[-122.6,48.5],[-122.5,48.5],[-122.5,48.6],[-122.6,48.6],[-122.5,48.6],[-122.4,48.6],[-122.5,48.6],[-122.5,48.7],[-122.5,48.8],[-122.6,48.8],[-122.6,48.7],[-122.7,48.7],[-122.7,48.8],[-122.6,48.8],[-122.7,48.8],[-122.8,48.9],[-122.7,48.9],[-122.8,48.9],[-122.8,49],[-122.7,49],[-122.8,49]]],[[[-141,69.7],[-141,69.5],[-141,69.4],[-141,69.2],[-141,69.1],[-141,68.9],[-141,68.8],[-141,68.6],[-141,68.5],[-141,68.3],[-141,68.2],[-141,68],[-141,67.9],[-141,67.8],[-141,67.6],[-141,67.5],[-141,67.3],[-141,67.2],[-141,67],[-141,66.9],[-141,66.7],[-141,66.6],[-141,66.4],[-141,66.3],[-141,66.2],[-141,66],[-141,65.9],[-141,65.7],[-141,65.6],[-141,65.4],[-141,65.3],[-141,65.1],[-141,65],[-141,64.8],[-141,64.7],[-141,64.5],[-141,64.4],[-141,64.3],[-141,64.1],[-141,64],[-141,63.8],[-141,63.7],[-141,63.5],[-141,63.4],[-141,63.2],[-141,63.1],[-141,62.9],[-141,62.8],[-141,62.7],[-141,62.5],[-141,62.4],[-141,62.2],[-141,62.1],[-141,61.9],[-141,61.8],[-141,61.6],[-141,61.5],[-141,61.3],[-141,61.2],[-141,61],[-141,60.9],[-141,60.8],[-141,60.6],[-141,60.5],[-141,60.3],[-140.9,60.3],[-140.8,60.3],[-140.7,60.2],[-140.5,60.2],[-140.5,60.3],[-140.4,60.3],[-140.3,60.3],[-140.2,60.2],[-140,60.2],[-139.9,60.2],[-139.8,60.3],[-139.7,60.3],[-139.6,60.3],[-139.5,60.3],[-139.4,60.3],[-139.3,60.3],[-139.1,60.3],[-139.1,60.2],[-139.2,60.1],[-139.1,60],[-139,60],[-138.8,59.9],[-138.7,59.9],[-138.7,59.8],[-138.6,59.8],[-138.5,59.7],[-138.4,59.6],[-138.2,59.6],[-138.1,59.5],[-137.9,59.4],[-137.8,59.3],[-137.6,59.2],[-137.5,59.1],[-137.5,59],[-137.5,58.9],[-137.4,58.9],[-137.3,59],[-137.2,59],[-137.1,59.1],[-137,59.1],[-136.9,59.1],[-136.8,59.1],[-136.8,59.2],[-136.7,59.2],[-136.6,59.2],[-136.5,59.3],[-136.5,59.4],[-136.5,59.5],[-136.4,59.5],[-136.4,59.4],[-136.3,59.5],[-136.2,59.5],[-136.3,59.6],[-136.4,59.6],[-136.3,59.6],[-136.1,59.6],[-136,59.7],[-135.9,59.7],[-135.8,59.7],[-135.6,59.7],[-135.5,59.8],[-135.4,59.8],[-135.3,59.7],[-135.2,59.7],[-135.2,59.6],[-135.1,59.6],[-135,59.6],[-135,59.5],[-135.1,59.4],[-135,59.4],[-135,59.3],[-134.9,59.3],[-134.8,59.3],[-134.7,59.2],[-134.6,59.1],[-134.5,59.1],[-134.4,59.1],[-134.4,59],[-134.3,59],[-134.3,58.9],[-134.2,58.8],[-134.1,58.8],[-134,58.8],[-133.9,58.7],[-133.8,58.7],[-133.7,58.6],[-133.6,58.5],[-133.5,58.5],[-133.4,58.4],[-133.4,58.3],[-133.3,58.2],[-133.2,58.1],[-133.1,58.1],[-133.1,58],[-133,57.9],[-132.9,57.9],[-132.8,57.8],[-132.7,57.7],[-132.6,57.6],[-132.6,57.5],[-132.5,57.4],[-132.4,57.3],[-132.3,57.3],[-132.2,57.2],[-132.3,57.1],[-132.2,57.1],[-132,57],[-132.1,56.9],[-131.9,56.8],[-131.9,56.7],[-131.8,56.7],[-131.8,56.6],[-131.7,56.6],[-131.6,56.6],[-131.5,56.6],[-131.3,56.5],[-131.2,56.5],[-131.1,56.4],[-131,56.4],[-130.8,56.4],[-130.8,56.3],[-130.6,56.3],[-130.6,56.2],[-130.5,56.2],[-130.4,56.1],[-130.3,56.1],[-130.2,56.1],[-130.1,56.1],[-130,56],[-130,55.9],[-130.1,55.8],[-130.2,55.8],[-130.2,55.7],[-130.1,55.7],[-130.1,55.6],[-130.2,55.6],[-130.1,55.6],[-130.1,55.5],[-130.1,55.4],[-130.1,55.3],[-130,55.3],[-130.1,55.3],[-130.1,55.2],[-130.2,55.2],[-130.2,55.1],[-130.2,55],[-130.3,55],[-130.3,54.9],[-130.4,54.9],[-130.5,54.8],[-130.6,54.8],[-130.6,54.9],[-130.6,54.8],[-130.7,54.8],[-130.7,54.9],[-130.7,55],[-130.8,55],[-130.8,54.9],[-130.7,54.9],[-130.7,54.8],[-130.8,54.8],[-130.9,54.8],[-130.9,54.9],[-131,54.9],[-130.9,54.9],[-130.9,55],[-131,55],[-131,55.1],[-130.9,55.1],[-130.8,55.1],[-130.7,55.1],[-130.6,55.2],[-130.5,55.3],[-130.6,55.3],[-130.6,55.2],[-130.7,55.2],[-130.8,55.1],[-130.9,55.1],[-131,55.1],[-131.1,55.1],[-131.1,55.2],[-131,55.2],[-131,55.3],[-130.9,55.3],[-130.6,55.3],[-130.7,55.3],[-130.6,55.3],[-130.7,55.4],[-130.7,55.3],[-130.8,55.3],[-130.9,55.3],[-130.9,55.5],[-130.9,55.6],[-130.9,55.7],[-130.9,55.8],[-131,55.8],[-130.9,55.8],[-131,55.8],[-131.1,55.9],[-131.2,55.9],[-131.2,56],[-131.1,56],[-131,56.1],[-131.1,56.1],[-131,56.1],[-131.1,56.1],[-131.1,56],[-131.2,56],[-131.3,56],[-131.4,56],[-131.5,56],[-131.6,55.9],[-131.7,55.9],[-131.8,55.9],[-131.9,55.9],[-131.8,55.8],[-131.8,55.7],[-131.9,55.7],[-131.8,55.7],[-131.8,55.6],[-131.9,55.6],[-132,55.7],[-132,55.6],[-131.9,55.6],[-131.9,55.5],[-132,55.5],[-132.1,55.6],[-132.2,55.6],[-132.2,55.7],[-132.3,55.7],[-132.3,55.8],[-132.2,55.8],[-132.2,55.7],[-132.2,55.8],[-132.1,55.8],[-132,55.8],[-132.1,55.8],[-132.1,55.9],[-132,55.9],[-132.1,55.9],[-132,56],[-131.9,56],[-132,56],[-131.9,56],[-132,56.1],[-132,56.2],[-131.9,56.2],[-131.8,56.2],[-131.7,56.2],[-131.6,56.2],[-131.5,56.2],[-131.6,56.2],[-131.7,56.2],[-131.9,56.2],[-132,56.3],[-132,56.4],[-132.1,56.4],[-132.2,56.4],[-132.2,56.5],[-132.3,56.5],[-132.4,56.6],[-132.3,56.6],[-132.4,56.6],[-132.5,56.6],[-132.6,56.6],[-132.5,56.7],[-132.5,56.8],[-132.4,56.8],[-132.5,56.8],[-132.7,56.8],[-132.8,56.8],[-132.8,56.9],[-132.9,56.9],[-132.9,57],[-132.8,57],[-132.8,57.1],[-132.9,57],[-133,57],[-133,57.1],[-133.1,57.1],[-133.2,57.1],[-133.1,57.1],[-133.1,57.2],[-133.2,57.2],[-133.2,57.1],[-133.2,57.2],[-133.3,57.1],[-133.4,57.1],[-133.5,57.2],[-133.6,57.2],[-133.5,57.2],[-133.5,57.3],[-133.4,57.3],[-133.3,57.3],[-133.2,57.3],[-133.1,57.3],[-133,57.3],[-133,57.4],[-133.1,57.4],[-133.1,57.3],[-133.2,57.3],[-133.3,57.3],[-133.4,57.3],[-133.4,57.4],[-133.5,57.4],[-133.4,57.4],[-133.3,57.4],[-133.4,57.4],[-133.5,57.4],[-133.5,57.5],[-133.5,57.6],[-133.4,57.6],[-133.3,57.6],[-133.4,57.6],[-133.5,57.6],[-133.6,57.6],[-133.7,57.6],[-133.6,57.7],[-133.5,57.7],[-133.4,57.7],[-133.2,57.6],[-133.1,57.6],[-133.1,57.5],[-133,57.5],[-133.1,57.5],[-133.1,57.6],[-133.2,57.6],[-133.3,57.7],[-133.4,57.7],[-133.5,57.7],[-133.5,57.8],[-133.6,57.8],[-133.6,57.9],[-133.5,57.9],[-133.4,57.9],[-133.3,57.9],[-133.2,57.9],[-133.1,57.9],[-133.2,57.9],[-133.6,57.9],[-133.6,57.8],[-133.7,57.8],[-133.8,57.9],[-133.9,58],[-133.8,58],[-133.7,58],[-133.7,57.9],[-133.7,58],[-133.8,58],[-133.8,58.1],[-133.7,58.1],[-133.7,58.2],[-133.7,58.1],[-133.8,58.1],[-133.7,58.1],[-133.8,58],[-133.9,58],[-134,58],[-134,58.1],[-134.1,58.1],[-134,58.1],[-134.1,58.1],[-134.1,58.2],[-134.1,58.3],[-134,58.3],[-134,58.4],[-133.9,58.4],[-134,58.4],[-133.9,58.5],[-133.8,58.5],[-133.9,58.5],[-134,58.5],[-134,58.4],[-134.1,58.4],[-134,58.4],[-134.1,58.4],[-134.1,58.3],[-134.1,58.2],[-134.2,58.2],[-134.4,58.3],[-134.5,58.3],[-134.5,58.4],[-134.6,58.4],[-134.7,58.4],[-134.8,58.4],[-134.8,58.5],[-134.9,58.6],[-135,58.7],[-134.9,58.7],[-134.9,58.8],[-135,58.8],[-135,58.7],[-135.1,58.8],[-135.1,58.9],[-135.2,58.9],[-135.2,59],[-135.2,59.1],[-135.3,59.2],[-135.4,59.3],[-135.3,59.4],[-135.3,59.5],[-135.4,59.5],[-135.4,59.4],[-135.4,59.3],[-135.5,59.3],[-135.6,59.3],[-135.5,59.3],[-135.4,59.3],[-135.4,59.2],[-135.3,59.2],[-135.3,59.1],[-135.4,59.1],[-135.4,59.2],[-135.5,59.2],[-135.6,59.2],[-135.5,59.2],[-135.5,59.1],[-135.4,59.1],[-135.4,59],[-135.4,58.9],[-135.3,58.9],[-135.3,58.8],[-135.2,58.8],[-135.2,58.7],[-135.2,58.6],[-135.2,58.5],[-135.1,58.5],[-135.1,58.4],[-135.1,58.3],[-135.1,58.2],[-135.2,58.2],[-135.3,58.3],[-135.4,58.3],[-135.4,58.4],[-135.5,58.4],[-135.5,58.5],[-135.5,58.4],[-135.6,58.4],[-135.7,58.4],[-135.9,58.4],[-135.9,58.5],[-136,58.5],[-135.9,58.5],[-135.8,58.5],[-135.9,58.5],[-135.8,58.5],[-135.9,58.6],[-135.8,58.6],[-135.9,58.6],[-135.9,58.7],[-136,58.7],[-136,58.8],[-136.1,58.8],[-136,58.9],[-135.9,58.9],[-135.8,58.9],[-135.9,58.9],[-136,58.9],[-135.9,58.9],[-136,58.9],[-136.1,58.9],[-136,58.9],[-136.1,58.9],[-136.1,59],[-136.2,59],[-136.1,59],[-136.2,58.9],[-136.1,58.9],[-136.1,58.8],[-136.2,58.8],[-136.3,58.8],[-136.4,58.8],[-136.3,58.8],[-136.4,58.8],[-136.5,58.8],[-136.5,58.9],[-136.5,59],[-136.6,58.9],[-136.6,59],[-136.7,59],[-136.6,58.9],[-136.7,58.9],[-136.8,58.9],[-136.8,59],[-136.9,59],[-137,59.1],[-137.1,59.1],[-137.1,59],[-137,59],[-136.9,59],[-136.9,58.9],[-137,58.9],[-137.1,58.9],[-137.1,58.8],[-137.1,58.9],[-137,58.9],[-136.9,58.9],[-136.8,58.9],[-136.8,58.8],[-136.8,58.9],[-136.7,58.9],[-136.7,58.8],[-136.6,58.8],[-136.5,58.8],[-136.6,58.8],[-136.5,58.8],[-136.5,58.7],[-136.4,58.7],[-136.5,58.7],[-136.4,58.7],[-136.3,58.7],[-136.4,58.7],[-136.5,58.6],[-136.4,58.6],[-136.3,58.6],[-136.4,58.6],[-136.3,58.6],[-136.3,58.7],[-136.2,58.6],[-136.1,58.6],[-136.2,58.5],[-136.1,58.5],[-136.1,58.4],[-136,58.4],[-136.1,58.4],[-136.1,58.3],[-136.2,58.3],[-136.3,58.3],[-136.3,58.4],[-136.4,58.4],[-136.5,58.4],[-136.6,58.4],[-136.5,58.4],[-136.5,58.3],[-136.5,58.4],[-136.4,58.4],[-136.4,58.3],[-136.5,58.3],[-136.6,58.3],[-136.6,58.4],[-136.7,58.3],[-136.6,58.3],[-136.6,58.2],[-136.7,58.2],[-136.7,58.3],[-136.8,58.3],[-136.8,58.4],[-136.9,58.4],[-136.9,58.3],[-136.9,58.4],[-137,58.4],[-137.1,58.4],[-137.2,58.4],[-137.3,58.5],[-137.4,58.5],[-137.5,58.6],[-137.6,58.6],[-137.5,58.6],[-137.5,58.7],[-137.4,58.7],[-137.5,58.7],[-137.6,58.7],[-137.6,58.6],[-137.7,58.6],[-137.7,58.7],[-137.9,58.8],[-137.9,58.9],[-138,58.9],[-138.2,59],[-138.3,59],[-138.3,59.1],[-138.4,59.1],[-138.6,59.1],[-138.5,59.1],[-138.5,59.2],[-138.4,59.2],[-138.6,59.2],[-138.7,59.2],[-138.6,59.2],[-138.6,59.1],[-138.7,59.2],[-138.8,59.2],[-139,59.3],[-139.2,59.3],[-139.1,59.3],[-139.2,59.3],[-139.2,59.4],[-139.3,59.4],[-139.4,59.4],[-139.5,59.4],[-139.4,59.4],[-139.3,59.4],[-139.4,59.4],[-139.5,59.4],[-139.6,59.5],[-139.9,59.5],[-139.8,59.6],[-139.8,59.5],[-139.7,59.6],[-139.6,59.6],[-139.5,59.7],[-139.5,59.8],[-139.6,59.8],[-139.6,59.9],[-139.5,59.9],[-139.5,60],[-139.4,60],[-139.4,59.9],[-139.3,59.9],[-139.3,59.8],[-139.3,59.7],[-139.3,59.6],[-139.2,59.6],[-139.3,59.7],[-139.3,59.8],[-139.2,59.9],[-139,59.8],[-138.9,59.8],[-139,59.9],[-139.2,59.9],[-139.3,59.9],[-139.4,59.9],[-139.4,60],[-139.5,60],[-139.5,60.1],[-139.5,60],[-139.6,60],[-139.6,59.9],[-139.7,59.9],[-139.8,59.9],[-139.8,59.8],[-140,59.8],[-140.1,59.7],[-140.3,59.7],[-140.5,59.7],[-140.6,59.7],[-140.7,59.7],[-140.8,59.7],[-140.9,59.7],[-141,59.8],[-141.1,59.8],[-141.3,59.8],[-141.4,59.9],[-141.5,59.9],[-141.4,59.9],[-141.5,59.9],[-141.4,59.9],[-141.3,59.9],[-141.3,60],[-141.3,60.1],[-141.4,60.1],[-141.5,60.1],[-141.4,60.1],[-141.4,60],[-141.5,60],[-141.6,60],[-141.7,60],[-141.9,60],[-142,60],[-142.1,60],[-142.2,60.1],[-142.4,60.1],[-142.5,60.1],[-142.6,60.1],[-142.8,60.1],[-143,60.1],[-143.2,60.1],[-143.5,60.1],[-143.6,60],[-143.7,60],[-143.9,60],[-144,60],[-144.1,60],[-144.2,60],[-144.1,60],[-144,60],[-144,60.1],[-144.1,60.1],[-144.2,60.1],[-144.3,60.2],[-144.2,60.2],[-144.3,60.2],[-144.4,60.2],[-144.5,60.2],[-144.6,60.2],[-144.7,60.2],[-144.6,60.2],[-144.7,60.2],[-144.7,60.3],[-144.8,60.3],[-144.9,60.3],[-144.9,60.4],[-144.8,60.4],[-144.9,60.4],[-144.8,60.4],[-144.8,60.5],[-144.9,60.5],[-144.8,60.5],[-144.8,60.6],[-144.8,60.7],[-144.7,60.7],[-144.6,60.7],[-144.7,60.7],[-144.8,60.7],[-144.8,60.6],[-144.9,60.6],[-145,60.5],[-145.1,60.5],[-145.1,60.4],[-145.2,60.4],[-145.3,60.4],[-145.4,60.4],[-145.5,60.4],[-145.6,60.4],[-145.6,60.5],[-145.7,60.5],[-145.8,60.5],[-145.9,60.4],[-145.9,60.5],[-145.8,60.5],[-145.7,60.6],[-145.6,60.6],[-145.6,60.7],[-145.7,60.7],[-145.8,60.6],[-145.9,60.6],[-145.8,60.6],[-145.8,60.7],[-145.9,60.7],[-145.8,60.7],[-145.9,60.7],[-145.9,60.6],[-146,60.6],[-146,60.7],[-145.9,60.7],[-146,60.7],[-146.2,60.6],[-146.3,60.6],[-146.3,60.7],[-146.2,60.7],[-146.1,60.7],[-146.1,60.8],[-146,60.7],[-146,60.8],[-146.1,60.8],[-146.1,60.7],[-146.2,60.7],[-146.2,60.8],[-146.2,60.7],[-146.3,60.7],[-146.3,60.8],[-146.4,60.7],[-146.5,60.7],[-146.6,60.7],[-146.7,60.7],[-146.7,60.8],[-146.7,60.7],[-146.6,60.7],[-146.6,60.8],[-146.5,60.8],[-146.5,60.7],[-146.5,60.8],[-146.4,60.8],[-146.3,60.8],[-146.2,60.8],[-146.2,60.9],[-146.1,60.8],[-146.2,60.9],[-146.3,60.9],[-146.3,60.8],[-146.4,60.8],[-146.5,60.8],[-146.6,60.8],[-146.6,60.9],[-146.6,60.8],[-146.6,60.9],[-146.7,60.9],[-146.8,61],[-146.7,61],[-146.7,60.9],[-146.6,60.9],[-146.6,61],[-146.7,61],[-146.6,61],[-146.6,61.1],[-146.3,61.1],[-146.2,61.1],[-146.3,61.1],[-146.4,61.1],[-146.5,61.1],[-146.6,61.1],[-146.7,61.1],[-146.8,61],[-146.9,61],[-146.9,60.9],[-147,60.9],[-147,61],[-147.1,61],[-147,61],[-147.1,61],[-147.2,61],[-147.1,61],[-147.2,61],[-147.3,61],[-147.3,60.9],[-147.4,60.9],[-147.4,61],[-147.5,61],[-147.4,61],[-147.5,61],[-147.5,60.9],[-147.5,61],[-147.5,61.1],[-147.5,61.2],[-147.6,61.2],[-147.6,61.1],[-147.6,61],[-147.7,61],[-147.6,61],[-147.6,60.9],[-147.7,60.9],[-147.7,61],[-147.7,60.9],[-147.8,60.9],[-147.8,60.8],[-147.9,60.8],[-147.9,60.9],[-148,60.9],[-148.1,61],[-148,61],[-147.9,61],[-147.9,61.1],[-147.8,61.1],[-147.8,61.2],[-147.7,61.2],[-147.8,61.2],[-147.7,61.3],[-147.8,61.3],[-147.8,61.2],[-147.9,61.2],[-148,61.1],[-148,61],[-148.1,61],[-148.1,61.1],[-148.2,61.1],[-148.3,61.1],[-148.4,61.1],[-148.4,61],[-148.3,61],[-148.3,61.1],[-148.2,61.1],[-148.1,61.1],[-148.2,61.1],[-148.2,61],[-148.3,61],[-148.3,60.9],[-148.3,60.8],[-148.3,60.9],[-148.4,60.9],[-148.3,60.8],[-148.4,60.8],[-148.5,60.8],[-148.6,60.8],[-148.7,60.8],[-148.6,60.8],[-148.5,60.8],[-148.4,60.8],[-148.5,60.8],[-148.6,60.8],[-148.7,60.7],[-148.6,60.7],[-148.5,60.8],[-148.4,60.8],[-148.4,60.7],[-148.4,60.6],[-148.4,60.7],[-148.3,60.7],[-148.3,60.8],[-148.2,60.8],[-148.3,60.7],[-148.2,60.7],[-148.2,60.6],[-148.3,60.5],[-148.4,60.5],[-148.4,60.6],[-148.5,60.6],[-148.6,60.5],[-148.7,60.5],[-148.6,60.5],[-148.5,60.5],[-148.4,60.5],[-148.3,60.5],[-148.4,60.5],[-148.3,60.5],[-148.2,60.5],[-148.2,60.6],[-148.2,60.5],[-148.1,60.6],[-148,60.6],[-148.1,60.5],[-148,60.6],[-148,60.5],[-147.9,60.5],[-147.9,60.4],[-148,60.4],[-148.1,60.4],[-148.2,60.4],[-148.1,60.4],[-148.2,60.4],[-148.3,60.4],[-148.3,60.3],[-148.2,60.3],[-148.2,60.4],[-148.2,60.3],[-148.3,60.3],[-148.4,60.3],[-148.4,60.2],[-148.3,60.2],[-148.3,60.3],[-148.2,60.3],[-148.2,60.2],[-148.3,60.2],[-148.2,60.2],[-148.1,60.2],[-148.2,60.1],[-148.3,60.1],[-148.3,60.2],[-148.4,60.1],[-148.4,60],[-148.5,60],[-148.6,60],[-148.5,60],[-148.6,60],[-148.6,59.9],[-148.7,59.9],[-148.6,60],[-148.7,60],[-148.8,60],[-148.8,59.9],[-148.9,59.9],[-148.9,60],[-149,60],[-149.1,60],[-149,60.1],[-149.1,60.1],[-149.1,60],[-149.2,60],[-149.2,59.9],[-149.3,59.9],[-149.3,60],[-149.4,60.1],[-149.4,60],[-149.5,59.9],[-149.6,59.9],[-149.6,59.8],[-149.5,59.8],[-149.5,59.7],[-149.6,59.7],[-149.6,59.8],[-149.7,59.8],[-149.6,59.9],[-149.7,59.9],[-149.7,60],[-149.7,59.9],[-149.8,59.8],[-149.8,59.9],[-149.9,59.8],[-149.8,59.8],[-149.8,59.7],[-149.7,59.7],[-149.8,59.7],[-149.9,59.7],[-149.9,59.8],[-150,59.8],[-150,59.7],[-149.9,59.7],[-150,59.7],[-150,59.6],[-150.1,59.7],[-150.1,59.6],[-150.2,59.6],[-150.2,59.5],[-150.3,59.5],[-150.2,59.5],[-150.3,59.5],[-150.4,59.5],[-150.3,59.5],[-150.4,59.5],[-150.3,59.6],[-150.3,59.7],[-150.2,59.7],[-150.3,59.7],[-150.4,59.6],[-150.4,59.5],[-150.5,59.5],[-150.6,59.5],[-150.5,59.6],[-150.6,59.6],[-150.7,59.6],[-150.7,59.5],[-150.6,59.5],[-150.6,59.4],[-150.7,59.4],[-150.8,59.4],[-150.8,59.3],[-150.9,59.3],[-150.9,59.2],[-151,59.2],[-151,59.3],[-151.1,59.3],[-151.2,59.3],[-151.3,59.3],[-151.2,59.3],[-151.1,59.3],[-151.1,59.2],[-151.2,59.2],[-151.3,59.2],[-151.4,59.2],[-151.4,59.3],[-151.5,59.2],[-151.6,59.2],[-151.7,59.2],[-151.8,59.2],[-151.9,59.2],[-151.9,59.3],[-152,59.3],[-151.9,59.4],[-151.8,59.4],[-151.9,59.4],[-151.8,59.4],[-151.7,59.4],[-151.7,59.5],[-151.5,59.5],[-151.4,59.5],[-151.4,59.4],[-151.4,59.5],[-151.5,59.5],[-151.4,59.5],[-151.4,59.6],[-151.3,59.6],[-151.2,59.6],[-151.2,59.7],[-151.1,59.7],[-151,59.8],[-151.1,59.8],[-151.2,59.8],[-151.2,59.7],[-151.4,59.7],[-151.5,59.6],[-151.4,59.6],[-151.7,59.7],[-151.8,59.7],[-151.9,59.7],[-151.9,59.8],[-151.8,59.8],[-151.8,59.9],[-151.7,60],[-151.5,60.2],[-151.4,60.2],[-151.4,60.3],[-151.4,60.4],[-151.3,60.4],[-151.3,60.5],[-151.3,60.6],[-151.4,60.6],[-151.4,60.7],[-151.3,60.7],[-151.3,60.8],[-151.1,60.8],[-151,60.8],[-150.8,60.9],[-150.6,61],[-150.5,61],[-150.4,61],[-150.3,61],[-150.2,60.9],[-150,60.9],[-149.9,60.9],[-149.9,61],[-149.8,61],[-149.7,61],[-149.6,60.9],[-149.5,60.9],[-149.1,60.9],[-149,60.9],[-149.1,60.9],[-149.2,60.9],[-149.2,61],[-149.3,60.9],[-149.4,60.9],[-149.5,61],[-149.6,61],[-149.8,61],[-149.8,61.1],[-149.9,61.1],[-150.1,61.2],[-150,61.2],[-149.9,61.2],[-149.9,61.3],[-149.8,61.3],[-149.7,61.4],[-149.3,61.5],[-149.2,61.5],[-149.3,61.5],[-149.4,61.5],[-149.6,61.5],[-149.8,61.5],[-149.8,61.4],[-149.9,61.4],[-149.9,61.3],[-150,61.3],[-150,61.2],[-150.3,61.3],[-150.5,61.3],[-150.6,61.3],[-150.5,61.4],[-150.6,61.4],[-150.6,61.3],[-150.7,61.3],[-150.9,61.2],[-151,61.2],[-151.1,61.2],[-151.1,61.1],[-151.2,61.1],[-151.2,61],[-151.3,61],[-151.4,61],[-151.5,61],[-151.6,61],[-151.7,60.9],[-151.8,60.9],[-151.8,60.8],[-151.7,60.7],[-151.8,60.7],[-151.8,60.8],[-151.9,60.8],[-151.9,60.7],[-152,60.7],[-152.1,60.7],[-152.1,60.6],[-152.2,60.6],[-152.3,60.5],[-152.3,60.4],[-152.2,60.4],[-152.4,60.4],[-152.4,60.3],[-152.5,60.3],[-152.6,60.2],[-152.7,60.2],[-152.8,60.2],[-152.8,60.3],[-152.9,60.3],[-153,60.3],[-153.1,60.3],[-153,60.3],[-152.9,60.3],[-152.9,60.2],[-152.8,60.2],[-152.7,60.2],[-152.7,60.1],[-152.6,60.1],[-152.6,60],[-152.7,60],[-152.7,59.9],[-152.8,59.9],[-152.9,59.9],[-153,59.9],[-153.1,59.9],[-153.2,59.9],[-153.3,59.8],[-153.2,59.8],[-153.1,59.8],[-153,59.8],[-153,59.7],[-153.1,59.7],[-153.2,59.7],[-153.2,59.6],[-153.3,59.6],[-153.3,59.7],[-153.3,59.6],[-153.4,59.6],[-153.4,59.7],[-153.4,59.6],[-153.4,59.7],[-153.3,59.7],[-153.4,59.7],[-153.5,59.8],[-153.5,59.7],[-153.4,59.7],[-153.5,59.7],[-153.5,59.6],[-153.6,59.6],[-153.6,59.7],[-153.6,59.6],[-153.7,59.6],[-153.6,59.6],[-153.8,59.5],[-153.8,59.6],[-153.9,59.6],[-153.9,59.5],[-153.8,59.5],[-153.7,59.5],[-153.8,59.4],[-153.9,59.4],[-154,59.4],[-154.1,59.4],[-154.1,59.3],[-154,59.4],[-154,59.3],[-154.1,59.3],[-154.1,59.2],[-154.2,59.2],[-154.3,59.1],[-154.2,59.1],[-154.2,59],[-154.1,59],[-154.1,59.1],[-154,59.1],[-153.9,59.1],[-153.8,59.1],[-153.7,59.1],[-153.7,59],[-153.6,59],[-153.5,59],[-153.4,59],[-153.4,58.9],[-153.3,58.9],[-153.4,58.9],[-153.3,58.9],[-153.3,58.8],[-153.3,58.9],[-153.4,58.8],[-153.4,58.7],[-153.5,58.7],[-153.6,58.7],[-153.6,58.6],[-153.7,58.6],[-153.8,58.6],[-153.9,58.6],[-153.9,58.5],[-154,58.5],[-153.9,58.5],[-154,58.5],[-154.1,58.5],[-154.1,58.4],[-154,58.4],[-154.1,58.4],[-154.2,58.4],[-154.2,58.3],[-154.3,58.3],[-154.4,58.3],[-154.3,58.3],[-154.2,58.3],[-154.1,58.3],[-154.2,58.3],[-154.2,58.2],[-154.3,58.2],[-154.2,58.2],[-154.2,58.1],[-154.3,58.1],[-154.3,58.2],[-154.3,58.1],[-154.4,58.1],[-154.4,58.2],[-154.5,58.2],[-154.5,58.1],[-154.6,58.1],[-154.5,58.1],[-154.6,58.1],[-154.6,58],[-154.6,58.1],[-154.7,58.1],[-154.7,58],[-154.8,58],[-154.9,58],[-155,58],[-155.1,58],[-155.1,57.9],[-155.3,57.9],[-155.2,57.9],[-155.2,57.8],[-155.3,57.8],[-155.4,57.8],[-155.3,57.8],[-155.3,57.7],[-155.4,57.7],[-155.5,57.8],[-155.6,57.8],[-155.6,57.7],[-155.7,57.6],[-155.8,57.6],[-155.7,57.6],[-155.8,57.5],[-155.8,57.6],[-155.9,57.6],[-155.9,57.5],[-156,57.5],[-156,57.6],[-156,57.5],[-156.1,57.5],[-156,57.5],[-156.1,57.4],[-156.2,57.5],[-156.2,57.4],[-156.3,57.4],[-156.5,57.3],[-156.6,57.3],[-156.5,57.3],[-156.4,57.3],[-156.3,57.3],[-156.4,57.3],[-156.4,57.2],[-156.3,57.2],[-156.4,57.2],[-156.4,57.1],[-156.5,57.1],[-156.5,57],[-156.6,57],[-156.6,57.1],[-156.6,57],[-156.5,57],[-156.6,57],[-156.7,57],[-156.8,57.1],[-156.8,57],[-156.8,56.9],[-156.9,57],[-157,57],[-156.9,57],[-156.9,56.9],[-157,56.9],[-156.9,56.9],[-157,56.9],[-157.1,56.9],[-157.1,56.8],[-157.2,56.9],[-157.2,56.8],[-157.1,56.8],[-157.2,56.8],[-157.3,56.8],[-157.4,56.9],[-157.5,56.8],[-157.4,56.8],[-157.5,56.8],[-157.6,56.7],[-157.5,56.7],[-157.5,56.6],[-157.6,56.6],[-157.7,56.6],[-157.8,56.7],[-157.9,56.7],[-157.9,56.6],[-158,56.6],[-158.1,56.6],[-158.1,56.5],[-158,56.6],[-157.9,56.6],[-157.8,56.6],[-157.8,56.5],[-157.9,56.5],[-158,56.5],[-158.1,56.5],[-158.2,56.5],[-158.1,56.5],[-158.2,56.5],[-158.3,56.5],[-158.4,56.5],[-158.4,56.4],[-158.5,56.4],[-158.5,56.3],[-158.6,56.3],[-158.5,56.2],[-158.5,56.3],[-158.6,56.3],[-158.5,56.3],[-158.4,56.3],[-158.3,56.3],[-158.2,56.3],[-158.3,56.2],[-158.4,56.2],[-158.3,56.2],[-158.2,56.2],[-158.1,56.2],[-158.2,56.2],[-158.3,56.2],[-158.4,56.2],[-158.4,56.1],[-158.4,56.2],[-158.4,56.1],[-158.5,56.1],[-158.5,56],[-158.5,56.1],[-158.4,56],[-158.5,56],[-158.6,56],[-158.5,56.1],[-158.6,56],[-158.6,56.1],[-158.5,56.1],[-158.5,56.2],[-158.6,56.2],[-158.6,56.1],[-158.7,56.1],[-158.7,56.2],[-158.7,56.1],[-158.7,56],[-158.6,56],[-158.7,56],[-158.8,56],[-158.7,56],[-158.8,56],[-158.9,56],[-158.9,55.9],[-159,55.9],[-159.1,55.9],[-159.2,55.9],[-159.3,55.9],[-159.4,55.9],[-159.4,55.8],[-159.5,55.8],[-159.5,55.9],[-159.6,55.9],[-159.5,55.8],[-159.5,55.7],[-159.6,55.7],[-159.5,55.7],[-159.6,55.7],[-159.6,55.6],[-159.7,55.6],[-159.8,55.6],[-159.7,55.6],[-159.6,55.6],[-159.7,55.7],[-159.6,55.7],[-159.7,55.7],[-159.7,55.8],[-159.6,55.8],[-159.7,55.8],[-159.8,55.9],[-159.9,55.8],[-160,55.8],[-160.1,55.8],[-160,55.7],[-160.1,55.7],[-160.2,55.7],[-160.1,55.7],[-160.2,55.7],[-160.3,55.7],[-160.3,55.6],[-160.4,55.7],[-160.4,55.6],[-160.5,55.6],[-160.4,55.6],[-160.5,55.5],[-160.6,55.5],[-160.6,55.6],[-160.7,55.6],[-160.7,55.5],[-160.8,55.5],[-160.7,55.5],[-160.8,55.4],[-160.8,55.5],[-160.9,55.5],[-161,55.5],[-161,55.4],[-161.1,55.4],[-161.3,55.4],[-161.4,55.4],[-161.5,55.4],[-161.5,55.5],[-161.4,55.5],[-161.4,55.6],[-161.3,55.6],[-161.3,55.5],[-161.2,55.5],[-161.1,55.5],[-161.2,55.5],[-161.2,55.6],[-161.3,55.6],[-161.4,55.6],[-161.6,55.6],[-161.7,55.6],[-161.7,55.5],[-161.7,55.4],[-161.8,55.3],[-161.9,55.2],[-162,55.2],[-161.9,55.2],[-162,55.2],[-162,55.1],[-162.1,55.1],[-162.1,55.2],[-162.2,55.1],[-162.2,55],[-162.3,55],[-162.3,55.1],[-162.4,55],[-162.5,55],[-162.5,55.1],[-162.4,55.1],[-162.5,55.2],[-162.6,55.3],[-162.7,55.3],[-162.7,55.2],[-162.6,55.2],[-162.6,55.1],[-162.6,55],[-162.7,55],[-162.6,55],[-162.6,55.1],[-162.7,55.1],[-162.7,55],[-162.8,54.9],[-162.9,54.9],[-162.9,55],[-163,55],[-162.9,55],[-163,55],[-163,55.1],[-163.1,55.1],[-163.2,55.1],[-163.1,55.1],[-163.2,55.1],[-163.2,55],[-163.1,55],[-163,54.9],[-163.1,54.9],[-163.2,54.9],[-163.2,54.8],[-163.3,54.8],[-163.4,54.8],[-163.4,54.9],[-163.3,54.9],[-163.3,55],[-163.3,54.9],[-163.3,55],[-163.2,55],[-163.3,55],[-163.3,55.1],[-163.1,55.2],[-163,55.2],[-163.1,55.2],[-163,55.2],[-162.9,55.2],[-162.8,55.2],[-162.9,55.2],[-162.9,55.3],[-162.8,55.3],[-162.7,55.3],[-162.7,55.4],[-162.6,55.4],[-162.6,55.3],[-162.5,55.4],[-162.6,55.4],[-162.5,55.5],[-162.2,55.7],[-162.1,55.7],[-162.1,55.8],[-161.9,55.8],[-161.8,55.9],[-161.7,55.9],[-161.6,55.9],[-161.5,55.9],[-161.5,56],[-161.4,56],[-161.2,56],[-161.3,56],[-161.4,56],[-161.2,56],[-161.2,55.9],[-161.1,56],[-161.1,55.9],[-161,55.9],[-161,56],[-160.9,56],[-160.9,55.9],[-161,55.9],[-160.9,55.9],[-161,55.8],[-160.9,55.8],[-160.8,55.7],[-160.8,55.8],[-160.7,55.7],[-160.7,55.8],[-160.8,55.8],[-160.8,55.9],[-160.7,55.9],[-160.5,55.9],[-160.5,55.8],[-160.4,55.8],[-160.3,55.8],[-160.2,55.8],[-160.3,55.8],[-160.2,55.8],[-160.3,55.9],[-160.5,55.9],[-160.6,55.9],[-160.5,56],[-160.6,56],[-160.5,56],[-160.5,56.1],[-160.5,56.2],[-160.4,56.2],[-160.4,56.3],[-160.2,56.3],[-160.2,56.4],[-160,56.4],[-159.9,56.5],[-159.8,56.5],[-159.7,56.6],[-159.5,56.6],[-159.6,56.6],[-159.5,56.6],[-159.3,56.7],[-159.2,56.7],[-159.3,56.7],[-159.2,56.8],[-159.1,56.8],[-159,56.8],[-158.9,56.9],[-159,56.9],[-159,56.8],[-158.9,56.8],[-158.8,56.8],[-158.7,56.8],[-158.6,56.8],[-158.7,56.8],[-158.7,56.9],[-158.7,57],[-158.7,57.1],[-158.6,57.1],[-158.3,57.3],[-158.2,57.4],[-158.1,57.4],[-158,57.4],[-158,57.5],[-157.9,57.5],[-157.8,57.6],[-157.7,57.6],[-157.7,57.5],[-157.5,57.5],[-157.4,57.5],[-157.4,57.6],[-157.5,57.6],[-157.4,57.5],[-157.5,57.5],[-157.6,57.5],[-157.6,57.6],[-157.7,57.6],[-157.7,57.7],[-157.7,57.8],[-157.6,57.9],[-157.6,58],[-157.6,58.1],[-157.6,58.2],[-157.5,58.2],[-157.4,58.2],[-157.2,58.2],[-157.1,58.2],[-157.2,58.2],[-157.3,58.2],[-157.4,58.2],[-157.5,58.2],[-157.5,58.3],[-157.6,58.3],[-157.6,58.4],[-157.5,58.5],[-157.4,58.5],[-157.3,58.6],[-157.1,58.7],[-157,58.7],[-156.9,58.7],[-157,58.7],[-157.1,58.7],[-157.1,58.8],[-157,58.8],[-157,58.9],[-157,59],[-156.9,59],[-156.9,59.1],[-156.8,59.1],[-156.8,59.2],[-156.9,59.1],[-156.9,59],[-157,59],[-157.1,58.9],[-157.3,58.8],[-157.4,58.8],[-157.5,58.8],[-157.6,58.7],[-157.7,58.7],[-157.8,58.7],[-158,58.6],[-158.2,58.6],[-158.3,58.6],[-158.3,58.7],[-158.4,58.7],[-158.4,58.8],[-158.5,58.8],[-158.6,58.8],[-158.5,58.9],[-158.5,59],[-158.4,59],[-158.5,59],[-158.4,59],[-158.2,59],[-158.1,59],[-158.1,58.9],[-158,58.9],[-158.1,58.9],[-158,58.9],[-158.1,59],[-158.2,59],[-158.3,59.1],[-158.4,59.1],[-158.5,59.1],[-158.5,59.2],[-158.5,59.1],[-158.5,59],[-158.6,59],[-158.6,58.9],[-158.7,58.9],[-158.8,58.9],[-158.7,58.9],[-158.8,58.9],[-158.8,59],[-158.7,59],[-158.8,59],[-158.8,58.9],[-158.8,58.8],[-158.8,58.7],[-158.9,58.7],[-158.9,58.8],[-158.8,58.8],[-158.9,58.8],[-158.9,58.7],[-158.8,58.6],[-158.8,58.5],[-158.7,58.5],[-158.8,58.4],[-158.9,58.4],[-159,58.4],[-159.1,58.4],[-159,58.4],[-159,58.5],[-159.1,58.5],[-159.2,58.5],[-159.2,58.6],[-159.3,58.7],[-159.4,58.8],[-159.5,58.8],[-159.6,58.8],[-159.7,58.8],[-159.6,58.9],[-159.7,58.9],[-159.8,58.9],[-159.7,58.9],[-159.8,58.8],[-159.9,58.8],[-160,58.8],[-160,58.9],[-160.1,58.9],[-160.2,58.9],[-160.3,58.9],[-160.3,59],[-160.3,58.9],[-160.3,59],[-160.3,59.1],[-160.4,59.1],[-160.4,59],[-160.5,59],[-160.7,58.9],[-160.8,58.9],[-160.8,58.8],[-160.8,58.9],[-160.9,58.9],[-161,58.9],[-161,58.8],[-161.1,58.8],[-161.2,58.8],[-161.3,58.8],[-161.3,58.7],[-161.4,58.7],[-161.3,58.7],[-161.4,58.7],[-161.5,58.6],[-161.6,58.6],[-161.7,58.6],[-161.8,58.6],[-161.7,58.6],[-161.8,58.6],[-161.9,58.6],[-162,58.6],[-162.1,58.6],[-162.2,58.6],[-162.1,58.7],[-162,58.7],[-161.9,58.7],[-162,58.7],[-161.9,58.7],[-161.9,58.6],[-161.9,58.7],[-161.8,58.7],[-161.9,58.7],[-161.8,58.7],[-161.8,58.8],[-161.7,58.8],[-161.8,58.8],[-161.8,58.9],[-161.8,59],[-161.9,59],[-161.8,59],[-161.7,59],[-161.7,59.1],[-161.6,59.1],[-161.7,59.1],[-161.8,59.1],[-161.9,59.1],[-161.8,59.1],[-161.9,59.1],[-162,59.1],[-162,59.2],[-162.1,59.3],[-162,59.3],[-162,59.2],[-162,59.3],[-162,59.4],[-161.9,59.4],[-161.8,59.4],[-161.8,59.5],[-161.7,59.5],[-161.9,59.6],[-161.9,59.7],[-162,59.8],[-162.1,59.9],[-162.1,60],[-162.2,60],[-162.2,60.1],[-162.2,60.2],[-162.3,60.2],[-162.2,60.2],[-162.1,60.2],[-162.2,60.3],[-162.2,60.2],[-162.3,60.2],[-162.2,60.2],[-162.2,60.1],[-162.3,60.1],[-162.4,60.2],[-162.3,60.2],[-162.4,60.2],[-162.4,60.3],[-162.5,60.3],[-162.4,60.3],[-162.3,60.4],[-162.3,60.5],[-162.2,60.5],[-162.2,60.6],[-162.1,60.6],[-162.1,60.7],[-162,60.6],[-161.9,60.7],[-162,60.7],[-161.9,60.7],[-162,60.7],[-162.1,60.7],[-162.2,60.7],[-162.1,60.7],[-162.1,60.6],[-162.2,60.6],[-162.3,60.6],[-162.3,60.5],[-162.4,60.5],[-162.4,60.4],[-162.5,60.4],[-162.5,60.3],[-162.6,60.3],[-162.7,60.3],[-162.6,60.2],[-162.5,60.2],[-162.5,60.1],[-162.5,60],[-162.6,60],[-162.7,60],[-162.8,60],[-162.8,59.9],[-163.1,59.9],[-163.3,59.8],[-163.6,59.8],[-163.9,59.8],[-164.1,59.8],[-164.2,59.9],[-164.2,60],[-164.1,60],[-164.2,60],[-164.3,60.1],[-164.4,60.1],[-164.5,60.1],[-164.5,60.2],[-164.6,60.2],[-164.7,60.3],[-164.6,60.3],[-164.7,60.3],[-164.6,60.3],[-164.7,60.3],[-164.8,60.3],[-165,60.3],[-165,60.4],[-165.1,60.4],[-165.1,60.5],[-165,60.5],[-165,60.6],[-165.2,60.5],[-165.4,60.5],[-165.4,60.6],[-165.3,60.6],[-165.2,60.6],[-165.1,60.7],[-165,60.7],[-165,60.8],[-164.9,60.8],[-164.9,60.9],[-165,60.9],[-164.9,60.9],[-164.8,60.9],[-164.7,60.9],[-164.6,60.9],[-164.7,60.9],[-164.7,60.8],[-164.6,60.8],[-164.5,60.8],[-164.4,60.8],[-164.3,60.8],[-164.3,60.7],[-164.2,60.7],[-164.3,60.7],[-164.3,60.6],[-164.4,60.6],[-164.3,60.6],[-164.3,60.7],[-164.2,60.7],[-164.1,60.7],[-164,60.8],[-163.9,60.8],[-163.8,60.8],[-163.8,60.7],[-163.8,60.6],[-163.7,60.6],[-163.6,60.6],[-163.5,60.7],[-163.4,60.7],[-163.5,60.8],[-163.4,60.8],[-163.5,60.8],[-163.9,60.9],[-163.9,60.8],[-163.9,60.9],[-163.8,60.9],[-163.7,60.9],[-163.6,60.9],[-163.7,60.9],[-163.8,60.9],[-163.7,61],[-163.8,61],[-163.9,60.9],[-164,60.9],[-164.1,60.9],[-164.4,60.9],[-164.6,60.9],[-164.7,60.9],[-164.8,60.9],[-164.9,61],[-165,61],[-165,60.9],[-165.1,60.9],[-165.2,60.9],[-165.2,61],[-165.1,61],[-165,61],[-165,61.1],[-164.9,61.1],[-164.8,61.1],[-164.9,61.1],[-165,61.1],[-165.1,61.1],[-165.2,61.1],[-165.1,61.1],[-165.1,61.2],[-165.1,61.3],[-165.1,61.2],[-165.2,61.2],[-165.1,61.2],[-165.2,61.2],[-165.2,61.1],[-165.3,61.2],[-165.4,61.2],[-165.3,61.2],[-165.3,61.3],[-165.2,61.3],[-165.3,61.3],[-165.2,61.3],[-165.2,61.4],[-165.1,61.4],[-165,61.4],[-165.1,61.4],[-165.1,61.5],[-165,61.5],[-164.9,61.5],[-164.8,61.5],[-164.7,61.6],[-164.8,61.6],[-164.7,61.6],[-164.8,61.6],[-164.7,61.6],[-164.8,61.6],[-164.9,61.5],[-165,61.5],[-165.1,61.5],[-165.1,61.4],[-165.2,61.4],[-165.3,61.4],[-165.3,61.3],[-165.2,61.3],[-165.3,61.3],[-165.4,61.2],[-165.3,61.2],[-165.4,61.1],[-165.5,61.1],[-165.6,61.1],[-165.6,61.2],[-165.6,61.3],[-165.7,61.3],[-165.8,61.3],[-165.9,61.3],[-165.9,61.4],[-165.8,61.4],[-165.8,61.5],[-165.9,61.5],[-165.9,61.6],[-166.1,61.5],[-166.2,61.6],[-166.2,61.7],[-166.1,61.7],[-166.2,61.7],[-166.1,61.7],[-166.1,61.6],[-166,61.6],[-166,61.7],[-165.8,61.7],[-165.9,61.7],[-166,61.7],[-166,61.8],[-166.1,61.8],[-166,61.8],[-165.9,61.8],[-165.8,61.8],[-165.7,61.8],[-165.6,61.9],[-165.7,61.9],[-165.7,62],[-165.8,62],[-165.7,62.1],[-165.6,62.2],[-165.4,62.3],[-165.3,62.4],[-165.2,62.5],[-165.1,62.5],[-165,62.5],[-164.9,62.5],[-164.8,62.5],[-164.9,62.5],[-164.8,62.5],[-164.7,62.5],[-164.7,62.4],[-164.6,62.4],[-164.7,62.4],[-164.6,62.4],[-164.6,62.5],[-164.7,62.5],[-164.6,62.5],[-164.7,62.5],[-164.8,62.5],[-164.8,62.6],[-164.9,62.6],[-164.8,62.6],[-164.7,62.6],[-164.5,62.7],[-164.5,62.8],[-164.5,62.7],[-164.6,62.7],[-164.7,62.7],[-164.7,62.6],[-164.8,62.6],[-164.8,62.7],[-164.9,62.7],[-164.9,62.8],[-164.8,62.8],[-164.9,62.8],[-164.9,62.9],[-164.8,62.9],[-164.8,63],[-164.7,63],[-164.5,63],[-164.4,63],[-164.3,63],[-164.4,63.1],[-164.5,63.1],[-164.6,63.1],[-164.5,63.2],[-164.4,63.2],[-164.1,63.3],[-164,63.3],[-163.8,63.2],[-163.7,63.2],[-163.6,63.2],[-163.6,63.1],[-163.7,63.1],[-163.6,63.1],[-163.5,63.1],[-163.6,63.1],[-163.7,63.1],[-163.8,63],[-163.7,63],[-163.6,63.1],[-163.5,63.1],[-163.4,63.1],[-163.4,63],[-163.3,63],[-163.1,63.1],[-163,63.1],[-162.9,63.1],[-162.9,63.2],[-162.8,63.2],[-162.7,63.2],[-162.6,63.3],[-162.4,63.4],[-162.4,63.5],[-162.3,63.5],[-162.3,63.6],[-162.3,63.5],[-162.2,63.5],[-162.1,63.5],[-162,63.5],[-162.1,63.5],[-162.1,63.4],[-162.2,63.4],[-161.9,63.5],[-161.7,63.5],[-161.6,63.5],[-161.5,63.5],[-161.4,63.5],[-161.2,63.5],[-161.1,63.6],[-161,63.6],[-160.9,63.6],[-160.9,63.7],[-160.8,63.7],[-160.8,63.8],[-160.8,63.9],[-160.9,64],[-160.9,64.1],[-161,64.2],[-161,64.3],[-161.1,64.3],[-161.2,64.4],[-161.3,64.4],[-161.2,64.4],[-161.3,64.4],[-161.4,64.4],[-161.5,64.4],[-161.5,64.5],[-161.4,64.5],[-161.3,64.5],[-161.1,64.5],[-161,64.5],[-161.1,64.5],[-161.1,64.6],[-161,64.6],[-160.9,64.6],[-160.8,64.6],[-160.8,64.7],[-160.8,64.8],[-160.9,64.8],[-161,64.8],[-161,64.9],[-161.1,64.9],[-161.2,64.9],[-161.1,64.9],[-161,64.9],[-161.1,64.9],[-161.2,64.9],[-161.3,64.9],[-161.3,64.8],[-161.4,64.8],[-161.5,64.8],[-161.6,64.8],[-161.7,64.8],[-161.8,64.8],[-161.7,64.8],[-161.9,64.8],[-161.9,64.7],[-161.8,64.8],[-161.8,64.7],[-161.9,64.7],[-162,64.7],[-162.1,64.7],[-162.2,64.7],[-162.2,64.6],[-162.3,64.6],[-162.5,64.6],[-162.6,64.5],[-162.6,64.4],[-162.7,64.4],[-162.8,64.4],[-162.8,64.3],[-162.8,64.4],[-162.9,64.5],[-162.8,64.5],[-162.9,64.5],[-163,64.6],[-163.1,64.6],[-163,64.6],[-163.1,64.6],[-163.1,64.7],[-163.2,64.7],[-163.2,64.6],[-163.4,64.6],[-163.3,64.6],[-163.2,64.6],[-163.2,64.5],[-163.1,64.5],[-163,64.5],[-163.1,64.5],[-163,64.5],[-163.1,64.5],[-163.1,64.4],[-163.2,64.4],[-163.3,64.5],[-163.4,64.5],[-163.5,64.6],[-163.7,64.6],[-163.8,64.6],[-164,64.6],[-164.4,64.6],[-164.3,64.6],[-164.7,64.5],[-164.8,64.5],[-164.9,64.5],[-165,64.5],[-164.9,64.5],[-164.8,64.5],[-165,64.4],[-165.4,64.5],[-165.9,64.5],[-166,64.6],[-166.2,64.6],[-166.4,64.6],[-166.4,64.7],[-166.5,64.7],[-166.5,64.8],[-166.4,64.8],[-166.4,64.9],[-166.5,64.9],[-166.5,65],[-166.5,64.9],[-166.4,64.9],[-166.5,64.9],[-166.6,65],[-166.7,65],[-166.7,65.1],[-166.8,65.1],[-166.9,65.1],[-167,65.2],[-166.9,65.2],[-166.9,65.3],[-166.9,65.2],[-166.9,65.1],[-166.8,65.1],[-166.7,65.1],[-166.6,65.1],[-166.5,65.1],[-166.5,65.2],[-166.4,65.3],[-166.3,65.3],[-166.1,65.2],[-166,65.2],[-166.1,65.3],[-166.2,65.3],[-166.3,65.3],[-166.4,65.3],[-166.5,65.3],[-166.6,65.4],[-166.9,65.4],[-166.8,65.4],[-166.7,65.3],[-166.6,65.3],[-166.8,65.3],[-166.9,65.4],[-167,65.4],[-167.2,65.4],[-167.4,65.4],[-167.6,65.5],[-167.7,65.5],[-167.8,65.5],[-167.9,65.5],[-168,65.6],[-168.1,65.6],[-168.1,65.7],[-168,65.7],[-167.9,65.7],[-167.9,65.8],[-167.9,65.7],[-168,65.7],[-168.1,65.7],[-168,65.6],[-167.9,65.7],[-167.8,65.7],[-167.6,65.7],[-167.5,65.7],[-167.5,65.8],[-167.6,65.8],[-167.5,65.8],[-167.3,65.9],[-167.2,65.9],[-167.1,65.9],[-167,65.9],[-166.9,65.9],[-167,66],[-166.9,66],[-166.8,66],[-166.9,66],[-166.8,66],[-166.7,66.1],[-166.5,66.1],[-166.4,66.1],[-166.4,66.2],[-166.3,66.2],[-166.2,66.2],[-166.1,66.2],[-166.2,66.2],[-166.1,66.1],[-165.8,66.1],[-165.5,66.2],[-165.6,66.2],[-165.7,66.2],[-165.8,66.2],[-165.9,66.2],[-165.9,66.3],[-165.8,66.3],[-165.5,66.4],[-165.4,66.4],[-165.3,66.4],[-165.1,66.4],[-165,66.4],[-165,66.5],[-164.9,66.5],[-164.7,66.5],[-164.7,66.6],[-164.5,66.6],[-164.3,66.6],[-164,66.6],[-163.7,66.6],[-163.6,66.6],[-163.9,66.6],[-163.8,66.6],[-163.8,66.5],[-163.9,66.4],[-163.9,66.3],[-163.9,66.2],[-164,66.2],[-164.1,66.2],[-164.2,66.2],[-164,66.2],[-163.9,66.2],[-163.9,66.1],[-163.8,66.1],[-163.7,66.1],[-163.4,66.1],[-163.3,66.1],[-163.1,66.1],[-163,66.1],[-162.9,66.1],[-162.8,66.1],[-162.7,66.1],[-162.7,66],[-162.6,66],[-162.5,66.1],[-162.4,66.1],[-162.4,66],[-162.3,66],[-162.2,66.1],[-161.9,66],[-162,66],[-161.9,66],[-161.8,66],[-161.8,66.1],[-161.7,66.1],[-161.8,66.1],[-161.7,66.1],[-161.7,66.2],[-161.6,66.2],[-161.6,66.3],[-161.5,66.3],[-161.4,66.3],[-161.3,66.2],[-161.2,66.2],[-161.1,66.2],[-161.1,66.3],[-161.1,66.2],[-161.1,66.1],[-161.2,66.1],[-161.1,66.1],[-161.1,66.2],[-161,66.2],[-161,66.3],[-161.1,66.3],[-161.3,66.4],[-161.4,66.4],[-161.5,66.4],[-161.7,66.4],[-161.8,66.4],[-161.9,66.4],[-161.9,66.3],[-162,66.3],[-162,66.4],[-161.9,66.4],[-161.9,66.5],[-161.9,66.6],[-162.1,66.6],[-162.2,66.7],[-162.3,66.7],[-162.4,66.7],[-162.5,66.7],[-162.5,66.8],[-162.6,66.8],[-162.6,66.9],[-162.5,66.9],[-162.5,67],[-162.5,66.9],[-162.4,66.9],[-162.4,67],[-162.3,67],[-162.3,66.9],[-162.2,66.9],[-162.1,66.8],[-162,66.8],[-162.1,66.7],[-162,66.6],[-161.9,66.6],[-161.9,66.5],[-161.6,66.5],[-161.4,66.5],[-161.3,66.5],[-161.2,66.5],[-161.1,66.5],[-161,66.5],[-161,66.4],[-160.8,66.4],[-160.7,66.4],[-160.6,66.4],[-160.5,66.4],[-160.2,66.4],[-160.2,66.5],[-160.2,66.6],[-160.3,66.6],[-160.2,66.6],[-160.3,66.7],[-160.4,66.6],[-160.5,66.6],[-160.6,66.6],[-160.7,66.6],[-160.8,66.7],[-160.9,66.7],[-161.1,66.7],[-161.2,66.6],[-161.3,66.5],[-161.4,66.5],[-161.5,66.5],[-161.5,66.6],[-161.6,66.6],[-161.5,66.6],[-161.6,66.6],[-161.9,66.7],[-161.9,66.8],[-161.8,66.8],[-161.8,66.9],[-161.7,66.9],[-161.7,67],[-161.6,67],[-161.5,67],[-161.6,67],[-161.7,67],[-161.8,67],[-161.8,67.1],[-162,67],[-162.2,67],[-162.3,67],[-162.3,67.1],[-162.3,67],[-162.4,67],[-162.5,67],[-162.4,67.1],[-162.3,67.1],[-162.3,67.2],[-162.4,67.2],[-162.4,67.1],[-162.5,67.1],[-162.6,67],[-162.7,67],[-162.9,67],[-163,67],[-162.9,67],[-162.8,67],[-162.9,67],[-163.1,67],[-163.1,67.1],[-163.4,67.1],[-163.7,67.1],[-163.8,67.1],[-163.8,67.2],[-163.8,67.3],[-163.8,67.4],[-164,67.5],[-164,67.6],[-164.2,67.6],[-164.4,67.7],[-164.5,67.8],[-164.6,67.8],[-164.7,67.8],[-164.8,67.8],[-164.7,67.8],[-164.8,67.8],[-164.9,67.8],[-165.1,67.9],[-165.2,68],[-165.4,68.1],[-165.6,68.1],[-165.8,68.1],[-165.9,68.1],[-166,68.2],[-166.1,68.2],[-166.2,68.3],[-166.3,68.3],[-166.6,68.3],[-166.8,68.3],[-166.8,68.4],[-166.6,68.4],[-166.5,68.4],[-166.4,68.4],[-166.5,68.4],[-166.7,68.4],[-166.5,68.4],[-166.4,68.4],[-166.3,68.4],[-166.4,68.4],[-166.3,68.5],[-166.3,68.6],[-166.2,68.6],[-166.2,68.7],[-166.2,68.8],[-166.2,68.9],[-166.1,68.9],[-166,68.9],[-165.8,68.9],[-165.7,68.9],[-165.3,68.9],[-165,68.9],[-164.8,68.9],[-164.3,68.9],[-164.2,69],[-164.1,69],[-164,69],[-163.9,69],[-163.8,69],[-163.6,69.1],[-163.3,69.3],[-163.2,69.4],[-163.2,69.3],[-163.3,69.3],[-163.2,69.3],[-163.2,69.4],[-163.1,69.4],[-163.1,69.5],[-163.1,69.6],[-163,69.6],[-163.1,69.6],[-163,69.7],[-163.1,69.7],[-163,69.7],[-162.9,69.7],[-163,69.7],[-163,69.8],[-162.9,69.8],[-162.8,69.9],[-162.7,69.9],[-162.6,69.9],[-162.5,70],[-162.5,70.1],[-162.4,70.1],[-162.3,70.1],[-162.4,70.1],[-162.3,70.1],[-162.2,70.2],[-162.1,70.2],[-162,70.3],[-161.9,70.3],[-161.8,70.3],[-161.9,70.3],[-161.7,70.3],[-161.9,70.3],[-161.9,70.2],[-161.8,70.2],[-161.9,70.2],[-161.8,70.2],[-161.9,70.2],[-162,70.2],[-162.1,70.2],[-161.9,70.2],[-161.8,70.2],[-161.7,70.2],[-161.7,70.3],[-161.6,70.3],[-161.3,70.3],[-161.2,70.3],[-161.1,70.3],[-161,70.3],[-160.9,70.3],[-161,70.3],[-160.9,70.3],[-160.6,70.4],[-160.7,70.4],[-160.8,70.4],[-160.7,70.4],[-160.4,70.5],[-160.2,70.6],[-160.1,70.6],[-160,70.6],[-159.9,70.6],[-159.9,70.5],[-160,70.5],[-160.1,70.5],[-160.2,70.5],[-160.1,70.5],[-159.9,70.5],[-160,70.5],[-160,70.4],[-160.1,70.4],[-160.1,70.3],[-160,70.4],[-159.9,70.4],[-159.9,70.3],[-159.8,70.3],[-159.8,70.2],[-159.8,70.3],[-159.9,70.3],[-159.8,70.3],[-159.9,70.4],[-159.8,70.5],[-159.7,70.5],[-159.6,70.5],[-159.5,70.5],[-159.4,70.5],[-159.3,70.5],[-159.4,70.5],[-159.5,70.5],[-159.6,70.5],[-159.7,70.5],[-159.8,70.5],[-159.8,70.6],[-159.9,70.6],[-160,70.6],[-160.1,70.6],[-159.9,70.7],[-159.8,70.7],[-159.7,70.8],[-159.6,70.8],[-159.5,70.8],[-159.4,70.8],[-159.3,70.9],[-159.2,70.9],[-159.3,70.9],[-159.4,70.8],[-159.2,70.9],[-159.2,70.8],[-159.1,70.8],[-159.2,70.8],[-159.3,70.8],[-159.4,70.8],[-159.3,70.8],[-159.3,70.7],[-159.2,70.7],[-159.3,70.7],[-159.3,70.8],[-159.2,70.8],[-159.1,70.8],[-159,70.8],[-159.1,70.8],[-158.7,70.8],[-158.3,70.8],[-158.4,70.8],[-158.5,70.8],[-158.5,70.9],[-158.4,70.8],[-158,70.8],[-157.9,70.9],[-157.7,70.9],[-157.6,70.9],[-157.6,71],[-157.2,71.1],[-157.1,71.2],[-157,71.2],[-156.8,71.3],[-156.7,71.4],[-156.6,71.4],[-156.5,71.4],[-156.4,71.4],[-156.5,71.4],[-156.6,71.4],[-156.6,71.3],[-156.5,71.3],[-156.4,71.3],[-156.2,71.3],[-156.1,71.3],[-156.1,71.2],[-156,71.2],[-156.1,71.2],[-156,71.2],[-155.9,71.2],[-155.8,71.2],[-155.6,71.2],[-155.6,71.1],[-155.7,71.1],[-155.7,71],[-155.8,71],[-156.1,71],[-156,71],[-156,70.9],[-156.1,70.9],[-156.2,70.9],[-156.1,70.9],[-156,70.9],[-155.9,70.9],[-156,70.8],[-155.9,70.8],[-155.8,70.8],[-155.7,70.8],[-155.6,70.8],[-155.7,70.8],[-155.7,70.9],[-155.6,70.9],[-155.6,70.8],[-155.5,70.9],[-155.5,71],[-155.4,71],[-155.3,71],[-155.2,71],[-155.2,71.1],[-155.3,71.1],[-155.2,71.1],[-155.1,71.1],[-155.1,71.2],[-155.1,71.1],[-155,71.1],[-155.1,71.1],[-155,71.1],[-155.1,71],[-155,71],[-155,71.1],[-154.9,71.1],[-154.8,71.1],[-154.7,71.1],[-154.6,71],[-154.6,70.9],[-154.7,70.9],[-154.8,70.9],[-154.7,70.9],[-154.6,70.9],[-154.6,70.8],[-154.5,70.8],[-154.4,70.8],[-154.3,70.8],[-154.2,70.8],[-154.3,70.8],[-154.2,70.8],[-154.1,70.8],[-154,70.8],[-153.9,70.9],[-153.5,70.9],[-153.4,70.9],[-153.3,70.9],[-153.2,70.9],[-153.1,70.9],[-153,70.9],[-152.9,70.9],[-152.8,70.9],[-152.7,70.8],[-152.7,70.9],[-152.5,70.9],[-152.3,70.9],[-152.2,70.8],[-152.3,70.8],[-152.4,70.7],[-152.5,70.7],[-152.5,70.6],[-152.4,70.6],[-152.3,70.6],[-152.2,70.6],[-152.1,70.6],[-152.2,70.6],[-152.4,70.6],[-152.5,70.6],[-152.6,70.6],[-152.5,70.5],[-152.5,70.6],[-152,70.6],[-151.8,70.6],[-151.7,70.6],[-151.8,70.5],[-151.9,70.5],[-151.8,70.5],[-151.9,70.5],[-152,70.4],[-151.7,70.4],[-151.5,70.4],[-151.4,70.4],[-151.3,70.4],[-151.2,70.4],[-151,70.5],[-150.9,70.5],[-150.8,70.5],[-150.7,70.5],[-150.8,70.5],[-150.6,70.5],[-150.5,70.5],[-150.4,70.5],[-150.4,70.4],[-150.3,70.4],[-150.1,70.4],[-149.9,70.5],[-149.8,70.5],[-149.7,70.5],[-149.6,70.5],[-149.5,70.5],[-149.4,70.5],[-149.3,70.5],[-149,70.5],[-149,70.4],[-148.9,70.4],[-148.8,70.4],[-148.7,70.4],[-148.6,70.4],[-148.5,70.4],[-148.5,70.3],[-148.4,70.3],[-148.3,70.3],[-148.3,70.4],[-148.2,70.4],[-148.1,70.3],[-148,70.3],[-147.9,70.3],[-147.8,70.3],[-147.8,70.2],[-147.7,70.2],[-147.4,70.2],[-147.2,70.2],[-147.1,70.2],[-146.9,70.2],[-146.8,70.2],[-146.7,70.2],[-146.4,70.2],[-146.2,70.2],[-146.1,70.2],[-146,70.2],[-145.9,70.2],[-145.8,70.2],[-145.8,70.1],[-145.7,70.1],[-145.6,70.1],[-145.5,70.1],[-145.4,70],[-145.3,70],[-145.2,70],[-145.3,70],[-145.2,70],[-144.9,70],[-144.8,70],[-144.7,70],[-144.6,70],[-144.5,70],[-144.4,70],[-144.2,70],[-144.1,70.1],[-144.1,70],[-144,70],[-144,70.1],[-144.1,70.1],[-144,70.1],[-143.9,70.1],[-143.8,70.1],[-143.7,70.1],[-143.6,70.1],[-143.5,70.1],[-143.4,70.1],[-143.3,70.1],[-143.3,70],[-143.3,70.1],[-143.2,70.1],[-143.1,70.1],[-143,70.1],[-142.9,70.1],[-142.7,70],[-142.6,70],[-142.5,70],[-142.4,69.9],[-142.3,69.9],[-142.1,69.8],[-142,69.8],[-141.9,69.8],[-141.8,69.8],[-141.7,69.8],[-141.6,69.7],[-141.5,69.7],[-141.4,69.7],[-141.3,69.6],[-141.2,69.7],[-141.3,69.7],[-141,69.7]]],[[[-152.2,57.6],[-152.1,57.6],[-152.2,57.6],[-152.2,57.5],[-152.3,57.5],[-152.3,57.4],[-152.4,57.4],[-152.5,57.4],[-152.5,57.5],[-152.5,57.4],[-152.6,57.5],[-152.6,57.4],[-152.6,57.5],[-152.7,57.5],[-152.8,57.5],[-152.9,57.5],[-153,57.5],[-152.9,57.5],[-153,57.5],[-153,57.4],[-153,57.5],[-152.8,57.5],[-152.7,57.4],[-152.6,57.4],[-152.6,57.3],[-152.7,57.3],[-152.8,57.3],[-152.9,57.3],[-152.9,57.4],[-152.9,57.3],[-153,57.3],[-153.1,57.3],[-153.2,57.3],[-153.2,57.4],[-153.2,57.3],[-153.1,57.3],[-153,57.3],[-153.1,57.2],[-153.2,57.2],[-153.3,57.2],[-153.4,57.2],[-153.4,57.1],[-153.5,57.1],[-153.5,57.2],[-153.5,57.1],[-153.6,57.1],[-153.7,57.1],[-153.8,57.1],[-153.8,57],[-153.6,57.1],[-153.6,57],[-153.7,57],[-153.6,57],[-153.6,56.9],[-153.7,56.9],[-153.7,57],[-153.7,56.9],[-153.8,56.9],[-153.7,56.9],[-153.8,56.9],[-153.8,56.8],[-153.9,56.8],[-154,56.7],[-154,56.8],[-154.1,56.8],[-154.1,56.7],[-154.1,56.8],[-154,56.9],[-153.9,56.9],[-153.8,57],[-153.9,57],[-153.8,57],[-153.9,57],[-154,57],[-153.9,57],[-153.9,57.1],[-153.8,57.1],[-153.7,57.1],[-153.8,57.2],[-153.8,57.1],[-153.9,57.1],[-154,57.1],[-154,57],[-154.1,57],[-154.1,57.1],[-154,57.1],[-154.1,57.1],[-154.2,57.1],[-154.2,57.2],[-154.3,57.1],[-154.4,57.1],[-154.5,57.1],[-154.4,57.1],[-154.3,57.1],[-154.1,57.1],[-154.1,57],[-154.2,57],[-154.2,56.9],[-154.3,56.9],[-154.2,56.9],[-154.3,56.9],[-154.4,57],[-154.5,57],[-154.5,57.1],[-154.5,57.2],[-154.6,57.2],[-154.6,57.3],[-154.7,57.3],[-154.8,57.3],[-154.8,57.4],[-154.7,57.3],[-154.7,57.4],[-154.7,57.5],[-154.6,57.5],[-154.7,57.5],[-154.6,57.5],[-154.5,57.5],[-154.5,57.6],[-154.4,57.6],[-154.3,57.7],[-154.3,57.6],[-154.3,57.7],[-154.2,57.7],[-154.1,57.7],[-154,57.6],[-154.1,57.5],[-154,57.5],[-153.9,57.5],[-153.9,57.4],[-153.8,57.4],[-153.8,57.3],[-153.7,57.3],[-153.6,57.3],[-153.7,57.3],[-153.8,57.3],[-153.8,57.4],[-153.8,57.5],[-153.8,57.6],[-153.9,57.6],[-153.8,57.6],[-153.7,57.5],[-153.7,57.6],[-153.8,57.6],[-153.9,57.6],[-153.9,57.7],[-153.8,57.7],[-153.7,57.6],[-153.6,57.6],[-153.7,57.7],[-153.8,57.7],[-153.9,57.7],[-153.9,57.8],[-153.8,57.9],[-153.7,57.9],[-153.6,57.9],[-153.6,57.8],[-153.6,57.7],[-153.5,57.7],[-153.5,57.6],[-153.5,57.7],[-153.4,57.7],[-153.5,57.7],[-153.5,57.8],[-153.4,57.8],[-153.4,57.7],[-153.3,57.7],[-153.3,57.8],[-153.4,57.8],[-153.5,57.8],[-153.4,57.8],[-153.3,57.8],[-153.2,57.8],[-153.2,57.7],[-153.2,57.8],[-153.2,57.9],[-153.1,57.9],[-153.1,57.8],[-153,57.8],[-153.1,57.8],[-153.1,57.9],[-153.2,57.9],[-153.2,58],[-153.3,58],[-153.2,58],[-153.1,58],[-153.1,57.9],[-153,57.9],[-153,58],[-152.9,57.9],[-152.8,57.9],[-152.9,57.9],[-152.9,57.8],[-152.9,57.7],[-152.9,57.8],[-152.8,57.8],[-152.8,57.9],[-152.8,57.8],[-152.7,57.8],[-152.7,57.9],[-152.6,57.9],[-152.5,57.9],[-152.4,57.9],[-152.4,57.8],[-152.3,57.8],[-152.4,57.8],[-152.5,57.8],[-152.5,57.7],[-152.6,57.7],[-152.5,57.7],[-152.4,57.7],[-152.4,57.6],[-152.3,57.6],[-152.2,57.6]]],[[[-132,54.8],[-131.9,54.8],[-132,54.8],[-132,54.7],[-132.1,54.7],[-132.2,54.7],[-132.3,54.7],[-132.3,54.8],[-132.2,54.8],[-132.3,54.8],[-132.4,54.8],[-132.3,54.8],[-132.3,54.9],[-132.4,54.9],[-132.3,54.9],[-132.4,54.9],[-132.4,55],[-132.4,54.9],[-132.5,54.9],[-132.4,55],[-132.5,55],[-132.5,54.9],[-132.6,54.9],[-132.6,55],[-132.5,55],[-132.6,55],[-132.6,55.1],[-132.5,55.1],[-132.5,55],[-132.5,55.1],[-132.6,55.1],[-132.6,55.2],[-132.6,55.3],[-132.7,55.2],[-132.6,55.2],[-132.6,55.1],[-132.7,55.1],[-132.7,55.2],[-132.8,55.2],[-132.8,55.3],[-132.9,55.2],[-133,55.2],[-132.9,55.3],[-133,55.3],[-133.1,55.3],[-133.2,55.3],[-133.3,55.3],[-133.2,55.3],[-133.2,55.4],[-133.1,55.4],[-133,55.4],[-132.9,55.4],[-132.8,55.4],[-132.9,55.4],[-133,55.4],[-133.1,55.4],[-133,55.4],[-133,55.5],[-133.1,55.5],[-133.1,55.6],[-133,55.6],[-132.9,55.6],[-133,55.6],[-133.1,55.6],[-133.2,55.6],[-133.3,55.6],[-133.4,55.6],[-133.4,55.7],[-133.3,55.7],[-133.4,55.7],[-133.3,55.7],[-133.3,55.8],[-133.3,55.7],[-133.2,55.7],[-133.2,55.8],[-133.1,55.8],[-133.1,55.9],[-133.2,55.9],[-133.3,55.9],[-133.3,56],[-133.2,56],[-133.3,56.1],[-133.3,56.2],[-133.4,56.2],[-133.5,56.2],[-133.6,56.2],[-133.6,56.3],[-133.6,56.4],[-133.4,56.3],[-133.3,56.3],[-133.2,56.3],[-133.1,56.3],[-133.1,56.2],[-133,56.2],[-133.1,56.1],[-133,56.1],[-133,56],[-133,56.1],[-132.9,56.1],[-132.9,56],[-132.8,56],[-132.7,56],[-132.7,55.9],[-132.6,55.9],[-132.5,55.8],[-132.5,55.7],[-132.4,55.7],[-132.5,55.7],[-132.4,55.7],[-132.4,55.6],[-132.4,55.7],[-132.3,55.6],[-132.3,55.5],[-132.2,55.5],[-132.1,55.5],[-132.2,55.4],[-132.2,55.5],[-132.3,55.5],[-132.4,55.5],[-132.4,55.6],[-132.5,55.6],[-132.6,55.6],[-132.5,55.6],[-132.6,55.6],[-132.5,55.6],[-132.5,55.5],[-132.6,55.5],[-132.7,55.5],[-132.7,55.4],[-132.6,55.4],[-132.7,55.4],[-132.6,55.4],[-132.6,55.5],[-132.5,55.5],[-132.4,55.5],[-132.3,55.5],[-132.3,55.4],[-132.4,55.4],[-132.5,55.4],[-132.4,55.4],[-132.3,55.4],[-132.2,55.4],[-132.2,55.3],[-132.1,55.3],[-132.1,55.2],[-132.2,55.2],[-132.2,55.3],[-132.2,55.2],[-132.3,55.2],[-132.2,55.2],[-132.1,55.2],[-132.1,55.3],[-132,55.3],[-132,55.2],[-132,55.1],[-132.1,55.1],[-132.1,55],[-132.2,55],[-132.1,55],[-132,55],[-132,54.9],[-132,54.8]]],[[[-154.9,19.6],[-154.8,19.5],[-154.9,19.4],[-155,19.3],[-155.1,19.3],[-155.2,19.3],[-155.3,19.3],[-155.3,19.2],[-155.4,19.2],[-155.5,19.1],[-155.6,19.1],[-155.6,19],[-155.6,18.9],[-155.7,18.9],[-155.7,19],[-155.8,19],[-155.9,19],[-155.9,19.1],[-155.9,19.2],[-155.9,19.3],[-155.9,19.4],[-155.9,19.5],[-156,19.5],[-156,19.6],[-156,19.7],[-156.1,19.7],[-156.1,19.8],[-156,19.8],[-156,19.9],[-155.9,19.9],[-155.9,20],[-155.8,20],[-155.8,20.1],[-155.9,20.1],[-155.9,20.2],[-155.9,20.3],[-155.8,20.3],[-155.8,20.2],[-155.7,20.2],[-155.6,20.2],[-155.6,20.1],[-155.5,20.1],[-155.4,20.1],[-155.3,20],[-155.2,20],[-155.2,19.9],[-155.1,19.9],[-155.1,19.8],[-155.1,19.7],[-155,19.7],[-155,19.6],[-154.9,19.6]]],[[[-168.7,63.3],[-168.7,63.2],[-168.8,63.2],[-168.9,63.2],[-169,63.2],[-169.3,63.2],[-169.2,63.2],[-169.1,63.2],[-169.3,63.2],[-169.4,63.2],[-169.4,63.1],[-169.5,63.1],[-169.6,63.1],[-169.6,63],[-169.5,63],[-169.6,63],[-169.6,62.9],[-169.7,62.9],[-169.7,63],[-169.8,63],[-169.7,63],[-169.8,63],[-169.7,63],[-169.7,63.1],[-169.8,63.1],[-169.9,63.1],[-170,63.2],[-170.1,63.2],[-170.2,63.2],[-170.3,63.2],[-170.2,63.2],[-170.2,63.3],[-170.3,63.3],[-170.4,63.3],[-170.4,63.4],[-170.6,63.4],[-170.7,63.4],[-170.8,63.4],[-170.8,63.5],[-170.9,63.5],[-171.1,63.4],[-171.2,63.4],[-171.3,63.4],[-171.4,63.3],[-171.6,63.3],[-171.6,63.4],[-171.6,63.3],[-171.6,63.4],[-171.7,63.4],[-171.8,63.4],[-171.8,63.5],[-171.9,63.5],[-171.8,63.5],[-171.8,63.6],[-171.8,63.7],[-171.7,63.7],[-171.7,63.8],[-171.6,63.8],[-171.6,63.7],[-171.4,63.7],[-171.4,63.6],[-171.5,63.7],[-171.5,63.6],[-171.3,63.6],[-171.4,63.6],[-171.2,63.6],[-171.1,63.6],[-171,63.6],[-170.9,63.6],[-170.8,63.6],[-170.7,63.7],[-170.6,63.7],[-170.5,63.7],[-170.4,63.7],[-170.3,63.7],[-170.2,63.7],[-170.2,63.6],[-170.1,63.6],[-170,63.6],[-170.1,63.6],[-170,63.5],[-170.1,63.5],[-170,63.5],[-169.9,63.5],[-169.8,63.5],[-169.8,63.4],[-169.7,63.4],[-169.6,63.4],[-169.5,63.4],[-169.5,63.3],[-169.4,63.3],[-169.4,63.4],[-169.3,63.4],[-169.3,63.3],[-169.2,63.3],[-169.1,63.3],[-169.2,63.3],[-169.1,63.3],[-169,63.3],[-168.7,63.3]]],[[[-135.8,57.4],[-135.9,57.4],[-135.9,57.5],[-136,57.5],[-135.9,57.5],[-135.8,57.5],[-135.8,57.4],[-135.8,57.5],[-136,57.6],[-136.1,57.6],[-136,57.6],[-136.1,57.6],[-136.1,57.7],[-136.2,57.7],[-136.2,57.8],[-136.3,57.8],[-136.4,57.8],[-136.4,57.9],[-136.3,57.9],[-136.4,57.9],[-136.4,58],[-136.3,58],[-136.2,57.9],[-136.1,57.9],[-136,57.8],[-136.1,57.9],[-136.2,58],[-136.3,58],[-136.4,58.1],[-136.3,58.1],[-136.3,58.2],[-136.4,58.2],[-136.3,58.2],[-136.2,58.2],[-136.2,58.1],[-136.1,58.1],[-136.2,58.1],[-136.2,58.2],[-136.1,58.2],[-136,58.2],[-135.9,58.2],[-135.8,58.3],[-135.7,58.2],[-135.6,58.2],[-135.5,58.2],[-135.6,58.2],[-135.5,58.2],[-135.5,58.1],[-135.6,58.1],[-135.6,58],[-135.7,58.1],[-135.8,58],[-135.7,58],[-135.6,58],[-135.7,58],[-135.8,58],[-135.7,58],[-135.7,57.9],[-135.6,58],[-135.5,58.1],[-135.4,58.1],[-135.5,58.1],[-135.4,58.1],[-135.3,58.1],[-135.2,58.1],[-135.1,58.1],[-135,58.1],[-134.9,58],[-134.9,57.9],[-135,57.9],[-134.9,57.9],[-134.9,57.8],[-134.9,57.9],[-135,57.9],[-135.1,57.9],[-135.2,57.9],[-135.1,57.9],[-135,57.9],[-135,57.8],[-134.9,57.8],[-135,57.8],[-135.2,57.8],[-135.3,57.8],[-135.4,57.9],[-135.5,57.9],[-135.7,57.9],[-135.8,58],[-135.9,58],[-135.8,58],[-135.8,57.9],[-135.6,57.9],[-135.5,57.9],[-135.5,57.8],[-135.4,57.8],[-135.3,57.8],[-135.4,57.7],[-135.3,57.7],[-135.2,57.7],[-135.1,57.7],[-135.1,57.8],[-135,57.8],[-135,57.7],[-135,57.8],[-134.9,57.8],[-134.9,57.7],[-134.9,57.6],[-134.8,57.6],[-134.8,57.5],[-134.9,57.5],[-134.8,57.5],[-134.9,57.5],[-135,57.5],[-135.1,57.5],[-135.2,57.5],[-135.3,57.6],[-135.5,57.6],[-135.6,57.7],[-135.8,57.8],[-135.8,57.7],[-135.7,57.7],[-135.8,57.7],[-135.8,57.6],[-135.7,57.7],[-135.7,57.6],[-135.6,57.6],[-135.7,57.6],[-135.6,57.6],[-135.6,57.5],[-135.5,57.5],[-135.6,57.5],[-135.6,57.4],[-135.7,57.4],[-135.6,57.4],[-135.7,57.4],[-135.8,57.4]]],[[[-134.4,57.1],[-134.5,57],[-134.6,57],[-134.6,57.1],[-134.6,57.2],[-134.5,57.2],[-134.6,57.2],[-134.6,57.3],[-134.5,57.3],[-134.6,57.4],[-134.5,57.4],[-134.4,57.4],[-134.3,57.3],[-134.3,57.4],[-134.4,57.4],[-134.3,57.4],[-134.4,57.4],[-134.5,57.4],[-134.5,57.5],[-134.6,57.5],[-134.5,57.5],[-134.4,57.5],[-134.4,57.6],[-134.5,57.5],[-134.6,57.5],[-134.6,57.6],[-134.7,57.6],[-134.7,57.7],[-134.7,57.8],[-134.7,57.9],[-134.8,58],[-134.8,58.1],[-134.7,58.1],[-134.8,58.1],[-134.8,58.2],[-134.7,58.2],[-134.8,58.2],[-134.8,58.1],[-134.8,58.2],[-134.9,58.2],[-134.9,58.3],[-135,58.3],[-135,58.4],[-134.9,58.4],[-134.8,58.3],[-134.7,58.2],[-134.6,58.2],[-134.5,58.2],[-134.4,58.2],[-134.4,58.1],[-134.3,58.1],[-134.2,58.2],[-134.2,58.1],[-134.1,58],[-134,58],[-134,57.9],[-134,57.8],[-133.9,57.8],[-133.9,57.7],[-133.8,57.6],[-133.9,57.6],[-134,57.7],[-134,57.8],[-134.1,57.8],[-134.1,57.9],[-134.1,58],[-134.2,58],[-134.2,58.1],[-134.3,58.1],[-134.3,58],[-134.2,58],[-134.3,58],[-134.3,57.9],[-134.3,57.8],[-134.3,57.9],[-134.2,57.8],[-134.1,57.7],[-134,57.7],[-134.1,57.7],[-134,57.7],[-134,57.6],[-133.9,57.6],[-133.9,57.5],[-133.8,57.5],[-133.9,57.5],[-134,57.5],[-134.1,57.5],[-134,57.5],[-134.1,57.5],[-134,57.5],[-134,57.4],[-133.9,57.4],[-133.9,57.3],[-134,57.3],[-134.1,57.3],[-134.1,57.4],[-134.1,57.3],[-134.1,57.4],[-134.2,57.4],[-134.1,57.4],[-134.1,57.3],[-134.1,57.2],[-134.2,57.2],[-134.3,57.2],[-134.3,57.1],[-134.4,57.1]]],[[[-134.6,56.7],[-134.6,56.6],[-134.6,56.5],[-134.6,56.6],[-134.7,56.6],[-134.7,56.5],[-134.6,56.5],[-134.6,56.4],[-134.6,56.3],[-134.7,56.3],[-134.6,56.3],[-134.6,56.2],[-134.7,56.2],[-134.8,56.2],[-134.8,56.3],[-134.9,56.3],[-134.9,56.4],[-135,56.5],[-135.1,56.5],[-135,56.5],[-135,56.6],[-134.9,56.6],[-134.8,56.7],[-134.9,56.7],[-134.9,56.6],[-135,56.6],[-135,56.7],[-134.9,56.7],[-135,56.7],[-135,56.6],[-135.1,56.6],[-135.1,56.7],[-135,56.7],[-135,56.8],[-135.1,56.7],[-135.2,56.7],[-135.2,56.8],[-135.1,56.8],[-135.2,56.8],[-135.3,56.8],[-135.4,56.8],[-135.4,56.9],[-135.3,56.9],[-135.4,56.9],[-135.4,57],[-135.3,57],[-135.2,57],[-135.3,57],[-135.3,57.1],[-135.4,57.1],[-135.3,57.2],[-135.4,57.2],[-135.4,57.1],[-135.4,57.2],[-135.3,57.3],[-135.4,57.2],[-135.5,57.3],[-135.5,57.2],[-135.6,57.3],[-135.7,57.3],[-135.7,57.4],[-135.6,57.4],[-135.5,57.4],[-135.6,57.4],[-135.5,57.4],[-135.5,57.5],[-135.4,57.5],[-135.4,57.6],[-135.3,57.5],[-135.4,57.5],[-135.4,57.4],[-135.4,57.5],[-135.3,57.5],[-135.2,57.5],[-135.1,57.5],[-135.2,57.5],[-135.2,57.4],[-135.1,57.4],[-135,57.4],[-134.9,57.3],[-135,57.3],[-134.9,57.3],[-134.8,57.3],[-134.8,57.2],[-134.9,57.2],[-134.8,57.2],[-134.8,57.1],[-134.7,57.1],[-134.7,57],[-134.7,56.9],[-134.7,56.8],[-134.6,56.8],[-134.7,56.8],[-134.6,56.8],[-134.6,56.7]]],[[[-165.6,60],[-165.6,59.9],[-165.7,59.9],[-165.8,59.9],[-165.9,59.9],[-166,59.9],[-166.1,59.8],[-166.1,59.9],[-166.2,59.9],[-166.3,59.8],[-166.2,59.8],[-166.1,59.8],[-166.2,59.8],[-166.3,59.8],[-166.4,59.9],[-166.5,59.9],[-166.5,59.8],[-166.5,59.9],[-166.6,59.9],[-166.7,59.9],[-166.8,59.9],[-167,60],[-167.1,60],[-167.2,60],[-167.2,60.1],[-167.3,60.1],[-167.4,60.2],[-167.5,60.2],[-167.4,60.2],[-167.3,60.2],[-167.2,60.2],[-166.9,60.2],[-166.8,60.2],[-166.8,60.3],[-166.7,60.3],[-166.6,60.3],[-166.6,60.4],[-166.5,60.4],[-166.4,60.4],[-166.4,60.3],[-166.3,60.4],[-166.2,60.4],[-166.1,60.4],[-166.2,60.4],[-166.1,60.4],[-166.1,60.3],[-166,60.3],[-165.9,60.3],[-165.8,60.3],[-165.7,60.3],[-165.7,60.2],[-165.7,60.1],[-165.7,60],[-165.6,60],[-165.5,60],[-165.6,60]]],[[[-163.1,54.7],[-163.2,54.7],[-163.1,54.7],[-163.2,54.7],[-163.3,54.7],[-163.3,54.8],[-163.4,54.8],[-163.4,54.7],[-163.5,54.7],[-163.5,54.6],[-163.6,54.6],[-163.7,54.6],[-163.8,54.6],[-164.1,54.6],[-164.2,54.6],[-164.3,54.5],[-164.4,54.5],[-164.4,54.4],[-164.5,54.4],[-164.6,54.4],[-164.7,54.4],[-164.8,54.4],[-164.9,54.5],[-164.9,54.6],[-165,54.6],[-164.9,54.6],[-164.8,54.6],[-164.7,54.7],[-164.6,54.8],[-164.5,54.9],[-164.4,54.9],[-164.3,54.9],[-164.2,54.9],[-164.2,55],[-164.1,55],[-164,55],[-163.9,55],[-163.8,55],[-163.8,55.1],[-163.7,55],[-163.6,55.1],[-163.5,55],[-163.4,55],[-163.4,54.9],[-163.4,54.8],[-163.3,54.8],[-163.2,54.8],[-163.1,54.8],[-163.1,54.7]]],[[[-133.9,57.1],[-133.8,57.1],[-133.7,57.1],[-133.6,57.1],[-133.5,57],[-133.4,57],[-133.3,57],[-133.3,56.9],[-133.2,56.9],[-133.3,57],[-133.2,57],[-133.1,57],[-133,57],[-133,56.9],[-132.9,56.9],[-132.9,56.8],[-133,56.8],[-133,56.7],[-132.9,56.7],[-133,56.7],[-132.9,56.7],[-132.9,56.6],[-133,56.6],[-133.1,56.6],[-133.1,56.7],[-133.2,56.7],[-133.2,56.8],[-133.3,56.8],[-133.4,56.8],[-133.3,56.8],[-133.3,56.7],[-133.2,56.7],[-133.2,56.6],[-133.1,56.6],[-133.2,56.6],[-133.1,56.6],[-133.1,56.5],[-133.2,56.5],[-133.3,56.5],[-133.4,56.5],[-133.5,56.4],[-133.6,56.4],[-133.7,56.5],[-133.7,56.6],[-133.6,56.6],[-133.7,56.6],[-133.7,56.7],[-133.7,56.8],[-133.7,56.9],[-133.7,56.8],[-133.8,56.8],[-133.8,56.9],[-133.9,56.9],[-133.8,56.9],[-133.7,56.9],[-133.8,56.9],[-133.9,57],[-134,57],[-134,57.1],[-133.9,57.1]]],[[[-131,55.6],[-130.9,55.6],[-131,55.6],[-131,55.5],[-131,55.4],[-131,55.3],[-131.1,55.3],[-131.1,55.2],[-131.2,55.2],[-131.3,55.2],[-131.3,55.3],[-131.2,55.3],[-131.2,55.4],[-131.3,55.4],[-131.3,55.3],[-131.4,55.3],[-131.5,55.3],[-131.4,55.3],[-131.4,55.4],[-131.3,55.4],[-131.3,55.5],[-131.3,55.6],[-131.4,55.6],[-131.3,55.5],[-131.3,55.4],[-131.4,55.4],[-131.4,55.3],[-131.5,55.3],[-131.4,55.4],[-131.5,55.4],[-131.5,55.5],[-131.4,55.5],[-131.5,55.5],[-131.5,55.4],[-131.5,55.3],[-131.6,55.3],[-131.7,55.3],[-131.7,55.4],[-131.8,55.4],[-131.8,55.5],[-131.7,55.5],[-131.7,55.6],[-131.6,55.6],[-131.7,55.6],[-131.7,55.7],[-131.6,55.7],[-131.5,55.7],[-131.6,55.7],[-131.7,55.7],[-131.7,55.8],[-131.6,55.8],[-131.5,55.8],[-131.6,55.8],[-131.7,55.8],[-131.5,55.8],[-131.4,55.8],[-131.5,55.9],[-131.6,55.9],[-131.5,55.9],[-131.4,55.9],[-131.3,56],[-131.2,56],[-131.2,55.9],[-131,55.8],[-131,55.7],[-130.9,55.7],[-130.9,55.6],[-131,55.6]]],[[[-71.9,41.1],[-71.9,41],[-72,41],[-72.1,41],[-72.2,41],[-72.2,40.9],[-72.3,40.9],[-72.4,40.9],[-72.5,40.9],[-72.4,40.9],[-72.5,40.9],[-72.5,40.8],[-72.6,40.8],[-72.7,40.8],[-72.8,40.8],[-72.9,40.7],[-72.9,40.8],[-72.9,40.7],[-73,40.7],[-73.1,40.7],[-73.2,40.7],[-73.3,40.7],[-73.4,40.7],[-73.5,40.6],[-73.6,40.6],[-73.7,40.6],[-73.6,40.6],[-73.7,40.6],[-73.8,40.6],[-73.9,40.6],[-73.9,40.5],[-73.9,40.6],[-73.8,40.6],[-73.9,40.6],[-74,40.6],[-74,40.7],[-73.9,40.8],[-73.8,40.8],[-73.7,40.8],[-73.7,40.9],[-73.7,40.8],[-73.6,40.8],[-73.7,40.9],[-73.6,40.9],[-73.5,40.9],[-73.4,40.9],[-73.4,41],[-73.4,40.9],[-73.3,40.9],[-73.2,40.9],[-73.1,40.9],[-73.2,41],[-73.1,41],[-73.1,40.9],[-73.1,41],[-73,41],[-72.9,41],[-72.8,41],[-72.7,41],[-72.6,41],[-72.5,41],[-72.5,41.1],[-72.4,41.1],[-72.3,41.1],[-72.3,41.2],[-72.2,41.2],[-72.2,41.1],[-72.3,41.1],[-72.4,41.1],[-72.4,41],[-72.5,41],[-72.6,40.9],[-72.5,40.9],[-72.4,40.9],[-72.4,41],[-72.3,41],[-72.2,41],[-72.2,41.1],[-72.1,41],[-72,41],[-72,41.1],[-71.9,41.1]]],[[[-166.3,53.7],[-166.4,53.7],[-166.4,53.6],[-166.5,53.6],[-166.6,53.6],[-166.5,53.6],[-166.6,53.6],[-166.6,53.5],[-166.6,53.6],[-166.7,53.6],[-166.6,53.6],[-166.6,53.5],[-166.7,53.5],[-166.8,53.5],[-166.8,53.6],[-166.8,53.5],[-166.7,53.5],[-166.8,53.5],[-166.8,53.4],[-166.8,53.5],[-166.8,53.4],[-166.9,53.5],[-166.9,53.4],[-166.9,53.5],[-167,53.5],[-167,53.4],[-167,53.5],[-167.1,53.4],[-167.2,53.4],[-167.3,53.4],[-167.3,53.3],[-167.4,53.3],[-167.5,53.3],[-167.6,53.3],[-167.7,53.2],[-167.7,53.3],[-167.8,53.3],[-167.9,53.3],[-167.7,53.4],[-167.6,53.4],[-167.5,53.4],[-167.4,53.4],[-167.3,53.4],[-167.3,53.5],[-167.2,53.5],[-167.1,53.5],[-167,53.5],[-167.1,53.5],[-167.1,53.6],[-167.2,53.6],[-167.1,53.6],[-167,53.6],[-167.1,53.6],[-167,53.6],[-167.1,53.6],[-167,53.6],[-167,53.7],[-167.1,53.7],[-167,53.7],[-166.9,53.7],[-166.9,53.6],[-166.8,53.7],[-166.8,53.6],[-166.8,53.7],[-166.7,53.7],[-166.8,53.7],[-166.7,53.7],[-166.8,53.7],[-166.9,53.8],[-167,53.8],[-167.1,53.8],[-167.2,53.8],[-167.2,53.9],[-167.1,53.9],[-167,53.9],[-167,54],[-166.9,54],[-166.8,54],[-166.7,54],[-166.8,54],[-166.7,54],[-166.6,54],[-166.6,53.9],[-166.6,53.8],[-166.5,53.9],[-166.4,53.9],[-166.4,54],[-166.3,53.9],[-166.3,54],[-166.3,53.9],[-166.2,53.9],[-166.3,53.9],[-166.4,53.9],[-166.4,53.8],[-166.5,53.8],[-166.6,53.7],[-166.5,53.7],[-166.6,53.7],[-166.5,53.7],[-166.4,53.8],[-166.4,53.7],[-166.4,53.8],[-166.3,53.8],[-166.3,53.7]]],[[[-152,58.3],[-152,58.2],[-152.1,58.2],[-152.1,58.1],[-152.1,58.2],[-152.2,58.2],[-152.2,58.3],[-152.3,58.3],[-152.3,58.2],[-152.4,58.2],[-152.3,58.2],[-152.3,58.1],[-152.4,58.1],[-152.5,58.1],[-152.6,58.1],[-152.6,58.2],[-152.6,58.1],[-152.7,58.1],[-152.8,58.1],[-152.8,58],[-152.9,58],[-153,58],[-153,58.1],[-153.1,58.1],[-153,58.1],[-153.1,58.1],[-153.2,58.1],[-153.2,58.2],[-153,58.2],[-152.9,58.2],[-153,58.2],[-153.1,58.2],[-153.1,58.3],[-153,58.3],[-152.9,58.3],[-152.8,58.3],[-152.8,58.4],[-152.9,58.4],[-152.8,58.4],[-152.7,58.5],[-152.7,58.4],[-152.7,58.5],[-152.6,58.5],[-152.5,58.5],[-152.5,58.4],[-152.4,58.4],[-152.4,58.3],[-152.4,58.4],[-152.3,58.4],[-152.2,58.4],[-152.3,58.4],[-152.2,58.4],[-152.1,58.4],[-152.1,58.3],[-152.2,58.3],[-152.1,58.2],[-152.1,58.3],[-152,58.3],[-152,58.4],[-152,58.3]]],[[[-133.9,56.5],[-133.8,56.5],[-133.8,56.4],[-133.9,56.4],[-133.8,56.3],[-133.9,56.3],[-133.8,56.3],[-133.9,56.3],[-134,56.4],[-134,56.3],[-133.9,56.3],[-133.9,56.2],[-133.9,56.1],[-134,56.1],[-134,56.2],[-134,56.3],[-134.1,56.3],[-134.1,56.2],[-134.2,56.2],[-134.2,56.1],[-134.1,56.1],[-134.1,56],[-134.2,56],[-134.1,56],[-134.2,56.1],[-134.2,56.2],[-134.3,56.2],[-134.3,56.3],[-134.2,56.3],[-134.3,56.3],[-134.3,56.4],[-134.2,56.4],[-134.1,56.4],[-134,56.4],[-134.1,56.4],[-134.1,56.5],[-134,56.5],[-134.1,56.5],[-134.1,56.6],[-134.1,56.5],[-134.2,56.5],[-134.2,56.6],[-134.3,56.6],[-134.2,56.6],[-134.1,56.6],[-134.1,56.7],[-134.2,56.6],[-134.3,56.6],[-134.3,56.7],[-134.2,56.7],[-134.3,56.7],[-134.4,56.7],[-134.4,56.8],[-134.4,56.9],[-134.3,56.8],[-134.3,56.9],[-134.2,56.9],[-134.1,56.8],[-134.1,56.9],[-134.2,56.9],[-134.3,56.9],[-134.2,56.9],[-134.1,56.9],[-134,56.9],[-134,56.8],[-133.9,56.8],[-133.9,56.7],[-134,56.7],[-134,56.6],[-133.9,56.7],[-133.9,56.8],[-133.8,56.8],[-133.7,56.8],[-133.8,56.7],[-133.7,56.7],[-133.7,56.6],[-133.8,56.6],[-133.9,56.6],[-133.8,56.6],[-133.9,56.6],[-133.9,56.5]]],[[[-167.9,53.4],[-167.9,53.3],[-168,53.3],[-168.1,53.3],[-168.2,53.3],[-168.3,53.3],[-168.3,53.2],[-168.4,53.2],[-168.4,53.1],[-168.5,53.1],[-168.5,53],[-168.5,53.1],[-168.5,53],[-168.6,53],[-168.7,53],[-168.8,53],[-168.8,52.9],[-168.9,52.9],[-169,52.9],[-169,52.8],[-169.1,52.8],[-169,52.9],[-169.1,52.9],[-169,52.9],[-168.9,52.9],[-168.9,53],[-168.8,53],[-168.8,53.1],[-168.8,53.2],[-168.7,53.2],[-168.6,53.3],[-168.5,53.2],[-168.5,53.3],[-168.4,53.3],[-168.4,53.2],[-168.4,53.3],[-168.4,53.4],[-168.4,53.5],[-168.3,53.5],[-168.2,53.5],[-168.1,53.5],[-168.1,53.6],[-168,53.6],[-168,53.5],[-167.9,53.5],[-167.8,53.5],[-167.9,53.4]]],[[[-156,20.8],[-156,20.7],[-156.1,20.7],[-156.1,20.6],[-156.2,20.6],[-156.3,20.6],[-156.4,20.6],[-156.5,20.6],[-156.4,20.6],[-156.4,20.7],[-156.5,20.7],[-156.5,20.8],[-156.6,20.8],[-156.7,20.8],[-156.7,20.9],[-156.7,21],[-156.6,21],[-156.5,21],[-156.5,20.9],[-156.4,20.9],[-156.3,20.9],[-156.3,21],[-156.3,20.9],[-156.2,20.9],[-156.1,20.9],[-156.1,20.8],[-156,20.8]]],[[[-157.7,21.4],[-157.7,21.3],[-157.6,21.3],[-157.7,21.3],[-157.8,21.3],[-157.9,21.3],[-158,21.3],[-158,21.4],[-157.9,21.4],[-158,21.4],[-158,21.3],[-158.1,21.3],[-158.1,21.4],[-158.2,21.4],[-158.2,21.5],[-158.3,21.6],[-158.2,21.6],[-158.1,21.6],[-158.1,21.7],[-158,21.7],[-157.9,21.7],[-157.9,21.6],[-157.8,21.5],[-157.8,21.4],[-157.8,21.5],[-157.7,21.5],[-157.7,21.4]]],[[[-147.1,60.3],[-146.9,60.3],[-147,60.3],[-147,60.2],[-147.2,60.1],[-147.3,60.1],[-147.4,60],[-147.5,60],[-147.5,59.9],[-147.6,59.9],[-147.7,59.8],[-147.8,59.8],[-147.9,59.8],[-147.9,59.9],[-147.8,59.9],[-147.7,59.9],[-147.8,59.9],[-147.8,60],[-147.7,60],[-147.5,60.1],[-147.4,60.1],[-147.4,60.2],[-147.3,60.2],[-147.2,60.2],[-147.2,60.3],[-147.2,60.4],[-147.1,60.4],[-147.1,60.3],[-147,60.3],[-147.1,60.3]]],[[[-132.5,56.3],[-132.4,56.4],[-132.4,56.3],[-132.4,56.2],[-132.5,56.2],[-132.4,56.2],[-132.3,56.2],[-132.2,56.2],[-132.1,56.1],[-132.2,56.1],[-132.2,56],[-132.1,56],[-132.2,56],[-132.1,56],[-132.1,55.9],[-132.2,55.9],[-132.2,56],[-132.2,55.9],[-132.3,55.9],[-132.4,55.9],[-132.4,56],[-132.5,56],[-132.4,56.1],[-132.6,56.1],[-132.7,56.1],[-132.7,56.2],[-132.6,56.2],[-132.6,56.3],[-132.5,56.3]]],[[[-174.1,52.2],[-174.2,52.2],[-174.1,52.2],[-174.1,52.1],[-174.2,52.1],[-174.3,52.1],[-174.4,52.1],[-174.4,52],[-174.4,52.1],[-174.5,52.1],[-174.5,52],[-174.5,52.1],[-174.6,52.1],[-174.5,52],[-174.6,52],[-174.7,52],[-174.7,52.1],[-174.7,52],[-174.8,52],[-174.9,52],[-175,52],[-175.3,52],[-175.2,52],[-175.1,52],[-175,52],[-175,52.1],[-174.9,52.1],[-174.8,52.1],[-174.7,52.1],[-174.6,52.1],[-174.5,52.1],[-174.5,52.2],[-174.6,52.2],[-174.5,52.2],[-174.6,52.2],[-174.4,52.2],[-174.3,52.2],[-174.2,52.2],[-174.2,52.3],[-174.3,52.3],[-174.4,52.3],[-174.3,52.3],[-174.4,52.3],[-174.3,52.3],[-174.3,52.4],[-174.2,52.4],[-174.1,52.4],[-174,52.4],[-174,52.3],[-174,52.2],[-174.1,52.2]]],[[[173.4,52.8],[173.3,52.8],[173.2,52.8],[173.1,52.8],[173,52.8],[172.9,52.7],[172.9,52.8],[172.8,52.8],[172.8,52.9],[172.7,52.9],[172.6,52.9],[172.7,52.9],[172.6,52.9],[172.5,52.9],[172.6,53],[172.7,53],[172.8,53],[172.9,53],[173,53],[173.1,53],[173.2,53],[173.2,52.9],[173.1,52.9],[173.2,52.9],[173.3,52.9],[173.4,52.9],[173.4,52.8]]],[[[-176.4,51.8],[-176.4,51.7],[-176.5,51.7],[-176.5,51.8],[-176.5,51.7],[-176.6,51.7],[-176.7,51.7],[-176.7,51.6],[-176.8,51.6],[-176.8,51.7],[-176.9,51.6],[-177,51.6],[-177,51.7],[-176.9,51.7],[-176.9,51.8],[-176.8,51.8],[-176.9,51.8],[-176.8,51.8],[-176.7,51.8],[-176.8,51.8],[-176.8,51.9],[-176.7,51.9],[-176.8,51.9],[-176.8,52],[-176.7,52],[-176.6,52],[-176.5,52],[-176.6,52],[-176.6,51.9],[-176.5,51.9],[-176.6,51.9],[-176.6,51.8],[-176.5,51.8],[-176.5,51.9],[-176.4,51.8]]],[[[-159.3,22.2],[-159.3,22.1],[-159.3,22],[-159.4,22],[-159.4,21.9],[-159.3,21.9],[-159.4,21.9],[-159.5,21.9],[-159.6,21.9],[-159.7,21.9],[-159.7,22],[-159.8,22],[-159.8,22.1],[-159.7,22.1],[-159.7,22.2],[-159.6,22.2],[-159.5,22.2],[-159.4,22.2],[-159.3,22.2]]],[[[-132.7,54.7],[-132.8,54.7],[-132.9,54.7],[-132.8,54.7],[-132.9,54.8],[-133,54.8],[-132.9,54.8],[-133,54.8],[-133,54.9],[-133.1,54.9],[-133,54.9],[-133.1,54.9],[-133.1,55],[-133.2,55],[-133.1,55],[-133.2,55],[-133.2,55.1],[-133.1,55.1],[-133.2,55.1],[-133.2,55.2],[-133.1,55.2],[-133.1,55.3],[-133.1,55.2],[-133.1,55.1],[-133,55.1],[-133.1,55.1],[-133,55.1],[-133,55],[-132.9,55],[-132.9,54.9],[-132.9,55],[-132.9,54.9],[-132.8,54.9],[-132.8,54.8],[-132.7,54.8],[-132.8,54.8],[-132.7,54.7],[-132.8,54.7],[-132.7,54.7]]],[[[-132,56.3],[-131.9,56.2],[-132,56.2],[-132,56.1],[-132.1,56.1],[-132.1,56.2],[-132.2,56.2],[-132.3,56.2],[-132.3,56.3],[-132.4,56.3],[-132.3,56.3],[-132.3,56.4],[-132.4,56.5],[-132.3,56.5],[-132.2,56.4],[-132.1,56.3],[-132.1,56.4],[-132,56.4],[-132,56.3]]],[[[-133,56.8],[-132.9,56.8],[-132.8,56.8],[-132.7,56.7],[-132.6,56.7],[-132.6,56.6],[-132.5,56.6],[-132.6,56.6],[-132.6,56.5],[-132.7,56.5],[-132.7,56.6],[-132.8,56.5],[-132.7,56.5],[-132.8,56.5],[-132.9,56.5],[-133,56.6],[-132.9,56.6],[-132.9,56.7],[-132.9,56.8],[-133,56.8]]],[[[-172.3,60.4],[-172.3,60.3],[-172.2,60.3],[-172.3,60.3],[-172.4,60.3],[-172.5,60.3],[-172.6,60.3],[-172.7,60.4],[-172.8,60.4],[-173,60.5],[-173.1,60.5],[-173,60.5],[-173,60.6],[-172.9,60.6],[-172.9,60.5],[-172.8,60.5],[-172.5,60.4],[-172.4,60.4],[-172.3,60.4]]],[[[-132.6,56.4],[-132.7,56.4],[-132.7,56.3],[-132.6,56.3],[-132.7,56.3],[-132.8,56.2],[-132.9,56.2],[-133,56.3],[-133.1,56.3],[-133,56.4],[-132.9,56.4],[-132.9,56.5],[-132.8,56.4],[-132.8,56.5],[-132.7,56.5],[-132.7,56.4],[-132.6,56.4]]],[[[-133.6,56.1],[-133.5,56.1],[-133.6,56.1],[-133.5,56.1],[-133.4,56.1],[-133.4,56.2],[-133.3,56.1],[-133.3,56.2],[-133.3,56.1],[-133.3,56],[-133.4,56],[-133.5,56],[-133.6,56],[-133.6,55.9],[-133.7,55.9],[-133.8,55.9],[-133.8,56],[-133.7,56],[-133.7,56.1],[-133.6,56.1]]],[[[-177.8,51.8],[-177.8,51.7],[-177.9,51.7],[-177.9,51.6],[-178,51.6],[-178,51.7],[-178.1,51.7],[-178,51.7],[-178,51.8],[-178.1,51.8],[-178.2,51.9],[-178.1,51.9],[-178,51.9],[-177.9,51.9],[-177.8,51.9],[-177.8,51.8],[-177.7,51.8],[-177.6,51.8],[-177.6,51.9],[-177.6,51.8],[-177.7,51.8],[-177.8,51.8]]],[[[-156.7,21.2],[-156.7,21.1],[-156.8,21.1],[-156.9,21.1],[-157,21.1],[-157.1,21.1],[-157.2,21.1],[-157.3,21.1],[-157.3,21.2],[-157.2,21.2],[-157.3,21.2],[-157.2,21.2],[-157.1,21.2],[-157,21.2],[-156.9,21.2],[-156.8,21.2],[-156.7,21.2]]],[[[-160.5,55.2],[-160.6,55.2],[-160.5,55.2],[-160.5,55.1],[-160.6,55.2],[-160.7,55.2],[-160.8,55.2],[-160.8,55.1],[-160.8,55.2],[-160.9,55.2],[-160.8,55.2],[-160.8,55.3],[-160.9,55.3],[-160.8,55.3],[-160.9,55.3],[-160.8,55.4],[-160.7,55.4],[-160.7,55.3],[-160.6,55.3],[-160.6,55.4],[-160.5,55.4],[-160.6,55.3],[-160.5,55.3],[-160.5,55.2],[-160.6,55.2],[-160.5,55.2]]],[[[-173.1,52.1],[-173,52.1],[-173.1,52.1],[-173.2,52.1],[-173.3,52.1],[-173.4,52],[-173.5,52],[-173.6,52],[-173.7,52],[-173.7,52.1],[-173.7,52],[-173.8,52],[-173.9,52.1],[-174,52.1],[-174.1,52.1],[-174,52.1],[-173.9,52.1],[-173.8,52.1],[-173.7,52.1],[-173.6,52.2],[-173.6,52.1],[-173.6,52.2],[-173.6,52.1],[-173.5,52.1],[-173.4,52.1],[-173.3,52.1],[-173.2,52.1],[-173.1,52.1]]],[[[-122.4,48],[-122.3,48],[-122.3,47.9],[-122.4,47.9],[-122.4,48],[-122.5,48],[-122.6,48],[-122.6,48.1],[-122.6,48.2],[-122.7,48.2],[-122.8,48.2],[-122.7,48.4],[-122.6,48.4],[-122.5,48.3],[-122.6,48.3],[-122.7,48.2],[-122.6,48.2],[-122.6,48.1],[-122.5,48],[-122.5,48.1],[-122.4,48]]],[[[-135.6,57.2],[-135.6,57.1],[-135.5,57.1],[-135.6,57.1],[-135.6,57],[-135.7,57],[-135.8,57],[-135.8,57.1],[-135.7,57.1],[-135.7,57.2],[-135.8,57.2],[-135.9,57.2],[-135.8,57.2],[-135.8,57.3],[-135.7,57.3],[-135.6,57.3],[-135.6,57.2]]]]}},{"type":"Feature","properties":{"name":"Canada","iso":"CA"},"geometry":{"type":"MultiPolygon","coordinates":[[[[-95.2,49.4],[-95.2,49.3],[-95.2,49.2],[-95.2,49.1],[-95.2,49],[-95.4,49],[-95.6,49],[-95.8,49],[-96.1,49],[-96.3,49],[-96.5,49],[-96.7,49],[-96.9,49],[-97.2,49],[-97.4,49],[-97.6,49],[-97.8,49],[-98,49],[-98.3,49],[-98.5,49],[-98.7,49],[-98.9,49],[-99.1,49],[-99.4,49],[-99.6,49],[-99.8,49],[-100,49],[-100.2,49],[-100.5,49],[-100.7,49],[-100.9,49],[-101.1,49],[-101.3,49],[-101.4,49],[-101.6,49],[-101.8,49],[-102,49],[-102.2,49],[-102.4,49],[-102.7,49],[-102.9,49],[-103.1,49],[-103.3,49],[-103.5,49],[-103.7,49],[-104,49],[-104.2,49],[-104.4,49],[-104.6,49],[-104.8,49],[-105.1,49],[-105.3,49],[-105.5,49],[-105.7,49],[-105.9,49],[-106.2,49],[-106.4,49],[-106.6,49],[-106.8,49],[-107,49],[-107.3,49],[-107.5,49],[-107.7,49],[-107.9,49],[-108.1,49],[-108.4,49],[-108.6,49],[-108.8,49],[-109,49],[-109.2,49],[-109.5,49],[-109.7,49],[-109.9,49],[-110,49],[-110.1,49],[-110.3,49],[-110.6,49],[-110.8,49],[-111,49],[-111.2,49],[-111.4,49],[-111.7,49],[-111.9,49],[-112.1,49],[-112.3,49],[-112.5,49],[-112.8,49],[-113,49],[-113.2,49],[-113.4,49],[-113.6,49],[-113.9,49],[-114.1,49],[-114.3,49],[-114.5,49],[-114.7,49],[-115,49],[-115.2,49],[-115.4,49],[-115.6,49],[-115.8,49],[-116,49],[-116.1,49],[-116.3,49],[-116.5,49],[-116.7,49],[-116.9,49],[-117,49],[-117.2,49],[-117.4,49],[-117.6,49],[-117.8,49],[-118,49],[-118.3,49],[-118.5,49],[-118.7,49],[-118.9,49],[-119.1,49],[-119.4,49],[-119.6,49],[-119.8,49],[-120,49],[-120.2,49],[-120.5,49],[-120.7,49],[-120.9,49],[-121.1,49],[-121.3,49],[-121.6,49],[-121.8,49],[-122,49],[-122.2,49],[-122.4,49],[-122.7,49],[-122.8,49],[-122.9,49],[-122.9,49.1],[-123,49.1],[-123,49],[-123.1,49],[-123.1,49.1],[-123,49.2],[-123.1,49.1],[-123.2,49.1],[-123.2,49.2],[-123.1,49.2],[-123.2,49.2],[-123.2,49.3],[-123.1,49.3],[-123.2,49.3],[-123.1,49.3],[-123,49.3],[-122.9,49.3],[-122.9,49.4],[-122.9,49.5],[-122.9,49.4],[-122.9,49.3],[-123,49.3],[-123.2,49.3],[-123.3,49.3],[-123.3,49.4],[-123.2,49.4],[-123.3,49.5],[-123.2,49.6],[-123.2,49.7],[-123.3,49.7],[-123.2,49.6],[-123.3,49.6],[-123.4,49.6],[-123.4,49.5],[-123.5,49.5],[-123.5,49.4],[-123.6,49.4],[-123.8,49.5],[-123.9,49.5],[-124,49.5],[-124,49.6],[-124.1,49.6],[-124.1,49.7],[-124,49.7],[-123.9,49.7],[-123.8,49.6],[-123.8,49.5],[-123.8,49.6],[-123.7,49.6],[-123.6,49.6],[-123.6,49.7],[-123.5,49.7],[-123.7,49.7],[-123.8,49.6],[-123.8,49.7],[-123.9,49.7],[-123.9,49.8],[-123.9,49.9],[-124,50],[-123.9,50],[-123.8,50],[-123.8,50.1],[-123.8,50.2],[-123.9,50.2],[-124,50.2],[-123.9,50.2],[-123.9,50.1],[-123.8,50.1],[-123.9,50.1],[-124,50],[-124,49.9],[-123.9,49.9],[-123.9,49.8],[-124,49.8],[-124,49.9],[-124.1,49.9],[-124,49.8],[-124.1,49.8],[-124.2,49.8],[-124.3,49.8],[-124.3,49.7],[-124.3,49.8],[-124.4,49.8],[-124.5,49.8],[-124.6,49.9],[-124.7,49.9],[-124.7,50],[-124.8,50],[-124.8,50.1],[-124.8,50],[-124.7,50],[-124.7,50.1],[-124.6,50.2],[-124.6,50.3],[-124.7,50.3],[-124.7,50.4],[-124.6,50.4],[-124.5,50.4],[-124.4,50.4],[-124.4,50.5],[-124.3,50.5],[-124.4,50.5],[-124.5,50.4],[-124.6,50.4],[-124.7,50.4],[-124.8,50.3],[-124.9,50.3],[-125,50.3],[-124.9,50.4],[-125,50.4],[-125,50.3],[-125.1,50.3],[-125.1,50.4],[-125.1,50.5],[-125,50.5],[-124.9,50.5],[-124.9,50.6],[-124.9,50.7],[-124.8,50.7],[-124.8,50.8],[-124.9,50.8],[-124.8,50.9],[-124.9,50.9],[-124.9,50.8],[-125,50.8],[-124.9,50.8],[-124.9,50.7],[-124.9,50.6],[-125,50.6],[-125,50.5],[-125.1,50.5],[-125.1,50.4],[-125.2,50.4],[-125.2,50.5],[-125.3,50.5],[-125.4,50.5],[-125.5,50.5],[-125.6,50.5],[-125.5,50.5],[-125.5,50.6],[-125.5,50.7],[-125.4,50.7],[-125.5,50.7],[-125.6,50.7],[-125.6,50.6],[-125.6,50.5],[-125.6,50.4],[-125.7,50.4],[-125.8,50.5],[-125.7,50.5],[-125.8,50.5],[-125.9,50.5],[-126,50.5],[-126.1,50.5],[-126.2,50.5],[-126.3,50.5],[-126.2,50.5],[-126.2,50.6],[-126.1,50.6],[-126,50.6],[-125.9,50.6],[-126,50.6],[-126.1,50.6],[-126.2,50.6],[-126.3,50.6],[-126.2,50.6],[-126.1,50.6],[-126,50.7],[-125.9,50.7],[-125.8,50.7],[-125.7,50.7],[-125.6,50.8],[-125.7,50.8],[-125.6,50.9],[-125.5,50.9],[-125.5,51],[-125.6,51.1],[-125.6,51],[-125.6,50.9],[-125.5,50.9],[-125.6,50.9],[-125.7,50.9],[-125.7,50.8],[-125.6,50.8],[-125.7,50.8],[-125.7,50.7],[-125.8,50.7],[-125.9,50.7],[-126,50.7],[-126.1,50.7],[-126.2,50.7],[-126.1,50.7],[-126.1,50.8],[-126,50.8],[-126.1,50.8],[-126.2,50.8],[-126.2,50.9],[-126.2,50.8],[-126.2,50.9],[-126.3,50.9],[-126.4,50.9],[-126.5,50.8],[-126.6,50.8],[-126.6,50.9],[-126.5,50.9],[-126.4,50.9],[-126.3,50.9],[-126.2,50.9],[-126.2,51],[-126.2,50.9],[-126.4,50.9],[-126.5,51],[-126.5,51.1],[-126.5,51],[-126.6,51],[-126.5,51],[-126.5,50.9],[-126.6,50.9],[-126.7,50.9],[-126.8,50.9],[-126.9,50.9],[-127,50.9],[-127.1,50.9],[-127.2,50.9],[-127.1,50.9],[-127,50.9],[-126.9,50.9],[-127,50.9],[-127,50.8],[-127.1,50.8],[-127.1,50.9],[-127.2,50.9],[-127.3,50.9],[-127.4,50.9],[-127.4,51],[-127.5,51],[-127.4,51],[-127.5,51],[-127.5,51.1],[-127.6,51.1],[-127.7,51.1],[-127.8,51.2],[-127.7,51.3],[-127.6,51.3],[-127.4,51.3],[-127.2,51.3],[-127.1,51.3],[-127.1,51.4],[-127.2,51.3],[-127.3,51.3],[-127.5,51.3],[-127.5,51.4],[-127.6,51.3],[-127.7,51.3],[-127.8,51.3],[-127.8,51.4],[-127.7,51.4],[-127.6,51.4],[-127.6,51.5],[-127.5,51.5],[-127.5,51.6],[-127.3,51.7],[-127,51.7],[-126.7,51.6],[-126.7,51.7],[-126.6,51.7],[-126.6,51.8],[-126.7,51.8],[-126.7,51.7],[-126.6,51.7],[-126.7,51.7],[-127.1,51.7],[-127.3,51.7],[-127.4,51.7],[-127.4,51.8],[-127.3,51.9],[-127.4,51.9],[-127.4,51.8],[-127.5,51.8],[-127.5,51.7],[-127.6,51.7],[-127.5,51.7],[-127.5,51.6],[-127.6,51.6],[-127.6,51.5],[-127.7,51.5],[-127.8,51.5],[-127.7,51.5],[-127.8,51.5],[-127.8,51.6],[-127.9,51.7],[-127.9,51.8],[-127.9,51.9],[-127.8,51.9],[-127.8,52],[-127.7,51.9],[-127.7,52],[-127.6,52.1],[-127.5,52.1],[-127.5,52.2],[-127.5,52.1],[-127.6,52.1],[-127.6,52],[-127.6,52.1],[-127.5,52.1],[-127.4,52.1],[-127.4,52.2],[-127.5,52.2],[-127.4,52.2],[-127.3,52.2],[-127.2,52.3],[-127.1,52.3],[-127,52.3],[-126.9,52.3],[-126.9,52.2],[-126.8,52.1],[-126.7,52.1],[-126.7,52],[-126.7,52.1],[-126.8,52.1],[-126.8,52.2],[-126.9,52.2],[-126.9,52.3],[-126.9,52.4],[-126.8,52.4],[-126.7,52.4],[-126.8,52.4],[-126.9,52.4],[-127,52.4],[-127,52.3],[-127.1,52.4],[-127.1,52.3],[-127.2,52.4],[-127.2,52.5],[-127.2,52.6],[-127.1,52.6],[-127,52.6],[-127,52.7],[-126.9,52.7],[-126.9,52.8],[-127,52.8],[-127,52.9],[-127.1,52.9],[-127,52.8],[-127,52.7],[-127.1,52.7],[-127.2,52.6],[-127.3,52.6],[-127.3,52.5],[-127.5,52.4],[-127.5,52.3],[-127.6,52.3],[-127.7,52.3],[-127.8,52.3],[-127.7,52.3],[-127.7,52.4],[-127.8,52.3],[-127.8,52.2],[-127.9,52.2],[-127.9,52.3],[-127.9,52.4],[-127.8,52.4],[-127.9,52.4],[-127.9,52.5],[-127.9,52.4],[-128,52.3],[-128,52.4],[-128.1,52.4],[-128.1,52.5],[-128,52.5],[-127.9,52.5],[-127.9,52.6],[-128,52.5],[-128.1,52.5],[-128.2,52.4],[-128.2,52.3],[-128.3,52.3],[-128.4,52.3],[-128.3,52.3],[-128.3,52.4],[-128.2,52.4],[-128.2,52.5],[-128.2,52.6],[-128.2,52.7],[-128.1,52.7],[-128.1,52.8],[-128.1,52.9],[-128,52.9],[-128.1,52.9],[-128.2,52.9],[-128.2,52.8],[-128.3,52.8],[-128.4,52.8],[-128.5,52.9],[-128.5,53],[-128.5,53.1],[-128.6,53.1],[-128.5,53.1],[-128.6,53.1],[-128.6,53.2],[-128.7,53.2],[-128.8,53.3],[-128.9,53.3],[-128.9,53.4],[-128.8,53.4],[-128.9,53.4],[-128.8,53.5],[-128.9,53.5],[-129,53.5],[-129,53.6],[-128.9,53.6],[-128.9,53.5],[-128.8,53.5],[-128.8,53.6],[-128.8,53.5],[-128.7,53.5],[-128.6,53.5],[-128.6,53.4],[-128.5,53.4],[-128.5,53.3],[-128.5,53.4],[-128.4,53.4],[-128.4,53.5],[-128.3,53.5],[-128.1,53.5],[-128.1,53.4],[-128.1,53.3],[-128.1,53.4],[-128,53.4],[-128,53.3],[-127.9,53.3],[-127.9,53.2],[-127.9,53.3],[-128,53.4],[-128.1,53.4],[-128.1,53.5],[-128.2,53.5],[-128.3,53.5],[-128.4,53.5],[-128.4,53.4],[-128.5,53.4],[-128.6,53.5],[-128.7,53.5],[-128.7,53.6],[-128.8,53.6],[-128.8,53.7],[-128.8,53.8],[-128.7,53.8],[-128.7,53.9],[-128.6,53.8],[-128.5,53.8],[-128.5,53.9],[-128.6,53.9],[-128.7,53.9],[-128.6,54],[-128.7,54],[-128.7,53.9],[-128.8,53.9],[-128.9,53.8],[-128.9,53.9],[-128.9,53.8],[-128.9,53.9],[-129,53.9],[-129,53.8],[-129.1,53.8],[-129,53.7],[-129.1,53.7],[-129.2,53.7],[-129.2,53.6],[-129.2,53.5],[-129.3,53.5],[-129.2,53.5],[-129.2,53.4],[-129.3,53.4],[-129.6,53.6],[-129.7,53.6],[-129.7,53.7],[-129.8,53.7],[-129.8,53.8],[-129.9,53.8],[-130,53.8],[-130,53.9],[-130.1,53.9],[-130.1,54],[-130.1,54.1],[-130.1,54.2],[-130,54.2],[-129.9,54.1],[-129.8,54],[-129.7,54],[-129.8,54],[-129.8,54.1],[-129.9,54.1],[-129.9,54.2],[-129.8,54.2],[-129.7,54.2],[-129.6,54.2],[-129.5,54.2],[-129.5,54.3],[-129.5,54.2],[-129.6,54.2],[-129.8,54.2],[-129.9,54.2],[-130,54.2],[-130.1,54.2],[-130.2,54.2],[-130.3,54.2],[-130.2,54.3],[-130.3,54.3],[-130.2,54.4],[-130.3,54.4],[-130.3,54.3],[-130.4,54.3],[-130.5,54.3],[-130.5,54.4],[-130.4,54.5],[-130.4,54.6],[-130.3,54.6],[-130.3,54.5],[-130.1,54.3],[-130,54.3],[-130.1,54.4],[-130.1,54.5],[-130,54.5],[-130.1,54.5],[-130.1,54.4],[-130.2,54.5],[-130.3,54.6],[-130.4,54.6],[-130.4,54.7],[-130.3,54.7],[-130.2,54.7],[-130.1,54.7],[-130.1,54.6],[-130,54.6],[-129.9,54.6],[-130,54.6],[-130,54.7],[-130.1,54.7],[-130.2,54.7],[-130.2,54.8],[-130.1,54.8],[-130.1,54.9],[-130.2,54.9],[-130.2,54.8],[-130.2,54.9],[-130.1,54.9],[-130.1,55],[-130,55],[-130,54.9],[-129.9,54.9],[-129.9,55],[-129.8,55],[-129.7,55],[-129.6,55],[-129.7,55],[-130,55],[-130,55.1],[-129.9,55.1],[-129.9,55.2],[-129.8,55.2],[-129.8,55.3],[-129.7,55.3],[-129.8,55.3],[-129.7,55.3],[-129.7,55.4],[-129.6,55.4],[-129.5,55.4],[-129.5,55.5],[-129.6,55.5],[-129.7,55.5],[-129.7,55.4],[-129.7,55.5],[-129.8,55.5],[-129.8,55.6],[-129.8,55.5],[-129.8,55.4],[-129.8,55.3],[-129.9,55.3],[-129.9,55.2],[-130,55.1],[-130,55],[-130.1,55],[-130.2,55.1],[-130.1,55.1],[-130.1,55.2],[-130,55.2],[-130,55.3],[-129.9,55.3],[-130,55.3],[-130,55.4],[-130,55.5],[-130.1,55.5],[-130.1,55.6],[-130.1,55.7],[-130.1,55.8],[-130,55.8],[-130,55.9],[-130,56],[-130.1,56.1],[-130.2,56.1],[-130.3,56.1],[-130.4,56.1],[-130.5,56.2],[-130.6,56.2],[-130.6,56.3],[-130.8,56.3],[-130.8,56.4],[-131,56.4],[-131.1,56.4],[-131.2,56.5],[-131.3,56.5],[-131.5,56.6],[-131.6,56.6],[-131.7,56.6],[-131.8,56.6],[-131.8,56.7],[-131.9,56.7],[-131.9,56.8],[-132.1,56.9],[-132,57],[-132.2,57.1],[-132.3,57.1],[-132.2,57.2],[-132.3,57.3],[-132.4,57.3],[-132.5,57.4],[-132.6,57.5],[-132.6,57.6],[-132.7,57.7],[-132.8,57.8],[-132.9,57.9],[-133,57.9],[-133.1,58],[-133.1,58.1],[-133.2,58.1],[-133.3,58.2],[-133.4,58.3],[-133.4,58.4],[-133.5,58.5],[-133.6,58.5],[-133.7,58.6],[-133.8,58.7],[-133.9,58.7],[-134,58.8],[-134.1,58.8],[-134.2,58.8],[-134.3,58.9],[-134.3,59],[-134.4,59],[-134.4,59.1],[-134.5,59.1],[-134.6,59.1],[-134.7,59.2],[-134.8,59.3],[-134.9,59.3],[-135,59.3],[-135,59.4],[-135.1,59.4],[-135,59.5],[-135,59.6],[-135.1,59.6],[-135.2,59.6],[-135.2,59.7],[-135.3,59.7],[-135.4,59.8],[-135.5,59.8],[-135.6,59.7],[-135.8,59.7],[-135.9,59.7],[-136,59.7],[-136.1,59.6],[-136.3,59.6],[-136.4,59.6],[-136.3,59.6],[-136.2,59.5],[-136.3,59.5],[-136.4,59.4],[-136.4,59.5],[-136.5,59.5],[-136.5,59.4],[-136.5,59.3],[-136.6,59.2],[-136.7,59.2],[-136.8,59.2],[-136.8,59.1],[-136.9,59.1],[-137,59.1],[-137.1,59.1],[-137.2,59],[-137.3,59],[-137.4,58.9],[-137.5,58.9],[-137.5,59],[-137.5,59.1],[-137.6,59.2],[-137.8,59.3],[-137.9,59.4],[-138.1,59.5],[-138.2,59.6],[-138.4,59.6],[-138.5,59.7],[-138.6,59.8],[-138.7,59.8],[-138.7,59.9],[-138.8,59.9],[-139,60],[-139.1,60],[-139.2,60.1],[-139.1,60.2],[-139.1,60.3],[-139.3,60.3],[-139.4,60.3],[-139.5,60.3],[-139.6,60.3],[-139.7,60.3],[-139.8,60.3],[-139.9,60.2],[-140,60.2],[-140.2,60.2],[-140.3,60.3],[-140.4,60.3],[-140.5,60.3],[-140.5,60.2],[-140.7,60.2],[-140.8,60.3],[-140.9,60.3],[-141,60.3],[-141,60.5],[-141,60.6],[-141,60.8],[-141,60.9],[-141,61],[-141,61.2],[-141,61.3],[-141,61.5],[-141,61.6],[-141,61.8],[-141,61.9],[-141,62.1],[-141,62.2],[-141,62.4],[-141,62.5],[-141,62.7],[-141,62.8],[-141,62.9],[-141,63.1],[-141,63.2],[-141,63.4],[-141,63.5],[-141,63.7],[-141,63.8],[-141,64],[-141,64.1],[-141,64.3],[-141,64.4],[-141,64.5],[-141,64.7],[-141,64.8],[-141,65],[-141,65.1],[-141,65.3],[-141,65.4],[-141,65.6],[-141,65.7],[-141,65.9],[-141,66],[-141,66.2],[-141,66.3],[-141,66.4],[-141,66.6],[-141,66.7],[-141,66.9],[-141,67],[-141,67.2],[-141,67.3],[-141,67.5],[-141,67.6],[-141,67.8],[-141,67.9],[-141,68],[-141,68.2],[-141,68.3],[-141,68.5],[-141,68.6],[-141,68.8],[-141,68.9],[-141,69.1],[-141,69.2],[-141,69.4],[-141,69.5],[-141,69.7],[-141,69.6],[-140.9,69.6],[-140.8,69.6],[-140.6,69.6],[-140.4,69.6],[-140.2,69.6],[-139.9,69.6],[-139.6,69.6],[-139.7,69.6],[-139.8,69.6],[-139.7,69.6],[-139.4,69.5],[-139.3,69.5],[-139.1,69.5],[-139,69.5],[-139,69.4],[-138.8,69.4],[-138.7,69.3],[-138.6,69.3],[-138.6,69.2],[-138.6,69.3],[-138.5,69.3],[-138.5,69.2],[-138.4,69.2],[-138.4,69.3],[-138.5,69.3],[-138.4,69.3],[-138.3,69.3],[-138.3,69.2],[-138.2,69.2],[-138.1,69.1],[-137.9,69.1],[-137.5,69],[-137.4,69],[-137.3,69],[-137.2,69],[-137.2,68.9],[-137.1,69],[-137,68.9],[-136.9,68.9],[-136.8,68.9],[-136.7,68.9],[-136.6,68.9],[-136.5,68.9],[-136.4,68.9],[-136.2,68.9],[-136.1,68.9],[-135.9,68.9],[-135.9,68.8],[-135.8,68.8],[-135.7,68.8],[-135.6,68.8],[-135.5,68.8],[-135.5,68.7],[-135.4,68.7],[-135.3,68.7],[-135.2,68.7],[-135.1,68.7],[-135.2,68.7],[-135.3,68.7],[-135.4,68.8],[-135.5,68.8],[-135.3,68.8],[-135.4,68.9],[-135.6,68.9],[-135.8,68.9],[-135.9,68.9],[-136,68.9],[-136,69],[-135.9,69],[-136,69],[-135.9,69],[-135.8,69],[-135.7,69],[-135.6,69],[-135.5,69],[-135.7,69],[-135.7,69.1],[-135.9,69.1],[-136,69.2],[-135.9,69.3],[-135.8,69.2],[-135.6,69.1],[-135.5,69.1],[-135.4,69.1],[-135.5,69.1],[-135.6,69.1],[-135.6,69.2],[-135.8,69.3],[-135.9,69.3],[-135.8,69.3],[-135.7,69.3],[-135.6,69.3],[-135.6,69.2],[-135.6,69.3],[-135.5,69.3],[-135.4,69.3],[-135.3,69.3],[-135.2,69.3],[-135.2,69.4],[-135.3,69.4],[-135.2,69.5],[-135.1,69.5],[-135,69.5],[-134.9,69.5],[-134.8,69.5],[-134.7,69.5],[-134.6,69.5],[-134.5,69.5],[-134.5,69.4],[-134.4,69.5],[-134.5,69.5],[-134.6,69.5],[-134.6,69.6],[-134.6,69.5],[-134.5,69.5],[-134.5,69.6],[-134.4,69.6],[-134.4,69.7],[-134.5,69.7],[-134.4,69.7],[-134.3,69.7],[-134.4,69.7],[-134.3,69.7],[-134.2,69.7],[-134.2,69.6],[-134.1,69.6],[-134.2,69.6],[-134.1,69.5],[-134.1,69.6],[-134,69.6],[-134,69.5],[-134.1,69.5],[-134,69.5],[-133.9,69.5],[-133.8,69.5],[-133.8,69.6],[-133.8,69.5],[-134,69.4],[-134.1,69.3],[-134.2,69.3],[-134.2,69.2],[-134.3,69.2],[-134.2,69.2],[-134.2,69.3],[-134.1,69.3],[-134,69.3],[-133.9,69.3],[-133.8,69.3],[-133.8,69.4],[-133.7,69.4],[-133.7,69.3],[-133.8,69.3],[-133.7,69.3],[-133.7,69.4],[-133.6,69.4],[-133.5,69.4],[-133.3,69.4],[-133.2,69.4],[-133.1,69.4],[-133,69.4],[-133.1,69.4],[-133.1,69.5],[-133,69.5],[-133,69.6],[-132.9,69.6],[-132.9,69.7],[-132.8,69.7],[-132.8,69.6],[-132.7,69.6],[-132.7,69.7],[-132.6,69.7],[-132.6,69.6],[-132.5,69.6],[-132.4,69.6],[-132.3,69.7],[-132.4,69.7],[-132.5,69.7],[-132.4,69.7],[-132.5,69.7],[-132.6,69.7],[-132.5,69.7],[-132.4,69.8],[-132.3,69.8],[-132.4,69.7],[-132.5,69.7],[-132.3,69.7],[-132.2,69.7],[-132.1,69.7],[-132,69.7],[-131.9,69.8],[-131.8,69.8],[-131.7,69.8],[-131.6,69.9],[-131.5,69.9],[-131.4,69.9],[-131.4,70],[-131.3,69.9],[-131.2,69.9],[-131.2,69.8],[-131.2,69.9],[-131.1,69.9],[-131,70],[-130.9,70],[-131,70],[-130.9,70.1],[-130.8,70.1],[-130.7,70.1],[-130.6,70.1],[-130.6,70.2],[-130.5,70.2],[-130.6,70.1],[-130.5,70.1],[-130.4,70.1],[-130.4,70.2],[-130.4,70.1],[-130.3,70.1],[-130.2,70.1],[-130.1,70.1],[-130,70.1],[-129.9,70.1],[-130,70.1],[-129.9,70.1],[-129.8,70.2],[-129.7,70.2],[-129.7,70.3],[-129.6,70.3],[-129.6,70.2],[-129.7,70.2],[-129.6,70.2],[-129.5,70.2],[-129.5,70.1],[-129.5,70.2],[-129.5,70.1],[-129.4,70.1],[-129.5,70.1],[-129.5,70],[-129.6,70],[-129.5,70],[-129.6,70],[-129.7,70],[-129.8,70],[-130.1,69.9],[-130.2,69.9],[-130.3,69.8],[-130.3,69.9],[-130.3,69.8],[-130.4,69.8],[-130.5,69.8],[-130.6,69.8],[-130.6,69.7],[-130.7,69.7],[-130.8,69.7],[-130.8,69.6],[-130.9,69.6],[-131,69.6],[-131.1,69.6],[-131.2,69.6],[-131.3,69.6],[-131.4,69.6],[-131.5,69.6],[-131.6,69.6],[-131.7,69.6],[-131.7,69.5],[-131.7,69.6],[-131.8,69.6],[-131.9,69.5],[-132,69.5],[-132.1,69.5],[-132,69.5],[-132.1,69.5],[-132.1,69.4],[-132.3,69.3],[-132.3,69.2],[-132.3,69.3],[-132.4,69.3],[-132.4,69.2],[-132.5,69.2],[-132.5,69.3],[-132.6,69.3],[-132.7,69.3],[-132.8,69.3],[-132.8,69.2],[-132.9,69.2],[-132.9,69.1],[-132.8,69.1],[-132.9,69.1],[-132.9,69],[-132.9,69.1],[-133,69.1],[-133.1,69.1],[-133.1,69],[-133.2,69.1],[-133.2,69],[-133.3,69],[-133.2,69],[-133.2,68.9],[-133.3,68.9],[-133.4,68.9],[-133.5,68.9],[-133.4,68.9],[-133.5,68.9],[-133.5,68.8],[-133.4,68.8],[-133.3,68.8],[-133.3,68.7],[-133.2,68.7],[-133.1,68.7],[-133,68.7],[-132.9,68.7],[-133,68.7],[-133.1,68.7],[-133.2,68.7],[-133.2,68.8],[-133.3,68.8],[-133.2,68.8],[-133.1,68.8],[-133.2,68.8],[-133.3,68.8],[-133.4,68.8],[-133.3,68.8],[-133.4,68.8],[-133.3,68.9],[-133.2,68.9],[-133.2,68.8],[-133.1,68.8],[-133,68.8],[-132.9,68.8],[-133,68.8],[-133,68.9],[-132.9,68.9],[-132.9,68.8],[-132.8,68.8],[-132.7,68.8],[-132.5,68.8],[-132.4,68.8],[-132.4,68.9],[-132.5,68.9],[-132.6,68.9],[-132.5,68.9],[-132.6,68.9],[-132.7,68.9],[-132.6,68.9],[-132.7,68.8],[-132.8,68.8],[-132.8,68.9],[-132.7,68.9],[-132.8,68.9],[-132.7,68.9],[-132.7,69],[-132.8,69],[-132.9,69],[-132.8,69],[-132.8,69.1],[-132.9,69.1],[-132.8,69.1],[-132.7,69.1],[-132.6,69.1],[-132.5,69.1],[-132.5,69.2],[-132.4,69.2],[-132.5,69.2],[-132.4,69.2],[-132.4,69.1],[-132.5,69.1],[-132.4,69.1],[-132.4,69.2],[-132.3,69.2],[-132.2,69.2],[-132.2,69.1],[-132.2,69.2],[-132.1,69.3],[-132.1,69.2],[-132,69.3],[-131.9,69.3],[-131.8,69.3],[-131.8,69.4],[-131.7,69.4],[-131.8,69.4],[-131.9,69.4],[-132,69.4],[-131.9,69.4],[-131.8,69.4],[-131.9,69.4],[-131.8,69.4],[-131.6,69.4],[-131.7,69.4],[-131.7,69.5],[-131.6,69.5],[-131.5,69.5],[-131.4,69.4],[-131.5,69.4],[-131.5,69.3],[-131.4,69.4],[-131.4,69.5],[-131.3,69.5],[-131.3,69.4],[-131.3,69.5],[-131.3,69.4],[-131.2,69.4],[-131.3,69.5],[-131.2,69.5],[-131.2,69.4],[-131.3,69.4],[-131.4,69.3],[-131.3,69.3],[-131.3,69.4],[-131.2,69.4],[-131.1,69.4],[-131.2,69.5],[-131.2,69.6],[-131.3,69.6],[-131.2,69.6],[-131.2,69.5],[-131.1,69.5],[-131.1,69.4],[-131.1,69.5],[-131.1,69.6],[-131.2,69.6],[-131.1,69.6],[-131.1,69.5],[-131,69.5],[-131,69.4],[-131.1,69.4],[-131.1,69.3],[-131,69.4],[-131,69.5],[-131,69.6],[-131,69.5],[-130.9,69.5],[-130.9,69.4],[-131,69.4],[-131.1,69.3],[-131,69.3],[-131,69.4],[-130.9,69.4],[-130.9,69.3],[-131,69.3],[-131,69.2],[-131,69.1],[-130.9,69.1],[-131,69.2],[-130.9,69.2],[-131,69.2],[-131,69.3],[-130.9,69.3],[-130.8,69.3],[-130.8,69.4],[-130.7,69.4],[-130.6,69.5],[-130.7,69.5],[-130.8,69.5],[-130.5,69.5],[-130.5,69.6],[-130.4,69.6],[-130.5,69.6],[-130.4,69.6],[-130.4,69.7],[-130.3,69.7],[-130.4,69.7],[-130.3,69.7],[-130.2,69.7],[-130,69.8],[-129.9,69.8],[-129.7,69.8],[-129.6,69.8],[-129.5,69.8],[-129.1,69.9],[-129,69.9],[-129,70],[-128.9,70],[-128.9,69.9],[-129,69.9],[-128.9,69.9],[-128.9,69.8],[-129.1,69.8],[-129.2,69.8],[-129.1,69.8],[-129.1,69.7],[-129.2,69.7],[-129.1,69.7],[-129,69.7],[-128.9,69.7],[-129,69.7],[-128.9,69.7],[-128.8,69.8],[-128.7,69.8],[-128.6,69.8],[-128.6,69.9],[-128.4,69.9],[-128.3,70],[-128.4,70],[-128.4,70.1],[-128.3,70.1],[-128.2,70.2],[-128.1,70.2],[-128,70.2],[-127.9,70.2],[-127.8,70.2],[-127.6,70.2],[-127.5,70.2],[-127.6,70.3],[-127.7,70.3],[-127.9,70.3],[-128,70.3],[-128.1,70.3],[-128.1,70.4],[-128,70.4],[-128,70.3],[-127.9,70.4],[-128.1,70.4],[-128.2,70.4],[-128.2,70.5],[-128.1,70.5],[-128.1,70.6],[-128,70.6],[-127.9,70.6],[-127.7,70.5],[-127.4,70.4],[-127.2,70.3],[-127.1,70.3],[-127.1,70.2],[-127,70.1],[-126.9,70.1],[-126.9,70],[-126.8,70],[-126.8,69.9],[-126.7,69.8],[-126.6,69.7],[-126.3,69.5],[-126.2,69.5],[-126.1,69.5],[-125.9,69.4],[-125.8,69.4],[-125.7,69.4],[-125.6,69.4],[-125.4,69.3],[-125.4,69.4],[-125.5,69.4],[-125.4,69.4],[-125.2,69.4],[-125.1,69.4],[-125.1,69.5],[-125.2,69.5],[-125.1,69.5],[-125.2,69.5],[-125.3,69.5],[-125.2,69.4],[-125.3,69.4],[-125.3,69.5],[-125.5,69.5],[-125.5,69.4],[-125.6,69.4],[-125.6,69.5],[-125.5,69.5],[-125.4,69.5],[-125.3,69.5],[-125.2,69.5],[-125.1,69.5],[-125.2,69.5],[-125.3,69.5],[-125.3,69.6],[-125.2,69.6],[-125.4,69.6],[-125.4,69.7],[-125.3,69.7],[-125.2,69.7],[-125.1,69.7],[-125.1,69.8],[-125,69.7],[-124.9,69.7],[-124.9,69.6],[-124.9,69.7],[-124.8,69.7],[-124.9,69.7],[-124.9,69.8],[-125.1,69.8],[-125.2,69.8],[-125.3,69.8],[-125.2,69.8],[-125.2,69.9],[-125.2,69.8],[-125.1,69.8],[-125,69.8],[-125,69.9],[-124.9,69.9],[-124.7,70],[-124.6,70],[-124.7,70],[-124.8,70],[-124.9,70],[-124.8,70],[-124.9,70],[-125,70],[-125.1,70],[-125,70],[-125.1,70],[-125.1,69.9],[-125.2,69.9],[-125.2,70],[-125.1,70],[-125.1,70.1],[-125,70.1],[-125,70],[-124.9,70],[-125,70],[-124.9,70],[-124.9,70.1],[-124.8,70.1],[-124.7,70.1],[-124.6,70.1],[-124.6,70],[-124.5,70],[-124.6,70],[-124.5,70.1],[-124.5,70],[-124.4,70.1],[-124.5,70.1],[-124.6,70.1],[-124.5,70.1],[-124.6,70.1],[-124.7,70.1],[-124.8,70.1],[-124.7,70.1],[-124.7,70.2],[-124.6,70.1],[-124.6,70.2],[-124.5,70.2],[-124.5,70.1],[-124.4,70.2],[-124.4,70.1],[-124.4,70],[-124.5,70],[-124.4,70],[-124.5,70],[-124.4,70],[-124.4,69.9],[-124.5,69.9],[-124.4,69.9],[-124.5,69.9],[-124.4,69.9],[-124.5,69.8],[-124.5,69.7],[-124.4,69.7],[-124.3,69.7],[-124.2,69.7],[-124.1,69.7],[-124,69.7],[-124.1,69.7],[-124,69.7],[-124.1,69.7],[-124.2,69.6],[-124.3,69.5],[-124.4,69.5],[-124.4,69.4],[-124.5,69.4],[-124.4,69.4],[-124.3,69.4],[-124.2,69.3],[-124.1,69.4],[-124,69.4],[-124,69.3],[-124,69.4],[-123.9,69.4],[-123.8,69.4],[-123.7,69.4],[-123.6,69.4],[-123.5,69.4],[-123.4,69.4],[-123.4,69.5],[-123.3,69.5],[-123.2,69.5],[-123.1,69.6],[-123.2,69.6],[-123.1,69.6],[-123.1,69.7],[-123.1,69.8],[-123.2,69.8],[-123.1,69.8],[-123,69.8],[-122.8,69.8],[-122.7,69.8],[-122.6,69.8],[-122.5,69.8],[-122.4,69.8],[-122.2,69.8],[-122,69.8],[-121.6,69.8],[-121.4,69.8],[-121.1,69.7],[-120.8,69.6],[-120.7,69.6],[-120.6,69.5],[-120.3,69.4],[-120.2,69.4],[-120.1,69.4],[-120,69.3],[-119.8,69.3],[-119.7,69.3],[-119.5,69.3],[-119.3,69.3],[-118.9,69.3],[-118.7,69.2],[-118.6,69.2],[-118.5,69.1],[-118.2,69.1],[-118,69],[-117.8,69],[-117.7,69],[-117.4,69],[-117.3,68.9],[-117.2,68.9],[-117.1,68.9],[-117,68.9],[-116.9,68.9],[-116.8,68.9],[-116.5,68.9],[-116.4,68.9],[-116.3,68.9],[-116.2,68.9],[-116.2,68.8],[-116,68.8],[-115.9,68.8],[-116.1,68.9],[-116.3,68.9],[-116.3,69],[-116.2,69],[-115.9,68.9],[-115.8,68.9],[-115.8,69],[-115.9,69],[-115.8,69],[-115.7,69],[-115.6,69],[-115.5,68.9],[-115.4,68.9],[-115.2,68.9],[-115.1,68.9],[-115,68.9],[-114.8,68.8],[-114.7,68.8],[-114.5,68.7],[-114.4,68.7],[-114.5,68.7],[-114.4,68.7],[-114.4,68.6],[-114.2,68.6],[-114.2,68.5],[-114.1,68.5],[-114.1,68.4],[-114,68.4],[-113.9,68.4],[-114,68.4],[-114,68.3],[-114.1,68.3],[-114,68.3],[-114,68.2],[-114.1,68.2],[-114.2,68.3],[-114.3,68.2],[-114.4,68.2],[-114.4,68.3],[-114.5,68.3],[-114.6,68.3],[-114.8,68.3],[-114.9,68.3],[-115,68.3],[-114.9,68.3],[-114.9,68.2],[-114.8,68.2],[-114.9,68.2],[-115.2,68.2],[-115.2,68.1],[-115.2,68],[-115.1,68],[-115.2,68],[-115.3,68],[-115.5,67.9],[-115.4,67.9],[-115.3,67.9],[-115.2,67.8],[-115.1,67.8],[-115,67.8],[-114.8,67.8],[-114.7,67.8],[-114.6,67.8],[-114.5,67.8],[-114.4,67.7],[-114.3,67.7],[-114.2,67.7],[-114,67.7],[-113.9,67.7],[-113.7,67.7],[-113.3,67.7],[-113.2,67.7],[-113.1,67.7],[-113,67.7],[-112.8,67.7],[-112.7,67.7],[-112.4,67.7],[-112.3,67.7],[-112.4,67.7],[-112.3,67.7],[-112.2,67.7],[-112,67.7],[-111.9,67.7],[-111.9,67.8],[-111.5,67.7],[-111.6,67.7],[-111.6,67.8],[-111.5,67.8],[-111.5,67.7],[-111.4,67.7],[-111.4,67.8],[-111.3,67.8],[-111.2,67.8],[-111.1,67.8],[-111,67.8],[-110.9,67.8],[-110.8,67.8],[-110.8,67.9],[-110.7,67.9],[-110.6,67.9],[-110.5,67.9],[-110.4,67.9],[-110.3,67.9],[-110.3,68],[-110.2,67.9],[-110.1,67.9],[-110.2,68],[-110.1,68],[-110,68],[-110,67.9],[-110,67.8],[-109.9,67.8],[-109.9,67.9],[-110,67.9],[-109.9,67.9],[-109.8,67.9],[-109.8,67.8],[-109.7,67.8],[-109.6,67.7],[-109.7,67.7],[-109.7,67.8],[-109.7,67.7],[-109.5,67.7],[-109.4,67.8],[-109.4,67.7],[-109.3,67.7],[-109.1,67.7],[-109,67.7],[-109,67.6],[-108.9,67.5],[-109,67.5],[-109,67.4],[-108.9,67.4],[-108.8,67.4],[-108.7,67.5],[-108.7,67.6],[-108.6,67.6],[-108.5,67.5],[-108.5,67.4],[-108.4,67.4],[-108.3,67.4],[-108,67.3],[-108,67.2],[-107.9,67.2],[-107.9,67.1],[-107.9,67],[-107.9,67.1],[-108,67.1],[-108.1,67.1],[-108.2,67.1],[-108.2,67],[-108.3,67],[-108.4,67.1],[-108.5,67.1],[-108.6,67.1],[-108.6,67.2],[-108.6,67.1],[-108.5,67.1],[-108.5,67],[-108.5,67.1],[-108.4,67.1],[-108.4,67],[-108.3,67],[-108.2,67],[-108.1,66.9],[-108.2,66.9],[-108.2,66.8],[-108.1,66.9],[-108,66.8],[-107.9,66.8],[-107.9,66.7],[-108,66.7],[-107.9,66.7],[-107.9,66.8],[-107.8,66.7],[-107.7,66.6],[-107.6,66.6],[-107.6,66.5],[-107.5,66.5],[-107.6,66.6],[-107.5,66.6],[-107.5,66.5],[-107.4,66.5],[-107.4,66.4],[-107.3,66.4],[-107.2,66.3],[-107.2,66.4],[-107.3,66.4],[-107.4,66.5],[-107.5,66.5],[-107.5,66.6],[-107.6,66.6],[-107.6,66.7],[-107.7,66.7],[-107.8,66.7],[-107.8,66.8],[-107.7,66.8],[-107.7,66.9],[-107.8,66.9],[-107.8,67],[-107.7,67],[-107.6,67],[-107.7,67.1],[-107.6,67.1],[-107.6,67],[-107.5,67],[-107.5,66.9],[-107.6,66.9],[-107.6,67],[-107.7,67],[-107.7,66.9],[-107.6,66.9],[-107.5,66.9],[-107.6,66.8],[-107.5,66.8],[-107.4,66.8],[-107.5,66.8],[-107.5,66.9],[-107.4,66.9],[-107.4,67],[-107.3,66.9],[-107.2,66.9],[-107.1,66.8],[-107.2,66.9],[-107.1,66.9],[-107.3,67],[-107.4,67],[-107.4,67.1],[-107.2,67.1],[-107.3,67.1],[-107.2,67.1],[-107.3,67.1],[-107.4,67.1],[-107.4,67.2],[-107.5,67.2],[-107.6,67.3],[-107.7,67.4],[-107.6,67.4],[-107.6,67.5],[-107.7,67.5],[-107.7,67.6],[-107.8,67.6],[-107.9,67.6],[-107.9,67.7],[-108,67.7],[-108,67.8],[-107.9,67.8],[-107.9,67.9],[-107.7,67.9],[-107.7,68],[-107.8,68],[-107.9,68],[-107.9,68.1],[-107.8,68.1],[-107.7,68.1],[-107.8,68.1],[-107.8,68],[-107.7,68],[-107.8,68],[-107.7,68],[-107.6,68.1],[-107.5,68.1],[-107.4,68],[-107.3,68.1],[-107.2,68.1],[-107.1,68.1],[-107,68.1],[-106.9,68.1],[-106.8,68.1],[-106.7,68.1],[-106.8,68.2],[-106.7,68.2],[-106.6,68.2],[-106.5,68.2],[-106.4,68.2],[-106.3,68.2],[-106.5,68.2],[-106.5,68.3],[-106.4,68.3],[-106.5,68.3],[-106.4,68.4],[-106.3,68.4],[-106.2,68.4],[-106.1,68.4],[-106,68.4],[-105.9,68.4],[-105.8,68.4],[-105.8,68.5],[-105.8,68.4],[-105.7,68.4],[-105.7,68.5],[-105.8,68.5],[-105.8,68.6],[-105.7,68.6],[-105.6,68.6],[-105.7,68.6],[-105.8,68.6],[-105.9,68.6],[-106,68.6],[-106.1,68.6],[-106.5,68.5],[-106.6,68.5],[-106.4,68.5],[-106.5,68.5],[-106.6,68.5],[-106.5,68.5],[-106.5,68.4],[-106.6,68.5],[-106.6,68.4],[-106.5,68.4],[-106.6,68.4],[-106.6,68.3],[-106.5,68.3],[-106.6,68.3],[-106.7,68.4],[-106.8,68.4],[-106.9,68.4],[-107,68.4],[-107,68.3],[-107.1,68.3],[-107.2,68.3],[-107.3,68.3],[-107.4,68.3],[-107.5,68.3],[-107.5,68.4],[-107.7,68.3],[-107.8,68.3],[-107.9,68.3],[-107.8,68.2],[-107.7,68.2],[-107.6,68.2],[-107.7,68.2],[-107.8,68.2],[-107.9,68.2],[-107.9,68.1],[-108,68.2],[-108.1,68.2],[-108.2,68.2],[-108.2,68.1],[-108.4,68.1],[-108.4,68.2],[-108.4,68.1],[-108.3,68.2],[-108.4,68.2],[-108.5,68.2],[-108.4,68.2],[-108.4,68.3],[-108.5,68.3],[-108.6,68.3],[-108.7,68.3],[-108.7,68.2],[-108.8,68.2],[-108.8,68.3],[-108.7,68.3],[-108.8,68.3],[-108.7,68.3],[-108.6,68.4],[-108.4,68.6],[-108.3,68.6],[-107.8,68.7],[-107.8,68.6],[-107.6,68.7],[-107.5,68.7],[-107.4,68.7],[-107.3,68.7],[-107.2,68.7],[-107.1,68.8],[-106.9,68.8],[-106.8,68.8],[-106.7,68.8],[-106.6,68.9],[-106.5,68.9],[-106.4,68.9],[-106.3,68.9],[-106.2,68.9],[-106,68.9],[-105.8,68.9],[-105.7,68.8],[-105.6,68.8],[-105.5,68.8],[-105.5,68.7],[-105.5,68.6],[-105.4,68.5],[-105.3,68.5],[-105.4,68.5],[-105.5,68.5],[-105.5,68.4],[-105.6,68.4],[-105.5,68.4],[-105.4,68.4],[-105.3,68.4],[-105.4,68.4],[-105.3,68.4],[-105.1,68.3],[-105,68.3],[-105.1,68.3],[-105,68.3],[-104.9,68.3],[-104.9,68.4],[-104.9,68.3],[-104.8,68.3],[-104.9,68.3],[-105,68.3],[-104.9,68.2],[-104.8,68.2],[-104.8,68.3],[-104.8,68.2],[-104.6,68.2],[-104.7,68.1],[-104.6,68.1],[-104.5,68.1],[-104.5,68],[-104.4,68],[-104.3,68],[-104.3,68.1],[-104.2,68],[-104.1,68],[-104,68],[-103.9,68],[-103.8,68],[-103.7,68],[-103.7,68.1],[-103.6,68.1],[-103.5,68.1],[-103.4,68.2],[-103.4,68.1],[-103.3,68.1],[-103.4,68.1],[-103.4,68],[-103.3,68],[-103.2,68],[-103.1,68],[-103.1,67.9],[-103,67.9],[-102.9,67.9],[-102.8,67.8],[-102.6,67.8],[-102.5,67.8],[-102.3,67.8],[-102.3,67.7],[-102.2,67.7],[-102.2,67.8],[-102.1,67.8],[-102.1,67.7],[-102,67.8],[-101.9,67.8],[-101.9,67.7],[-101.8,67.7],[-101.7,67.7],[-101.6,67.7],[-101.5,67.7],[-101.4,67.7],[-101.5,67.7],[-101.4,67.7],[-101.3,67.7],[-101.2,67.7],[-101.2,67.8],[-101.3,67.8],[-101.2,67.8],[-101.1,67.8],[-101.1,67.7],[-101,67.7],[-100.9,67.8],[-100.8,67.8],[-100.7,67.8],[-100.7,67.9],[-100.7,67.8],[-100.6,67.8],[-100.5,67.8],[-100.4,67.9],[-100.2,67.8],[-100.1,67.8],[-100,67.8],[-99.9,67.8],[-99.8,67.8],[-99.7,67.8],[-99.6,67.8],[-99.5,67.8],[-99.4,67.8],[-99.3,67.8],[-99.3,67.7],[-99.2,67.7],[-99.1,67.7],[-99,67.7],[-98.9,67.7],[-98.9,67.8],[-98.8,67.7],[-98.7,67.8],[-98.6,67.8],[-98.4,67.8],[-98.4,67.9],[-98.5,67.9],[-98.6,67.9],[-98.7,67.9],[-98.7,68],[-98.7,68.1],[-98.6,68.1],[-98.5,68.1],[-98.5,68],[-98.3,68],[-98.3,67.9],[-98.2,67.9],[-98.2,67.8],[-98.1,67.8],[-98,67.8],[-98,67.7],[-97.9,67.7],[-97.8,67.7],[-97.7,67.7],[-97.7,67.6],[-97.6,67.6],[-97.5,67.6],[-97.4,67.6],[-97.3,67.7],[-97.2,67.6],[-97.2,67.7],[-97.1,67.7],[-97.2,67.7],[-97.1,67.8],[-97.2,67.8],[-97.2,67.9],[-97.3,67.9],[-97.4,67.9],[-97.5,67.9],[-97.6,68],[-97.7,68],[-97.8,68],[-97.9,68],[-98,67.9],[-98,68],[-98.1,67.9],[-98,67.8],[-98.1,67.8],[-98.1,67.9],[-98.2,67.9],[-98.3,67.9],[-98.3,68],[-98.4,68],[-98.4,68.1],[-98.5,68.1],[-98.6,68.1],[-98.6,68.2],[-98.5,68.1],[-98.5,68.2],[-98.4,68.2],[-98.4,68.1],[-98.3,68.1],[-98.3,68.2],[-98.4,68.2],[-98.5,68.2],[-98.5,68.3],[-98.6,68.3],[-98.7,68.4],[-98.6,68.4],[-98.5,68.3],[-98.5,68.4],[-98.4,68.4],[-98.3,68.4],[-98.3,68.3],[-98.2,68.3],[-98.1,68.3],[-98.1,68.4],[-97.9,68.3],[-97.9,68.4],[-97.8,68.4],[-97.7,68.4],[-97.8,68.4],[-97.9,68.4],[-98,68.5],[-97.9,68.5],[-97.8,68.5],[-97.7,68.5],[-97.6,68.5],[-97.6,68.4],[-97.5,68.4],[-97.5,68.5],[-97.6,68.4],[-97.6,68.5],[-97.4,68.5],[-97.3,68.5],[-97.2,68.4],[-97.1,68.4],[-97.2,68.4],[-97.1,68.4],[-97,68.4],[-97,68.3],[-97.1,68.3],[-97,68.3],[-96.9,68.2],[-96.7,68.3],[-96.6,68.3],[-96.6,68.2],[-96.7,68.2],[-96.6,68.2],[-96.6,68.3],[-96.5,68.3],[-96.4,68.3],[-96.5,68.3],[-96.5,68.2],[-96.6,68.1],[-96.7,68.1],[-96.8,68.1],[-96.8,68],[-96.7,68],[-96.7,68.1],[-96.6,68.1],[-96.6,68],[-96.5,68],[-96.4,68.1],[-96.5,68.1],[-96.4,68.2],[-96.3,68.2],[-96.2,68.2],[-96,68.3],[-95.9,68.3],[-96,68.2],[-96.1,68.2],[-96.1,68.1],[-96,68.1],[-96.1,68],[-96.1,67.9],[-96.2,67.9],[-96.2,67.8],[-96.2,67.7],[-96.2,67.6],[-96.3,67.6],[-96.3,67.7],[-96.3,67.6],[-96.4,67.6],[-96.5,67.5],[-96.4,67.5],[-96.5,67.5],[-96.4,67.5],[-96.3,67.5],[-96.3,67.4],[-96.2,67.4],[-96.1,67.5],[-96.1,67.4],[-96.2,67.3],[-96.3,67.2],[-96.2,67.3],[-96.1,67.3],[-96.1,67.2],[-96,67.2],[-96,67.3],[-95.9,67.3],[-95.8,67.3],[-95.8,67.4],[-95.7,67.4],[-95.7,67.3],[-95.6,67.3],[-95.6,67.4],[-95.5,67.4],[-95.5,67.3],[-95.6,67.3],[-95.8,67.2],[-95.7,67.2],[-95.6,67.2],[-95.7,67.2],[-95.6,67.2],[-95.5,67.2],[-95.5,67.1],[-95.4,67.2],[-95.4,67.1],[-95.4,67],[-95.3,67],[-95.4,67],[-95.4,66.9],[-95.5,67],[-95.6,66.9],[-95.6,67],[-95.7,67],[-95.8,67],[-95.9,66.9],[-95.9,67],[-96,67],[-95.9,67.1],[-96,67.1],[-96,67],[-96.1,67],[-96.2,67],[-96.1,67],[-96.2,67],[-96.3,67],[-96.3,67.1],[-96.4,67.1],[-96.5,67.1],[-96.4,67],[-96.3,67],[-96.3,66.9],[-96.2,66.9],[-96.1,66.9],[-96.1,66.8],[-95.9,66.8],[-95.8,66.8],[-95.8,66.7],[-95.8,66.6],[-95.7,66.6],[-95.7,66.7],[-95.6,66.7],[-95.7,66.7],[-95.8,66.7],[-95.8,66.8],[-95.9,66.8],[-96,66.8],[-96,66.9],[-96.1,66.9],[-96,67],[-95.9,66.9],[-95.8,66.9],[-95.7,66.9],[-95.6,66.9],[-95.5,66.9],[-95.4,66.9],[-95.3,66.9],[-95.2,67],[-95.3,67],[-95.3,67.1],[-95.3,67.2],[-95.3,67.3],[-95.2,67.3],[-95.3,67.3],[-95.3,67.4],[-95.4,67.4],[-95.4,67.5],[-95.3,67.5],[-95.3,67.6],[-95.4,67.6],[-95.5,67.6],[-95.6,67.7],[-95.7,67.7],[-95.7,67.8],[-95.6,67.8],[-95.5,67.8],[-95.5,67.9],[-95.6,67.9],[-95.5,67.9],[-95.5,68],[-95.4,68],[-95.4,68.1],[-95.5,68.1],[-95.3,68.1],[-95.2,68.1],[-95.3,68],[-95.2,68],[-95.1,68.1],[-95,68.1],[-94.9,68.1],[-94.9,68],[-94.8,68],[-94.7,68.1],[-94.6,68.1],[-94.6,68.2],[-94.5,68.2],[-94.4,68.2],[-94.3,68.2],[-94.2,68.3],[-94.2,68.4],[-94.1,68.4],[-93.9,68.5],[-93.8,68.5],[-93.7,68.5],[-93.6,68.6],[-93.5,68.6],[-93.6,68.6],[-93.5,68.6],[-93.4,68.6],[-93.6,68.6],[-93.7,68.6],[-93.8,68.6],[-93.7,68.6],[-93.7,68.7],[-93.7,68.8],[-93.6,68.8],[-93.7,68.8],[-93.6,68.8],[-93.6,68.9],[-93.7,68.9],[-93.6,69],[-93.7,69],[-93.8,69],[-93.9,69],[-93.8,69],[-93.9,69],[-93.8,69.1],[-93.9,69.1],[-93.9,69],[-94,69],[-93.9,69],[-94,69],[-94,68.9],[-94.1,68.9],[-94,68.9],[-94.1,68.9],[-94.1,68.8],[-94,68.8],[-94,68.9],[-93.9,68.9],[-93.8,68.9],[-93.9,68.9],[-93.9,68.8],[-94,68.8],[-94.1,68.8],[-94.3,68.8],[-94.4,68.7],[-94.5,68.7],[-94.6,68.8],[-94.6,68.9],[-94.6,69],[-94.5,69],[-94.5,68.9],[-94.4,68.9],[-94.4,69],[-94.3,69],[-94.2,69],[-94.1,69.1],[-94.2,69.1],[-94.1,69.1],[-94,69.2],[-94.1,69.1],[-94.3,69.1],[-94.3,69.2],[-94.3,69.3],[-94.2,69.3],[-94.1,69.3],[-94,69.4],[-93.9,69.4],[-93.9,69.3],[-93.8,69.3],[-93.8,69.4],[-93.7,69.4],[-93.6,69.4],[-93.5,69.4],[-93.6,69.4],[-93.7,69.4],[-93.7,69.3],[-93.8,69.3],[-93.9,69.2],[-93.9,69.3],[-93.8,69.3],[-93.8,69.2],[-93.9,69.2],[-93.8,69.2],[-93.9,69.2],[-93.8,69.2],[-93.7,69.2],[-93.6,69.3],[-93.5,69.3],[-93.4,69.4],[-93.5,69.4],[-93.6,69.4],[-93.5,69.4],[-93.5,69.5],[-93.4,69.5],[-93.5,69.5],[-93.6,69.5],[-93.7,69.5],[-93.8,69.5],[-93.9,69.5],[-93.9,69.4],[-94,69.4],[-94.1,69.4],[-94.3,69.5],[-94.4,69.5],[-94.5,69.6],[-94.6,69.6],[-94.6,69.7],[-94.7,69.7],[-94.8,69.7],[-94.8,69.6],[-94.7,69.6],[-94.8,69.6],[-94.9,69.6],[-95,69.6],[-95.1,69.6],[-95.2,69.6],[-95.4,69.7],[-95.5,69.7],[-95.6,69.7],[-95.7,69.8],[-95.8,69.8],[-95.8,69.7],[-95.8,69.8],[-95.9,69.8],[-96,69.8],[-95.9,69.8],[-96,69.8],[-96.1,69.8],[-96.2,69.9],[-96.1,69.9],[-96.1,70],[-96.2,70],[-96.3,70],[-96.5,70.1],[-96.5,70.2],[-96.6,70.2],[-96.6,70.3],[-96.5,70.3],[-96.5,70.4],[-96.4,70.4],[-96.3,70.4],[-96.3,70.5],[-96.2,70.6],[-96.2,70.5],[-96.1,70.5],[-96.1,70.6],[-96,70.6],[-95.9,70.5],[-95.8,70.5],[-95.8,70.6],[-95.9,70.6],[-96,70.6],[-96.1,70.6],[-96,70.7],[-95.9,70.7],[-95.8,70.7],[-95.9,70.7],[-96.1,70.7],[-96.1,70.6],[-96.2,70.6],[-96.3,70.6],[-96.3,70.7],[-96.4,70.7],[-96.5,70.8],[-96.6,70.8],[-96.6,70.9],[-96.5,70.9],[-96.5,71],[-96.4,71.1],[-96.5,71.1],[-96.6,71.1],[-96.5,71.1],[-96.5,71.2],[-96.4,71.2],[-96.4,71.1],[-96.4,71.2],[-96.5,71.2],[-96.4,71.3],[-96.5,71.3],[-96.4,71.3],[-96.3,71.3],[-96.2,71.4],[-96.1,71.4],[-96,71.4],[-95.9,71.4],[-95.8,71.4],[-95.7,71.3],[-95.6,71.3],[-95.5,71.3],[-95.6,71.3],[-95.6,71.4],[-95.5,71.4],[-95.4,71.4],[-95.5,71.4],[-95.5,71.5],[-95.4,71.5],[-95.5,71.5],[-95.6,71.5],[-95.7,71.5],[-95.8,71.5],[-95.9,71.5],[-95.9,71.6],[-95.8,71.6],[-95.7,71.6],[-95.7,71.7],[-95.6,71.7],[-95.5,71.7],[-95.3,71.7],[-95.3,71.8],[-95.2,71.8],[-95.1,71.8],[-95,71.8],[-94.8,71.8],[-94.7,71.8],[-94.6,71.9],[-94.8,71.8],[-94.8,71.9],[-95.1,71.9],[-95.2,71.9],[-95.2,71.8],[-95.2,71.9],[-95.3,71.9],[-95.2,71.9],[-95.3,71.9],[-95.2,71.9],[-94.9,72],[-94.5,72],[-94.4,71.9],[-94.5,71.9],[-94.6,71.9],[-94.6,71.8],[-94.6,71.7],[-94.6,71.8],[-94.5,71.8],[-94.4,71.8],[-94.4,71.7],[-94.3,71.7],[-94.2,71.8],[-94.1,71.8],[-94,71.8],[-93.9,71.8],[-93.8,71.8],[-93.7,71.8],[-93.7,71.7],[-93.8,71.7],[-93.8,71.6],[-93.7,71.6],[-93.6,71.6],[-93.5,71.6],[-93.4,71.5],[-93.3,71.5],[-93.2,71.5],[-93.2,71.4],[-93.1,71.4],[-93,71.4],[-93,71.3],[-92.9,71.3],[-92.9,71.2],[-92.9,71.1],[-92.9,71],[-92.9,70.9],[-92.9,70.8],[-93,70.9],[-93.1,70.9],[-93,70.9],[-93,70.8],[-92.9,70.8],[-92.8,70.8],[-92.7,70.8],[-92.7,70.7],[-92.6,70.7],[-92.7,70.7],[-92.6,70.7],[-92.4,70.7],[-92.4,70.6],[-92.3,70.6],[-92.2,70.6],[-92.3,70.6],[-92.2,70.6],[-92.3,70.6],[-92.3,70.5],[-92.2,70.5],[-92.3,70.5],[-92.2,70.5],[-92.1,70.5],[-92.1,70.4],[-92,70.4],[-92,70.3],[-92.1,70.3],[-92,70.3],[-91.9,70.3],[-91.9,70.4],[-91.8,70.4],[-91.8,70.3],[-91.8,70.4],[-91.7,70.4],[-91.7,70.3],[-91.7,70.2],[-91.6,70.2],[-91.5,70.2],[-91.5,70.1],[-91.7,70.1],[-91.8,70.1],[-91.9,70.1],[-92,70.1],[-92.1,70.2],[-92.2,70.2],[-92.3,70.2],[-92.3,70.3],[-92.3,70.2],[-92.4,70.2],[-92.3,70.2],[-92.4,70.2],[-92.5,70.2],[-92.4,70.2],[-92.4,70.1],[-92.5,70.1],[-92.6,70.1],[-92.5,70.1],[-92.5,70],[-92.5,70.1],[-92.3,70.1],[-92.1,70.1],[-92,70.1],[-91.9,70],[-92,70],[-92.1,70],[-92.2,69.9],[-92.3,69.9],[-92.2,69.9],[-92.3,69.9],[-92.4,69.8],[-92.5,69.8],[-92.6,69.8],[-92.5,69.8],[-92.6,69.8],[-92.7,69.8],[-92.8,69.7],[-92.9,69.7],[-92.5,69.7],[-92.6,69.7],[-92.7,69.7],[-92.8,69.7],[-92.9,69.7],[-92.8,69.7],[-92.7,69.7],[-92.6,69.7],[-92.5,69.7],[-92.4,69.7],[-92.3,69.7],[-92.4,69.7],[-92.3,69.7],[-92.2,69.7],[-92.2,69.6],[-92.1,69.6],[-92.2,69.6],[-92.3,69.6],[-92.2,69.6],[-92.1,69.6],[-92,69.5],[-91.9,69.5],[-91.8,69.5],[-91.7,69.5],[-91.7,69.6],[-91.6,69.6],[-91.5,69.6],[-91.5,69.7],[-91.4,69.7],[-91.3,69.7],[-91.3,69.6],[-91.2,69.7],[-91.2,69.6],[-91.1,69.6],[-91.2,69.6],[-91.3,69.6],[-91.4,69.6],[-91.5,69.5],[-91.6,69.5],[-91.5,69.5],[-91.3,69.5],[-91.2,69.6],[-91.1,69.5],[-91,69.5],[-90.9,69.5],[-90.8,69.5],[-90.7,69.5],[-90.5,69.5],[-90.4,69.5],[-90.4,69.4],[-90.3,69.5],[-90.3,69.4],[-90.4,69.4],[-90.5,69.4],[-90.6,69.4],[-90.6,69.5],[-90.7,69.5],[-90.7,69.4],[-90.6,69.4],[-90.7,69.4],[-90.8,69.4],[-90.8,69.3],[-90.9,69.2],[-90.9,69.3],[-91,69.3],[-90.9,69.3],[-91,69.3],[-90.9,69.3],[-91.1,69.3],[-91,69.3],[-91,69.4],[-91.1,69.3],[-91.2,69.3],[-91.3,69.3],[-91.4,69.4],[-91.4,69.3],[-91.3,69.3],[-91.2,69.3],[-91.1,69.2],[-91,69.2],[-90.9,69.1],[-90.8,69.1],[-90.7,69.1],[-90.7,69],[-90.6,69],[-90.6,68.9],[-90.5,68.9],[-90.4,68.9],[-90.5,68.9],[-90.4,68.9],[-90.4,68.8],[-90.5,68.8],[-90.6,68.8],[-90.5,68.8],[-90.4,68.8],[-90.5,68.8],[-90.4,68.8],[-90.5,68.8],[-90.5,68.7],[-90.5,68.6],[-90.6,68.6],[-90.5,68.6],[-90.5,68.5],[-90.6,68.5],[-90.6,68.4],[-90.5,68.4],[-90.3,68.4],[-90.4,68.4],[-90.5,68.3],[-90.4,68.4],[-90.3,68.4],[-90.3,68.3],[-90.3,68.2],[-90.2,68.2],[-90.1,68.3],[-90.2,68.3],[-90.1,68.3],[-90,68.4],[-89.9,68.5],[-89.8,68.5],[-89.9,68.5],[-89.9,68.6],[-89.9,68.7],[-89.8,68.7],[-89.8,68.6],[-89.7,68.6],[-89.7,68.7],[-89.7,68.8],[-89.7,68.9],[-89.8,68.9],[-89.7,69],[-89.5,69.1],[-89.4,69.2],[-89.3,69.2],[-89.3,69.3],[-89.2,69.3],[-89,69.3],[-88.9,69.2],[-88.8,69.1],[-88.7,69.1],[-88.6,69],[-88.5,69],[-88.4,69],[-88.2,68.9],[-88,68.8],[-87.9,68.7],[-87.9,68.6],[-87.9,68.5],[-87.8,68.5],[-87.8,68.4],[-87.8,68.3],[-87.9,68.2],[-88,68.2],[-88.1,68.2],[-88.2,68.2],[-88.2,68.3],[-88.2,68.4],[-88.3,68.3],[-88.4,68.3],[-88.3,68.2],[-88.3,68.1],[-88.3,68],[-88.4,68],[-88.3,67.9],[-88.3,67.8],[-88.2,67.8],[-88.2,67.7],[-88.1,67.7],[-88.1,67.6],[-88,67.6],[-87.9,67.6],[-87.8,67.5],[-87.7,67.5],[-87.7,67.4],[-87.6,67.4],[-87.5,67.4],[-87.5,67.3],[-87.4,67.3],[-87.4,67.2],[-87.5,67.2],[-87.5,67.1],[-87.4,67.2],[-87.3,67.2],[-87.3,67.1],[-87.3,67.2],[-87.2,67.2],[-87.1,67.2],[-87.1,67.3],[-87,67.3],[-87,67.2],[-87,67.3],[-87.1,67.3],[-87.1,67.4],[-87,67.4],[-87,67.3],[-87,67.4],[-86.9,67.4],[-86.8,67.4],[-86.7,67.4],[-86.6,67.4],[-86.6,67.3],[-86.6,67.4],[-86.5,67.4],[-86.5,67.5],[-86.5,67.6],[-86.5,67.7],[-86.4,67.8],[-86.3,67.8],[-86.3,67.9],[-86.2,67.9],[-86.1,68],[-86,68],[-85.9,68.1],[-85.9,68.2],[-85.8,68.2],[-85.8,68.3],[-85.7,68.4],[-85.7,68.5],[-85.7,68.6],[-85.7,68.7],[-85.6,68.7],[-85.5,68.7],[-85.5,68.8],[-85.6,68.8],[-85.4,68.8],[-85.4,68.7],[-85.2,68.7],[-85.3,68.7],[-85.2,68.8],[-85.1,68.7],[-85,68.8],[-84.9,68.8],[-84.9,68.7],[-84.8,68.7],[-84.8,68.8],[-84.9,68.8],[-85,68.8],[-85.1,68.8],[-85.2,68.8],[-85.2,68.9],[-85,68.9],[-85.1,68.9],[-85,68.9],[-85.1,68.9],[-85,68.9],[-85.1,68.9],[-85.1,69],[-85,69],[-84.9,68.9],[-84.8,68.9],[-84.8,69],[-84.9,69],[-85,69],[-84.8,69],[-84.7,69],[-84.6,69],[-84.5,69],[-84.6,69],[-84.7,69],[-84.8,69.1],[-84.7,69.1],[-84.8,69.1],[-84.9,69.1],[-85,69.1],[-84.9,69.1],[-85,69.1],[-85.1,69.1],[-85.1,69.2],[-85,69.2],[-85.2,69.2],[-85.2,69.1],[-85.3,69.1],[-85.3,69.2],[-85.2,69.2],[-85.3,69.2],[-85.4,69.2],[-85.4,69.3],[-85.5,69.3],[-85.4,69.3],[-85.3,69.3],[-85.4,69.3],[-85.5,69.3],[-85.5,69.4],[-85.4,69.4],[-85.5,69.4],[-85.4,69.4],[-85.3,69.4],[-85.4,69.5],[-85.5,69.4],[-85.5,69.5],[-85.5,69.6],[-85.4,69.6],[-85.5,69.6],[-85.5,69.7],[-85.4,69.7],[-85.5,69.7],[-85.5,69.8],[-85.4,69.8],[-85.3,69.8],[-85.4,69.8],[-85.6,69.8],[-85.6,69.9],[-85.4,69.9],[-85.3,69.8],[-85.2,69.8],[-85.1,69.8],[-85,69.8],[-84.9,69.8],[-84.9,69.9],[-84.8,69.8],[-84.7,69.8],[-84.7,69.9],[-84.3,69.9],[-84.3,69.8],[-84.2,69.8],[-84,69.8],[-83.8,69.7],[-83.7,69.7],[-83.5,69.7],[-83.4,69.7],[-83.3,69.7],[-83,69.7],[-82.9,69.7],[-82.7,69.7],[-82.6,69.7],[-82.4,69.6],[-82.3,69.6],[-82.4,69.6],[-82.5,69.6],[-82.6,69.6],[-82.7,69.6],[-82.6,69.6],[-82.8,69.6],[-82.6,69.6],[-82.6,69.5],[-82.5,69.5],[-82.9,69.5],[-83.3,69.6],[-83.3,69.5],[-83.2,69.5],[-82.7,69.5],[-82.3,69.4],[-82.2,69.4],[-82.3,69.4],[-82.4,69.4],[-82.3,69.4],[-82.2,69.3],[-82.1,69.3],[-82.2,69.3],[-82.3,69.3],[-82.2,69.3],[-82.3,69.3],[-82.3,69.2],[-82.2,69.2],[-82,69.2],[-82,69.3],[-81.8,69.3],[-81.6,69.2],[-81.5,69.2],[-81.4,69.2],[-81.3,69.2],[-81.3,69.1],[-81.4,69.1],[-81.5,69.1],[-81.6,69],[-81.7,69],[-81.7,68.9],[-81.9,68.9],[-82,68.9],[-82.1,68.9],[-81.9,68.9],[-81.8,68.9],[-81.7,68.9],[-81.6,68.9],[-81.6,68.8],[-81.5,68.8],[-81.5,68.9],[-81.4,68.9],[-81.3,68.8],[-81.2,68.8],[-81.3,68.8],[-81.3,68.7],[-81.3,68.6],[-81.4,68.6],[-81.5,68.6],[-81.6,68.5],[-81.7,68.5],[-81.8,68.5],[-81.9,68.5],[-82,68.4],[-82.1,68.5],[-82.2,68.5],[-82.3,68.5],[-82.2,68.5],[-82.3,68.5],[-82.4,68.5],[-82.5,68.5],[-82.6,68.5],[-82.5,68.5],[-82.6,68.4],[-82.7,68.4],[-82.6,68.4],[-82.5,68.4],[-82.4,68.4],[-82.3,68.3],[-82.4,68.3],[-82.5,68.3],[-82.4,68.3],[-82.3,68.3],[-82.3,68.2],[-82.3,68.1],[-82.2,68.1],[-82.1,68.1],[-82.1,68.2],[-82,68.2],[-82,68.1],[-82.1,68.1],[-82.1,68],[-82.2,68],[-82.1,68],[-82.1,67.9],[-82,67.9],[-82,67.8],[-81.9,67.8],[-81.8,67.8],[-81.8,67.7],[-81.7,67.7],[-81.6,67.7],[-81.5,67.6],[-81.4,67.6],[-81.3,67.5],[-81.2,67.5],[-81.3,67.4],[-81.3,67.3],[-81.4,67.3],[-81.4,67.2],[-81.4,67.1],[-81.5,67.1],[-81.5,67],[-81.6,67],[-81.7,67],[-81.8,67],[-81.9,67],[-82,67],[-82,66.9],[-82.1,66.9],[-82.1,66.8],[-82.2,66.8],[-82.2,66.7],[-82.4,66.7],[-82.5,66.7],[-82.5,66.6],[-82.6,66.6],[-82.9,66.6],[-83,66.6],[-83,66.5],[-83.1,66.5],[-83.3,66.4],[-83.4,66.4],[-83.5,66.4],[-83.6,66.3],[-83.6,66.4],[-83.7,66.4],[-83.6,66.4],[-83.5,66.4],[-83.6,66.4],[-83.6,66.5],[-83.7,66.5],[-83.8,66.5],[-83.9,66.6],[-84,66.6],[-84,66.7],[-83.9,66.7],[-83.9,66.6],[-83.9,66.7],[-84,66.7],[-83.9,66.7],[-84,66.7],[-83.9,66.8],[-83.9,66.9],[-83.9,66.8],[-84,66.8],[-84.1,66.7],[-84.3,66.7],[-84.3,66.8],[-84.4,66.8],[-84.2,66.8],[-84.4,66.9],[-84.5,66.9],[-84.6,67],[-84.5,67],[-84.4,67],[-84.8,67],[-84.9,67.1],[-84.9,67],[-84.8,67],[-84.9,67],[-84.8,67],[-84.7,67],[-84.6,67],[-85,67],[-85.2,66.9],[-85.1,66.9],[-85.2,66.9],[-85.2,66.8],[-85.1,66.8],[-85.1,66.9],[-85,66.9],[-84.9,66.9],[-85,66.9],[-84.9,66.9],[-84.8,67],[-84.7,66.9],[-84.6,66.9],[-84.7,66.9],[-84.6,66.9],[-84.5,66.9],[-84.5,66.8],[-84.6,66.8],[-84.7,66.9],[-84.7,66.8],[-84.5,66.8],[-84.4,66.8],[-84.3,66.8],[-84.4,66.7],[-84.5,66.7],[-84.4,66.7],[-84.3,66.7],[-84.2,66.7],[-84.1,66.7],[-84.2,66.6],[-84.1,66.5],[-84,66.5],[-83.9,66.5],[-83.9,66.4],[-83.9,66.3],[-83.8,66.3],[-83.7,66.2],[-83.8,66.2],[-83.9,66.2],[-83.8,66.2],[-83.9,66.2],[-84,66.2],[-84.1,66.2],[-84.1,66.3],[-84.2,66.3],[-84.3,66.3],[-84.4,66.3],[-84.4,66.4],[-84.5,66.4],[-84.6,66.4],[-84.6,66.3],[-84.5,66.3],[-84.4,66.2],[-84.5,66.2],[-84.6,66.2],[-84.8,66.2],[-84.9,66.3],[-85,66.3],[-85.1,66.3],[-85.2,66.3],[-85.3,66.3],[-85.3,66.4],[-85.3,66.5],[-85.4,66.5],[-85.4,66.6],[-85.5,66.6],[-85.7,66.5],[-85.8,66.5],[-85.9,66.5],[-86.1,66.5],[-86.2,66.5],[-86.3,66.5],[-86.3,66.6],[-86.4,66.6],[-86.4,66.5],[-86.5,66.5],[-86.6,66.6],[-86.6,66.5],[-86.7,66.5],[-86.8,66.5],[-86.7,66.5],[-86.6,66.4],[-86.7,66.4],[-86.8,66.5],[-86.8,66.4],[-86.7,66.4],[-86.6,66.3],[-86.5,66.3],[-86.3,66.3],[-86,66.2],[-85.9,66.2],[-85.9,66.1],[-86,66.1],[-86,66],[-86.1,66],[-86.2,66],[-86.2,65.9],[-86.3,65.9],[-86.4,65.9],[-86.5,65.9],[-86.5,65.8],[-86.5,65.7],[-86.6,65.7],[-86.7,65.7],[-86.7,65.6],[-86.8,65.6],[-86.9,65.6],[-87,65.5],[-87.1,65.5],[-87.1,65.4],[-87.2,65.4],[-87.3,65.4],[-87.3,65.3],[-87.4,65.3],[-87.7,65.3],[-87.9,65.3],[-88.1,65.4],[-88.2,65.4],[-88.3,65.4],[-88.3,65.5],[-88.4,65.5],[-88.5,65.6],[-88.6,65.6],[-88.7,65.6],[-88.8,65.6],[-88.6,65.6],[-88.5,65.6],[-88.4,65.6],[-88.7,65.7],[-88.8,65.7],[-88.9,65.7],[-89,65.7],[-89.1,65.7],[-89.1,65.8],[-89.2,65.8],[-89.3,65.8],[-89.4,65.9],[-89.5,65.9],[-89.6,65.9],[-89.7,65.9],[-89.8,65.9],[-90,66],[-90,65.9],[-89.8,65.9],[-89.7,65.9],[-89.7,65.8],[-89.8,65.8],[-89.9,65.8],[-89.9,65.9],[-90,65.9],[-90.1,65.9],[-90.2,65.9],[-90.3,65.9],[-90.4,65.9],[-90.3,65.9],[-90.2,65.9],[-90.4,65.9],[-90.7,65.9],[-91,65.9],[-91.1,66],[-91.2,65.9],[-91.3,66],[-91.4,66],[-91.5,66],[-91.5,65.9],[-91.1,65.8],[-91,65.8],[-91.1,65.9],[-91,65.9],[-90.9,65.9],[-90.7,65.9],[-90.5,65.9],[-90.3,65.8],[-90.1,65.8],[-90,65.8],[-89.9,65.8],[-89.8,65.7],[-89.7,65.7],[-89.6,65.7],[-89.6,65.6],[-89.5,65.6],[-89.4,65.6],[-89.4,65.5],[-89.3,65.5],[-89.2,65.5],[-89.2,65.4],[-89.1,65.4],[-89.1,65.3],[-89,65.3],[-88.9,65.3],[-88.6,65.3],[-88.5,65.3],[-88.1,65.3],[-88,65.3],[-87.9,65.3],[-87.8,65.3],[-87.7,65.3],[-87.6,65.3],[-87.5,65.3],[-87.4,65.3],[-87,65.2],[-87.1,65.2],[-87,65.2],[-86.9,65.1],[-87,65.1],[-87,65],[-87.1,65],[-87.1,64.9],[-87.2,64.9],[-87.3,64.8],[-87.4,64.8],[-87.4,64.7],[-87.5,64.7],[-87.5,64.6],[-87.6,64.6],[-87.8,64.5],[-87.9,64.5],[-87.9,64.4],[-87.9,64.3],[-88,64.3],[-88.1,64.2],[-88,64.2],[-88.1,64.2],[-88.1,64.1],[-88.2,64.1],[-88.3,64.1],[-88.5,64.1],[-88.5,64],[-88.6,64],[-88.7,64],[-88.8,64],[-88.9,64],[-89,64],[-89.1,64],[-89.1,64.1],[-89.2,64.1],[-89.2,64.2],[-89.3,64.2],[-89.3,64.1],[-89.2,64.1],[-89.2,64],[-89.1,64],[-89,64],[-89,63.9],[-89.1,64],[-89.2,64],[-89.3,64],[-89.2,64],[-89.3,64],[-89.4,64],[-89.5,64],[-89.5,64.1],[-89.6,64.1],[-89.6,64],[-89.5,64],[-89.6,64],[-89.7,64.1],[-89.7,64],[-89.7,64.1],[-89.8,64.1],[-89.7,64.1],[-89.7,64.2],[-89.8,64.2],[-89.7,64.2],[-89.8,64.2],[-89.8,64.3],[-89.8,64.2],[-89.9,64.2],[-89.8,64.2],[-89.8,64.1],[-89.9,64.1],[-89.9,64.2],[-90,64.2],[-90,64.1],[-90.1,64.1],[-90,64.1],[-89.9,64.1],[-89.9,64],[-89.8,64],[-89.8,63.9],[-89.9,63.9],[-90,63.9],[-90,64],[-90.1,64],[-90.2,64],[-90.3,64],[-90.2,64],[-90.1,63.9],[-90,63.8],[-90.1,63.8],[-90.1,63.7],[-90.2,63.7],[-90.2,63.6],[-90.1,63.6],[-90.2,63.6],[-90.3,63.6],[-90.2,63.6],[-90.3,63.7],[-90.3,63.6],[-90.4,63.6],[-90.5,63.6],[-90.5,63.7],[-90.6,63.7],[-90.7,63.7],[-90.6,63.7],[-90.5,63.6],[-90.6,63.6],[-90.7,63.6],[-90.9,63.6],[-91,63.6],[-91.1,63.6],[-91.2,63.6],[-91.3,63.6],[-91.3,63.7],[-91.4,63.7],[-91.3,63.7],[-91.4,63.7],[-91.5,63.7],[-91.6,63.7],[-91.7,63.7],[-91.7,63.8],[-91.7,63.7],[-91.9,63.7],[-91.9,63.8],[-92,63.8],[-91.9,63.8],[-92,63.8],[-92.1,63.8],[-92,63.8],[-92.1,63.7],[-92.1,63.8],[-92.2,63.8],[-92.3,63.8],[-92.4,63.8],[-92.5,63.8],[-92.8,63.9],[-92.9,63.9],[-93,63.9],[-93.1,63.9],[-93.1,64],[-93.2,64],[-93.3,64],[-93.4,64],[-93.5,64],[-93.5,64.1],[-93.6,64.1],[-93.6,64.2],[-93.7,64.2],[-93.8,64.2],[-93.7,64.2],[-93.7,64.1],[-93.6,64.1],[-93.6,64],[-93.5,64],[-93.6,64],[-93.8,64],[-93.7,64],[-93.7,63.9],[-93.6,63.9],[-93.5,63.8],[-93.4,63.8],[-93.3,63.8],[-93.4,63.8],[-93.3,63.8],[-93.2,63.8],[-93.3,63.8],[-93.3,63.9],[-93.4,63.9],[-93.5,63.9],[-93.4,63.9],[-93.5,64],[-93.4,64],[-93.3,64],[-93.2,63.9],[-93.1,63.9],[-93,63.9],[-92.9,63.8],[-92.8,63.8],[-92.6,63.8],[-92.5,63.8],[-92.4,63.8],[-92.4,63.7],[-92.3,63.7],[-92.2,63.7],[-92.1,63.7],[-92.2,63.7],[-92.2,63.6],[-92.3,63.6],[-92.3,63.7],[-92.3,63.6],[-92.4,63.6],[-92.5,63.6],[-92.5,63.5],[-92.4,63.5],[-92.4,63.6],[-92.4,63.5],[-92.3,63.6],[-92.3,63.5],[-92.2,63.5],[-92.2,63.6],[-92.1,63.6],[-92,63.6],[-92,63.7],[-91.9,63.7],[-91.8,63.7],[-91.7,63.7],[-91.6,63.7],[-91.6,63.6],[-91.5,63.6],[-91.4,63.5],[-91.3,63.5],[-91.2,63.5],[-91.1,63.5],[-91,63.5],[-90.9,63.4],[-90.8,63.4],[-91,63.4],[-90.9,63.4],[-90.8,63.4],[-90.7,63.4],[-90.7,63.3],[-90.8,63.3],[-90.7,63.3],[-90.7,63.2],[-90.7,63.1],[-90.6,63.1],[-90.7,63],[-90.8,63],[-90.7,63],[-90.8,63],[-90.8,62.9],[-91,63],[-91.1,62.9],[-91.2,62.9],[-91.3,62.8],[-91.4,62.8],[-91.7,62.8],[-91.8,62.8],[-92,62.8],[-92.1,62.9],[-92.1,62.8],[-92.2,62.8],[-92.3,62.8],[-92.4,62.8],[-92.5,62.8],[-92.4,62.8],[-92.4,62.7],[-92.3,62.7],[-92.2,62.7],[-92.3,62.7],[-92.2,62.7],[-92,62.7],[-91.9,62.6],[-92,62.6],[-91.9,62.5],[-92,62.5],[-92.1,62.5],[-92.2,62.5],[-92.2,62.6],[-92.1,62.6],[-92.2,62.6],[-92.3,62.6],[-92.2,62.6],[-92.3,62.6],[-92.3,62.5],[-92.4,62.5],[-92.5,62.5],[-92.5,62.6],[-92.6,62.6],[-92.5,62.5],[-92.6,62.5],[-92.5,62.5],[-92.5,62.4],[-92.6,62.5],[-92.7,62.5],[-92.7,62.4],[-92.8,62.4],[-92.8,62.3],[-92.7,62.3],[-92.6,62.3],[-92.6,62.2],[-92.5,62.2],[-92.6,62.2],[-92.7,62.2],[-92.7,62.3],[-92.8,62.3],[-92.9,62.3],[-93.1,62.3],[-93.3,62.4],[-93.2,62.3],[-93.1,62.3],[-93,62.3],[-92.9,62.3],[-92.8,62.3],[-92.8,62.2],[-92.9,62.2],[-93,62.2],[-93.1,62.2],[-93.1,62.1],[-93,62.1],[-92.9,62.1],[-93,62.1],[-93.1,62.1],[-93.1,62],[-93.1,62.1],[-93.2,62],[-93.1,62],[-93.2,62],[-93.3,62],[-93.3,62.1],[-93.3,62],[-93.4,62],[-93.2,62],[-93.4,62],[-93.3,61.9],[-93.5,61.9],[-93.6,62],[-93.6,61.9],[-93.5,61.9],[-93.6,61.9],[-93.5,61.9],[-93.5,61.8],[-93.3,61.8],[-93.4,61.8],[-93.3,61.8],[-93.2,61.8],[-93.3,61.8],[-93.3,61.7],[-93.3,61.8],[-93.4,61.8],[-93.5,61.8],[-93.4,61.7],[-93.3,61.7],[-93.4,61.7],[-93.5,61.7],[-93.7,61.6],[-93.8,61.6],[-93.9,61.5],[-94,61.5],[-94,61.4],[-93.9,61.4],[-94,61.4],[-93.9,61.4],[-93.8,61.4],[-93.8,61.3],[-93.9,61.3],[-94,61.3],[-94.1,61.3],[-94,61.3],[-94,61.2],[-94.1,61.2],[-94,61.2],[-94.1,61.1],[-94,61.1],[-94.1,61.1],[-94.1,61],[-94.2,61],[-94.2,60.9],[-94.3,60.9],[-94.4,60.9],[-94.4,60.8],[-94.4,60.7],[-94.5,60.7],[-94.5,60.6],[-94.5,60.5],[-94.6,60.5],[-94.7,60.6],[-94.7,60.5],[-94.6,60.5],[-94.7,60.5],[-94.8,60.5],[-94.7,60.5],[-94.6,60.4],[-94.6,60.3],[-94.7,60.3],[-94.7,60.2],[-94.7,60.1],[-94.8,60.1],[-94.8,60],[-94.8,59.9],[-94.8,59.8],[-94.8,59.7],[-94.8,59.6],[-94.8,59.5],[-94.7,59.5],[-94.7,59.4],[-94.7,59.3],[-94.7,59.4],[-94.7,59.3],[-94.8,59.3],[-94.8,59.2],[-94.8,59.1],[-94.9,59.1],[-95,59.1],[-94.8,59.1],[-94.8,59],[-94.7,59],[-94.7,58.9],[-94.7,58.8],[-94.7,58.9],[-94.6,58.9],[-94.5,58.9],[-94.5,58.8],[-94.5,58.7],[-94.4,58.7],[-94.3,58.7],[-94.3,58.8],[-94.2,58.8],[-94.2,58.7],[-94.3,58.6],[-94.3,58.5],[-94.3,58.4],[-94.3,58.3],[-94.4,58.2],[-94.3,58.3],[-94.3,58.4],[-94.2,58.4],[-94.2,58.5],[-94.2,58.6],[-94.2,58.7],[-94.1,58.7],[-94.2,58.8],[-94.1,58.8],[-93.9,58.8],[-93.8,58.8],[-93.7,58.8],[-93.6,58.8],[-93.5,58.8],[-93.5,58.7],[-93.4,58.7],[-93.3,58.8],[-93.2,58.8],[-93.2,58.7],[-93.1,58.7],[-93.1,58.6],[-93.1,58.5],[-93.1,58.4],[-93,58.4],[-93,58.3],[-92.9,58.2],[-92.9,58.1],[-92.8,58.1],[-92.8,58],[-92.8,57.9],[-92.8,57.8],[-92.7,57.8],[-92.7,57.7],[-92.6,57.7],[-92.6,57.6],[-92.6,57.5],[-92.5,57.5],[-92.5,57.4],[-92.4,57.4],[-92.4,57.3],[-92.5,57.2],[-92.5,57.1],[-92.6,57],[-92.7,57],[-92.7,56.9],[-92.8,56.9],[-92.9,56.9],[-92.7,56.9],[-92.5,57],[-92.3,57.1],[-92.2,57.1],[-92.2,57],[-92.3,57],[-92.4,57],[-92.5,56.9],[-92.4,56.9],[-92.3,57],[-92.2,57],[-92.1,57],[-92,57.1],[-91.8,57.1],[-91.5,57.2],[-91.2,57.2],[-91,57.3],[-90.9,57.3],[-90.7,57.2],[-90.6,57.2],[-90.5,57.2],[-90.4,57.2],[-90.3,57.1],[-90.2,57.1],[-90.1,57.1],[-90,57],[-89.9,57],[-89.8,57],[-89.6,56.9],[-89.5,56.9],[-89.4,56.9],[-89.3,56.9],[-89.2,56.9],[-89.1,56.9],[-89.1,56.8],[-89,56.8],[-89,56.9],[-88.9,56.9],[-88.9,56.8],[-88.8,56.8],[-88.7,56.8],[-88.7,56.7],[-88.6,56.7],[-88.5,56.7],[-88.5,56.6],[-88.4,56.6],[-88.3,56.5],[-88.1,56.5],[-88,56.5],[-88,56.4],[-87.9,56.4],[-87.9,56.3],[-87.7,56.2],[-87.7,56.1],[-87.6,56.1],[-87.6,56],[-87.6,56.1],[-87.5,56],[-87.4,56],[-87.4,55.9],[-87.3,56],[-87.1,55.9],[-87,55.9],[-86.9,55.9],[-86.8,55.9],[-86.7,55.9],[-86.6,55.8],[-86.4,55.8],[-86.3,55.7],[-86,55.7],[-85.9,55.7],[-85.9,55.6],[-85.8,55.6],[-85.7,55.6],[-85.6,55.6],[-85.6,55.5],[-85.5,55.5],[-85.4,55.4],[-85.3,55.4],[-85.2,55.4],[-85.1,55.3],[-85.2,55.3],[-85.2,55.2],[-85.3,55.2],[-85.4,55.1],[-85.4,55],[-85.3,55.1],[-85.2,55.2],[-85.2,55.3],[-85.1,55.3],[-84.9,55.3],[-84.6,55.2],[-84.5,55.3],[-84.4,55.3],[-84.2,55.3],[-84.1,55.3],[-84,55.3],[-83.9,55.3],[-83.8,55.3],[-83.7,55.3],[-83.7,55.2],[-83.6,55.2],[-83.6,55.1],[-83.6,55.2],[-83.7,55.2],[-83.7,55.3],[-83.6,55.3],[-83.5,55.2],[-83.4,55.2],[-83.3,55.2],[-83.2,55.2],[-83.1,55.2],[-83,55.2],[-82.9,55.2],[-82.9,55.1],[-83,55.1],[-82.9,55.1],[-82.9,55.2],[-82.8,55.1],[-82.7,55.1],[-82.7,55.2],[-82.6,55.2],[-82.6,55.1],[-82.5,55.1],[-82.5,55.2],[-82.5,55.1],[-82.4,55.1],[-82.3,55.1],[-82.4,55.2],[-82.3,55.2],[-82.3,55.1],[-82.2,55.1],[-82.3,55.1],[-82.3,55],[-82.3,54.9],[-82.2,54.9],[-82.2,54.8],[-82.3,54.7],[-82.3,54.6],[-82.4,54.5],[-82.4,54.4],[-82.4,54.3],[-82.4,54.2],[-82.4,54.1],[-82.3,54.1],[-82.2,54.1],[-82.2,53.9],[-82.1,53.8],[-82.1,53.7],[-82.2,53.7],[-82.2,53.6],[-82.2,53.5],[-82.1,53.4],[-82.1,53.3],[-82.2,53.2],[-82.3,53.2],[-82.2,53.2],[-82.3,53.1],[-82.3,53],[-82.2,52.9],[-82.1,52.9],[-82,52.8],[-82,52.7],[-81.9,52.7],[-81.8,52.6],[-81.7,52.5],[-81.6,52.5],[-81.6,52.4],[-81.5,52.3],[-81.6,52.3],[-81.7,52.3],[-81.8,52.3],[-81.8,52.2],[-81.9,52.2],[-81.8,52.2],[-81.9,52.2],[-81.8,52.2],[-81.7,52.2],[-81.5,52.2],[-81.4,52.2],[-81.4,52.1],[-81.3,52.1],[-81.2,52.1],[-81.2,52],[-81.1,52],[-81.1,52.1],[-81.1,52],[-81,52],[-80.9,51.9],[-80.8,51.9],[-80.8,51.8],[-80.7,51.8],[-80.6,51.7],[-80.6,51.6],[-80.5,51.6],[-80.5,51.5],[-80.4,51.5],[-80.4,51.4],[-80.5,51.3],[-80.6,51.3],[-80.7,51.3],[-80.7,51.2],[-80.8,51.2],[-80.9,51.1],[-81,51.1],[-81,51],[-80.9,51.1],[-80.9,51],[-81,51],[-80.9,51],[-80.9,51.1],[-80.8,51.1],[-80.7,51.1],[-80.7,51.2],[-80.6,51.2],[-80.6,51.3],[-80.5,51.3],[-80.4,51.3],[-80.3,51.3],[-80.2,51.3],[-80.1,51.3],[-80,51.3],[-79.9,51.2],[-79.8,51.1],[-79.7,51.1],[-79.7,51],[-79.6,51],[-79.5,50.9],[-79.4,50.9],[-79.4,50.8],[-79.4,50.7],[-79.3,50.7],[-79.3,50.8],[-79.4,50.8],[-79.4,50.9],[-79.5,50.9],[-79.5,51],[-79.7,51.1],[-79.7,51.2],[-79.7,51.3],[-79.7,51.4],[-79.6,51.4],[-79.6,51.5],[-79.5,51.5],[-79.6,51.6],[-79.5,51.6],[-79.3,51.7],[-79.3,51.6],[-79.2,51.6],[-79.3,51.6],[-79.3,51.5],[-79.2,51.5],[-79.1,51.5],[-79,51.5],[-79,51.4],[-79,51.3],[-78.9,51.3],[-79,51.3],[-79,51.2],[-78.9,51.2],[-78.8,51.2],[-78.9,51.2],[-78.9,51.3],[-78.8,51.4],[-78.9,51.4],[-78.8,51.4],[-78.8,51.5],[-78.7,51.5],[-78.8,51.5],[-78.8,51.6],[-78.9,51.6],[-78.9,51.7],[-79,51.7],[-79,51.8],[-78.9,51.8],[-78.8,51.8],[-78.8,51.9],[-78.9,51.9],[-78.9,52],[-78.8,52],[-78.7,52],[-78.7,52.1],[-78.6,52.1],[-78.7,52.1],[-78.6,52.1],[-78.6,52.2],[-78.5,52.2],[-78.6,52.2],[-78.5,52.2],[-78.5,52.3],[-78.4,52.2],[-78.4,52.3],[-78.5,52.3],[-78.6,52.3],[-78.5,52.3],[-78.5,52.4],[-78.5,52.5],[-78.6,52.5],[-78.5,52.5],[-78.6,52.5],[-78.7,52.5],[-78.6,52.5],[-78.7,52.6],[-78.7,52.5],[-78.7,52.6],[-78.8,52.6],[-78.7,52.6],[-78.7,52.7],[-78.7,52.6],[-78.8,52.6],[-78.8,52.7],[-78.9,52.8],[-78.8,52.8],[-78.7,52.8],[-78.8,52.8],[-78.7,52.9],[-78.8,52.9],[-78.9,52.9],[-78.9,53],[-78.8,53],[-78.9,53],[-79,53],[-78.9,53],[-78.9,53.1],[-79,53.1],[-78.9,53.2],[-78.9,53.3],[-79,53.3],[-78.9,53.3],[-79,53.3],[-79,53.4],[-78.9,53.4],[-79,53.4],[-79,53.5],[-79,53.4],[-79.1,53.4],[-79.1,53.5],[-79,53.5],[-79,53.6],[-79,53.5],[-78.9,53.6],[-79,53.6],[-79.1,53.6],[-79,53.6],[-79,53.7],[-79.1,53.7],[-79.2,53.7],[-79.1,53.7],[-79,53.7],[-79.1,53.7],[-79.1,53.8],[-79,53.8],[-79.1,53.8],[-79,53.8],[-79.1,53.8],[-79,53.8],[-78.9,53.8],[-79,53.9],[-79.1,53.9],[-79,53.9],[-79.1,53.9],[-79.1,54],[-79.1,53.9],[-79,53.9],[-79,54],[-79.1,54],[-79,54],[-79.1,54],[-79,54],[-79.1,54.1],[-79.3,54.1],[-79.2,54.1],[-79.1,54.1],[-79.1,54.2],[-79,54.2],[-79.1,54.2],[-79.2,54.2],[-79.3,54.2],[-79.4,54.2],[-79.3,54.2],[-79.3,54.3],[-79.4,54.3],[-79.5,54.3],[-79.5,54.4],[-79.5,54.5],[-79.6,54.5],[-79.5,54.5],[-79.6,54.6],[-79.5,54.6],[-79.6,54.6],[-79.7,54.6],[-79.6,54.6],[-79.7,54.7],[-79.8,54.7],[-79.7,54.7],[-79.6,54.7],[-79.5,54.7],[-79.5,54.8],[-79.4,54.8],[-79.3,54.8],[-79,54.9],[-78.9,54.9],[-78.8,54.9],[-78.7,54.9],[-78.7,55],[-78.6,55],[-78.5,55],[-78.4,55],[-78.3,55.1],[-78.2,55.1],[-78,55.2],[-78.1,55.2],[-78,55.2],[-77.9,55.2],[-77.8,55.3],[-77.7,55.4],[-77.6,55.4],[-77.2,55.6],[-77.1,55.7],[-77.2,55.7],[-77,55.8],[-76.9,55.9],[-76.8,55.9],[-76.8,56],[-76.7,56],[-76.7,56.1],[-76.6,56.1],[-76.6,56.2],[-76.6,56.3],[-76.5,56.3],[-76.5,56.4],[-76.5,56.5],[-76.5,56.6],[-76.5,56.7],[-76.5,56.8],[-76.5,56.9],[-76.5,57],[-76.6,57],[-76.6,57.1],[-76.5,57.1],[-76.6,57.1],[-76.6,57.2],[-76.6,57.3],[-76.7,57.4],[-76.7,57.5],[-76.8,57.6],[-76.8,57.7],[-76.9,57.7],[-76.9,57.8],[-77,57.8],[-77,57.9],[-77.1,57.9],[-77.1,58],[-77.2,58.1],[-77.3,58.1],[-77.4,58.1],[-77.5,58.2],[-77.4,58.2],[-77.5,58.2],[-77.6,58.3],[-77.7,58.3],[-77.8,58.3],[-78,58.4],[-78.1,58.5],[-78.2,58.5],[-78.3,58.5],[-78.3,58.6],[-78.4,58.6],[-78.3,58.5],[-78.4,58.5],[-78.4,58.6],[-78.5,58.6],[-78.6,58.6],[-78.6,58.7],[-78.5,58.7],[-78.5,58.8],[-78.5,58.9],[-78.6,58.9],[-78.6,59],[-78.5,59],[-78.5,58.9],[-78.4,58.9],[-78.5,58.9],[-78.4,59],[-78.4,58.9],[-78.3,58.9],[-78.3,59],[-78.2,59],[-78.3,59],[-78.3,59.1],[-78.2,59.1],[-78.1,59.1],[-78.2,59.2],[-78.1,59.2],[-78,59.2],[-78,59.3],[-77.9,59.3],[-77.8,59.3],[-77.9,59.3],[-77.8,59.3],[-77.8,59.4],[-77.7,59.4],[-77.8,59.4],[-77.9,59.4],[-77.9,59.5],[-77.8,59.5],[-77.9,59.5],[-77.8,59.5],[-77.7,59.5],[-77.7,59.6],[-77.8,59.6],[-77.8,59.7],[-77.7,59.7],[-77.8,59.7],[-77.7,59.7],[-77.6,59.7],[-77.5,59.6],[-77.4,59.6],[-77.3,59.6],[-77.4,59.6],[-77.5,59.7],[-77.5,59.8],[-77.5,59.7],[-77.5,59.8],[-77.4,59.8],[-77.3,59.8],[-77.4,59.9],[-77.4,60],[-77.3,60],[-77.2,60],[-77.3,60],[-77.2,60],[-77.2,60.1],[-77.3,60],[-77.3,60.1],[-77.4,60.1],[-77.4,60],[-77.5,60.1],[-77.6,60.1],[-77.5,60.1],[-77.4,60.1],[-77.5,60.2],[-77.6,60.2],[-77.5,60.2],[-77.5,60.3],[-77.6,60.3],[-77.5,60.3],[-77.6,60.3],[-77.6,60.4],[-77.7,60.4],[-77.7,60.5],[-77.6,60.5],[-77.5,60.5],[-77.4,60.5],[-77.4,60.6],[-77.5,60.6],[-77.6,60.6],[-77.7,60.6],[-77.8,60.6],[-77.8,60.7],[-77.7,60.7],[-77.6,60.8],[-77.7,60.8],[-77.5,60.8],[-77.6,60.8],[-77.9,60.8],[-78,60.8],[-77.9,60.8],[-78,60.8],[-78.1,60.8],[-78.2,60.8],[-78.2,60.9],[-78.1,60.9],[-78,61],[-77.9,61],[-77.9,61.1],[-77.8,61.1],[-77.8,61.2],[-77.7,61.2],[-77.8,61.2],[-77.7,61.2],[-77.7,61.3],[-77.7,61.4],[-77.8,61.4],[-77.8,61.5],[-77.7,61.5],[-77.7,61.4],[-77.7,61.5],[-77.6,61.5],[-77.5,61.5],[-77.6,61.5],[-77.7,61.5],[-77.7,61.6],[-77.6,61.6],[-77.6,61.5],[-77.5,61.5],[-77.5,61.6],[-77.6,61.6],[-77.7,61.6],[-77.8,61.7],[-77.9,61.7],[-78,61.7],[-78,61.8],[-78.1,61.9],[-78.1,62],[-78.1,62.1],[-78.2,62.1],[-78.2,62.2],[-78.1,62.2],[-78.2,62.3],[-78.1,62.3],[-78,62.4],[-77.9,62.4],[-77.8,62.5],[-77.7,62.5],[-77.6,62.5],[-77.5,62.5],[-77.5,62.6],[-77.4,62.6],[-77.3,62.6],[-77.2,62.5],[-77.1,62.5],[-77,62.5],[-76.9,62.5],[-76.8,62.5],[-76.7,62.5],[-76.6,62.5],[-76.7,62.5],[-76.6,62.5],[-76.5,62.5],[-76.5,62.4],[-76.4,62.4],[-76.3,62.4],[-76.2,62.4],[-76.1,62.4],[-76.1,62.3],[-76.1,62.4],[-76,62.4],[-76,62.3],[-76,62.4],[-75.9,62.4],[-75.9,62.3],[-75.8,62.3],[-75.7,62.3],[-75.6,62.3],[-75.7,62.2],[-75.8,62.2],[-75.9,62.2],[-75.8,62.2],[-75.7,62.2],[-75.6,62.2],[-75.5,62.3],[-75.3,62.3],[-75.2,62.3],[-75.1,62.3],[-75.2,62.2],[-75.1,62.2],[-75.1,62.3],[-75,62.3],[-74.9,62.2],[-74.8,62.2],[-74.7,62.1],[-74.6,62.1],[-74.7,62.2],[-74.8,62.2],[-74.7,62.2],[-74.7,62.3],[-74.4,62.3],[-74.3,62.3],[-74.2,62.3],[-74.1,62.3],[-74.1,62.4],[-74,62.4],[-73.9,62.4],[-73.9,62.5],[-73.7,62.5],[-73.6,62.5],[-73.6,62.4],[-73.5,62.4],[-73.4,62.4],[-73.3,62.3],[-73.2,62.3],[-73.1,62.2],[-73,62.2],[-72.9,62.2],[-72.9,62.1],[-72.8,62.1],[-72.8,62.2],[-72.7,62.2],[-72.7,62.1],[-72.6,62.1],[-72.7,62.1],[-72.6,62.1],[-72.6,62],[-72.7,62],[-72.7,61.9],[-72.8,61.8],[-72.7,61.8],[-72.7,61.9],[-72.6,61.8],[-72.6,61.9],[-72.5,61.9],[-72.4,61.9],[-72.2,61.9],[-72.2,61.8],[-72.1,61.8],[-72.2,61.8],[-72.2,61.7],[-72.2,61.8],[-72.1,61.8],[-72.1,61.7],[-72,61.7],[-72,61.6],[-72.1,61.6],[-72.2,61.6],[-72.3,61.6],[-72.2,61.6],[-72.1,61.6],[-72,61.6],[-71.9,61.7],[-72,61.7],[-71.9,61.7],[-71.8,61.7],[-71.7,61.7],[-71.7,61.6],[-71.6,61.6],[-71.5,61.6],[-71.6,61.6],[-71.6,61.5],[-71.7,61.5],[-71.8,61.5],[-71.9,61.5],[-71.8,61.5],[-71.7,61.5],[-71.8,61.5],[-71.8,61.4],[-71.9,61.4],[-71.8,61.4],[-71.7,61.4],[-71.6,61.4],[-71.7,61.4],[-71.8,61.4],[-71.8,61.3],[-71.7,61.3],[-71.6,61.3],[-71.6,61.2],[-71.5,61.2],[-71.4,61.2],[-71.4,61.1],[-71.3,61.2],[-71.2,61.2],[-71.2,61.1],[-71.1,61.1],[-71,61.1],[-70.9,61.1],[-70.8,61.1],[-70.7,61.1],[-70.7,61],[-70.6,61],[-70.5,61],[-70.6,61],[-70.5,61],[-70.5,61.1],[-70.5,61],[-70.4,61],[-70.4,61.1],[-70.3,61.1],[-70.2,61.1],[-70.1,61.1],[-70.2,61.1],[-70.1,61.1],[-70.1,61],[-70.2,61],[-70.1,61],[-70.1,60.9],[-70.2,60.9],[-70.1,60.9],[-70,60.8],[-69.9,60.8],[-69.8,60.9],[-69.9,60.9],[-69.9,60.8],[-69.9,60.9],[-69.8,60.9],[-69.7,60.9],[-69.7,61],[-69.7,61.1],[-69.6,61.1],[-69.5,61.1],[-69.5,61],[-69.4,61],[-69.4,60.9],[-69.4,60.8],[-69.5,60.8],[-69.6,60.8],[-69.6,60.7],[-69.7,60.7],[-69.7,60.6],[-69.8,60.5],[-69.7,60.5],[-69.8,60.4],[-69.7,60.4],[-69.7,60.3],[-69.8,60.3],[-69.7,60.3],[-69.7,60.2],[-69.6,60.2],[-69.7,60.2],[-69.6,60.2],[-69.6,60.1],[-69.7,60.1],[-69.7,60],[-69.8,60.1],[-69.8,60],[-69.9,60],[-70.3,60],[-70.6,60],[-70.7,60],[-71,60.1],[-70.9,60.1],[-70.9,60],[-70.8,60],[-70.7,60],[-70.6,60],[-70.5,60],[-70.4,60],[-70.3,60],[-70.2,60],[-70.1,60],[-70,60],[-69.9,60],[-69.8,60],[-69.7,60],[-69.7,59.9],[-69.8,59.9],[-69.7,59.9],[-69.6,59.9],[-69.6,59.8],[-69.5,59.8],[-69.6,59.8],[-69.6,59.7],[-69.7,59.7],[-69.6,59.7],[-69.5,59.7],[-69.5,59.6],[-69.6,59.6],[-69.7,59.6],[-69.7,59.5],[-69.8,59.5],[-69.7,59.5],[-69.7,59.4],[-69.6,59.4],[-69.7,59.4],[-69.6,59.4],[-69.7,59.3],[-69.8,59.3],[-69.7,59.3],[-69.6,59.3],[-69.5,59.3],[-69.4,59.4],[-69.4,59.3],[-69.3,59.3],[-69.2,59.3],[-69.3,59.3],[-69.2,59.3],[-69.2,59.2],[-69.3,59.2],[-69.4,59.2],[-69.5,59.2],[-69.5,59.1],[-69.4,59.1],[-69.3,59.1],[-69.4,59.1],[-69.4,59],[-69.5,59],[-69.5,59.1],[-69.5,58.9],[-69.5,58.8],[-69.6,58.8],[-69.7,58.8],[-69.7,58.9],[-69.7,59],[-69.8,59],[-69.9,59.1],[-69.9,59],[-69.8,58.9],[-69.8,58.8],[-69.9,58.9],[-69.9,58.8],[-70,58.8],[-70.1,58.8],[-70.2,58.8],[-70.3,58.8],[-70.2,58.8],[-70.1,58.8],[-70,58.7],[-70,58.8],[-69.9,58.8],[-69.9,58.7],[-69.8,58.7],[-69.9,58.7],[-69.9,58.6],[-69.8,58.6],[-69.7,58.7],[-69.6,58.7],[-69.6,58.8],[-69.5,58.8],[-69.4,58.8],[-69.4,58.9],[-69.3,58.9],[-69.2,58.9],[-69.1,58.9],[-69,58.9],[-68.9,58.9],[-68.8,58.9],[-68.7,58.9],[-68.6,58.9],[-68.5,58.9],[-68.5,58.8],[-68.4,58.8],[-68.4,58.7],[-68.3,58.7],[-68.4,58.6],[-68.3,58.6],[-68.3,58.5],[-68.2,58.5],[-68.2,58.4],[-68.3,58.3],[-68.3,58.2],[-68.4,58.2],[-68.3,58.2],[-68.3,58.1],[-68.4,58.1],[-68.5,58],[-68.7,58],[-68.8,58],[-69,58],[-69,57.9],[-69.1,57.9],[-69.2,57.9],[-69.4,57.8],[-69.1,57.9],[-69,57.9],[-68.9,57.9],[-68.8,58],[-68.7,58],[-68.6,58],[-68.5,58],[-68.4,58],[-68.4,58.1],[-68.3,58.1],[-68.3,58.2],[-68.2,58.3],[-68.2,58.4],[-68.2,58.5],[-68.1,58.5],[-68,58.5],[-68,58.6],[-68,58.5],[-67.9,58.5],[-67.9,58.4],[-67.9,58.3],[-68,58.2],[-68.1,58.2],[-68.1,58.1],[-68,58.1],[-68,58.2],[-67.9,58.2],[-67.9,58.3],[-67.8,58.3],[-67.8,58.4],[-67.8,58.5],[-67.7,58.5],[-67.7,58.4],[-67.7,58.3],[-67.6,58.3],[-67.6,58.2],[-67.7,58.2],[-67.7,58.1],[-67.7,58],[-67.7,57.9],[-67.7,58],[-67.6,58],[-67.6,58.1],[-67.7,58.1],[-67.6,58.1],[-67.6,58.2],[-67.5,58.2],[-67.5,58.3],[-67.4,58.3],[-67.3,58.3],[-67.2,58.3],[-67.2,58.4],[-67.1,58.4],[-67,58.4],[-67,58.5],[-66.9,58.5],[-66.9,58.4],[-66.8,58.4],[-66.8,58.5],[-66.7,58.5],[-66.6,58.5],[-66.7,58.5],[-66.6,58.5],[-66.6,58.6],[-66.6,58.7],[-66.5,58.7],[-66.5,58.8],[-66.4,58.8],[-66.4,58.9],[-66.4,58.8],[-66.3,58.8],[-66.2,58.8],[-66.2,58.7],[-66.1,58.7],[-66,58.7],[-66,58.6],[-65.9,58.6],[-66,58.6],[-66,58.5],[-66,58.4],[-66.1,58.4],[-66.1,58.3],[-66,58.3],[-66,58.4],[-65.9,58.4],[-65.9,58.5],[-66,58.5],[-65.9,58.5],[-65.9,58.6],[-65.8,58.6],[-65.9,58.6],[-65.9,58.7],[-66,58.7],[-66,58.8],[-66.1,58.8],[-66,58.8],[-66,58.9],[-66,58.8],[-65.9,58.8],[-65.8,58.8],[-65.8,58.9],[-65.9,58.9],[-66,58.9],[-65.9,58.9],[-65.9,59],[-65.8,59],[-65.7,58.9],[-65.7,59],[-65.8,59],[-65.7,59],[-65.8,59],[-65.7,59],[-65.7,59.1],[-65.7,59],[-65.6,59],[-65.5,59],[-65.6,59],[-65.6,59.1],[-65.5,59.1],[-65.4,59],[-65.3,59],[-65.3,59.1],[-65.4,59.1],[-65.5,59.1],[-65.6,59.1],[-65.7,59.1],[-65.7,59.2],[-65.7,59.3],[-65.7,59.2],[-65.6,59.2],[-65.6,59.3],[-65.6,59.2],[-65.6,59.3],[-65.5,59.3],[-65.6,59.3],[-65.6,59.4],[-65.5,59.4],[-65.4,59.3],[-65.4,59.4],[-65.5,59.4],[-65.5,59.5],[-65.6,59.5],[-65.5,59.5],[-65.4,59.5],[-65.2,59.5],[-65.2,59.4],[-65.1,59.4],[-65,59.4],[-65.1,59.4],[-65.2,59.5],[-65.3,59.5],[-65.4,59.5],[-65.5,59.6],[-65.5,59.7],[-65.5,59.8],[-65.4,59.8],[-65.3,59.8],[-65.2,59.8],[-65.1,59.8],[-65,59.8],[-65.1,59.8],[-65.2,59.8],[-65.2,59.9],[-65.1,59.9],[-65.2,59.9],[-65.1,59.9],[-65.1,60],[-65.1,59.9],[-65.1,60],[-65,60.1],[-65.1,60.1],[-65,60.1],[-65,60.2],[-64.9,60.2],[-65,60.3],[-64.9,60.3],[-64.8,60.3],[-64.9,60.4],[-64.8,60.4],[-64.7,60.3],[-64.7,60.4],[-64.6,60.3],[-64.5,60.3],[-64.4,60.3],[-64.4,60.2],[-64.5,60.3],[-64.6,60.3],[-64.7,60.3],[-64.8,60.2],[-64.7,60.2],[-64.7,60.3],[-64.6,60.3],[-64.5,60.3],[-64.5,60.2],[-64.6,60.2],[-64.5,60.2],[-64.4,60.2],[-64.5,60.1],[-64.6,60.1],[-64.7,60.1],[-64.7,60],[-64.8,60],[-64.6,60.1],[-64.5,60.1],[-64.4,60.1],[-64.4,60],[-64.5,60],[-64.4,60],[-64.4,59.9],[-64.5,59.9],[-64.4,59.9],[-64.4,60],[-64.3,60],[-64.2,60],[-64.3,60],[-64.3,60.1],[-64.3,60],[-64.2,60],[-64.1,60],[-64.2,60],[-64.3,60],[-64.3,59.9],[-64.2,59.9],[-64.3,59.9],[-64.2,59.9],[-64.1,59.9],[-64.2,59.9],[-64.2,59.8],[-64.3,59.8],[-64.2,59.7],[-64.1,59.7],[-64,59.7],[-63.9,59.7],[-64,59.7],[-63.9,59.7],[-64,59.6],[-64.1,59.6],[-64.1,59.5],[-64,59.6],[-63.9,59.6],[-64,59.5],[-63.9,59.5],[-63.9,59.6],[-63.8,59.5],[-63.7,59.5],[-63.8,59.5],[-63.8,59.4],[-64,59.4],[-64.1,59.4],[-64,59.4],[-63.8,59.4],[-63.7,59.4],[-63.7,59.3],[-63.8,59.3],[-63.8,59.2],[-63.8,59.3],[-63.7,59.3],[-63.7,59.4],[-63.6,59.4],[-63.5,59.3],[-63.6,59.3],[-63.6,59.2],[-63.5,59.2],[-63.5,59.3],[-63.4,59.3],[-63.4,59.2],[-63.5,59.2],[-63.4,59.2],[-63.4,59.1],[-63.5,59.1],[-63.6,59.1],[-63.7,59.1],[-63.8,59.1],[-64,59.1],[-64,59],[-64,59.1],[-63.9,59.1],[-63.9,59],[-63.8,59],[-63.7,59],[-63.6,59],[-63.5,59],[-63.5,59.1],[-63.4,59.1],[-63.3,59.1],[-63.2,59.1],[-63.1,59.1],[-63.1,59],[-63.2,59],[-63.3,59],[-63.2,59],[-63.3,59],[-63.3,58.9],[-63.3,59],[-63.2,59],[-63.2,58.9],[-63.3,58.9],[-63.2,58.9],[-63.2,58.8],[-63.1,58.8],[-63.1,58.9],[-63,58.9],[-63.1,58.9],[-63,58.9],[-62.9,58.8],[-63,58.7],[-62.9,58.7],[-62.8,58.7],[-62.9,58.7],[-62.9,58.6],[-63.1,58.6],[-63.1,58.5],[-63.2,58.5],[-63.3,58.5],[-63.4,58.5],[-63.5,58.5],[-63.4,58.5],[-63.3,58.5],[-63.4,58.4],[-63.5,58.4],[-63.6,58.3],[-63.5,58.3],[-63.4,58.4],[-63.3,58.5],[-63.2,58.5],[-63.1,58.5],[-63.1,58.4],[-63.2,58.4],[-63.1,58.4],[-63.1,58.5],[-63,58.4],[-63,58.5],[-62.9,58.5],[-62.8,58.5],[-62.7,58.5],[-62.6,58.5],[-62.6,58.4],[-62.7,58.4],[-62.6,58.4],[-62.6,58.3],[-62.7,58.3],[-62.9,58.3],[-62.9,58.2],[-62.8,58.3],[-62.7,58.3],[-62.6,58.3],[-62.6,58.2],[-62.7,58.2],[-62.8,58.2],[-63.1,58.2],[-63.1,58.1],[-63,58.1],[-63.2,58.1],[-63.1,58.1],[-63.1,58],[-63.2,58],[-63.3,58],[-63.1,58],[-63.1,58.1],[-63,58.1],[-62.9,58.1],[-62.8,58.1],[-62.9,58.1],[-62.8,58.1],[-62.7,58.1],[-62.6,58.1],[-62.6,58.2],[-62.6,58.1],[-62.5,58.1],[-62.5,58.2],[-62.5,58.1],[-62.4,58.1],[-62.3,58.1],[-62.3,58],[-62.4,58],[-62.5,58],[-62.7,57.9],[-62.6,57.9],[-62.6,58],[-62.5,58],[-62.4,58],[-62.4,57.9],[-62.4,58],[-62.3,58],[-62.3,57.9],[-62.3,58],[-62.2,57.9],[-62.2,58],[-62.1,58],[-62.1,57.9],[-62.1,57.8],[-62,57.8],[-62,57.7],[-61.9,57.7],[-61.9,57.6],[-62,57.6],[-62.1,57.6],[-62.1,57.5],[-62.2,57.5],[-62.3,57.5],[-62.4,57.5],[-62.5,57.5],[-62.4,57.4],[-62.3,57.4],[-62.2,57.4],[-62.2,57.5],[-62.1,57.5],[-62,57.5],[-61.9,57.4],[-61.8,57.4],[-61.9,57.4],[-61.9,57.3],[-62,57.3],[-62,57.2],[-61.9,57.2],[-61.8,57.2],[-61.6,57.2],[-61.7,57.2],[-61.5,57.2],[-61.4,57.1],[-61.4,57],[-61.3,57],[-61.4,57],[-61.5,57],[-61.6,56.9],[-61.7,56.9],[-61.6,56.9],[-61.6,56.8],[-61.7,56.8],[-61.8,56.8],[-61.9,56.8],[-61.9,56.7],[-61.8,56.8],[-61.7,56.7],[-61.8,56.7],[-61.7,56.7],[-61.7,56.6],[-61.9,56.6],[-61.9,56.7],[-62,56.7],[-62.1,56.7],[-62.2,56.7],[-62.3,56.7],[-62.3,56.8],[-62.5,56.8],[-62.3,56.8],[-62.2,56.8],[-62,56.8],[-62.1,56.8],[-62.3,56.8],[-62.4,56.8],[-62.5,56.9],[-62.5,56.8],[-62.6,56.8],[-62.4,56.8],[-62.4,56.7],[-62.3,56.7],[-62.2,56.7],[-62.1,56.7],[-62,56.6],[-61.9,56.6],[-62.2,56.6],[-62,56.6],[-61.9,56.6],[-61.8,56.6],[-61.7,56.6],[-61.7,56.5],[-61.8,56.5],[-62,56.5],[-62.1,56.5],[-62,56.5],[-61.9,56.5],[-62,56.5],[-62.1,56.5],[-62.1,56.4],[-62,56.4],[-61.9,56.4],[-61.8,56.4],[-61.8,56.3],[-61.7,56.3],[-61.6,56.3],[-61.8,56.3],[-61.7,56.3],[-61.8,56.3],[-61.9,56.3],[-62,56.3],[-62.1,56.3],[-62,56.3],[-62,56.2],[-61.9,56.2],[-61.8,56.2],[-61.7,56.2],[-61.6,56.2],[-61.5,56.2],[-61.4,56.2],[-61.3,56.2],[-61.4,56.2],[-61.3,56.2],[-61.4,56.2],[-61.4,56.1],[-61.3,56.1],[-61.4,56.1],[-61.3,56.1],[-61.4,56.1],[-61.5,56.1],[-61.4,56.1],[-61.3,56.1],[-61.2,56],[-61.3,56],[-61.4,56],[-61.5,56],[-61.4,56],[-61.5,56],[-61.4,56],[-61.3,56],[-61.2,56],[-61.2,55.9],[-61.2,56],[-61.1,56],[-61.1,55.9],[-61.2,55.9],[-61.1,55.9],[-61.1,55.8],[-60.9,55.9],[-60.8,55.9],[-60.7,55.9],[-60.7,55.8],[-60.8,55.8],[-60.9,55.8],[-60.9,55.7],[-60.9,55.8],[-61,55.7],[-60.9,55.7],[-60.8,55.7],[-60.7,55.7],[-60.7,55.8],[-60.6,55.8],[-60.6,55.7],[-60.7,55.7],[-60.6,55.7],[-60.6,55.6],[-60.7,55.6],[-60.6,55.6],[-60.6,55.7],[-60.5,55.7],[-60.5,55.8],[-60.4,55.8],[-60.3,55.8],[-60.4,55.7],[-60.5,55.7],[-60.5,55.6],[-60.4,55.6],[-60.5,55.5],[-60.4,55.5],[-60.4,55.6],[-60.3,55.6],[-60.3,55.5],[-60.4,55.5],[-60.5,55.4],[-60.4,55.4],[-60.5,55.4],[-60.4,55.4],[-60.5,55.4],[-60.4,55.4],[-60.3,55.5],[-60.4,55.4],[-60.3,55.4],[-60.3,55.5],[-60.3,55.4],[-60.3,55.5],[-60.2,55.5],[-60.2,55.4],[-60.3,55.4],[-60.4,55.4],[-60.4,55.3],[-60.5,55.3],[-60.5,55.2],[-60.6,55.2],[-60.5,55.2],[-60.4,55.2],[-60.4,55.3],[-60.4,55.2],[-60.5,55.2],[-60.5,55.1],[-60.6,55.1],[-60.7,55.1],[-60.7,55],[-60.6,55],[-60.6,55.1],[-60.5,55.1],[-60.5,55.2],[-60.4,55.2],[-60.3,55.2],[-60.2,55.3],[-60.2,55.2],[-60.2,55.3],[-60.1,55.3],[-60.2,55.2],[-60.1,55.2],[-60,55.3],[-60.1,55.2],[-60.2,55.1],[-60.3,55.1],[-60.3,55],[-60.2,55.1],[-60.1,55.1],[-60.1,55.2],[-60,55.2],[-59.9,55.2],[-59.9,55.3],[-59.8,55.3],[-59.7,55.3],[-59.7,55.2],[-59.8,55.2],[-59.7,55.2],[-59.8,55.2],[-59.9,55.2],[-60,55.2],[-60,55.1],[-59.9,55.1],[-59.8,55.1],[-59.7,55.2],[-59.7,55.1],[-59.6,55.1],[-59.6,55.2],[-59.5,55.2],[-59.5,55.1],[-59.5,55.2],[-59.4,55.2],[-59.4,55.1],[-59.5,55.1],[-59.6,55.1],[-59.6,55],[-59.7,55],[-59.7,54.9],[-59.8,54.9],[-59.9,54.9],[-59.9,54.8],[-59.8,54.8],[-59.8,54.9],[-59.8,54.8],[-59.9,54.8],[-59.9,54.7],[-59.9,54.8],[-59.8,54.8],[-59.8,54.9],[-59.7,54.9],[-59.6,54.9],[-59.4,55.1],[-59.4,55],[-59.4,55.1],[-59.3,55.1],[-59.3,55.2],[-59.2,55.2],[-59.1,55.2],[-59.2,55.1],[-59.3,55.1],[-59.3,55],[-59.4,55],[-59.3,55],[-59.2,55],[-59.2,55.1],[-59.1,55.1],[-59.2,55.1],[-59.1,55.1],[-59,55.2],[-59,55.1],[-59,55],[-58.9,55],[-58.9,54.9],[-59,54.9],[-58.9,54.9],[-58.9,54.8],[-58.8,54.8],[-58.8,54.9],[-58.8,54.8],[-58.7,54.8],[-58.6,54.8],[-58.5,54.8],[-58.6,54.8],[-58.5,54.8],[-58.4,54.8],[-58.4,54.7],[-58.4,54.8],[-58.2,54.8],[-58.2,54.7],[-58.1,54.7],[-58,54.7],[-57.9,54.7],[-57.8,54.7],[-57.7,54.7],[-57.7,54.6],[-57.6,54.6],[-57.6,54.7],[-57.5,54.7],[-57.4,54.6],[-57.3,54.6],[-57.4,54.6],[-57.4,54.5],[-57.7,54.5],[-57.5,54.5],[-57.4,54.5],[-57.4,54.4],[-57.4,54.5],[-57.5,54.5],[-57.5,54.4],[-57.6,54.4],[-57.7,54.4],[-57.8,54.4],[-57.9,54.4],[-58.2,54.4],[-58.2,54.3],[-58.3,54.3],[-58.2,54.3],[-58.1,54.3],[-58.2,54.3],[-58.3,54.3],[-58.5,54.2],[-58.6,54.2],[-58.7,54.2],[-58.7,54.1],[-58.9,54.1],[-59,54.1],[-59.1,54.1],[-59.2,54.1],[-59.3,54.1],[-59.4,54],[-59.4,54.1],[-59.5,54.1],[-59.6,54.1],[-59.6,54],[-59.5,54],[-59.4,54],[-59.3,54],[-59.1,54.1],[-59,54.1],[-58.8,54.1],[-58.7,54.1],[-58.6,54.2],[-58.5,54.2],[-58.4,54.2],[-58.5,54.2],[-58.5,54.1],[-58.6,54.1],[-58.6,54],[-58.7,54],[-58.9,54.1],[-59,54],[-58.9,54],[-59,54],[-59.1,54],[-59.1,53.9],[-59.2,53.9],[-59.3,53.9],[-59.4,53.9],[-59.4,53.8],[-59.5,53.8],[-59.6,53.8],[-59.8,53.8],[-59.9,53.8],[-59.8,53.8],[-59.9,53.8],[-60,53.8],[-60.1,53.8],[-60.1,53.7],[-60,53.7],[-60.1,53.7],[-60.1,53.6],[-60.1,53.5],[-60.1,53.6],[-60.2,53.6],[-60.3,53.6],[-60.4,53.6],[-60.4,53.7],[-60.5,53.7],[-60.7,53.7],[-60.7,53.8],[-60.8,53.8],[-60.9,53.8],[-60.9,53.7],[-60.8,53.7],[-60.7,53.7],[-60.6,53.7],[-60.4,53.6],[-60.3,53.6],[-60.2,53.5],[-60.1,53.5],[-60,53.5],[-60,53.4],[-60.1,53.5],[-60.2,53.4],[-60.3,53.4],[-60.4,53.4],[-60.4,53.3],[-60.3,53.3],[-60.2,53.4],[-60.2,53.3],[-60.3,53.3],[-60.4,53.3],[-60.3,53.3],[-60.2,53.3],[-60.1,53.3],[-60.2,53.3],[-60.1,53.3],[-60,53.4],[-59.9,53.4],[-59.9,53.5],[-59.9,53.4],[-59.9,53.5],[-59.8,53.5],[-59.9,53.5],[-59.8,53.5],[-59.6,53.5],[-59.5,53.5],[-59.5,53.6],[-59.4,53.6],[-59.4,53.7],[-59.3,53.7],[-59.2,53.7],[-59.1,53.7],[-59,53.7],[-59,53.8],[-59.1,53.8],[-59,53.8],[-59.1,53.8],[-59,53.8],[-59,53.9],[-58.9,53.9],[-58.8,53.9],[-58.7,54],[-58.5,54],[-58.3,54.1],[-58.2,54.1],[-58.1,54.1],[-57.8,54.1],[-57.9,54.1],[-58,54.1],[-58.2,54.1],[-58.3,54.1],[-58.4,54.1],[-58.4,54.2],[-58.3,54.2],[-58.2,54.2],[-58.1,54.2],[-58,54.2],[-57.9,54.2],[-57.8,54.2],[-57.7,54.2],[-57.6,54.2],[-57.5,54.2],[-57.4,54.2],[-57.4,54.1],[-57.3,54.1],[-57.3,54],[-57.2,54],[-57.1,53.9],[-57.2,53.9],[-57.1,53.8],[-57.2,53.8],[-57.1,53.8],[-57.1,53.7],[-57.2,53.7],[-57.3,53.7],[-57.5,53.6],[-57.4,53.6],[-57.5,53.6],[-57.4,53.6],[-57.3,53.6],[-57.3,53.5],[-57.4,53.4],[-57.3,53.4],[-57.3,53.5],[-57.2,53.5],[-57.1,53.5],[-57.1,53.6],[-57.2,53.6],[-57.1,53.6],[-57.1,53.7],[-57,53.7],[-56.9,53.7],[-56.8,53.7],[-56.7,53.7],[-56.8,53.7],[-56.7,53.8],[-56.6,53.7],[-56.6,53.8],[-56.5,53.8],[-56.4,53.8],[-56.4,53.7],[-56.5,53.7],[-56.6,53.7],[-56.7,53.7],[-56.6,53.7],[-56.6,53.6],[-56.4,53.6],[-56.3,53.6],[-56.4,53.6],[-56.3,53.6],[-56.2,53.6],[-56.1,53.6],[-56,53.6],[-56,53.5],[-56.1,53.5],[-56,53.5],[-56.1,53.5],[-56.2,53.6],[-56.3,53.6],[-56.2,53.5],[-56.1,53.5],[-56,53.5],[-56,53.4],[-55.9,53.4],[-55.8,53.4],[-55.8,53.3],[-55.9,53.3],[-55.8,53.3],[-55.9,53.2],[-55.8,53.2],[-55.8,53.3],[-55.7,53.3],[-55.8,53.2],[-55.7,53.1],[-55.8,53.1],[-55.9,53.1],[-55.9,53],[-56,53],[-56.1,53],[-56.2,53],[-56.1,53],[-55.9,53],[-55.9,52.9],[-55.8,52.9],[-55.8,52.8],[-55.9,52.8],[-56,52.8],[-55.9,52.8],[-56,52.8],[-56.1,52.8],[-56.2,52.8],[-56.1,52.8],[-56,52.8],[-56,52.7],[-55.9,52.7],[-55.8,52.7],[-55.7,52.7],[-55.7,52.6],[-55.8,52.6],[-55.9,52.6],[-56,52.6],[-56,52.7],[-56.1,52.7],[-56.1,52.6],[-56,52.6],[-56.1,52.6],[-56.2,52.5],[-56.3,52.6],[-56.4,52.6],[-56.5,52.6],[-56.4,52.6],[-56.3,52.6],[-56.3,52.5],[-56.2,52.5],[-56.1,52.5],[-56,52.5],[-55.9,52.5],[-55.8,52.5],[-55.7,52.5],[-55.8,52.4],[-55.7,52.4],[-55.6,52.4],[-55.7,52.4],[-55.6,52.4],[-55.7,52.4],[-55.8,52.4],[-55.8,52.3],[-55.9,52.4],[-56,52.4],[-56.2,52.4],[-56.1,52.4],[-56,52.4],[-55.9,52.3],[-55.8,52.3],[-55.9,52.3],[-55.8,52.3],[-55.7,52.3],[-55.8,52.3],[-55.8,52.2],[-55.7,52.3],[-55.6,52.2],[-55.7,52.2],[-55.8,52.2],[-55.7,52.2],[-55.7,52.1],[-55.8,52.1],[-55.8,52],[-55.9,52],[-56,52],[-55.9,52],[-55.9,51.9],[-56,51.9],[-56.1,51.9],[-56.1,51.8],[-56.2,51.8],[-56.3,51.8],[-56.4,51.8],[-56.4,51.7],[-56.5,51.7],[-56.6,51.7],[-56.7,51.7],[-56.7,51.6],[-56.8,51.6],[-56.8,51.5],[-56.9,51.5],[-57,51.5],[-56.9,51.5],[-56.9,51.4],[-57,51.4],[-57.1,51.4],[-57.2,51.4],[-57.2,51.5],[-57.3,51.5],[-57.4,51.5],[-57.5,51.5],[-57.4,51.5],[-57.4,51.4],[-57.5,51.4],[-57.5,51.5],[-57.6,51.4],[-57.6,51.5],[-57.6,51.4],[-57.7,51.4],[-57.7,51.5],[-57.8,51.4],[-57.9,51.4],[-58,51.3],[-58.1,51.3],[-58.2,51.3],[-58.3,51.3],[-58.4,51.3],[-58.5,51.3],[-58.6,51.3],[-58.6,51.2],[-58.7,51.2],[-58.7,51.3],[-58.7,51.2],[-58.6,51.2],[-58.6,51.1],[-58.7,51.1],[-58.8,51.1],[-58.9,51.1],[-58.8,51.1],[-58.8,51],[-58.9,51],[-58.9,51.1],[-58.9,51],[-59,51],[-59,50.9],[-58.9,50.9],[-59,50.9],[-59,50.8],[-59.1,50.8],[-59.1,50.9],[-59.1,50.8],[-59.2,50.8],[-59.2,50.7],[-59.2,50.8],[-59.3,50.8],[-59.3,50.7],[-59.4,50.7],[-59.4,50.6],[-59.5,50.6],[-59.4,50.6],[-59.4,50.5],[-59.5,50.5],[-59.6,50.5],[-59.7,50.5],[-59.7,50.4],[-59.8,50.4],[-59.9,50.4],[-59.9,50.3],[-59.8,50.3],[-59.8,50.4],[-59.8,50.3],[-59.9,50.3],[-60,50.3],[-60,50.2],[-60.1,50.3],[-60.1,50.2],[-60.2,50.2],[-60.2,50.3],[-60.2,50.2],[-60.3,50.2],[-60.2,50.3],[-60.3,50.3],[-60.3,50.2],[-60.3,50.3],[-60.4,50.2],[-60.4,50.3],[-60.4,50.2],[-60.4,50.3],[-60.5,50.3],[-60.5,50.2],[-60.6,50.2],[-60.6,50.3],[-60.6,50.2],[-60.7,50.2],[-60.8,50.2],[-60.8,50.3],[-60.9,50.2],[-61,50.2],[-61.1,50.2],[-61.2,50.2],[-61.3,50.2],[-61.4,50.2],[-61.5,50.2],[-61.6,50.1],[-61.7,50.1],[-61.8,50.1],[-61.7,50.1],[-61.6,50.2],[-61.7,50.2],[-61.7,50.1],[-61.8,50.1],[-61.8,50.2],[-61.9,50.2],[-62,50.2],[-62.1,50.2],[-62.2,50.2],[-62.3,50.3],[-62.4,50.3],[-62.5,50.3],[-62.6,50.3],[-62.8,50.3],[-62.7,50.3],[-62.8,50.3],[-62.9,50.3],[-63,50.3],[-63.1,50.3],[-63.2,50.3],[-63.2,50.2],[-63.3,50.2],[-63.3,50.3],[-63.4,50.2],[-63.5,50.3],[-63.6,50.3],[-63.7,50.3],[-63.8,50.3],[-64,50.3],[-64.1,50.3],[-64.2,50.3],[-64.3,50.3],[-64.4,50.3],[-64.5,50.3],[-64.6,50.3],[-64.9,50.3],[-65,50.3],[-65.1,50.3],[-65.2,50.3],[-65.3,50.3],[-65.5,50.3],[-65.6,50.3],[-65.7,50.3],[-65.8,50.3],[-65.9,50.3],[-66,50.3],[-66,50.2],[-66.1,50.2],[-66.2,50.2],[-66.3,50.2],[-66.4,50.2],[-66.4,50.3],[-66.5,50.3],[-66.5,50.2],[-66.4,50.2],[-66.5,50.2],[-66.5,50.1],[-66.5,50.2],[-66.6,50.2],[-66.6,50.1],[-66.7,50.1],[-66.8,50],[-66.9,50],[-67,50],[-67,49.9],[-67,49.8],[-67.1,49.8],[-67.2,49.8],[-67.2,49.7],[-67.2,49.6],[-67.2,49.5],[-67.3,49.4],[-67.4,49.3],[-67.5,49.3],[-67.6,49.3],[-67.7,49.3],[-67.8,49.3],[-67.9,49.3],[-68,49.3],[-68.1,49.3],[-68.1,49.2],[-68.2,49.2],[-68.3,49.2],[-68.2,49.2],[-68.2,49.1],[-68.3,49.1],[-68.4,49.1],[-68.4,49.2],[-68.4,49.1],[-68.5,49.1],[-68.6,49.1],[-68.6,49],[-68.7,48.9],[-68.6,48.9],[-68.8,48.9],[-68.9,48.8],[-69,48.8],[-69.1,48.8],[-69.1,48.6],[-69.2,48.6],[-69.3,48.5],[-69.3,48.4],[-69.4,48.4],[-69.4,48.3],[-69.5,48.3],[-69.5,48.2],[-69.6,48.2],[-69.7,48.2],[-69.7,48.1],[-69.7,48.2],[-69.8,48.2],[-69.9,48.2],[-69.9,48.3],[-70,48.3],[-70.1,48.3],[-70.2,48.3],[-70.3,48.3],[-70.4,48.4],[-70.6,48.4],[-70.7,48.4],[-70.8,48.4],[-70.9,48.4],[-71,48.5],[-71,48.4],[-71.1,48.4],[-71,48.5],[-70.9,48.4],[-70.8,48.4],[-70.9,48.4],[-70.9,48.3],[-70.8,48.3],[-70.7,48.4],[-70.6,48.4],[-70.5,48.4],[-70.4,48.3],[-70.3,48.3],[-70.2,48.3],[-70.2,48.2],[-70.1,48.2],[-70,48.3],[-70,48.2],[-69.9,48.2],[-69.8,48.1],[-69.7,48.1],[-69.8,48.1],[-69.8,48],[-69.8,47.9],[-69.9,47.9],[-69.9,47.8],[-70,47.8],[-70,47.7],[-70.1,47.7],[-70.1,47.6],[-70.2,47.6],[-70.2,47.5],[-70.3,47.5],[-70.4,47.5],[-70.4,47.4],[-70.5,47.4],[-70.5,47.3],[-70.6,47.3],[-70.6,47.2],[-70.7,47.1],[-70.8,47.1],[-70.9,47],[-71,47],[-71.2,46.9],[-71.2,46.8],[-71.3,46.8],[-71.3,46.7],[-71.4,46.7],[-71.5,46.7],[-71.6,46.7],[-71.7,46.7],[-71.8,46.7],[-71.9,46.7],[-72,46.6],[-72.1,46.6],[-72.2,46.6],[-72.2,46.5],[-72.3,46.5],[-72.3,46.4],[-72.4,46.4],[-72.5,46.4],[-72.6,46.3],[-72.7,46.3],[-72.8,46.3],[-72.9,46.2],[-73,46.2],[-73,46.1],[-73.1,46.1],[-73.2,46.1],[-73.2,46],[-73.3,45.9],[-73.4,45.8],[-73.5,45.7],[-73.7,45.7],[-73.8,45.7],[-73.9,45.6],[-73.9,45.5],[-74,45.5],[-74.1,45.5],[-74.2,45.5],[-74.3,45.5],[-74.4,45.6],[-74.4,45.5],[-74.3,45.5],[-74.1,45.5],[-74.1,45.4],[-74,45.4],[-74,45.5],[-74,45.4],[-74,45.3],[-74.1,45.3],[-74.2,45.3],[-74.3,45.2],[-74.4,45.2],[-74.5,45.2],[-74.5,45.1],[-74.7,45],[-74.9,45],[-75,45],[-75.1,44.9],[-75.3,44.9],[-75.3,44.8],[-75.5,44.7],[-75.6,44.7],[-75.7,44.6],[-75.8,44.5],[-75.8,44.4],[-75.9,44.4],[-76.1,44.3],[-76.2,44.3],[-76.2,44.2],[-76.3,44.2],[-76.4,44.2],[-76.4,44.1],[-76.5,44.1],[-76.5,44],[-76.6,43.9],[-76.7,43.8],[-76.8,43.7],[-76.8,43.6],[-77.1,43.6],[-77.3,43.6],[-77.5,43.6],[-77.8,43.6],[-78,43.6],[-78.2,43.6],[-78.5,43.6],[-78.7,43.6],[-78.8,43.6],[-78.9,43.5],[-79.1,43.5],[-79.2,43.5],[-79.1,43.3],[-79,43.2],[-79.1,43.1],[-79,43.1],[-79,43],[-78.9,43],[-78.9,42.9],[-79,42.8],[-79.2,42.7],[-79.3,42.7],[-79.5,42.6],[-79.6,42.6],[-79.8,42.5],[-79.9,42.5],[-80.1,42.4],[-80.2,42.4],[-80.4,42.3],[-80.5,42.3],[-80.6,42.3],[-80.8,42.3],[-80.9,42.3],[-81,42.2],[-81.1,42.2],[-81.3,42.2],[-81.4,42.1],[-81.6,42.1],[-81.7,42],[-81.9,41.9],[-82,41.9],[-82.1,41.8],[-82.3,41.7],[-82.4,41.7],[-82.5,41.7],[-82.7,41.7],[-82.9,41.8],[-83,41.8],[-83.1,41.8],[-83.1,41.9],[-83.2,42],[-83.1,42.1],[-83.1,42.2],[-83.1,42.3],[-83,42.3],[-82.9,42.4],[-82.8,42.4],[-82.7,42.5],[-82.6,42.6],[-82.5,42.6],[-82.5,42.7],[-82.5,42.8],[-82.5,42.9],[-82.4,43],[-82.4,43.1],[-82.3,43.2],[-82.3,43.3],[-82.3,43.4],[-82.2,43.4],[-82.2,43.5],[-82.1,43.6],[-82.2,43.8],[-82.2,44],[-82.3,44.2],[-82.3,44.5],[-82.4,44.7],[-82.4,44.9],[-82.5,45.1],[-82.5,45.3],[-82.6,45.4],[-82.8,45.4],[-83,45.6],[-83.2,45.6],[-83.4,45.7],[-83.5,45.8],[-83.6,45.8],[-83.6,45.9],[-83.5,45.9],[-83.5,46],[-83.6,46.1],[-83.7,46.1],[-83.8,46.1],[-83.9,46.1],[-84,46.1],[-84,46.2],[-84.1,46.2],[-84.1,46.3],[-84.1,46.4],[-84.2,46.4],[-84.1,46.5],[-84.2,46.5],[-84.3,46.5],[-84.4,46.5],[-84.5,46.5],[-84.6,46.5],[-84.7,46.6],[-84.8,46.6],[-84.8,46.7],[-84.8,46.8],[-84.9,46.9],[-85,46.9],[-85,47],[-85.1,47],[-85.3,47.1],[-85.4,47.1],[-85.5,47.2],[-85.6,47.2],[-85.8,47.3],[-85.9,47.3],[-86,47.4],[-86.1,47.4],[-86.2,47.5],[-86.3,47.5],[-86.4,47.5],[-86.5,47.6],[-86.6,47.6],[-86.7,47.7],[-86.8,47.7],[-87,47.8],[-87.2,47.9],[-87.4,47.9],[-87.6,48],[-87.8,48.1],[-88,48.2],[-88.2,48.2],[-88.3,48.3],[-88.4,48.3],[-88.6,48.3],[-88.8,48.2],[-88.9,48.2],[-89.1,48.1],[-89.2,48],[-89.3,48],[-89.4,48],[-89.5,48],[-89.6,48],[-89.7,48],[-89.8,48],[-89.9,48],[-90,48],[-90.1,48.1],[-90.2,48.1],[-90.5,48.1],[-90.6,48.1],[-90.7,48.1],[-90.8,48.1],[-90.8,48.2],[-90.9,48.2],[-91,48.2],[-91.1,48.2],[-91.2,48.1],[-91.3,48.1],[-91.4,48.1],[-91.4,48],[-91.5,48],[-91.5,48.1],[-91.6,48],[-91.6,48.1],[-91.7,48.1],[-91.7,48.2],[-91.8,48.2],[-91.9,48.2],[-92,48.2],[-92,48.3],[-92.1,48.3],[-92.2,48.4],[-92.3,48.3],[-92.3,48.2],[-92.4,48.2],[-92.4,48.3],[-92.5,48.3],[-92.5,48.4],[-92.6,48.4],[-92.7,48.4],[-92.7,48.5],[-92.6,48.5],[-92.7,48.5],[-92.9,48.6],[-93,48.6],[-93.1,48.6],[-93.3,48.6],[-93.4,48.6],[-93.5,48.6],[-93.5,48.5],[-93.6,48.5],[-93.8,48.5],[-93.8,48.6],[-93.9,48.6],[-94,48.6],[-94.2,48.7],[-94.3,48.7],[-94.5,48.7],[-94.6,48.7],[-94.7,48.8],[-94.7,48.9],[-94.8,49],[-94.8,49.1],[-94.8,49.2],[-94.8,49.3],[-94.9,49.3],[-95,49.4],[-95.1,49.4],[-95.2,49.4]]],[[[-72.9,66.7],[-73,66.8],[-73,66.9],[-72.9,66.9],[-72.9,67],[-72.8,67],[-72.7,67.1],[-72.5,67.1],[-72.4,67.1],[-72.3,67.2],[-72.2,67.3],[-72.3,67.3],[-72.4,67.3],[-72.4,67.4],[-72.4,67.5],[-72.5,67.5],[-72.4,67.5],[-72.4,67.6],[-72.5,67.6],[-72.6,67.6],[-72.6,67.7],[-72.7,67.7],[-72.6,67.7],[-72.6,67.8],[-72.7,67.8],[-72.7,67.9],[-72.8,67.9],[-72.9,67.9],[-72.9,68],[-72.9,68.1],[-73,68.1],[-73,68.2],[-73.1,68.2],[-73.2,68.2],[-73.2,68.3],[-73.3,68.3],[-73.4,68.2],[-73.4,68.3],[-73.5,68.3],[-73.4,68.3],[-73.3,68.3],[-73.3,68.4],[-73.2,68.4],[-73.3,68.4],[-73.4,68.4],[-73.4,68.3],[-73.5,68.3],[-73.6,68.3],[-73.6,68.2],[-73.6,68.3],[-73.7,68.3],[-73.6,68.3],[-73.7,68.3],[-73.8,68.3],[-73.9,68.4],[-73.9,68.5],[-73.8,68.5],[-73.7,68.5],[-73.8,68.6],[-73.7,68.6],[-73.8,68.6],[-73.7,68.6],[-73.7,68.7],[-73.8,68.7],[-73.9,68.7],[-74,68.7],[-74.1,68.7],[-74.2,68.7],[-74.1,68.7],[-74,68.7],[-74,68.6],[-73.9,68.6],[-73.9,68.5],[-74,68.5],[-74.1,68.5],[-74.2,68.5],[-74.3,68.5],[-74.4,68.5],[-74.4,68.6],[-74.5,68.6],[-74.5,68.7],[-74.6,68.7],[-74.7,68.7],[-74.7,68.8],[-74.6,68.8],[-74.6,68.9],[-74.7,68.9],[-74.7,68.8],[-74.6,68.8],[-74.7,68.8],[-74.8,68.8],[-74.9,68.8],[-75,68.8],[-74.9,68.8],[-74.8,68.8],[-74.9,68.8],[-74.8,68.9],[-74.7,68.9],[-74.8,68.9],[-74.9,68.9],[-75,68.9],[-74.9,68.9],[-74.8,68.9],[-74.9,68.9],[-75,68.9],[-74.9,69],[-75,68.9],[-75,69],[-74.9,69],[-74.7,69],[-74.8,69],[-74.7,69],[-74.6,69],[-74.7,69],[-74.7,69.1],[-74.8,69.1],[-74.9,69.1],[-75,69],[-75.1,69],[-75,69],[-75.1,69],[-75.1,68.9],[-75.2,68.9],[-75.3,68.9],[-75.4,69],[-75.5,69],[-75.6,69],[-75.5,68.9],[-75.6,68.9],[-75.7,68.9],[-75.8,68.8],[-75.9,68.8],[-76,68.8],[-76.3,68.7],[-76.5,68.7],[-76.6,68.7],[-76.7,68.7],[-76.7,68.8],[-76.6,68.8],[-76.5,68.9],[-76.6,68.9],[-76.7,68.9],[-76.6,68.9],[-76.6,69],[-76.4,69.1],[-76.2,69],[-76.1,69],[-76,69],[-75.9,69],[-75.8,69.1],[-75.7,69.1],[-75.6,69.1],[-75.6,69.2],[-75.7,69.3],[-75.8,69.3],[-75.9,69.3],[-75.9,69.4],[-76,69.4],[-76.1,69.4],[-76.2,69.4],[-76.4,69.4],[-76.4,69.5],[-76.5,69.5],[-76.6,69.5],[-76.6,69.6],[-76.5,69.7],[-76.4,69.6],[-76.3,69.6],[-76.2,69.6],[-76.2,69.7],[-76.4,69.7],[-76.6,69.7],[-76.5,69.7],[-76.5,69.6],[-76.6,69.6],[-76.7,69.6],[-76.8,69.6],[-76.9,69.6],[-76.8,69.6],[-76.9,69.6],[-77,69.6],[-77.1,69.6],[-77.2,69.6],[-77.2,69.7],[-77.1,69.7],[-77,69.7],[-76.9,69.7],[-76.8,69.7],[-76.8,69.8],[-76.9,69.8],[-76.8,69.8],[-76.9,69.8],[-77.1,69.8],[-77,69.8],[-77,69.9],[-77.1,69.9],[-77.1,69.8],[-77.2,69.8],[-77.3,69.8],[-77.3,69.9],[-77.1,69.9],[-77,69.9],[-77.1,69.9],[-77.2,69.9],[-77.3,69.9],[-77.4,69.9],[-77.5,69.9],[-77.5,69.8],[-77.6,69.8],[-77.5,69.8],[-77.4,69.8],[-77.5,69.8],[-77.6,69.7],[-77.6,69.8],[-77.7,69.8],[-77.7,69.9],[-77.7,70],[-77.7,70.1],[-77.7,70.2],[-77.8,70.2],[-77.8,70.3],[-77.8,70.2],[-77.9,70.3],[-78,70.2],[-78.1,70.2],[-78.1,70.3],[-78.2,70.3],[-78.2,70.2],[-78.1,70.2],[-78.2,70.2],[-78.3,70.2],[-78.4,70.2],[-78.4,70.3],[-78.5,70.3],[-78.4,70.3],[-78.5,70.4],[-78.6,70.3],[-78.7,70.4],[-78.6,70.4],[-78.7,70.4],[-78.7,70.5],[-78.8,70.5],[-78.8,70.4],[-78.9,70.5],[-78.9,70.4],[-79,70.5],[-79.1,70.5],[-79,70.5],[-79.1,70.5],[-79,70.5],[-79.1,70.5],[-78.9,70.5],[-78.9,70.6],[-79,70.6],[-78.9,70.6],[-78.8,70.6],[-78.7,70.6],[-78.8,70.6],[-78.9,70.6],[-79,70.6],[-79,70.7],[-79.1,70.6],[-79.2,70.6],[-79.1,70.6],[-79,70.6],[-79.1,70.6],[-79.1,70.5],[-79.2,70.5],[-79.1,70.5],[-79.2,70.5],[-79.1,70.5],[-79.2,70.4],[-79.3,70.4],[-79.3,70.5],[-79.3,70.4],[-79.3,70.5],[-79.2,70.5],[-79.2,70.6],[-79.3,70.6],[-79.3,70.5],[-79.4,70.5],[-79.4,70.4],[-79.5,70.5],[-79.5,70.4],[-79.6,70.4],[-79.5,70.4],[-79.4,70.4],[-79.3,70.4],[-79.3,70.3],[-79.2,70.3],[-79.1,70.3],[-79,70.3],[-78.9,70.3],[-78.8,70.2],[-78.8,70.1],[-78.7,70.1],[-78.7,70],[-78.7,69.9],[-78.8,69.9],[-78.9,69.9],[-79.2,69.9],[-79.4,69.9],[-79.7,69.8],[-79.7,69.9],[-79.8,69.9],[-79.8,70],[-79.9,70],[-80,70],[-80,69.9],[-80,70],[-80.1,70],[-80,70],[-80.1,70],[-80.2,70],[-80.3,70],[-80.4,70],[-80.5,70],[-80.8,70.1],[-80.9,70.1],[-81,70.1],[-81.1,70.1],[-81.2,70.1],[-81.6,70.1],[-81.7,70.1],[-81.8,70.1],[-81.7,70.1],[-81.6,70.1],[-81.5,70.1],[-81.5,70],[-81.4,70],[-81.3,70],[-81.2,70],[-81.1,69.9],[-81,69.9],[-80.8,69.8],[-80.8,69.7],[-80.9,69.7],[-81,69.7],[-81.1,69.8],[-81.2,69.8],[-81.3,69.8],[-81.3,69.9],[-81.4,69.9],[-81.5,69.9],[-81.6,69.9],[-81.6,70],[-81.7,70],[-81.8,70],[-81.9,70],[-82,70],[-82,70.1],[-82.1,70.1],[-82.2,70.1],[-82.3,70.1],[-82.3,70.2],[-82.4,70.2],[-82.5,70.2],[-82.6,70.2],[-82.8,70.3],[-82.9,70.3],[-83,70.3],[-82.9,70.2],[-82.8,70.2],[-82.7,70.2],[-82.2,70.1],[-82.1,70.1],[-82,70],[-81.9,70],[-81.8,70],[-81.7,70],[-81.7,69.9],[-81.8,69.9],[-81.7,69.9],[-81.8,69.9],[-81.9,69.9],[-82,69.8],[-82,69.9],[-82.1,69.8],[-82.3,69.8],[-82.2,69.8],[-82.3,69.9],[-82.4,69.9],[-82.4,69.8],[-82.6,69.9],[-82.7,69.9],[-82.8,69.9],[-82.9,70],[-83,70],[-83.1,70],[-83.2,70],[-83.3,70],[-83.4,70],[-83.5,70],[-83.6,70],[-83.7,69.9],[-84,70],[-84.1,70],[-84.4,70],[-84.5,70],[-84.7,70],[-84.8,70],[-84.9,70.1],[-84.8,70.1],[-84.9,70.1],[-85,70.1],[-85.1,70.1],[-85.2,70.1],[-85.3,70.1],[-85.4,70.1],[-85.5,70.1],[-85.8,70.1],[-85.9,70.1],[-85.9,70],[-85.8,70],[-85.8,70.1],[-85.6,70.1],[-85.5,70.1],[-85.4,70],[-85.3,70],[-85.2,70],[-85.3,70],[-85.6,70],[-85.7,70],[-85.8,70],[-86,70.1],[-86.3,70.1],[-86.5,70.2],[-86.6,70.2],[-86.6,70.3],[-86.6,70.4],[-86.5,70.4],[-86.4,70.5],[-86.3,70.5],[-86.4,70.5],[-86.3,70.5],[-86.4,70.5],[-86.5,70.4],[-86.6,70.4],[-86.7,70.4],[-86.7,70.3],[-86.6,70.3],[-86.9,70.3],[-86.9,70.4],[-86.8,70.4],[-86.7,70.4],[-86.8,70.4],[-86.9,70.4],[-87,70.4],[-86.9,70.4],[-86.9,70.5],[-87,70.5],[-87.1,70.4],[-87.2,70.4],[-87,70.4],[-87,70.3],[-87.4,70.3],[-87.5,70.3],[-87.8,70.3],[-87.6,70.3],[-87.8,70.2],[-87.9,70.2],[-87.9,70.3],[-88,70.3],[-88.2,70.3],[-88.3,70.3],[-88.2,70.4],[-88.2,70.3],[-88.1,70.3],[-88,70.3],[-87.9,70.3],[-88,70.3],[-88.1,70.4],[-88.3,70.4],[-88.4,70.5],[-88.4,70.4],[-88.7,70.5],[-88.8,70.5],[-88.9,70.5],[-88.9,70.6],[-89,70.6],[-89,70.7],[-89.1,70.7],[-89.2,70.7],[-89.3,70.8],[-89.4,70.8],[-89.4,70.9],[-89.3,70.9],[-89.2,70.9],[-89.2,71],[-89.3,71],[-89.5,71.1],[-89.6,71.1],[-89.2,71.1],[-89.2,71],[-89.1,71],[-88.9,71.1],[-88.9,71],[-88.8,71],[-88.7,71],[-88.6,71.1],[-88.6,71],[-88.5,71],[-88.4,71],[-88.3,71],[-87.9,70.9],[-87.8,71],[-87.7,71],[-87.6,71],[-87.6,70.9],[-87.5,71],[-87.4,70.9],[-87.3,71],[-87.2,71],[-87.1,71],[-87,71],[-87.3,71],[-87.3,71.1],[-87.4,71],[-87.4,71.1],[-87.5,71.1],[-87.7,71.1],[-87.8,71.2],[-87.9,71.2],[-87.8,71.2],[-87.8,71.3],[-87.9,71.3],[-88,71.2],[-88.1,71.2],[-88.2,71.2],[-88.5,71.2],[-88.6,71.2],[-89,71.3],[-89.4,71.3],[-89.8,71.3],[-89.9,71.3],[-89.9,71.4],[-90,71.4],[-90,71.5],[-90,71.6],[-90,71.7],[-89.9,71.7],[-89.8,71.7],[-89.8,71.8],[-89.9,71.8],[-90,71.8],[-90,71.9],[-90.1,71.9],[-90.1,72],[-90.1,71.9],[-90.1,72],[-90,72],[-90,72.1],[-89.8,72.1],[-89.7,72.1],[-89.6,72.2],[-89.7,72.2],[-89.8,72.2],[-89.9,72.2],[-90,72.3],[-89.9,72.3],[-90,72.3],[-89.9,72.3],[-89.9,72.4],[-89.8,72.4],[-89.9,72.4],[-89.8,72.4],[-89.9,72.4],[-89.9,72.5],[-89.8,72.5],[-89.8,72.6],[-89.7,72.6],[-89.6,72.6],[-89.5,72.6],[-89.6,72.7],[-89.5,72.7],[-89.6,72.7],[-89.6,72.8],[-89.5,72.8],[-89.4,72.8],[-89.3,72.8],[-89.2,72.8],[-89.3,72.8],[-89.4,72.8],[-89.4,72.9],[-89.3,72.9],[-89.3,73],[-89.4,73],[-89.3,73],[-89.2,73],[-89.3,73],[-89.3,73.1],[-89.2,73.1],[-89.1,73.1],[-89.2,73.2],[-89.1,73.2],[-89,73.2],[-88.9,73.2],[-89,73.2],[-89.1,73.3],[-89,73.3],[-88.9,73.3],[-88.8,73.3],[-88.7,73.3],[-88.6,73.3],[-88.8,73.3],[-88.9,73.3],[-88.8,73.3],[-88.8,73.4],[-88.7,73.4],[-88.6,73.5],[-88.5,73.5],[-88.4,73.5],[-88,73.7],[-87.9,73.7],[-87.8,73.7],[-87.6,73.7],[-87.4,73.8],[-87.3,73.8],[-87.1,73.8],[-86.9,73.8],[-86.7,73.8],[-86.6,73.9],[-86.4,73.8],[-86,73.9],[-85.7,73.8],[-85.3,73.8],[-85.2,73.8],[-85.1,73.8],[-84.9,73.7],[-84.8,73.7],[-84.9,73.7],[-85,73.7],[-85.2,73.6],[-85.5,73.5],[-85.6,73.5],[-85.7,73.5],[-85.7,73.4],[-86,73.3],[-86.1,73.2],[-86.2,73.1],[-86.3,73.1],[-86.3,73],[-86.4,73],[-86.5,73],[-86.6,72.9],[-86.7,72.8],[-86.7,72.7],[-86.7,72.6],[-86.3,72.5],[-86.2,72.4],[-86.3,72.4],[-86.4,72.3],[-86.4,72.2],[-86.5,72.2],[-86.4,72.2],[-86.4,72.1],[-86.4,72],[-86.3,72],[-86.3,71.9],[-86.2,71.9],[-86.2,71.8],[-86.1,71.8],[-86,71.8],[-86,71.7],[-85.9,71.7],[-85.8,71.7],[-85.7,71.6],[-85.6,71.6],[-85.5,71.5],[-85.4,71.5],[-85.3,71.5],[-85.2,71.5],[-85.2,71.4],[-85,71.4],[-84.9,71.4],[-84.9,71.3],[-84.8,71.3],[-84.9,71.3],[-85.2,71.3],[-85.3,71.3],[-85.2,71.3],[-85.3,71.2],[-85.4,71.3],[-85.5,71.2],[-85.4,71.2],[-85.5,71.2],[-85.7,71.2],[-85.8,71.2],[-85.9,71.2],[-86,71.2],[-86,71.1],[-86.2,71.1],[-86.3,71.1],[-86.4,71.1],[-86.4,71],[-86.5,71],[-86.8,71],[-86.7,71],[-86.3,71],[-86.2,71],[-86.1,71.1],[-85.9,71.1],[-85.8,71.1],[-85.5,71.2],[-85.2,71.2],[-85.2,71.1],[-85.2,71.2],[-85.1,71.2],[-85,71.2],[-84.9,71.2],[-84.9,71.1],[-85,71.1],[-85.1,71.1],[-85,71.1],[-85,71],[-84.9,71],[-85,71],[-85,70.9],[-84.9,70.9],[-84.8,70.9],[-84.8,71],[-84.8,71.1],[-84.8,71.2],[-84.7,71.2],[-84.8,71.3],[-84.8,71.4],[-84.7,71.4],[-84.8,71.4],[-84.7,71.4],[-84.6,71.4],[-84.5,71.4],[-84.5,71.5],[-84.6,71.5],[-84.6,71.6],[-84.7,71.6],[-84.6,71.6],[-84.6,71.7],[-84.7,71.7],[-84.9,71.7],[-84.8,71.7],[-84.9,71.6],[-85.3,71.7],[-85.5,71.8],[-85.6,71.8],[-85.5,71.8],[-85.4,71.8],[-85.5,71.8],[-85.5,71.9],[-85.6,71.9],[-85.7,71.9],[-86,72],[-86.1,72],[-86,72],[-85.9,72],[-85.7,72],[-85.8,72],[-85.7,72.1],[-85.6,72.1],[-85.5,72.1],[-85.4,72.1],[-85.4,72.2],[-85.5,72.2],[-85.4,72.2],[-85.5,72.2],[-85.5,72.3],[-85.4,72.3],[-85.3,72.3],[-85.2,72.3],[-85.2,72.2],[-85.2,72.3],[-85.1,72.3],[-85.1,72.2],[-85.1,72.3],[-85,72.3],[-85,72.2],[-84.9,72.2],[-84.8,72.2],[-84.7,72.1],[-84.6,72.1],[-84.5,72.1],[-84.4,72.1],[-84.3,72],[-84.2,72],[-84.2,71.9],[-84.2,72],[-84.2,72.1],[-84.3,72.1],[-84.4,72.1],[-84.5,72.1],[-84.6,72.2],[-84.7,72.2],[-84.8,72.2],[-84.8,72.3],[-84.9,72.3],[-84.8,72.4],[-84.6,72.4],[-84.5,72.4],[-84.4,72.4],[-84.5,72.4],[-84.8,72.4],[-84.9,72.4],[-84.8,72.4],[-84.8,72.5],[-84.8,72.4],[-84.9,72.4],[-85,72.4],[-85.1,72.4],[-85.3,72.4],[-85.5,72.5],[-85.6,72.5],[-85.6,72.6],[-85.5,72.6],[-85.6,72.6],[-85.7,72.6],[-85.7,72.7],[-85.7,72.8],[-85.7,72.9],[-85.6,72.9],[-85.6,73],[-85.5,73],[-85.3,73],[-85.2,72.9],[-84.9,72.9],[-84.5,72.8],[-84.4,72.8],[-84.3,72.8],[-84.1,72.8],[-84,72.7],[-84,72.8],[-84.1,72.8],[-84.2,72.8],[-84.6,72.9],[-84.7,72.9],[-84.9,73],[-85.1,73],[-85.2,73],[-85.5,73],[-85.5,73.1],[-85.4,73.1],[-85.3,73.1],[-85.2,73.1],[-85.1,73.1],[-85.2,73.1],[-85,73.1],[-84.9,73.1],[-84.7,73.1],[-84.5,73.1],[-84.2,73],[-84,73],[-83.9,73],[-83.7,73],[-83.6,73],[-83.7,73],[-83.8,73],[-83.9,73.1],[-84.2,73.1],[-84.5,73.1],[-84.6,73.1],[-85,73.2],[-85.1,73.2],[-85.2,73.2],[-85.2,73.3],[-85.1,73.3],[-84.8,73.4],[-84.7,73.4],[-84.7,73.3],[-84.6,73.3],[-84.5,73.3],[-84.5,73.2],[-84.4,73.2],[-84.3,73.2],[-84.4,73.3],[-84.6,73.3],[-84.6,73.4],[-84.7,73.4],[-84.6,73.4],[-84.2,73.5],[-83.8,73.4],[-83.7,73.4],[-83.7,73.3],[-83.6,73.3],[-83.6,73.4],[-83.7,73.5],[-84,73.5],[-83.6,73.6],[-83.5,73.6],[-83.4,73.6],[-83.2,73.7],[-83.1,73.7],[-83.1,73.6],[-83,73.7],[-82.9,73.7],[-82.8,73.7],[-82.4,73.7],[-82.1,73.7],[-81.9,73.7],[-81.5,73.7],[-81.4,73.7],[-81.4,73.6],[-81.3,73.6],[-81.2,73.6],[-81.2,73.5],[-81.2,73.4],[-81.2,73.3],[-81.1,73.2],[-80.6,73.2],[-80.6,73.1],[-80.5,73.1],[-80.6,73.1],[-80.6,73],[-80.7,73],[-80.6,73],[-80.6,72.9],[-80.5,72.9],[-80.5,72.8],[-80.4,72.8],[-80.3,72.8],[-80.3,72.7],[-80.2,72.7],[-80.3,72.7],[-80.4,72.7],[-80.5,72.7],[-80.5,72.6],[-80.6,72.6],[-80.5,72.6],[-80.8,72.5],[-80.9,72.5],[-81,72.5],[-81,72.4],[-81.1,72.4],[-81.1,72.3],[-81.2,72.3],[-81.3,72.3],[-81.4,72.2],[-81.3,72.2],[-81.2,72.3],[-80.9,72.4],[-80.8,72.4],[-80.7,72.5],[-80.6,72.5],[-80.5,72.5],[-80.5,72.4],[-80.6,72.4],[-80.8,72.3],[-80.9,72.2],[-80.8,72.2],[-80.9,72.2],[-81,72.2],[-80.8,72.1],[-80.7,72.1],[-80.6,72.1],[-80.7,72.1],[-80.8,72.1],[-81,72.1],[-81.1,72.1],[-81.1,72],[-81,72],[-80.8,72.1],[-80.8,72],[-80.8,71.9],[-80.9,71.9],[-81,71.9],[-80.8,71.9],[-80.8,72],[-80.7,72],[-80.6,72],[-80.5,72],[-80.4,72.1],[-80.5,72.2],[-80.4,72.2],[-80.3,72.2],[-80.2,72.2],[-80.3,72.2],[-80.3,72.3],[-80.2,72.3],[-80.1,72.2],[-80,72.2],[-79.9,72.2],[-79.7,72.1],[-79.7,72.2],[-79.8,72.2],[-79.9,72.2],[-80,72.2],[-80,72.3],[-80.1,72.3],[-80.2,72.3],[-80,72.4],[-79.9,72.4],[-79.9,72.5],[-79.8,72.5],[-79.7,72.5],[-79.7,72.4],[-79.8,72.4],[-79.7,72.4],[-79.6,72.4],[-79.6,72.3],[-79.7,72.3],[-79.8,72.3],[-79.8,72.2],[-79.7,72.2],[-79.6,72.3],[-79.5,72.3],[-79.5,72.2],[-79.4,72.2],[-79.5,72.2],[-79.5,72.3],[-79.4,72.3],[-79.4,72.4],[-79.3,72.4],[-79.1,72.3],[-79,72.3],[-79,72.2],[-78.9,72.2],[-79,72.2],[-79,72.1],[-79.1,72.1],[-79.1,72],[-79.2,72],[-79.1,72],[-78.7,71.9],[-78.6,71.9],[-78.5,71.9],[-78.6,71.9],[-78.8,72],[-78.9,72],[-78.9,72.1],[-78.9,72.2],[-78.8,72.2],[-78.5,72.1],[-78.4,72],[-78.4,71.9],[-78.2,71.8],[-78.1,71.8],[-78,71.8],[-77.9,71.8],[-78,71.8],[-78.1,71.8],[-78.2,71.9],[-78.3,71.9],[-78.3,72],[-78.2,72],[-78.1,72],[-78.1,71.9],[-78,71.9],[-78,71.8],[-77.9,71.8],[-77.8,71.8],[-77.7,71.8],[-77.8,71.8],[-77.9,71.8],[-77.9,71.9],[-78,71.9],[-78.1,71.9],[-78.1,72],[-78.2,72],[-78.3,72],[-78.4,72.1],[-78.5,72.1],[-78.6,72.1],[-78.6,72.2],[-78.7,72.2],[-78.8,72.2],[-78.9,72.2],[-78.8,72.2],[-78.8,72.3],[-78.7,72.3],[-78.6,72.4],[-78.5,72.3],[-78.5,72.2],[-78.4,72.2],[-78.5,72.2],[-78.5,72.3],[-78.4,72.3],[-78,72.3],[-77.9,72.3],[-77.8,72.2],[-77.7,72.2],[-77.6,72.2],[-77.6,72.1],[-77.7,72.1],[-77.6,72.1],[-77.6,72.2],[-77.3,72.2],[-77.2,72.2],[-77,72.1],[-77.1,72.2],[-77.3,72.2],[-77.5,72.2],[-77.6,72.2],[-77.7,72.2],[-77.8,72.3],[-77.9,72.3],[-78,72.3],[-78.2,72.3],[-78.5,72.4],[-78.6,72.4],[-78.6,72.5],[-78.5,72.5],[-78.6,72.5],[-78.5,72.5],[-78.5,72.6],[-78.4,72.6],[-78.2,72.7],[-78,72.7],[-77.8,72.7],[-77.7,72.7],[-77.6,72.8],[-77.2,72.7],[-76.9,72.7],[-76.8,72.7],[-76.7,72.7],[-76.7,72.6],[-76.2,72.6],[-76.2,72.5],[-76.1,72.5],[-76,72.5],[-76.1,72.5],[-76.1,72.6],[-76,72.6],[-75.9,72.6],[-75.7,72.6],[-75.6,72.6],[-75.5,72.6],[-75.5,72.5],[-75.2,72.5],[-75.2,72.4],[-75.1,72.4],[-75.1,72.3],[-75,72.3],[-74.9,72.3],[-75,72.2],[-75.1,72.2],[-75.2,72.1],[-75.3,72.1],[-75.5,72.1],[-75.6,72.1],[-76,72.1],[-76.1,72.1],[-76.1,72],[-76.2,72],[-76.3,71.9],[-76.4,71.9],[-76.3,71.9],[-76.2,72],[-76.1,72],[-76,72],[-76,72.1],[-75.7,72.1],[-75.5,72.1],[-75.2,72.1],[-75.3,72],[-75.5,72],[-75.6,72],[-75.6,71.9],[-75.7,71.9],[-75.7,71.8],[-75.8,71.8],[-75.9,71.7],[-76,71.7],[-76.1,71.7],[-76,71.7],[-75.9,71.7],[-75.8,71.7],[-75.7,71.8],[-75.6,71.8],[-75.6,71.9],[-75.6,72],[-75.5,72],[-75.3,72],[-75.2,72],[-75.2,72.1],[-75.1,72.1],[-75,72.1],[-74.9,72.1],[-74.6,72.1],[-74.3,72.1],[-74.2,72.1],[-74.2,72],[-74.1,72],[-74.2,71.9],[-74.2,71.8],[-74.3,71.8],[-74.4,71.8],[-74.5,71.8],[-74.6,71.8],[-74.7,71.8],[-74.7,71.7],[-74.8,71.7],[-74.9,71.7],[-75.1,71.7],[-75.4,71.7],[-75.1,71.7],[-75,71.7],[-74.9,71.7],[-75,71.7],[-75.2,71.6],[-75.3,71.6],[-75.4,71.5],[-75.3,71.5],[-75.2,71.6],[-75,71.6],[-74.9,71.6],[-74.9,71.7],[-74.8,71.7],[-74.7,71.7],[-74.6,71.7],[-74.7,71.6],[-74.8,71.6],[-74.8,71.5],[-75,71.5],[-75.1,71.5],[-75.2,71.5],[-75.1,71.5],[-75,71.5],[-74.8,71.5],[-74.9,71.5],[-74.8,71.5],[-74.7,71.4],[-74.8,71.4],[-74.8,71.3],[-74.9,71.3],[-75,71.3],[-75,71.2],[-75.1,71.2],[-75,71.2],[-74.9,71.2],[-74.9,71.3],[-74.8,71.3],[-74.7,71.3],[-74.7,71.4],[-74.6,71.4],[-74.7,71.4],[-74.7,71.5],[-74.7,71.6],[-74.6,71.6],[-74.5,71.6],[-74.5,71.7],[-74.4,71.7],[-74.3,71.7],[-74.1,71.7],[-74.2,71.7],[-74.2,71.6],[-74.2,71.5],[-74.1,71.5],[-74.2,71.6],[-74.1,71.6],[-74.1,71.7],[-74,71.8],[-73.9,71.8],[-73.7,71.8],[-73.7,71.7],[-73.7,71.8],[-73.6,71.8],[-73.6,71.7],[-73.8,71.7],[-73.8,71.6],[-73.9,71.6],[-74,71.6],[-74,71.5],[-74.1,71.5],[-74.2,71.5],[-74.2,71.4],[-74.3,71.4],[-74.2,71.4],[-74,71.4],[-74.1,71.4],[-74.1,71.3],[-74.2,71.3],[-74.1,71.3],[-74.2,71.2],[-74,71.3],[-74,71.4],[-73.9,71.4],[-73.9,71.5],[-73.8,71.5],[-73.8,71.6],[-73.7,71.6],[-73.6,71.6],[-73.6,71.5],[-73.7,71.4],[-73.6,71.4],[-73.5,71.4],[-73.4,71.4],[-73.5,71.4],[-73.5,71.3],[-73.6,71.3],[-73.7,71.3],[-73.7,71.2],[-73.7,71.1],[-73.9,71.1],[-73.8,71.1],[-73.7,71.1],[-73.7,71.2],[-73.6,71.2],[-73.6,71.3],[-73.5,71.3],[-73.4,71.3],[-73.3,71.3],[-73.2,71.3],[-73.1,71.3],[-73,71.3],[-73.2,71.2],[-73.3,71.2],[-73.2,71.2],[-73.3,71.1],[-73.4,71.1],[-73.5,71],[-73.4,71],[-73.4,71.1],[-73.3,71.1],[-73.2,71.1],[-73.2,71.2],[-73.1,71.2],[-73,71.2],[-73,71.3],[-73,71.4],[-72.9,71.4],[-72.8,71.4],[-72.8,71.5],[-72.6,71.5],[-72.6,71.6],[-72.6,71.7],[-72.5,71.7],[-72.5,71.6],[-72.2,71.6],[-71.9,71.6],[-71.8,71.5],[-71.6,71.5],[-71.5,71.5],[-71.4,71.5],[-71.4,71.4],[-71.3,71.4],[-71.1,71.3],[-71.2,71.2],[-71.3,71.2],[-71.4,71.1],[-71.5,71.1],[-71.6,71.1],[-71.7,71.1],[-71.9,71.1],[-72,71.1],[-72.1,71.1],[-72.1,71],[-72.2,71],[-72.3,71],[-72.3,70.9],[-72.4,70.9],[-72.7,70.8],[-72.8,70.8],[-72.5,70.8],[-72.3,70.9],[-72.2,70.9],[-72.2,70.8],[-72.3,70.8],[-72.3,70.7],[-72.4,70.7],[-72.5,70.7],[-72.6,70.6],[-72.5,70.6],[-72.4,70.7],[-72.3,70.7],[-72.2,70.7],[-72.2,70.8],[-72,70.8],[-71.8,70.8],[-71.7,70.8],[-71.6,70.9],[-71.3,70.9],[-71.2,70.9],[-71.3,70.9],[-71.2,70.9],[-71.2,71],[-71,71.1],[-70.9,71.1],[-70.8,71.1],[-70.7,71.1],[-70.6,71.1],[-70.6,71],[-70.5,71],[-70.5,70.9],[-70.7,70.8],[-70.8,70.7],[-71.1,70.7],[-71.1,70.6],[-71.2,70.6],[-71.3,70.6],[-71.5,70.6],[-71.6,70.6],[-71.6,70.5],[-71.7,70.5],[-71.7,70.4],[-71.8,70.4],[-71.9,70.4],[-72,70.4],[-71.9,70.4],[-71.8,70.4],[-71.7,70.4],[-71.8,70.3],[-71.9,70.3],[-71.8,70.3],[-71.7,70.4],[-71.6,70.5],[-71.7,70.5],[-71.6,70.5],[-71.5,70.5],[-71.5,70.6],[-71.4,70.6],[-71.3,70.6],[-71.3,70.5],[-71.2,70.5],[-71.2,70.4],[-71.3,70.4],[-71.3,70.3],[-71.3,70.2],[-71.4,70.2],[-71.4,70.1],[-71.5,70.1],[-71.5,70],[-71.5,70.1],[-71.4,70.1],[-71.3,70.1],[-71.3,70.2],[-71.2,70.2],[-71.2,70.3],[-71.2,70.4],[-71.1,70.4],[-71.1,70.5],[-71,70.5],[-71.1,70.6],[-71,70.6],[-70.8,70.6],[-70.7,70.7],[-70.6,70.7],[-70.5,70.7],[-70.4,70.8],[-70.2,70.8],[-69.9,70.9],[-69.8,70.9],[-69.8,70.8],[-69.9,70.8],[-70,70.7],[-70.2,70.7],[-70.3,70.6],[-70.4,70.6],[-70.5,70.6],[-70.4,70.5],[-70.5,70.5],[-70.4,70.5],[-70.3,70.5],[-70.4,70.6],[-70.3,70.6],[-70.2,70.6],[-70.1,70.6],[-70,70.6],[-70,70.7],[-69.9,70.7],[-69.8,70.7],[-69.7,70.7],[-69.6,70.7],[-69.6,70.8],[-69.5,70.8],[-69.4,70.8],[-69.3,70.8],[-69.2,70.8],[-69.1,70.7],[-68.7,70.7],[-68.4,70.6],[-68.3,70.6],[-68.3,70.5],[-68.4,70.5],[-68.4,70.4],[-68.5,70.4],[-68.6,70.4],[-68.5,70.4],[-68.6,70.5],[-68.7,70.4],[-68.7,70.3],[-68.8,70.3],[-68.9,70.3],[-69,70.3],[-69.1,70.3],[-69.2,70.3],[-69.3,70.3],[-69.4,70.3],[-69.5,70.2],[-69.6,70.2],[-69.7,70.2],[-69.8,70.2],[-69.8,70.1],[-69.9,70.1],[-70.1,70.1],[-70.2,70],[-70.1,70],[-70.1,70.1],[-70,70.1],[-69.9,70],[-69.8,70],[-70,70],[-70.1,70],[-70.2,70],[-70.2,69.9],[-70.3,69.9],[-70.4,69.9],[-70.5,69.8],[-70.4,69.8],[-70.3,69.9],[-70.1,70],[-69.9,70],[-69.8,70],[-69.7,70],[-69.8,70],[-69.8,70.1],[-69.7,70.1],[-69.2,70.2],[-69.1,70.2],[-69,70.2],[-69.1,70.2],[-69,70.2],[-68.7,70.2],[-68.6,70.1],[-68.8,70.1],[-68.7,70.1],[-68.8,70],[-68.9,70],[-69.1,70],[-69.2,70],[-69.2,69.9],[-69.3,69.9],[-69.4,69.8],[-69.5,69.8],[-69.7,69.8],[-69.8,69.8],[-69.9,69.8],[-69.9,69.7],[-70,69.7],[-70,69.6],[-69.9,69.7],[-69.8,69.7],[-69.8,69.8],[-69.7,69.8],[-69.6,69.8],[-69.5,69.8],[-69.4,69.8],[-69.2,69.9],[-69.1,69.9],[-69,69.9],[-68.9,70],[-68.8,70],[-68.7,69.9],[-68.6,69.9],[-68.6,70],[-68.7,70],[-68.6,70],[-68.5,70],[-68.6,70],[-68.6,70.1],[-68.5,70.1],[-68.5,70],[-68.5,70.1],[-68.4,70.1],[-68.3,70.1],[-68.2,70.1],[-68.3,70.1],[-68.3,70.2],[-68.2,70.3],[-68.1,70.3],[-68.2,70.3],[-68.1,70.3],[-68,70.3],[-67.9,70.3],[-67.8,70.3],[-67.8,70.2],[-67.7,70.2],[-67.6,70.2],[-67.5,70.1],[-67.4,70.1],[-67.4,70],[-67.3,70],[-67.2,70],[-67.2,69.9],[-67.2,69.8],[-67.1,69.8],[-67.1,69.7],[-67.3,69.7],[-67.6,69.7],[-67.6,69.8],[-67.7,69.8],[-68,69.8],[-68.1,69.8],[-68.1,69.7],[-68.2,69.7],[-68.3,69.7],[-68.3,69.6],[-68.5,69.6],[-68.7,69.6],[-68.8,69.6],[-69,69.6],[-69.1,69.6],[-69.2,69.5],[-69.3,69.5],[-69.7,69.6],[-69.8,69.6],[-69.9,69.5],[-70,69.5],[-69.9,69.5],[-69.8,69.5],[-69.7,69.6],[-69.3,69.5],[-69.2,69.5],[-69.1,69.5],[-69,69.5],[-69,69.6],[-68.8,69.6],[-68.6,69.6],[-68.5,69.6],[-68.4,69.5],[-68,69.5],[-67.9,69.5],[-67.8,69.5],[-67.6,69.5],[-67.5,69.5],[-67.2,69.5],[-66.8,69.3],[-66.7,69.3],[-66.7,69.2],[-66.6,69.2],[-66.7,69.2],[-66.7,69.1],[-66.8,69.1],[-67,69.2],[-67.2,69.2],[-67.2,69.1],[-67.3,69.2],[-67.4,69.2],[-67.5,69.2],[-67.7,69.2],[-67.9,69.2],[-68,69.3],[-68.1,69.3],[-68.2,69.3],[-68.3,69.3],[-68.7,69.3],[-69,69.4],[-69.2,69.3],[-69.3,69.3],[-69.2,69.3],[-69.1,69.3],[-69,69.3],[-68.8,69.3],[-68.7,69.3],[-68.4,69.3],[-68.2,69.3],[-68.1,69.2],[-68.2,69.2],[-68.6,69.2],[-68.7,69.2],[-68.8,69.2],[-69,69.2],[-68.9,69.2],[-68.7,69.2],[-68.5,69.2],[-68.7,69.2],[-68.7,69.1],[-68.8,69.1],[-68.9,69.1],[-69,69.1],[-69.1,69.1],[-69,69.1],[-68.9,69.1],[-69,69],[-68.9,69],[-68.9,69.1],[-68.8,69.1],[-68.7,69.1],[-68.6,69.1],[-68.5,69.2],[-68.4,69.2],[-68.2,69.1],[-68.1,69.1],[-67.7,69],[-68,69],[-68.2,69],[-68.4,69],[-68.5,69],[-68.6,69],[-68.5,69],[-68.3,69],[-68.2,69],[-68.2,68.9],[-68,68.9],[-68.1,68.9],[-68,68.9],[-68.1,68.9],[-68,68.9],[-68.1,68.9],[-68.2,68.9],[-68.5,68.9],[-68.3,68.9],[-68.2,68.9],[-68.1,68.8],[-67.9,68.8],[-67.8,68.8],[-67.9,68.8],[-68.2,68.8],[-68.3,68.8],[-68.4,68.8],[-68.5,68.8],[-68.6,68.8],[-68.5,68.8],[-68.6,68.8],[-68.7,68.8],[-68.8,68.8],[-68.9,68.8],[-69,68.8],[-69.1,68.9],[-69.2,68.9],[-69.3,68.9],[-69.4,68.9],[-69.3,68.9],[-69.2,68.9],[-69.2,68.8],[-69.4,68.8],[-69,68.8],[-68.9,68.8],[-69,68.8],[-69,68.7],[-68.9,68.7],[-68.9,68.8],[-68.8,68.8],[-68.7,68.7],[-68.5,68.8],[-68.5,68.7],[-68.4,68.7],[-68.2,68.7],[-68.1,68.7],[-68,68.7],[-68.1,68.7],[-68.2,68.7],[-68.1,68.7],[-68.1,68.6],[-68.2,68.7],[-68.3,68.7],[-68.4,68.6],[-68.6,68.7],[-68.7,68.7],[-68.8,68.7],[-68.8,68.6],[-68.9,68.6],[-68.8,68.6],[-68.7,68.6],[-68.6,68.6],[-68.5,68.6],[-68.7,68.6],[-68.8,68.6],[-68.5,68.6],[-68.4,68.6],[-68.3,68.6],[-68.2,68.6],[-68.1,68.6],[-68.1,68.5],[-68,68.5],[-67.9,68.6],[-67.9,68.5],[-67.9,68.4],[-68,68.4],[-67.9,68.4],[-67.9,68.5],[-67.9,68.6],[-67.8,68.5],[-67.7,68.6],[-67.6,68.6],[-67.6,68.5],[-67.6,68.6],[-67.5,68.6],[-67.5,68.5],[-67.6,68.5],[-67.6,68.4],[-67.5,68.4],[-67.6,68.5],[-67.5,68.5],[-67.4,68.5],[-67.3,68.5],[-67.2,68.5],[-67.2,68.4],[-67.3,68.4],[-67.1,68.4],[-67.1,68.5],[-67,68.5],[-67,68.4],[-66.9,68.5],[-66.8,68.5],[-66.7,68.4],[-66.8,68.4],[-66.9,68.4],[-67,68.4],[-67.1,68.4],[-67.2,68.4],[-67.3,68.4],[-67.4,68.4],[-67.8,68.3],[-67.9,68.3],[-67.8,68.3],[-67.7,68.3],[-67.6,68.3],[-67.5,68.3],[-67.6,68.3],[-67.7,68.2],[-67.6,68.2],[-67.6,68.3],[-67.5,68.3],[-67.4,68.3],[-67.4,68.4],[-67.3,68.3],[-67.3,68.4],[-67.2,68.4],[-67,68.3],[-67.1,68.3],[-67.2,68.3],[-67.3,68.3],[-67.3,68.2],[-67.4,68.2],[-67.5,68.2],[-67.6,68.2],[-67.4,68.1],[-67.3,68.2],[-67.1,68.3],[-67,68.3],[-66.9,68.3],[-66.8,68.2],[-66.8,68.1],[-67,68.1],[-67,68],[-66.9,68],[-66.9,68.1],[-66.8,68.1],[-66.7,68.1],[-66.7,68],[-66.6,68],[-66.6,68.1],[-66.5,68.2],[-66.3,68.1],[-66.4,68.1],[-66.5,68.1],[-66.4,68.1],[-66.3,68.1],[-66.2,68.1],[-66.2,68],[-66.3,68],[-66.4,67.9],[-66.5,67.9],[-66.6,67.9],[-66.7,67.9],[-66.6,67.9],[-66.5,67.8],[-66.4,67.8],[-66.4,67.9],[-66.3,67.9],[-66.3,68],[-66.2,68],[-66.1,68],[-66,68],[-66,68.1],[-65.9,68.1],[-66,68.1],[-65.9,68.2],[-65.9,68.1],[-65.9,68],[-66,68],[-66,67.9],[-65.9,67.9],[-66,67.9],[-66,67.8],[-66,67.7],[-66,67.6],[-66,67.7],[-65.9,67.8],[-66,67.8],[-65.9,67.8],[-65.8,67.9],[-65.8,68],[-65.7,68],[-65.5,68],[-65.4,68],[-65.5,67.9],[-65.5,67.8],[-65.6,67.8],[-65.5,67.7],[-65.4,67.7],[-65.4,67.6],[-65.3,67.6],[-65.4,67.7],[-65.5,67.8],[-65.4,67.9],[-65.3,67.9],[-65.2,68],[-65.1,68],[-65.1,68.1],[-65,68.1],[-64.9,68],[-64.8,68],[-64.7,68],[-64.8,68],[-64.9,67.9],[-65,67.9],[-65.1,67.9],[-65,67.9],[-64.9,67.9],[-65,67.9],[-65.1,67.8],[-65.1,67.9],[-65.1,67.8],[-65,67.8],[-65.1,67.8],[-65.1,67.7],[-65.2,67.7],[-65.2,67.6],[-65.2,67.7],[-65.1,67.7],[-65,67.7],[-65,67.8],[-64.9,67.8],[-64.8,67.8],[-64.8,67.7],[-64.9,67.7],[-64.8,67.7],[-64.8,67.8],[-64.7,67.8],[-64.6,67.8],[-64.5,67.8],[-64.4,67.8],[-64.4,67.7],[-64.5,67.7],[-64.6,67.7],[-64.4,67.7],[-64.3,67.7],[-64.2,67.7],[-64.2,67.6],[-64.3,67.6],[-64.2,67.6],[-64.1,67.6],[-64.1,67.5],[-64,67.5],[-64.1,67.5],[-64.2,67.5],[-64.3,67.5],[-64.4,67.5],[-64.3,67.5],[-64.2,67.5],[-64.1,67.5],[-64,67.5],[-64,67.4],[-63.9,67.4],[-64,67.3],[-63.9,67.3],[-64,67.3],[-64.4,67.3],[-64.8,67.4],[-64.4,67.3],[-64.3,67.3],[-64.2,67.3],[-64.3,67.3],[-64.4,67.3],[-64.5,67.3],[-64.8,67.2],[-64.7,67.2],[-64.6,67.2],[-64.3,67.2],[-64,67.3],[-64,67.2],[-64.1,67.2],[-64.2,67.2],[-64.6,67.1],[-64.7,67.1],[-64.7,67],[-64.6,67],[-64.6,67.1],[-64.5,67.1],[-64.3,67.1],[-64.3,67.2],[-64.2,67.2],[-64.1,67.2],[-64,67.2],[-63.9,67.2],[-63.8,67.2],[-63.7,67.2],[-63.6,67.2],[-63.5,67.2],[-63.4,67.2],[-63.5,67.2],[-63.5,67.1],[-63.7,67.1],[-63.7,67],[-63.8,67],[-63.7,67],[-63.7,67.1],[-63.6,67.1],[-63.5,67.1],[-63.4,67.1],[-63.4,67.2],[-63.3,67.3],[-63.2,67.3],[-63.3,67.3],[-63.3,67.2],[-63.2,67.3],[-63.1,67.3],[-63,67.3],[-63,67.2],[-63.1,67.2],[-63.3,67.1],[-63.2,67],[-63.3,66.9],[-63.5,66.9],[-63.6,66.9],[-63.6,66.8],[-63.7,66.8],[-63.8,66.8],[-63.6,66.8],[-63.5,66.8],[-63.5,66.9],[-63.4,66.9],[-63.4,66.8],[-63.5,66.7],[-63.4,66.7],[-63.4,66.8],[-63.3,66.8],[-63.3,66.9],[-63.2,66.9],[-63.1,66.9],[-63,66.9],[-63,67],[-62.9,67],[-62.8,67],[-62.8,66.9],[-62.8,66.8],[-62.9,66.8],[-62.9,66.7],[-62.9,66.6],[-62.9,66.7],[-62.8,66.7],[-62.8,66.8],[-62.7,66.8],[-62.8,66.8],[-62.8,66.9],[-62.7,66.9],[-62.7,67],[-62.7,66.9],[-62.7,67],[-62.6,67],[-62.6,66.9],[-62.5,66.9],[-62.5,66.8],[-62.4,66.8],[-62.3,66.7],[-62.3,66.8],[-62.4,66.8],[-62.4,66.9],[-62.3,66.9],[-62.3,67],[-62.2,67],[-62.2,67.1],[-62.1,67.1],[-62,67.1],[-62,67],[-62.1,67],[-62.1,66.9],[-62,66.9],[-62,67],[-61.9,67],[-61.8,67],[-61.9,66.9],[-61.8,66.9],[-61.8,67],[-61.7,66.9],[-61.8,66.9],[-61.9,66.9],[-62,66.9],[-61.9,66.9],[-61.8,66.9],[-61.7,66.9],[-61.6,66.9],[-61.6,66.8],[-61.7,66.8],[-61.5,66.8],[-61.4,66.8],[-61.5,66.8],[-61.4,66.7],[-61.3,66.7],[-61.3,66.6],[-61.4,66.6],[-61.4,66.5],[-61.6,66.6],[-61.7,66.6],[-61.8,66.7],[-61.9,66.7],[-62,66.7],[-62,66.6],[-62.2,66.6],[-62.1,66.6],[-62,66.6],[-61.8,66.6],[-61.7,66.5],[-61.6,66.5],[-61.7,66.5],[-61.8,66.4],[-61.9,66.4],[-62,66.4],[-61.9,66.4],[-61.6,66.4],[-61.5,66.4],[-61.5,66.3],[-61.6,66.3],[-61.6,66.4],[-61.6,66.3],[-61.7,66.3],[-61.8,66.3],[-61.9,66.3],[-62,66.3],[-62.1,66.3],[-62.2,66.3],[-62.2,66.4],[-62.3,66.4],[-62.4,66.4],[-62.5,66.4],[-62.6,66.4],[-62.7,66.4],[-62.6,66.4],[-62.5,66.4],[-62.4,66.3],[-62.3,66.3],[-62.4,66.3],[-62.5,66.3],[-62.6,66.2],[-62.7,66.2],[-62.8,66.3],[-62.9,66.3],[-62.8,66.3],[-62.8,66.2],[-62.7,66.2],[-62.5,66.2],[-62.4,66.2],[-62.3,66.2],[-62.1,66.2],[-62.1,66.1],[-62.2,66.1],[-62.1,66.1],[-62,66.1],[-62.1,66.1],[-62,66.1],[-62.1,66.1],[-62.1,66],[-62,66.1],[-62,66],[-62.1,66],[-62.2,66],[-62.3,66],[-62.4,66],[-62.5,66],[-62.6,66],[-62.7,66],[-62.7,66.1],[-62.7,66],[-62.8,66],[-62.8,66.1],[-62.9,66.1],[-62.9,66.2],[-63,66.2],[-63.1,66.1],[-63,66.1],[-62.9,66.1],[-62.8,66],[-62.5,66],[-62.4,66],[-62.4,65.9],[-62.5,65.9],[-62.4,65.9],[-62.3,65.8],[-62.4,65.8],[-62.5,65.8],[-62.6,65.8],[-62.7,65.8],[-62.7,65.9],[-62.8,65.9],[-62.9,65.9],[-62.8,65.9],[-62.8,65.8],[-62.7,65.8],[-62.6,65.8],[-62.6,65.7],[-62.7,65.7],[-62.8,65.8],[-62.8,65.7],[-62.7,65.7],[-62.6,65.7],[-62.6,65.6],[-62.7,65.6],[-62.8,65.6],[-62.9,65.6],[-62.9,65.7],[-62.9,65.8],[-63,65.8],[-62.9,65.7],[-62.9,65.6],[-63,65.6],[-63.2,65.6],[-63.2,65.7],[-63.3,65.7],[-63.3,65.8],[-63.4,65.8],[-63.4,65.9],[-63.5,65.9],[-63.5,65.8],[-63.4,65.8],[-63.4,65.7],[-63.3,65.7],[-63.4,65.7],[-63.5,65.7],[-63.6,65.7],[-63.7,65.7],[-63.7,65.6],[-63.6,65.7],[-63.5,65.6],[-63.4,65.6],[-63.3,65.6],[-63.4,65.5],[-63.5,65.5],[-63.6,65.6],[-63.6,65.5],[-63.6,65.6],[-63.6,65.5],[-63.5,65.5],[-63.4,65.5],[-63.3,65.4],[-63.4,65.4],[-63.6,65.5],[-63.7,65.5],[-63.5,65.4],[-63.4,65.4],[-63.5,65.4],[-63.4,65.4],[-63.4,65.3],[-63.3,65.3],[-63.4,65.3],[-63.5,65.3],[-63.4,65.3],[-63.3,65.3],[-63.4,65.3],[-63.5,65.2],[-63.4,65.2],[-63.3,65.2],[-63.4,65.2],[-63.5,65.2],[-63.4,65.2],[-63.5,65.2],[-63.4,65.2],[-63.3,65.1],[-63.4,65.1],[-63.5,65.1],[-63.4,65],[-63.5,65],[-63.5,64.9],[-63.6,64.9],[-63.7,64.9],[-63.6,64.9],[-63.7,64.9],[-63.6,65],[-63.7,65],[-63.8,65],[-63.7,65],[-63.7,65.1],[-63.8,65.1],[-63.8,65],[-63.9,65],[-63.9,65.1],[-63.8,65.2],[-63.9,65.2],[-63.9,65.1],[-64,65.1],[-64.1,65.1],[-64.1,65],[-64.2,65.1],[-64.3,65.1],[-64.2,65.2],[-64.1,65.2],[-64.2,65.2],[-64.3,65.2],[-64.4,65.2],[-64.4,65.3],[-64.3,65.3],[-64.4,65.3],[-64.3,65.3],[-64.3,65.4],[-64.2,65.4],[-64.3,65.4],[-64.4,65.4],[-64.4,65.3],[-64.5,65.3],[-64.5,65.2],[-64.5,65.1],[-64.6,65.1],[-64.6,65.2],[-64.7,65.2],[-64.6,65.2],[-64.6,65.3],[-64.7,65.3],[-64.8,65.3],[-64.8,65.2],[-64.9,65.3],[-64.8,65.3],[-64.7,65.3],[-64.8,65.4],[-64.9,65.3],[-64.9,65.4],[-64.8,65.4],[-64.7,65.4],[-64.6,65.4],[-64.5,65.4],[-64.4,65.4],[-64.4,65.5],[-64.5,65.5],[-64.5,65.4],[-64.5,65.5],[-64.6,65.5],[-64.7,65.5],[-64.7,65.4],[-64.8,65.4],[-64.9,65.4],[-65,65.4],[-65.1,65.4],[-65.1,65.5],[-65.2,65.5],[-65.1,65.5],[-65,65.5],[-64.9,65.5],[-64.9,65.6],[-64.8,65.6],[-64.7,65.6],[-64.7,65.7],[-64.8,65.7],[-64.9,65.7],[-65,65.6],[-65,65.5],[-65.1,65.5],[-65.2,65.5],[-65.2,65.6],[-65.3,65.6],[-65.2,65.6],[-65.1,65.6],[-65.1,65.7],[-65,65.7],[-64.9,65.7],[-64.8,65.7],[-65,65.7],[-65.1,65.7],[-65.2,65.7],[-65.5,65.7],[-65.4,65.7],[-65.4,65.8],[-65.5,65.7],[-65.5,65.8],[-65.4,65.9],[-65.3,65.9],[-65.2,65.9],[-65.2,66],[-65.1,66],[-65,66],[-64.9,66],[-64.8,66],[-64.7,66],[-64.8,66],[-64.9,66],[-64.8,66.1],[-64.8,66.2],[-64.7,66.2],[-64.6,66.2],[-64.6,66.3],[-64.5,66.3],[-64.4,66.3],[-64.4,66.4],[-64.4,66.3],[-64.5,66.3],[-64.6,66.3],[-64.7,66.3],[-64.8,66.3],[-64.8,66.2],[-64.9,66.2],[-64.9,66.1],[-65,66.1],[-65.1,66.1],[-65.2,66],[-65.3,66],[-65.4,66],[-65.8,66],[-65.9,66],[-66,66],[-66,66.1],[-65.9,66.1],[-65.8,66.1],[-65.7,66.2],[-65.6,66.2],[-65.5,66.2],[-65.5,66.3],[-65.5,66.4],[-65.5,66.3],[-65.6,66.3],[-65.7,66.2],[-65.8,66.2],[-65.8,66.1],[-65.9,66.1],[-66,66.1],[-66.1,66.1],[-66.2,66.1],[-66.2,66.2],[-66.3,66.2],[-66.2,66.2],[-66.2,66.3],[-66.2,66.2],[-66.2,66.3],[-66.1,66.3],[-66.2,66.3],[-66.3,66.2],[-66.3,66.3],[-66.4,66.3],[-66.4,66.2],[-66.5,66.2],[-66.5,66.3],[-66.5,66.4],[-66.5,66.3],[-66.6,66.4],[-66.4,66.4],[-66.5,66.4],[-66.6,66.4],[-66.7,66.4],[-66.8,66.4],[-66.7,66.4],[-66.7,66.5],[-66.7,66.4],[-66.8,66.4],[-66.8,66.5],[-66.9,66.5],[-66.7,66.6],[-66.8,66.6],[-66.9,66.6],[-67,66.6],[-67.1,66.6],[-66.9,66.6],[-67,66.5],[-67.1,66.5],[-67.2,66.5],[-67.1,66.5],[-67.2,66.5],[-67.3,66.6],[-67.4,66.6],[-67.5,66.6],[-67.6,66.6],[-67.5,66.6],[-67.6,66.6],[-67.7,66.6],[-67.4,66.5],[-67.3,66.5],[-67.2,66.5],[-67.1,66.4],[-67.2,66.4],[-67.1,66.4],[-67.2,66.4],[-67.3,66.4],[-67.4,66.4],[-67.3,66.4],[-67.4,66.4],[-67.3,66.4],[-67.2,66.4],[-67.1,66.3],[-67.2,66.3],[-67.3,66.3],[-67.4,66.3],[-67.5,66.3],[-67.4,66.3],[-67.5,66.4],[-67.6,66.4],[-67.7,66.4],[-67.8,66.5],[-67.9,66.5],[-68,66.5],[-67.9,66.5],[-67.9,66.4],[-67.8,66.4],[-67.8,66.3],[-67.7,66.3],[-67.8,66.3],[-67.7,66.2],[-67.6,66.2],[-67.5,66.2],[-67.4,66.1],[-67.3,66.1],[-67.2,66.1],[-67.2,66],[-67.3,66],[-67.2,66],[-67.2,65.9],[-67.3,65.9],[-67.4,65.9],[-67.5,65.9],[-67.6,65.9],[-67.7,65.9],[-67.7,66],[-67.8,65.9],[-67.7,65.9],[-67.8,65.9],[-67.9,65.9],[-68,66],[-68,66.1],[-68.1,66.1],[-68.2,66.1],[-68.2,66.2],[-68.3,66.2],[-68.4,66.2],[-68.4,66.3],[-68.5,66.3],[-68.5,66.2],[-68.8,66.2],[-68.7,66.2],[-68.6,66.2],[-68.5,66.2],[-68.4,66.2],[-68.4,66.1],[-68.3,66.1],[-68.2,66.1],[-68.3,66.1],[-68.2,66.1],[-68.1,66.1],[-68,66.1],[-68.1,66.1],[-68.1,66],[-68.2,66],[-68.1,66],[-68.2,66],[-68.3,66],[-68.2,66],[-68.2,65.9],[-68.2,66],[-68.3,66],[-68.3,65.9],[-68.2,65.9],[-68.1,65.9],[-68.2,65.9],[-68.1,65.8],[-68.2,65.8],[-68.1,65.8],[-68,65.8],[-67.9,65.8],[-67.8,65.8],[-67.9,65.8],[-68,65.7],[-67.9,65.7],[-67.9,65.6],[-68,65.6],[-67.9,65.6],[-68,65.6],[-68.1,65.6],[-68,65.6],[-68,65.5],[-67.9,65.6],[-67.8,65.6],[-67.7,65.6],[-67.5,65.7],[-67.5,65.6],[-67.5,65.7],[-67.4,65.7],[-67.3,65.6],[-67.3,65.5],[-67.4,65.5],[-67.3,65.5],[-67.4,65.5],[-67.5,65.5],[-67.4,65.5],[-67.3,65.5],[-67.2,65.5],[-67.1,65.5],[-67.1,65.4],[-67.3,65.4],[-67.4,65.4],[-67.4,65.3],[-67.3,65.3],[-67.3,65.4],[-67.2,65.3],[-67.1,65.3],[-67.2,65.3],[-67.1,65.3],[-67.1,65.2],[-67.2,65.2],[-67.1,65.2],[-67,65.2],[-66.9,65.2],[-67,65.1],[-67.1,65.1],[-67,65.1],[-66.9,65.1],[-66.8,65.1],[-66.8,65.2],[-66.7,65.2],[-66.8,65.1],[-66.9,65.1],[-66.9,65],[-66.8,65],[-66.8,65.1],[-66.8,65],[-66.7,65],[-66.8,65],[-66.8,64.9],[-66.7,64.9],[-66.8,64.9],[-66.7,64.9],[-66.7,64.8],[-66.6,64.8],[-66.7,64.8],[-66.7,64.9],[-66.6,65],[-66.7,65],[-66.6,65],[-66.5,65],[-66.5,64.9],[-66.4,64.9],[-66.3,64.9],[-66.2,64.9],[-66.1,64.9],[-66.2,64.9],[-66.2,64.8],[-66.3,64.8],[-66.2,64.8],[-66.2,64.7],[-66.1,64.7],[-66.1,64.8],[-66,64.9],[-66,64.8],[-66,64.7],[-66,64.8],[-66,64.7],[-65.9,64.7],[-65.8,64.6],[-65.8,64.7],[-65.9,64.7],[-65.9,64.8],[-65.9,64.9],[-66,64.9],[-65.9,64.9],[-65.8,64.9],[-65.8,64.8],[-65.7,64.8],[-65.7,64.7],[-65.7,64.8],[-65.6,64.8],[-65.6,64.7],[-65.6,64.6],[-65.7,64.6],[-65.8,64.6],[-65.7,64.6],[-65.7,64.5],[-65.6,64.5],[-65.5,64.5],[-65.4,64.5],[-65.3,64.5],[-65.4,64.5],[-65.4,64.4],[-65.4,64.5],[-65.3,64.5],[-65.2,64.5],[-65.1,64.5],[-65.2,64.5],[-65.1,64.5],[-65.1,64.4],[-65.2,64.4],[-65.3,64.4],[-65.2,64.4],[-65.2,64.3],[-65.3,64.3],[-65.5,64.3],[-65.6,64.3],[-65.7,64.3],[-65.5,64.3],[-65.4,64.3],[-65.5,64.3],[-65.4,64.3],[-65.5,64.3],[-65.6,64.3],[-65.5,64.2],[-65.4,64.3],[-65.3,64.3],[-65.3,64.2],[-65.4,64.2],[-65.3,64.2],[-65.2,64.2],[-65.3,64.2],[-65.4,64.2],[-65.3,64.2],[-65.2,64.2],[-65.2,64.1],[-65.1,64.1],[-65.2,64.1],[-65.1,64.1],[-65.1,64],[-65.2,64],[-65.1,64],[-65,64],[-64.9,64],[-65,64],[-64.9,64],[-64.8,64],[-64.7,64],[-64.6,64],[-64.8,63.9],[-64.9,63.9],[-65,63.9],[-65,63.8],[-64.9,63.8],[-64.8,63.7],[-64.7,63.8],[-64.7,63.7],[-64.5,63.7],[-64.5,63.6],[-64.6,63.6],[-64.5,63.6],[-64.6,63.6],[-64.5,63.6],[-64.5,63.5],[-64.6,63.5],[-64.5,63.5],[-64.5,63.4],[-64.6,63.4],[-64.5,63.4],[-64.5,63.3],[-64.6,63.3],[-64.5,63.3],[-64.6,63.3],[-64.6,63.2],[-64.7,63.2],[-64.7,63.3],[-64.8,63.3],[-64.8,63.4],[-64.8,63.5],[-64.9,63.5],[-64.9,63.6],[-65,63.6],[-65,63.7],[-65.1,63.7],[-65.2,63.8],[-65.1,63.8],[-65.2,63.8],[-65.3,63.8],[-65.2,63.8],[-65.2,63.7],[-65.1,63.7],[-65,63.6],[-65.1,63.6],[-65.1,63.5],[-65.1,63.4],[-65,63.4],[-65.1,63.4],[-65,63.4],[-64.9,63.4],[-64.9,63.3],[-64.9,63.2],[-65,63.3],[-65.1,63.3],[-65,63.3],[-65,63.2],[-65.1,63.3],[-65.1,63.2],[-65,63.2],[-65.1,63.2],[-65,63.2],[-65.1,63.2],[-64.9,63.2],[-64.9,63.1],[-64.8,63.1],[-64.9,63.1],[-64.8,63.1],[-64.8,63],[-64.8,63.1],[-64.8,63],[-64.7,62.9],[-64.7,63],[-64.6,62.9],[-64.7,62.9],[-64.8,62.9],[-64.9,62.9],[-65,62.9],[-65.1,62.9],[-65.1,63],[-65.1,62.9],[-65.2,63],[-65.3,63],[-65.2,62.9],[-65.1,62.8],[-65,62.8],[-65,62.7],[-64.9,62.7],[-64.9,62.6],[-65,62.6],[-65.1,62.6],[-65.2,62.6],[-65.3,62.7],[-65.4,62.7],[-65.3,62.7],[-65.3,62.8],[-65.2,62.8],[-65.3,62.8],[-65.4,62.8],[-65.3,62.8],[-65.3,62.9],[-65.4,62.9],[-65.4,62.8],[-65.5,62.8],[-65.6,62.8],[-65.7,62.9],[-65.8,62.9],[-65.7,62.9],[-65.7,63],[-65.7,63.1],[-65.7,63],[-65.8,63],[-65.7,63],[-65.8,63],[-65.8,62.9],[-65.9,62.9],[-66,62.9],[-66,63],[-65.9,63],[-65.8,63],[-65.9,63],[-66,63],[-65.9,63],[-66,63],[-66.1,63],[-66.1,63.1],[-66.1,63],[-66.1,63.1],[-66.2,63.1],[-66.3,63.1],[-66.2,63.1],[-66.2,63],[-66.1,63],[-66.1,62.9],[-66.2,62.9],[-66.2,63],[-66.3,63],[-66.4,63],[-66.5,63],[-66.5,63.1],[-66.6,63.2],[-66.6,63.3],[-66.7,63.3],[-66.6,63.3],[-66.6,63.4],[-66.7,63.4],[-66.7,63.3],[-66.7,63.2],[-66.6,63.2],[-66.6,63.1],[-66.7,63.1],[-66.6,63.1],[-66.6,63],[-66.5,63],[-66.6,63],[-66.7,63],[-66.6,63],[-66.7,63],[-66.8,63.1],[-66.8,63.2],[-66.8,63.3],[-66.8,63.2],[-66.9,63.2],[-67,63.2],[-67,63.3],[-67,63.4],[-67,63.3],[-67.1,63.3],[-67.2,63.3],[-67.3,63.4],[-67.4,63.4],[-67.4,63.5],[-67.4,63.4],[-67.5,63.4],[-67.5,63.5],[-67.6,63.5],[-67.6,63.6],[-67.7,63.6],[-67.7,63.7],[-67.7,63.6],[-67.8,63.6],[-67.8,63.7],[-67.9,63.7],[-67.9,63.8],[-67.9,63.7],[-67.8,63.7],[-67.8,63.6],[-67.8,63.5],[-67.7,63.5],[-67.7,63.4],[-67.8,63.4],[-67.9,63.5],[-68,63.5],[-68.1,63.5],[-68.1,63.6],[-68.2,63.6],[-68.3,63.7],[-68.3,63.6],[-68.4,63.7],[-68.5,63.7],[-68.6,63.7],[-68.7,63.8],[-68.7,63.7],[-68.8,63.7],[-68.9,63.7],[-68.9,63.8],[-69,63.8],[-69,63.7],[-68.9,63.7],[-68.8,63.7],[-68.8,63.6],[-68.9,63.6],[-68.8,63.6],[-68.7,63.5],[-68.6,63.5],[-68.6,63.4],[-68.5,63.4],[-68.4,63.4],[-68.5,63.4],[-68.4,63.4],[-68.3,63.3],[-68.2,63.3],[-68.2,63.2],[-68.1,63.2],[-68,63.2],[-67.9,63.1],[-68,63.1],[-67.9,63.1],[-67.8,63.1],[-67.7,63.1],[-67.6,63.1],[-67.7,63.1],[-67.7,63],[-67.8,63],[-67.7,63],[-67.8,63],[-67.7,63],[-67.6,63],[-67.6,63.1],[-67.5,63],[-67.6,63],[-67.7,63],[-67.7,62.9],[-67.6,62.9],[-67.6,63],[-67.5,63],[-67.4,63],[-67.4,62.9],[-67.3,62.9],[-67.2,62.9],[-67.4,62.9],[-67.3,62.9],[-67.2,62.9],[-67.2,62.8],[-67.1,62.8],[-67,62.8],[-67,62.7],[-67.1,62.7],[-67,62.7],[-66.9,62.7],[-67,62.7],[-66.8,62.7],[-66.7,62.7],[-66.8,62.7],[-66.8,62.6],[-66.7,62.6],[-66.6,62.6],[-66.5,62.5],[-66.5,62.4],[-66.4,62.4],[-66.4,62.5],[-66.4,62.4],[-66.3,62.4],[-66.4,62.4],[-66.5,62.4],[-66.5,62.3],[-66.4,62.3],[-66.3,62.3],[-66.4,62.3],[-66.3,62.3],[-66.3,62.4],[-66.3,62.3],[-66.2,62.3],[-66.2,62.2],[-66.2,62.3],[-66.3,62.3],[-66.2,62.2],[-66.1,62.2],[-66,62.2],[-66,62.3],[-66,62.2],[-65.9,62.2],[-66,62.2],[-66.1,62.1],[-66,62.1],[-66.1,62.1],[-66.2,62.1],[-66.1,62.1],[-66.1,62],[-66,62],[-66,61.9],[-65.9,61.9],[-66,61.9],[-66.1,61.9],[-66.2,61.9],[-66.3,61.9],[-66.4,61.9],[-66.5,61.9],[-66.6,61.9],[-66.7,61.9],[-66.6,62],[-66.7,62],[-66.8,62],[-66.7,62],[-66.8,62],[-66.9,62],[-67,62],[-67,62.1],[-67.1,62],[-67.2,62.1],[-67.3,62.1],[-67.4,62.1],[-67.5,62.1],[-67.5,62.2],[-67.6,62.2],[-67.7,62.2],[-67.8,62.2],[-67.9,62.2],[-68,62.2],[-68.1,62.2],[-68.6,62.2],[-68.6,62.3],[-68.7,62.3],[-68.8,62.3],[-68.8,62.4],[-68.9,62.4],[-69,62.4],[-69.2,62.4],[-69.3,62.5],[-69.3,62.6],[-69.4,62.6],[-69.4,62.5],[-69.4,62.6],[-69.5,62.6],[-69.4,62.6],[-69.5,62.6],[-69.6,62.6],[-69.6,62.7],[-69.5,62.7],[-69.4,62.7],[-69.5,62.7],[-69.6,62.7],[-69.5,62.7],[-69.4,62.7],[-69.4,62.8],[-69.5,62.8],[-69.6,62.8],[-69.7,62.8],[-69.7,62.7],[-69.7,62.8],[-69.8,62.8],[-69.8,62.7],[-69.8,62.8],[-69.9,62.8],[-70,62.8],[-70.1,62.7],[-70.1,62.8],[-70.2,62.8],[-70.3,62.8],[-70.4,62.8],[-70.5,62.8],[-70.5,62.9],[-70.7,62.9],[-70.8,62.9],[-70.9,62.9],[-70.8,62.9],[-70.9,62.9],[-70.9,63],[-71,62.9],[-71,63],[-70.9,63],[-71,63],[-70.9,63],[-71,63],[-71.1,63],[-71.2,63],[-71.1,63],[-71,63],[-71,63.1],[-70.9,63.1],[-70.8,63.1],[-70.9,63.1],[-71,63.1],[-70.9,63.1],[-70.9,63.2],[-71,63.2],[-71,63.1],[-71.1,63.1],[-71.2,63.1],[-71.2,63],[-71.3,63],[-71.4,63],[-71.4,63.1],[-71.5,63.1],[-71.6,63.1],[-71.7,63.2],[-71.8,63.2],[-71.7,63.2],[-71.6,63.3],[-71.7,63.3],[-71.8,63.3],[-71.7,63.3],[-71.8,63.3],[-71.7,63.3],[-71.7,63.4],[-71.8,63.4],[-71.9,63.4],[-72,63.4],[-72.1,63.4],[-72.1,63.5],[-72.1,63.4],[-72,63.5],[-72,63.4],[-71.9,63.4],[-71.7,63.4],[-71.6,63.4],[-71.6,63.5],[-71.4,63.5],[-71.3,63.5],[-71.3,63.6],[-71.2,63.6],[-71.3,63.6],[-71.4,63.6],[-71.5,63.6],[-71.4,63.6],[-71.5,63.6],[-71.6,63.6],[-71.5,63.6],[-71.6,63.6],[-71.6,63.7],[-71.5,63.7],[-71.6,63.7],[-71.7,63.7],[-71.6,63.7],[-71.6,63.6],[-71.7,63.7],[-71.7,63.8],[-71.7,63.7],[-71.8,63.7],[-71.8,63.8],[-71.9,63.8],[-72,63.8],[-72,63.7],[-72,63.8],[-71.9,63.8],[-71.8,63.8],[-71.9,63.8],[-71.9,63.7],[-72,63.7],[-71.9,63.7],[-72,63.7],[-72.1,63.7],[-72.2,63.8],[-72.2,63.7],[-72.3,63.7],[-72.3,63.8],[-72.4,63.8],[-72.3,63.8],[-72.2,63.8],[-72.3,63.8],[-72.2,63.8],[-72.2,63.9],[-72.1,63.9],[-72.2,63.9],[-72.2,64],[-72.3,63.9],[-72.4,63.9],[-72.4,63.8],[-72.5,63.8],[-72.6,63.9],[-72.7,63.9],[-72.6,63.9],[-72.7,63.9],[-72.6,63.9],[-72.6,64],[-72.7,64],[-72.7,64.1],[-72.7,64],[-72.8,64],[-72.9,64],[-72.9,64.1],[-72.9,64.2],[-73,64.2],[-73.1,64.2],[-73.1,64.3],[-73.2,64.3],[-73.3,64.3],[-73.2,64.3],[-73.3,64.3],[-73.4,64.3],[-73.3,64.4],[-73.4,64.4],[-73.5,64.4],[-73.4,64.4],[-73.4,64.5],[-73.4,64.4],[-73.3,64.5],[-73.4,64.5],[-73.3,64.5],[-73.3,64.6],[-73.2,64.6],[-73.3,64.6],[-73.3,64.7],[-73.3,64.6],[-73.4,64.6],[-73.3,64.6],[-73.3,64.5],[-73.4,64.5],[-73.5,64.5],[-73.5,64.6],[-73.4,64.6],[-73.5,64.6],[-73.4,64.6],[-73.5,64.6],[-73.6,64.6],[-73.6,64.7],[-73.7,64.7],[-73.7,64.6],[-73.6,64.6],[-73.7,64.6],[-73.7,64.5],[-73.8,64.5],[-73.8,64.6],[-73.9,64.6],[-73.9,64.5],[-73.8,64.5],[-73.9,64.5],[-74,64.5],[-74,64.4],[-73.9,64.4],[-74,64.4],[-74,64.3],[-74.1,64.3],[-74.1,64.4],[-74.2,64.4],[-74.1,64.4],[-74.1,64.5],[-74.2,64.5],[-74.1,64.5],[-74.1,64.4],[-74,64.4],[-74.1,64.5],[-74,64.5],[-74.1,64.6],[-74.2,64.6],[-74.1,64.6],[-74,64.6],[-74.1,64.6],[-74.1,64.7],[-74,64.7],[-74.1,64.7],[-74.1,64.8],[-74.1,64.7],[-74.2,64.7],[-74.2,64.6],[-74.3,64.6],[-74.3,64.7],[-74.3,64.6],[-74.4,64.6],[-74.4,64.7],[-74.4,64.6],[-74.3,64.6],[-74.4,64.6],[-74.5,64.6],[-74.6,64.6],[-74.6,64.7],[-74.7,64.7],[-74.7,64.8],[-74.6,64.8],[-74.5,64.8],[-74.5,64.9],[-74.6,64.9],[-74.5,64.9],[-74.6,64.9],[-74.7,64.9],[-74.6,64.9],[-74.7,64.9],[-74.7,64.8],[-74.8,64.8],[-74.9,64.8],[-75,64.8],[-74.9,64.8],[-74.8,64.8],[-74.8,64.7],[-74.7,64.7],[-74.6,64.6],[-74.5,64.6],[-74.5,64.5],[-74.6,64.6],[-74.6,64.5],[-74.5,64.5],[-74.6,64.5],[-74.5,64.5],[-74.5,64.4],[-74.6,64.4],[-74.7,64.4],[-74.8,64.4],[-74.9,64.4],[-75,64.4],[-75.1,64.5],[-75.2,64.5],[-75.1,64.5],[-75.2,64.4],[-75.2,64.5],[-75.3,64.5],[-75.4,64.5],[-75.5,64.5],[-75.6,64.6],[-75.7,64.6],[-75.8,64.6],[-75.8,64.5],[-75.7,64.5],[-75.6,64.5],[-75.7,64.5],[-75.7,64.4],[-75.7,64.5],[-75.9,64.5],[-75.8,64.5],[-75.8,64.4],[-75.7,64.4],[-75.8,64.4],[-75.9,64.4],[-76,64.4],[-76.1,64.4],[-76.2,64.4],[-76.1,64.4],[-76.2,64.4],[-76.3,64.4],[-76.4,64.4],[-76.4,64.3],[-76.3,64.3],[-76.2,64.3],[-76.3,64.3],[-76.4,64.3],[-76.5,64.3],[-76.4,64.3],[-76.5,64.3],[-76.6,64.3],[-76.7,64.3],[-76.7,64.2],[-76.8,64.2],[-76.9,64.2],[-77,64.3],[-77.1,64.3],[-77.2,64.3],[-77.4,64.2],[-77.4,64.3],[-77.5,64.3],[-77.5,64.4],[-77.6,64.4],[-77.7,64.4],[-77.6,64.3],[-77.7,64.3],[-77.8,64.3],[-77.8,64.4],[-77.9,64.4],[-77.8,64.4],[-77.9,64.4],[-78,64.4],[-78,64.5],[-78.1,64.5],[-78.1,64.6],[-78.2,64.6],[-78.1,64.6],[-78.2,64.6],[-78.2,64.7],[-78.3,64.7],[-78.2,64.7],[-78.2,64.8],[-78.1,64.8],[-78.1,64.9],[-78.1,65],[-78,65],[-78,65.1],[-77.9,65.1],[-77.8,65.1],[-77.7,65.1],[-77.6,65.1],[-77.6,65.2],[-77.5,65.1],[-77.4,65.2],[-77.3,65.2],[-77.4,65.2],[-77.4,65.3],[-77.5,65.3],[-77.5,65.4],[-77.3,65.4],[-77.4,65.4],[-77.4,65.5],[-77.2,65.5],[-77.3,65.5],[-77.2,65.5],[-77.1,65.4],[-77,65.4],[-76.9,65.4],[-76.8,65.4],[-76.7,65.4],[-76.4,65.3],[-76.1,65.3],[-76,65.3],[-75.9,65.3],[-75.9,65.2],[-75.8,65.2],[-75.7,65.2],[-75.7,65.1],[-75.6,65.1],[-75.5,65.1],[-75.4,65.1],[-75.4,65],[-75.5,65],[-75.5,64.9],[-75.6,64.9],[-75.6,65],[-75.7,64.9],[-75.6,64.9],[-75.5,64.9],[-75.5,64.8],[-75.4,64.8],[-75.4,64.7],[-75.3,64.7],[-75.3,64.8],[-75.4,64.8],[-75.4,64.9],[-75.3,64.9],[-75.4,64.9],[-75.3,64.9],[-75.4,64.9],[-75.5,64.9],[-75.6,64.9],[-75.5,64.9],[-75.4,65],[-75.3,65],[-75.2,65],[-75.2,65.1],[-75.3,65.1],[-75.3,65],[-75.4,65],[-75.4,65.1],[-75.5,65.1],[-75.6,65.2],[-75.7,65.2],[-75.8,65.2],[-75.8,65.3],[-75.9,65.3],[-75.7,65.3],[-75.6,65.3],[-75.5,65.3],[-75.3,65.3],[-75.2,65.3],[-75.1,65.3],[-75.1,65.4],[-75,65.4],[-74.9,65.4],[-74.8,65.4],[-74.7,65.4],[-74.6,65.3],[-74.5,65.3],[-74.4,65.4],[-74.3,65.4],[-74.3,65.5],[-74.2,65.5],[-74.1,65.5],[-74,65.5],[-73.9,65.5],[-73.8,65.5],[-73.7,65.5],[-73.6,65.5],[-73.5,65.5],[-73.6,65.6],[-73.6,65.7],[-73.7,65.7],[-73.7,65.8],[-73.8,65.8],[-73.9,65.8],[-74,65.8],[-74,65.9],[-74.1,65.9],[-74.2,66],[-74.4,66.1],[-74.5,66.1],[-74.5,66.2],[-74.4,66.2],[-74.3,66.2],[-74.1,66.3],[-74,66.3],[-74,66.4],[-73.9,66.4],[-73.8,66.4],[-73.7,66.5],[-73.5,66.6],[-73.4,66.6],[-73.3,66.7],[-73.2,66.7],[-73.1,66.7],[-73,66.7],[-72.9,66.7]]],[[[-61.1,82.3],[-61.1,82.2],[-61.2,82.2],[-61.3,82.2],[-61.7,82.2],[-62,82.1],[-61.9,82.1],[-62,82.1],[-62.1,82.1],[-62.3,82],[-62.4,82],[-62.5,82],[-62.8,82],[-63,81.9],[-63.1,81.9],[-63.5,81.9],[-63.9,81.8],[-64.1,81.8],[-64.3,81.8],[-64.1,81.8],[-64.2,81.7],[-64.3,81.7],[-64.4,81.7],[-64.8,81.7],[-64.9,81.8],[-65,81.7],[-65.4,81.8],[-65.3,81.7],[-65.4,81.7],[-65.7,81.7],[-66,81.7],[-65.9,81.7],[-65.7,81.7],[-65.3,81.7],[-65.4,81.7],[-65.9,81.6],[-65.9,81.7],[-66,81.7],[-66.2,81.6],[-66.4,81.6],[-66.6,81.6],[-67.1,81.6],[-67.4,81.6],[-67.7,81.6],[-67.9,81.6],[-68.2,81.6],[-68.6,81.6],[-68.9,81.7],[-69.3,81.7],[-68.8,81.6],[-68.4,81.6],[-68.4,81.5],[-68.9,81.6],[-68.9,81.5],[-68.6,81.5],[-68.1,81.5],[-67.7,81.6],[-67.3,81.6],[-67,81.6],[-66.7,81.5],[-66.6,81.5],[-66.7,81.5],[-66.9,81.5],[-67.1,81.5],[-67.3,81.4],[-67.7,81.4],[-68,81.4],[-68.1,81.4],[-68.3,81.3],[-68.4,81.3],[-68.6,81.3],[-68.7,81.3],[-68.8,81.3],[-68.9,81.3],[-69,81.3],[-69.4,81.3],[-69.5,81.3],[-69.4,81.3],[-69.3,81.2],[-69.4,81.2],[-69.6,81.2],[-69.7,81.2],[-69.9,81.2],[-70.2,81.2],[-70.1,81.2],[-69.6,81.2],[-69.7,81.2],[-69.8,81.1],[-70,81.1],[-69.6,81.1],[-69.5,81.2],[-69.1,81.2],[-68.6,81.3],[-68.2,81.3],[-67.8,81.3],[-67.5,81.3],[-67.2,81.4],[-66.8,81.4],[-66.5,81.4],[-66.2,81.4],[-66,81.5],[-65.7,81.5],[-65.2,81.5],[-64.9,81.5],[-64.5,81.6],[-64.5,81.5],[-64.4,81.5],[-64.5,81.5],[-64.7,81.4],[-65.1,81.3],[-65.4,81.3],[-65.6,81.3],[-65.7,81.3],[-65.9,81.2],[-66,81.2],[-66.1,81.2],[-66.2,81.2],[-66.3,81.2],[-66.5,81.1],[-66.7,81],[-66.9,81],[-67.2,80.9],[-67.6,80.9],[-67.5,80.9],[-67.6,80.9],[-67.7,80.9],[-67.8,80.9],[-67.9,80.8],[-67.8,80.8],[-67.9,80.8],[-68,80.8],[-68.3,80.8],[-68.4,80.7],[-68.5,80.7],[-68.6,80.7],[-68.7,80.7],[-68.8,80.6],[-69,80.6],[-68.9,80.6],[-69.1,80.5],[-69.2,80.5],[-69.3,80.5],[-69.3,80.4],[-69.4,80.4],[-69.7,80.4],[-70,80.4],[-70.3,80.4],[-70.2,80.4],[-70.3,80.5],[-70.8,80.6],[-70.8,80.5],[-70.7,80.5],[-70.6,80.5],[-70.5,80.5],[-70.5,80.4],[-70.4,80.4],[-70.5,80.4],[-70.5,80.3],[-70.4,80.3],[-70.5,80.3],[-70,80.3],[-70,80.2],[-70.1,80.2],[-70.2,80.2],[-70.5,80.2],[-70.7,80.2],[-71.1,80.2],[-71.4,80.2],[-71.5,80.1],[-71.7,80.1],[-71.8,80.1],[-71.9,80.1],[-71.9,80.2],[-72,80.2],[-72.2,80.2],[-72.3,80.2],[-72.4,80.2],[-72,80.2],[-71.9,80.1],[-72.1,80.1],[-72.4,80.1],[-72.3,80.1],[-72.4,80.1],[-72.3,80.1],[-72.2,80.1],[-71.8,80.1],[-71.7,80.1],[-71.5,80.1],[-71.3,80.1],[-71,80.1],[-70.6,80.1],[-70.5,80.1],[-70.5,80],[-70.6,80],[-70.7,80],[-71,80],[-71.4,79.9],[-71.5,79.9],[-71.4,79.9],[-71.2,79.9],[-70.9,79.9],[-71,79.9],[-71,79.8],[-71.1,79.8],[-71.4,79.8],[-71.5,79.7],[-71.9,79.7],[-72,79.7],[-72.1,79.7],[-72.2,79.7],[-72.4,79.7],[-72.6,79.7],[-72.9,79.7],[-73,79.7],[-72.9,79.7],[-73,79.8],[-73.1,79.8],[-72.9,79.8],[-73.2,79.8],[-73.4,79.8],[-73.8,79.8],[-73.9,79.8],[-73.8,79.8],[-73.8,79.9],[-73.7,79.9],[-73.8,79.9],[-74.2,79.9],[-74.3,79.9],[-74.6,79.9],[-74.8,79.9],[-74.8,79.8],[-74.7,79.8],[-74.4,79.8],[-74,79.8],[-73.6,79.8],[-73.5,79.8],[-73.4,79.8],[-73.4,79.7],[-73.3,79.7],[-73.2,79.7],[-73.2,79.6],[-73.1,79.6],[-73.2,79.5],[-73.3,79.5],[-73.5,79.5],[-73.6,79.5],[-73.7,79.5],[-73.8,79.5],[-73.9,79.6],[-74,79.6],[-74,79.5],[-74.3,79.4],[-74.4,79.5],[-74.7,79.5],[-74.8,79.5],[-74.9,79.5],[-75,79.5],[-75.1,79.5],[-75,79.5],[-75,79.4],[-74.9,79.4],[-75,79.4],[-75.5,79.4],[-75.6,79.4],[-75.7,79.4],[-75.8,79.4],[-75.8,79.5],[-75.9,79.4],[-76,79.4],[-76.2,79.5],[-76.6,79.5],[-77,79.5],[-77.1,79.5],[-77.2,79.5],[-77.1,79.5],[-76.9,79.5],[-76.8,79.5],[-76.6,79.5],[-76.4,79.5],[-76.2,79.5],[-76.1,79.4],[-76.2,79.4],[-76,79.4],[-75.9,79.4],[-75.9,79.3],[-76.2,79.3],[-76.5,79.4],[-76.8,79.4],[-76.9,79.4],[-77.1,79.4],[-77.1,79.5],[-77.2,79.5],[-77.2,79.4],[-77.4,79.5],[-77.4,79.4],[-77.3,79.4],[-77.2,79.4],[-77.2,79.3],[-77.5,79.3],[-77.8,79.4],[-77.9,79.4],[-78,79.4],[-78.1,79.4],[-77.8,79.3],[-77.6,79.3],[-77.4,79.3],[-77.3,79.3],[-77.4,79.3],[-77.5,79.3],[-77.5,79.2],[-77.1,79.3],[-76.8,79.3],[-76.5,79.3],[-76.3,79.3],[-76.2,79.3],[-75.9,79.2],[-75.6,79.2],[-75.3,79.2],[-75.1,79.2],[-74.8,79.2],[-74.5,79.2],[-74.6,79.2],[-74.8,79.2],[-74.7,79.2],[-74.6,79.2],[-74.6,79.1],[-74.7,79.1],[-74.6,79.1],[-74.5,79.1],[-74.4,79.1],[-74.4,79],[-74.5,79],[-74.8,79],[-75.1,79],[-75.5,79.1],[-75.8,79.1],[-75.9,79.1],[-75.9,79.2],[-76.1,79.2],[-76.3,79.2],[-76.6,79.2],[-77,79.2],[-77.2,79.2],[-77.7,79.2],[-78.2,79.2],[-78.3,79.2],[-78.2,79.2],[-78.1,79.2],[-77.7,79.2],[-77.4,79.2],[-77,79.1],[-76.7,79.1],[-76.5,79.1],[-76.1,79.1],[-76.2,79.1],[-76.4,79.1],[-76.7,79.1],[-77,79.1],[-77.2,79.1],[-77.5,79],[-77.6,79],[-77.7,79],[-77.8,79.1],[-78.1,79.1],[-78.3,79.1],[-78.6,79.1],[-78.9,79.1],[-78.4,79.1],[-78.2,79.1],[-77.9,79.1],[-77.8,79],[-77.7,79],[-78,79],[-78,78.9],[-78.1,78.9],[-78.2,78.8],[-78.3,78.8],[-78.2,78.8],[-78.1,78.8],[-78.1,78.9],[-77.8,78.9],[-77.7,79],[-77.2,79],[-76.7,79],[-76.3,79],[-75.8,79],[-75.7,79],[-75.8,78.9],[-76.3,78.9],[-76.4,78.9],[-76.5,78.9],[-76.5,78.8],[-76.4,78.8],[-76.4,78.9],[-76.3,78.9],[-75.8,78.9],[-75.7,78.9],[-75.6,78.9],[-75.3,78.9],[-75.1,78.9],[-74.9,78.9],[-74.9,78.8],[-74.8,78.8],[-74.9,78.8],[-74.8,78.8],[-74.8,78.7],[-74.7,78.7],[-74.8,78.7],[-74.9,78.7],[-74.8,78.7],[-74.9,78.6],[-74.8,78.6],[-74.7,78.6],[-74.6,78.6],[-74.8,78.6],[-75,78.5],[-75.2,78.5],[-75.4,78.5],[-75.8,78.5],[-76.1,78.5],[-76.5,78.5],[-76.6,78.5],[-76.7,78.5],[-76.3,78.5],[-76.2,78.5],[-76.1,78.5],[-75.6,78.4],[-75.1,78.4],[-75.1,78.3],[-75,78.3],[-75.1,78.3],[-75.2,78.3],[-75.3,78.3],[-75.4,78.3],[-75.4,78.2],[-75.5,78.2],[-75.6,78.2],[-75.9,78.2],[-76.2,78.2],[-76.4,78.2],[-76.6,78.3],[-76.7,78.2],[-76.9,78.2],[-76.8,78.2],[-76.7,78.2],[-76.6,78.2],[-76.3,78.2],[-76.2,78.1],[-75.9,78.1],[-75.7,78.1],[-75.6,78.1],[-75.7,78.1],[-75.7,78],[-75.8,78],[-75.9,78],[-76,78],[-76.1,78],[-76.2,78],[-76.5,78],[-76.5,77.9],[-76.7,77.9],[-76.9,77.9],[-77.1,77.9],[-77.2,77.9],[-77.5,77.9],[-77.9,77.9],[-78.2,78],[-78.3,78],[-78.2,78],[-78.4,77.9],[-78.3,77.9],[-78.2,77.9],[-78.1,77.9],[-78.1,77.8],[-78,77.8],[-77.9,77.8],[-78,77.8],[-77.9,77.8],[-78,77.8],[-78,77.7],[-78.1,77.7],[-78,77.7],[-78.1,77.7],[-78,77.7],[-77.9,77.7],[-77.9,77.6],[-77.8,77.6],[-77.7,77.6],[-77.9,77.6],[-78,77.6],[-78,77.5],[-77.9,77.5],[-78,77.5],[-78.2,77.5],[-78.3,77.4],[-78.2,77.4],[-78.3,77.4],[-78.5,77.4],[-78.7,77.3],[-78.8,77.3],[-78.8,77.4],[-78.7,77.4],[-78.8,77.4],[-78.9,77.4],[-79,77.3],[-79.1,77.3],[-79.4,77.3],[-79.6,77.3],[-79.8,77.3],[-79.9,77.3],[-80,77.3],[-80.2,77.3],[-80.3,77.3],[-80.4,77.3],[-80.5,77.3],[-80.6,77.3],[-80.8,77.3],[-81,77.4],[-81.2,77.4],[-81.3,77.4],[-81.3,77.5],[-81.4,77.5],[-81.5,77.5],[-81.6,77.5],[-81.6,77.6],[-81.7,77.6],[-81.6,77.6],[-81.8,77.6],[-81.8,77.7],[-81.9,77.7],[-81.9,77.6],[-81.8,77.6],[-81.7,77.6],[-81.7,77.5],[-81.7,77.4],[-81.6,77.4],[-81.5,77.4],[-81.2,77.4],[-81.2,77.3],[-81.5,77.3],[-81.8,77.3],[-82.2,77.3],[-82,77.3],[-81.9,77.3],[-81.9,77.2],[-81.8,77.2],[-81.6,77.2],[-81.5,77.2],[-81.1,77.3],[-80.7,77.3],[-80.4,77.2],[-80.3,77.2],[-80.1,77.2],[-80.2,77.2],[-80.3,77.1],[-80.4,77.1],[-80.3,77.1],[-80,77.2],[-79.7,77.2],[-79.4,77.2],[-79.3,77.2],[-79.2,77.2],[-79.1,77.2],[-79,77.2],[-79,77.1],[-79.1,77.1],[-79,77.1],[-79.1,77.1],[-79.3,77],[-79.4,77],[-79.4,76.9],[-79.1,76.9],[-79,76.9],[-78.9,76.9],[-79,76.9],[-79,76.8],[-78.7,76.8],[-78.7,76.9],[-78.6,76.9],[-78.5,77],[-78.4,77],[-78.3,77],[-78.1,77],[-77.9,77],[-77.9,76.9],[-77.8,76.9],[-77.9,76.9],[-77.8,76.8],[-77.7,76.8],[-77.8,76.8],[-77.8,76.7],[-77.8,76.6],[-77.9,76.6],[-78,76.6],[-78.1,76.6],[-78.2,76.6],[-78.1,76.5],[-78.4,76.5],[-78.5,76.5],[-78.6,76.5],[-78.6,76.6],[-78.7,76.6],[-78.8,76.6],[-78.9,76.5],[-79,76.4],[-79.1,76.4],[-79.2,76.4],[-79.3,76.3],[-79.5,76.3],[-79.6,76.3],[-79.8,76.3],[-80.1,76.2],[-80.2,76.2],[-80.4,76.2],[-80.6,76.2],[-80.7,76.2],[-80.8,76.2],[-80.9,76.2],[-80.9,76.1],[-81.1,76.1],[-81.1,76.2],[-81,76.2],[-81.1,76.2],[-81,76.2],[-81,76.3],[-80.9,76.3],[-80.8,76.4],[-80.9,76.4],[-80.9,76.5],[-81,76.5],[-81.1,76.5],[-81.2,76.5],[-81.2,76.6],[-81.3,76.5],[-81.4,76.5],[-81.5,76.5],[-81.9,76.5],[-82.1,76.5],[-82,76.5],[-82,76.6],[-82.1,76.6],[-82,76.6],[-81.9,76.7],[-81.8,76.7],[-81.9,76.7],[-82.2,76.6],[-82.3,76.6],[-82.4,76.7],[-82.5,76.7],[-82.6,76.8],[-82.7,76.8],[-82.8,76.8],[-82.7,76.8],[-82.6,76.8],[-82.7,76.8],[-82.6,76.7],[-82.5,76.7],[-82.4,76.6],[-82.3,76.6],[-82.1,76.6],[-82.2,76.5],[-82.1,76.5],[-82.1,76.4],[-82.2,76.4],[-82.3,76.4],[-82.5,76.4],[-82.8,76.4],[-82.9,76.4],[-83,76.4],[-83.1,76.5],[-83.1,76.6],[-83.2,76.6],[-83.4,76.7],[-83.4,76.8],[-83.4,76.7],[-83.5,76.7],[-83.4,76.7],[-83.4,76.6],[-83.3,76.6],[-83.2,76.6],[-83.2,76.5],[-83.2,76.4],[-83.3,76.4],[-83.7,76.4],[-83.7,76.5],[-83.8,76.5],[-83.9,76.5],[-84,76.5],[-84.1,76.6],[-84,76.6],[-84.1,76.6],[-84.2,76.7],[-84.3,76.7],[-84.3,76.6],[-84.2,76.6],[-84.2,76.5],[-84.3,76.5],[-84.2,76.5],[-84.2,76.4],[-84.5,76.4],[-84.6,76.4],[-84.7,76.5],[-84.8,76.5],[-84.9,76.6],[-85,76.6],[-85,76.5],[-85.1,76.5],[-85,76.5],[-85,76.4],[-84.9,76.4],[-84.7,76.4],[-84.4,76.3],[-84.8,76.3],[-85.2,76.3],[-85.4,76.3],[-85.5,76.3],[-85.6,76.3],[-85.7,76.4],[-85.9,76.4],[-86,76.4],[-86.1,76.4],[-86.2,76.4],[-86.3,76.4],[-86.4,76.4],[-86.4,76.5],[-86.2,76.5],[-86.4,76.6],[-86.5,76.6],[-86.6,76.6],[-86.3,76.5],[-86.6,76.5],[-86.7,76.5],[-86.6,76.5],[-86.6,76.4],[-86.7,76.4],[-86.7,76.3],[-86.8,76.4],[-87.1,76.4],[-87.2,76.4],[-87.1,76.4],[-87.2,76.4],[-87.4,76.5],[-87.5,76.5],[-87.5,76.6],[-87.6,76.6],[-87.6,76.5],[-87.5,76.5],[-87.5,76.4],[-87.4,76.4],[-87.5,76.4],[-87.4,76.4],[-87.4,76.3],[-87.5,76.4],[-87.6,76.4],[-87.6,76.3],[-87.7,76.3],[-87.8,76.4],[-87.9,76.4],[-88.4,76.4],[-88.4,76.5],[-88.4,76.6],[-88.5,76.6],[-88.5,76.7],[-88.6,76.7],[-88.5,76.8],[-88.6,76.8],[-88.7,76.7],[-88.6,76.6],[-88.7,76.6],[-88.6,76.6],[-88.5,76.6],[-88.5,76.5],[-88.6,76.5],[-88.6,76.4],[-88.7,76.4],[-88.7,76.5],[-88.6,76.5],[-88.7,76.5],[-88.7,76.6],[-88.6,76.6],[-88.7,76.6],[-88.8,76.6],[-88.8,76.5],[-88.8,76.4],[-88.9,76.4],[-89,76.4],[-89,76.5],[-89.1,76.4],[-89.2,76.4],[-89.3,76.5],[-89.4,76.5],[-89.4,76.6],[-89.5,76.6],[-89.5,76.5],[-89.6,76.6],[-89.7,76.6],[-89.6,76.6],[-89.4,76.7],[-89.5,76.7],[-89.4,76.7],[-89.5,76.8],[-89.5,76.9],[-89,77],[-88.7,77],[-88.6,77],[-88.5,77.1],[-88.4,77.1],[-88.5,77.1],[-88.4,77.1],[-88.3,77.1],[-88.1,77.1],[-88.2,77.1],[-88.1,77.1],[-87.9,77.1],[-87.8,77.1],[-87.7,77.1],[-87.6,77.1],[-87.5,77.1],[-87.4,77.1],[-87.3,77.1],[-87.5,77.1],[-87.4,77.2],[-87.1,77.2],[-87,77.2],[-86.9,77.1],[-86.8,77.1],[-86.9,77.2],[-86.6,77.2],[-86.7,77.2],[-86.8,77.2],[-86.9,77.2],[-87.1,77.2],[-87.2,77.2],[-87.1,77.2],[-87.2,77.2],[-87.1,77.2],[-87,77.3],[-86.9,77.3],[-87,77.3],[-87.2,77.3],[-87.1,77.3],[-87,77.3],[-86.9,77.3],[-86.8,77.4],[-86.9,77.4],[-87.1,77.4],[-87.3,77.3],[-87.7,77.4],[-87.8,77.4],[-87.8,77.5],[-87.7,77.5],[-87.6,77.5],[-87.7,77.5],[-87.8,77.5],[-87.8,77.6],[-87.9,77.6],[-87.8,77.6],[-87.9,77.6],[-88,77.6],[-88.2,77.6],[-88.2,77.7],[-88.2,77.8],[-88.1,77.8],[-88.2,77.9],[-88.1,77.9],[-88.1,77.8],[-88,77.8],[-87.6,77.9],[-87.2,77.9],[-86.8,77.9],[-86.7,77.9],[-86.5,77.8],[-86.2,77.8],[-86.1,77.7],[-86,77.7],[-85.9,77.7],[-85.9,77.6],[-85.8,77.6],[-85.8,77.5],[-85.7,77.5],[-85.8,77.4],[-85.6,77.5],[-85.5,77.5],[-85.5,77.4],[-85.4,77.4],[-85,77.4],[-84.9,77.4],[-84.8,77.3],[-84.5,77.3],[-84.6,77.3],[-84.6,77.4],[-84.5,77.4],[-84.4,77.4],[-84.1,77.4],[-83.8,77.4],[-83.5,77.3],[-83.5,77.4],[-83.8,77.4],[-83.8,77.5],[-83.6,77.5],[-83.5,77.5],[-83.4,77.5],[-83.3,77.6],[-83,77.7],[-82.9,77.7],[-82.8,77.8],[-82.7,77.8],[-82.7,77.9],[-82.6,77.9],[-82.5,77.9],[-82.6,77.9],[-82.6,78],[-82.5,78],[-82.6,78],[-82.5,78],[-82.6,78],[-82.5,78],[-82.4,78],[-82.4,78.1],[-82.3,78.1],[-82.5,78.1],[-82.7,78.1],[-82.8,78],[-82.7,77.9],[-82.8,77.9],[-82.9,77.9],[-83,77.9],[-83,77.8],[-83.1,77.8],[-83.2,77.7],[-83.3,77.7],[-83.4,77.6],[-83.7,77.5],[-83.9,77.5],[-84.1,77.5],[-84.3,77.5],[-84.8,77.5],[-84.9,77.6],[-84.8,77.6],[-84.7,77.6],[-84.6,77.6],[-84.6,77.7],[-84.5,77.7],[-84.4,77.7],[-84.5,77.7],[-84.5,77.8],[-84.5,77.7],[-84.6,77.7],[-84.7,77.6],[-84.9,77.6],[-85,77.6],[-85.3,77.7],[-85.4,77.7],[-85.2,77.8],[-85.1,77.8],[-85,77.8],[-84.9,77.8],[-85,77.8],[-85.1,77.8],[-85.3,77.8],[-85.4,77.8],[-85.3,77.9],[-85.2,77.9],[-85,77.9],[-84.9,77.9],[-84.8,77.9],[-84.9,77.9],[-84.9,77.8],[-84.7,77.9],[-84.4,77.9],[-84.3,77.9],[-84.5,77.9],[-84.9,77.9],[-85.2,77.9],[-85.4,77.9],[-85.5,77.9],[-85.7,77.9],[-85.7,78],[-85.4,78],[-85.1,78.1],[-85,78.1],[-84.9,78],[-84.7,78],[-84.6,78.1],[-84.5,78.1],[-84.3,78.1],[-84.6,78.1],[-84.7,78.1],[-84.9,78.1],[-85.1,78.1],[-85,78.1],[-85,78.2],[-84.8,78.2],[-84.6,78.2],[-84.4,78.2],[-84.2,78.2],[-84,78.2],[-84.2,78.2],[-84.4,78.2],[-84.8,78.2],[-84.9,78.2],[-85,78.2],[-84.9,78.2],[-84.9,78.3],[-84.8,78.3],[-84.6,78.3],[-84.6,78.4],[-84.7,78.4],[-84.7,78.3],[-84.8,78.3],[-84.8,78.4],[-84.9,78.4],[-84.8,78.4],[-84.8,78.5],[-84.7,78.5],[-84.7,78.6],[-84.6,78.6],[-84.7,78.6],[-84.8,78.5],[-84.9,78.5],[-84.9,78.4],[-85,78.4],[-85,78.3],[-85.1,78.3],[-85.2,78.2],[-85.4,78.2],[-85.4,78.1],[-85.5,78.1],[-85.9,78.1],[-86.2,78.1],[-86.3,78.1],[-86.2,78.1],[-86.3,78.2],[-86.2,78.2],[-86.1,78.2],[-86,78.2],[-85.9,78.2],[-85.9,78.3],[-85.8,78.3],[-85.9,78.4],[-85.8,78.4],[-85.9,78.4],[-85.9,78.3],[-86,78.3],[-86.1,78.3],[-86.1,78.2],[-86.2,78.2],[-86.3,78.2],[-86.4,78.2],[-86.5,78.2],[-86.6,78.2],[-86.7,78.1],[-86.8,78.1],[-87.1,78.1],[-87.5,78.1],[-87.5,78.2],[-87.4,78.2],[-87.1,78.2],[-87.2,78.2],[-87.3,78.2],[-87.4,78.2],[-87.5,78.2],[-87.5,78.3],[-87.5,78.4],[-87.5,78.5],[-87.2,78.5],[-86.9,78.5],[-86.9,78.6],[-87.1,78.6],[-87,78.6],[-87,78.7],[-86.9,78.7],[-86.6,78.8],[-86.5,78.8],[-86,78.8],[-85.8,78.8],[-85.5,78.9],[-85.4,78.9],[-85.2,78.9],[-85,78.9],[-84.7,78.9],[-84.2,78.9],[-83.7,78.8],[-83.5,78.8],[-83.3,78.8],[-83.3,78.7],[-83.2,78.7],[-82.8,78.7],[-82.7,78.7],[-82.7,78.6],[-82.6,78.6],[-82.5,78.6],[-82.4,78.6],[-82.3,78.6],[-82.2,78.6],[-82.5,78.7],[-82.6,78.7],[-82.5,78.7],[-82.2,78.7],[-82.3,78.8],[-82.8,78.7],[-82.9,78.8],[-83,78.8],[-83.1,78.8],[-83.2,78.8],[-83.3,78.8],[-83.2,78.9],[-83,78.9],[-82.6,78.8],[-82.4,78.8],[-82.3,78.8],[-82,78.9],[-81.8,78.9],[-81.7,78.9],[-81.8,78.8],[-81.7,78.8],[-81.7,78.9],[-81.8,78.9],[-81.7,78.9],[-81.7,79],[-81.6,79],[-81.5,79],[-81.5,79.1],[-81.6,79.1],[-81.9,79],[-82,79],[-82.1,78.9],[-82.5,78.9],[-82.6,78.9],[-83,78.9],[-83.3,78.9],[-83.7,78.9],[-84,79],[-84.3,79],[-84.5,79],[-84.8,79],[-84.8,79.1],[-84.7,79.1],[-84.5,79.1],[-84.3,79.1],[-84.2,79.1],[-84.1,79.1],[-84,79.1],[-84.1,79.1],[-84,79.1],[-83.7,79],[-83.4,79],[-83.4,79.1],[-83.5,79],[-83.7,79.1],[-83.9,79.1],[-84,79.1],[-84,79.2],[-83.9,79.2],[-84,79.2],[-84.1,79.2],[-84.3,79.2],[-84.4,79.2],[-84.3,79.2],[-84.3,79.3],[-84.4,79.3],[-84.4,79.4],[-84.5,79.4],[-84.6,79.4],[-84.7,79.4],[-84.9,79.5],[-85,79.5],[-85,79.6],[-85.2,79.7],[-85.3,79.7],[-85.6,79.7],[-85.9,79.7],[-86.2,79.7],[-86.4,79.8],[-86.5,79.8],[-86.4,79.8],[-86.5,79.9],[-86.4,79.9],[-86.4,80],[-86.3,80],[-86,80],[-85.9,79.9],[-85.5,79.9],[-85.4,79.9],[-85.3,79.9],[-85.4,79.9],[-85.5,80],[-85.9,80],[-86,80],[-86.4,80],[-86.5,80],[-86.6,80],[-86.6,80.1],[-86.7,80.1],[-86.6,80.2],[-86.5,80.2],[-86.5,80.3],[-86.4,80.3],[-86.2,80.3],[-85.9,80.3],[-85.7,80.3],[-85.3,80.3],[-85,80.3],[-84.6,80.3],[-84.3,80.3],[-84,80.3],[-83.8,80.3],[-83.3,80.1],[-83.1,80.1],[-82.7,80],[-82.4,79.9],[-82.2,79.9],[-82.1,79.8],[-82,79.8],[-82,79.7],[-81.9,79.7],[-81.8,79.7],[-81.7,79.7],[-81.7,79.6],[-81.6,79.6],[-81.7,79.6],[-81.8,79.6],[-81.7,79.6],[-81.6,79.6],[-81.5,79.6],[-81.4,79.6],[-81,79.6],[-80.6,79.6],[-80.4,79.6],[-80.1,79.7],[-80,79.6],[-79.9,79.6],[-79.8,79.7],[-80.1,79.7],[-80.4,79.7],[-80.9,79.7],[-81.3,79.7],[-81.5,79.7],[-81.5,79.8],[-81.6,79.8],[-81.6,79.9],[-81.7,79.9],[-81.6,79.9],[-81.4,79.9],[-81.5,80],[-81.7,80],[-82,80],[-82.1,80],[-82.2,80],[-82.5,80.1],[-82.9,80.2],[-83,80.3],[-83.2,80.3],[-82.8,80.4],[-82.5,80.4],[-82.3,80.4],[-82,80.4],[-81.6,80.4],[-81.2,80.4],[-80.8,80.5],[-80.4,80.5],[-80.3,80.5],[-80.4,80.5],[-80.1,80.5],[-79.8,80.5],[-79.5,80.5],[-79.4,80.6],[-79,80.5],[-78.9,80.6],[-78.8,80.6],[-78.7,80.6],[-78.4,80.6],[-78.1,80.6],[-78,80.6],[-78.4,80.6],[-78.8,80.6],[-79.3,80.6],[-79.6,80.6],[-80,80.6],[-79.9,80.6],[-79.6,80.7],[-79.4,80.7],[-79.1,80.7],[-78.8,80.7],[-78.6,80.8],[-78.5,80.8],[-78.3,80.8],[-78.2,80.8],[-77.7,80.8],[-77.5,80.8],[-77.1,80.8],[-76.9,80.8],[-76.6,80.8],[-76.5,80.9],[-76.6,80.9],[-76.8,80.9],[-77,80.9],[-77.4,80.9],[-77.7,80.9],[-78,80.9],[-78.1,80.9],[-78.5,80.9],[-78.8,80.9],[-78.9,80.9],[-78.9,81],[-78.5,81.1],[-78.4,81.1],[-78.5,81.2],[-78.4,81.2],[-78.3,81.2],[-78.2,81.2],[-78.1,81.2],[-78,81.2],[-77.8,81.3],[-77.7,81.3],[-77.6,81.3],[-77.4,81.3],[-77.2,81.4],[-77.1,81.4],[-77,81.4],[-76.8,81.4],[-76.7,81.4],[-76.8,81.5],[-76.9,81.5],[-77.3,81.4],[-77.8,81.4],[-77.9,81.3],[-78.2,81.3],[-78.5,81.2],[-78.6,81.2],[-78.7,81.2],[-78.8,81.1],[-78.7,81.1],[-78.9,81.1],[-79.2,81.2],[-79.5,81.2],[-79.2,81.1],[-79.1,81.1],[-79.2,81.1],[-79.3,81.1],[-79.3,81],[-79.2,81],[-79.3,80.9],[-79.4,80.9],[-79.5,80.9],[-79.6,80.8],[-79.9,80.8],[-80.1,80.8],[-80.2,80.8],[-80.4,80.7],[-80.6,80.7],[-80.9,80.7],[-81.2,80.6],[-81.6,80.6],[-81.8,80.6],[-82.1,80.6],[-82.3,80.6],[-82.4,80.6],[-82.7,80.6],[-82.9,80.5],[-83.1,80.5],[-83.2,80.6],[-83.1,80.6],[-83,80.7],[-82.9,80.7],[-82.8,80.7],[-82.5,80.7],[-82.1,80.7],[-82,80.8],[-81.9,80.8],[-81.8,80.8],[-81.9,80.8],[-82,80.8],[-82.1,80.8],[-82.4,80.8],[-82.5,80.8],[-82.6,80.7],[-83,80.7],[-83.3,80.7],[-83.5,80.7],[-83.6,80.7],[-83.5,80.8],[-83.4,80.8],[-83.1,80.8],[-83.3,80.8],[-83.4,80.8],[-83.5,80.8],[-83.6,80.8],[-83.7,80.8],[-83.7,80.7],[-83.9,80.8],[-83.8,80.8],[-83.8,80.7],[-83.7,80.7],[-83.7,80.6],[-83.8,80.6],[-83.8,80.5],[-83.9,80.5],[-84.1,80.5],[-84.4,80.5],[-84.7,80.5],[-84.9,80.5],[-85.1,80.5],[-85.6,80.5],[-85.7,80.5],[-85.8,80.5],[-85.9,80.5],[-85.8,80.6],[-85.6,80.6],[-85.8,80.6],[-86.1,80.5],[-86.4,80.6],[-86.7,80.6],[-86.7,80.7],[-86.6,80.7],[-86.2,80.8],[-85.8,80.9],[-85.6,81],[-85.5,81],[-85.4,81],[-85.2,81],[-85,81],[-84.9,81],[-84.6,81],[-84.2,81.1],[-84.1,81.1],[-83.7,81.1],[-83.2,81.1],[-82.8,81.1],[-82.7,81.1],[-82.5,81.2],[-82.4,81.2],[-82.8,81.2],[-83.3,81.1],[-83.7,81.1],[-84.2,81.1],[-84.3,81.1],[-84.7,81.1],[-85.2,81.1],[-85.3,81.1],[-85.4,81.1],[-85.5,81.1],[-85.8,81],[-86.1,81],[-86.4,80.9],[-86.5,80.9],[-86.6,80.9],[-86.6,80.8],[-87.1,80.7],[-87.2,80.7],[-87.3,80.6],[-87.5,80.6],[-87.7,80.6],[-87.9,80.7],[-88.1,80.7],[-88.4,80.7],[-88.6,80.8],[-88.9,80.8],[-89.2,80.9],[-89.4,80.9],[-89.5,80.9],[-89.4,80.9],[-89.3,80.9],[-89.3,81],[-89,81],[-88.9,81],[-88.4,81],[-88.1,81],[-87.8,81],[-87.6,81],[-87.1,81],[-87,81],[-86.7,81],[-86.5,81],[-86.3,81.1],[-86,81.1],[-85.9,81.1],[-85.8,81.1],[-85.9,81.1],[-85.8,81.1],[-85.7,81.2],[-85.6,81.2],[-85.5,81.2],[-85.2,81.2],[-84.8,81.3],[-84.7,81.3],[-84.8,81.3],[-84.9,81.3],[-85,81.3],[-85.2,81.3],[-85.6,81.3],[-85.9,81.2],[-86.2,81.2],[-86.3,81.2],[-86.5,81.1],[-86.9,81.1],[-87.4,81.1],[-87.9,81.1],[-88.4,81.1],[-88.8,81],[-89.3,81],[-89.8,81],[-89.9,81],[-90,81],[-90.1,81],[-90.2,81.1],[-90.3,81.1],[-90.3,81.2],[-90.4,81.2],[-90.3,81.2],[-90,81.2],[-89.9,81.2],[-89.8,81.2],[-89.6,81.2],[-89.2,81.2],[-88.9,81.2],[-89,81.3],[-89.4,81.3],[-89.6,81.3],[-89.8,81.3],[-90,81.3],[-89.9,81.3],[-89.6,81.4],[-89.5,81.4],[-89.2,81.4],[-89,81.5],[-88.9,81.5],[-88.8,81.5],[-88.9,81.5],[-88.5,81.5],[-88.3,81.5],[-87.9,81.5],[-88,81.5],[-87.9,81.5],[-87.8,81.5],[-87.7,81.5],[-87.5,81.5],[-87.3,81.5],[-87.2,81.5],[-87.3,81.5],[-87.7,81.5],[-88,81.6],[-88.1,81.6],[-88.2,81.6],[-88.3,81.6],[-88.4,81.6],[-88.5,81.6],[-88.6,81.6],[-89,81.5],[-89.3,81.5],[-89.5,81.5],[-89.8,81.4],[-90.3,81.4],[-90.4,81.4],[-90.5,81.4],[-90.6,81.4],[-90.5,81.4],[-90.9,81.4],[-90.8,81.5],[-90.5,81.5],[-90.1,81.6],[-90,81.6],[-89.9,81.6],[-89.6,81.6],[-89.8,81.6],[-90.1,81.6],[-90,81.6],[-90,81.7],[-90.1,81.7],[-90.2,81.7],[-90.3,81.7],[-90.4,81.7],[-90.3,81.7],[-90.3,81.6],[-90.4,81.7],[-90.5,81.7],[-90.7,81.7],[-90.8,81.6],[-90.9,81.6],[-91,81.6],[-91.1,81.5],[-91.1,81.6],[-91.5,81.5],[-91.4,81.5],[-91.4,81.6],[-91.5,81.6],[-91.8,81.6],[-91.9,81.6],[-91.9,81.7],[-92,81.7],[-91.9,81.7],[-91.8,81.7],[-91.7,81.7],[-91.8,81.7],[-91.7,81.7],[-91.6,81.7],[-91.6,81.8],[-91.5,81.8],[-91.4,81.8],[-91.2,81.8],[-91.1,81.8],[-91,81.8],[-91.1,81.8],[-91.2,81.8],[-91.1,81.8],[-91,81.8],[-90.7,81.8],[-90.7,81.9],[-90.6,81.9],[-90.2,81.9],[-89.9,81.9],[-90,81.9],[-89.9,81.9],[-89.8,81.9],[-89.7,81.9],[-89.6,81.9],[-89.5,81.8],[-89.4,81.8],[-89.3,81.8],[-89.4,81.8],[-89.3,81.8],[-89.2,81.9],[-89.1,81.9],[-89.2,81.9],[-89.4,81.9],[-89.3,81.9],[-89.1,81.9],[-89,81.9],[-89.1,82],[-89,82],[-88.7,82.1],[-88.2,82.1],[-88.1,82.1],[-88,82.1],[-87.8,82.1],[-87.6,82.1],[-87.4,82.1],[-87.2,82],[-87.3,82],[-87,81.9],[-86.7,81.9],[-86.8,81.9],[-87.1,82],[-86.8,82],[-86.9,82],[-87,82],[-87,82.1],[-86.6,82.1],[-86.3,82],[-86.2,82],[-86.1,82],[-86,82],[-85.7,81.9],[-85.4,81.9],[-85.6,81.9],[-85.7,82],[-85.3,82],[-85.2,82],[-85,81.9],[-84.9,81.9],[-84.8,81.9],[-84.9,81.9],[-85.1,82],[-85,82],[-84.9,82],[-84.8,82],[-84.8,81.9],[-84.7,81.9],[-84.6,81.9],[-84.7,81.9],[-84.7,82],[-84.8,82],[-85.2,82],[-85.7,82.1],[-86.2,82.1],[-86.7,82.1],[-86.9,82.2],[-86.8,82.2],[-86.6,82.2],[-86.4,82.2],[-86,82.2],[-85.7,82.2],[-85.6,82.3],[-85.5,82.3],[-85.4,82.3],[-85.5,82.3],[-85.4,82.3],[-85.4,82.4],[-85.5,82.4],[-85.7,82.4],[-85.8,82.4],[-85.9,82.4],[-85.8,82.5],[-85.4,82.5],[-85.1,82.5],[-84.7,82.5],[-84.6,82.5],[-84.6,82.4],[-84.9,82.4],[-84.5,82.4],[-84.4,82.4],[-84.3,82.4],[-84.2,82.4],[-83.9,82.4],[-83.7,82.3],[-83.4,82.3],[-83.4,82.2],[-83.3,82.2],[-83,82.2],[-83,82.1],[-83.1,82.1],[-82.8,82.1],[-82.4,82.1],[-82.1,82.1],[-81.9,82],[-81.9,82.1],[-82.1,82.1],[-82.6,82.1],[-82.8,82.2],[-83,82.2],[-83,82.3],[-82.6,82.2],[-82.4,82.2],[-82.1,82.2],[-81.9,82.2],[-81.6,82.1],[-81.1,82.1],[-80.6,82],[-80.5,82],[-80.4,82],[-80,82],[-79.6,81.9],[-79.6,81.8],[-79.5,81.8],[-79.2,81.8],[-79.7,81.9],[-79.7,82],[-79.8,82],[-79.9,82],[-79.8,82],[-79.9,82],[-80.2,82.1],[-80.6,82.1],[-80.9,82.1],[-81,82.1],[-80.9,82.2],[-81.3,82.2],[-81.8,82.2],[-82.2,82.3],[-82.7,82.4],[-82.5,82.5],[-82,82.5],[-81.5,82.5],[-81.6,82.5],[-81.9,82.5],[-82.3,82.6],[-82.4,82.6],[-82.3,82.7],[-82.1,82.7],[-81.7,82.7],[-81.4,82.6],[-81.2,82.6],[-80.9,82.5],[-80.6,82.5],[-80.6,82.6],[-80.8,82.6],[-81.1,82.7],[-81.2,82.7],[-81.3,82.7],[-81.4,82.8],[-81.5,82.8],[-81.6,82.8],[-81.5,82.8],[-81.1,82.8],[-80.7,82.8],[-80.3,82.8],[-80.2,82.7],[-80.1,82.7],[-80.2,82.7],[-80.1,82.7],[-79.9,82.7],[-79.9,82.6],[-79.8,82.6],[-79.8,82.7],[-79.9,82.7],[-80,82.7],[-79.9,82.7],[-79.5,82.7],[-79.1,82.7],[-79,82.7],[-78.9,82.7],[-78.5,82.7],[-79,82.7],[-79.4,82.7],[-79.9,82.8],[-80,82.8],[-79.9,82.8],[-79.7,82.8],[-80,82.8],[-80.4,82.9],[-80.3,82.9],[-80.2,82.9],[-79.7,83],[-79.3,83],[-79.2,83],[-79.2,82.9],[-79.1,82.9],[-79,82.9],[-78.8,82.9],[-78.7,82.9],[-78.6,82.9],[-78.5,82.9],[-78.6,82.9],[-78.5,82.8],[-78.5,82.9],[-78.4,82.9],[-78.3,82.9],[-78.2,82.8],[-78.1,82.8],[-78.2,82.8],[-78.2,82.9],[-78.1,82.9],[-78,82.9],[-78.1,82.9],[-77.9,82.9],[-77.5,82.9],[-77.1,82.9],[-77,82.8],[-76.9,82.8],[-77,82.8],[-76.9,82.8],[-76.8,82.8],[-76.7,82.7],[-76.6,82.7],[-76.4,82.7],[-76.4,82.6],[-76.3,82.6],[-76.2,82.6],[-76,82.6],[-75.9,82.6],[-76,82.6],[-76.1,82.5],[-76.2,82.5],[-76.3,82.5],[-76.2,82.5],[-75.9,82.5],[-75.7,82.6],[-75.5,82.6],[-75.4,82.6],[-75.8,82.7],[-76.1,82.7],[-76.2,82.7],[-76.3,82.7],[-76.3,82.8],[-76.2,82.8],[-76.1,82.8],[-76,82.8],[-76.4,82.8],[-76.5,82.8],[-76.7,82.9],[-77,82.9],[-77.4,83],[-77.3,83],[-77.1,83],[-77.2,83],[-77.1,83],[-76.7,83],[-76.2,83],[-76.1,83.1],[-75.8,83],[-75.4,83],[-75.3,83],[-75.2,83],[-75.1,83],[-74.6,83],[-74.2,83],[-74.1,83],[-74,83],[-74,82.9],[-73.9,82.9],[-73.8,82.9],[-73.4,82.8],[-73,82.8],[-72.6,82.7],[-72.5,82.7],[-72.8,82.8],[-73.1,82.8],[-73.3,82.8],[-73.4,82.8],[-73.4,82.9],[-73.5,82.9],[-73.6,82.9],[-73.7,82.9],[-73.6,82.9],[-73.6,83],[-73.4,83],[-73.2,83],[-72.9,83],[-72.9,83.1],[-73,83.1],[-72.8,83.1],[-72.7,83.1],[-72.6,83.1],[-72.5,83.1],[-72.3,83.1],[-72,83.1],[-71.6,83.1],[-71.8,83],[-71.6,83],[-71.6,82.9],[-71.2,82.9],[-70.8,82.9],[-70.9,82.9],[-71.3,83],[-71.5,83],[-71.3,83.1],[-71.1,83.1],[-71,83.1],[-70.9,83.1],[-70.8,83.1],[-70.9,83.1],[-70.8,83.1],[-70.4,83.1],[-70.1,83.1],[-69.7,83.1],[-69.8,83.1],[-69.7,83.1],[-69.7,83],[-69.5,83],[-69.6,83],[-69.7,83],[-69.6,83],[-69.2,83],[-69,83],[-68.7,83],[-68.6,83],[-68.5,83],[-68.2,83],[-68.1,83],[-68.2,83],[-68.2,82.9],[-68.1,82.9],[-68,83],[-67.6,83],[-67.2,82.9],[-67.1,82.9],[-67.1,83],[-66.9,83],[-67,82.9],[-66.9,82.9],[-66.8,83],[-66.7,83],[-66.7,82.9],[-66.4,82.9],[-66.3,82.9],[-66.4,82.9],[-66.3,82.9],[-66.4,82.9],[-66.8,82.8],[-67.2,82.8],[-67.5,82.8],[-67.6,82.8],[-67.7,82.7],[-67.8,82.7],[-67.9,82.7],[-68.1,82.7],[-68.4,82.7],[-68.5,82.7],[-68.6,82.7],[-68.7,82.6],[-68.6,82.6],[-68.2,82.6],[-67.8,82.6],[-67.4,82.7],[-67.3,82.7],[-67.1,82.7],[-66.9,82.7],[-66.7,82.7],[-66.6,82.7],[-66.7,82.7],[-66.6,82.8],[-66.2,82.8],[-65.9,82.8],[-65.5,82.8],[-65.4,82.8],[-65.2,82.8],[-65.3,82.8],[-65.4,82.8],[-65.3,82.8],[-65.2,82.8],[-65.2,82.9],[-65.1,82.9],[-65.3,82.9],[-65.2,82.9],[-65.1,82.9],[-64.7,82.9],[-64.9,82.9],[-64.7,82.9],[-64.7,82.8],[-64.8,82.8],[-64.7,82.8],[-64.6,82.8],[-64.5,82.8],[-64.4,82.8],[-64.3,82.8],[-64.1,82.8],[-63.8,82.8],[-63.4,82.8],[-63.5,82.7],[-63.9,82.7],[-63.7,82.7],[-63.6,82.7],[-63.5,82.7],[-63.6,82.7],[-63.5,82.7],[-63.4,82.7],[-63.3,82.7],[-63.2,82.6],[-63.3,82.6],[-63.4,82.6],[-63,82.6],[-62.9,82.6],[-63,82.6],[-63.1,82.5],[-63.3,82.5],[-63.4,82.4],[-63,82.5],[-62.9,82.5],[-62.8,82.5],[-62.7,82.5],[-62.8,82.5],[-62.7,82.5],[-62.5,82.5],[-62.2,82.5],[-62.3,82.5],[-62.4,82.5],[-62.3,82.5],[-62.2,82.5],[-62.3,82.5],[-62.1,82.5],[-61.8,82.5],[-61.6,82.5],[-61.3,82.5],[-61.1,82.4],[-61.1,82.3]]],[[[-100.9,69.8],[-100.9,69.7],[-101,69.7],[-101.1,69.7],[-101.2,69.7],[-101.3,69.7],[-101.4,69.7],[-101.4,69.8],[-101.5,69.8],[-101.4,69.9],[-101.5,69.9],[-101.6,69.8],[-101.6,69.7],[-101.7,69.7],[-101.7,69.6],[-101.7,69.7],[-101.9,69.7],[-102,69.8],[-102,69.9],[-102.1,69.9],[-102.1,69.8],[-102.2,69.8],[-102.2,69.9],[-102.3,69.9],[-102.2,69.9],[-102.3,69.9],[-102.3,69.8],[-102.4,69.8],[-102.5,69.8],[-102.6,69.7],[-102.6,69.8],[-102.7,69.8],[-102.6,69.7],[-102.5,69.7],[-102.5,69.6],[-102.6,69.5],[-102.7,69.6],[-102.8,69.5],[-102.9,69.6],[-103,69.6],[-103.1,69.6],[-103.2,69.6],[-103.3,69.7],[-103.4,69.7],[-103.5,69.7],[-103.5,69.6],[-103.4,69.6],[-103.3,69.6],[-103.2,69.6],[-103.2,69.5],[-103.1,69.4],[-103.1,69.5],[-103,69.5],[-103,69.4],[-103,69.3],[-103.1,69.2],[-103.2,69.2],[-103.2,69.1],[-103.1,69.1],[-103.1,69.2],[-103,69.2],[-102.9,69.3],[-102.9,69.4],[-102.8,69.4],[-102.7,69.4],[-102.6,69.4],[-102.5,69.4],[-102.5,69.5],[-102.4,69.5],[-102.3,69.5],[-102.2,69.5],[-102.1,69.5],[-102,69.4],[-101.9,69.4],[-102,69.4],[-102.1,69.4],[-102.2,69.4],[-102.2,69.3],[-102.1,69.3],[-102,69.3],[-102.1,69.3],[-102.1,69.2],[-102.1,69.3],[-102.2,69.3],[-102.2,69.2],[-102.1,69.2],[-102,69.2],[-102,69.3],[-101.9,69.3],[-101.9,69.2],[-101.8,69.2],[-101.8,69.1],[-101.9,69],[-101.8,69],[-102,69],[-102.1,69],[-102.2,69],[-102.3,68.9],[-102.4,69],[-102.4,68.9],[-102.5,68.9],[-102.6,68.9],[-102.7,68.9],[-102.8,68.9],[-102.7,68.9],[-102.7,68.8],[-102.8,68.8],[-102.9,68.8],[-103,68.8],[-103.1,68.8],[-103.2,68.8],[-103.3,68.8],[-103.4,68.8],[-103.5,68.8],[-103.6,68.8],[-103.7,68.8],[-103.8,68.8],[-103.9,68.8],[-103.9,68.9],[-104,68.9],[-104.1,68.9],[-104.2,68.9],[-104.3,68.9],[-104.4,68.9],[-104.5,68.9],[-104.6,68.9],[-104.9,68.9],[-105.1,68.9],[-105.2,68.9],[-105.3,69],[-105.2,69],[-105.1,69],[-105,69],[-105.1,69],[-105,69],[-104.9,69],[-104.9,69.1],[-105,69.1],[-105.1,69.1],[-105,69.1],[-105.2,69.1],[-105.3,69.1],[-105.5,69.1],[-105.5,69.2],[-105.9,69.2],[-106,69.1],[-106.1,69.2],[-106.2,69.1],[-106.3,69.2],[-106.4,69.2],[-106.3,69.3],[-106.3,69.4],[-106.4,69.4],[-106.5,69.5],[-106.6,69.5],[-106.7,69.5],[-106.7,69.4],[-106.8,69.4],[-106.9,69.4],[-107,69.4],[-107,69.3],[-106.9,69.3],[-106.9,69.2],[-107,69.2],[-107.1,69.2],[-107.2,69.1],[-107.3,69.1],[-107.3,69],[-107.5,69],[-107.9,69],[-107.9,68.9],[-108.2,68.9],[-108.3,69],[-108.5,68.9],[-108.6,68.9],[-108.5,68.9],[-108.6,68.9],[-108.7,68.8],[-108.8,68.8],[-108.9,68.8],[-109,68.7],[-109.3,68.7],[-109.6,68.6],[-109.8,68.6],[-109.9,68.6],[-110,68.6],[-110.2,68.6],[-110.3,68.6],[-110.4,68.6],[-110.6,68.6],[-110.7,68.6],[-110.8,68.6],[-111,68.5],[-111,68.6],[-110.8,68.6],[-110.9,68.6],[-111,68.6],[-111.1,68.6],[-111.4,68.6],[-111.3,68.6],[-111.2,68.6],[-111.3,68.5],[-111.5,68.5],[-111.9,68.5],[-112.2,68.5],[-112.3,68.5],[-112.4,68.5],[-112.6,68.5],[-112.7,68.5],[-112.9,68.5],[-113.2,68.5],[-113.3,68.5],[-113.2,68.5],[-113.1,68.5],[-113,68.5],[-113.1,68.5],[-113.2,68.6],[-113.3,68.6],[-113.4,68.6],[-113.5,68.7],[-113.4,68.7],[-113.5,68.7],[-113.6,68.7],[-113.6,68.8],[-113.7,68.8],[-113.6,68.8],[-113.6,68.9],[-113.7,68.9],[-113.6,68.9],[-113.6,69],[-113.5,69],[-113.6,69.1],[-113.7,69.1],[-113.6,69.1],[-113.7,69.2],[-113.6,69.2],[-113.5,69.2],[-113.6,69.2],[-113.9,69.2],[-113.9,69.3],[-114,69.2],[-114.1,69.3],[-114.2,69.3],[-114.3,69.3],[-114.4,69.3],[-114.9,69.3],[-115,69.3],[-115.1,69.3],[-115.1,69.2],[-115.2,69.2],[-115.6,69.3],[-116,69.3],[-116.1,69.3],[-116.4,69.4],[-116.5,69.4],[-116.6,69.5],[-116.6,69.6],[-116.8,69.6],[-116.7,69.6],[-116.7,69.5],[-116.8,69.6],[-116.9,69.6],[-116.8,69.6],[-116.9,69.6],[-116.9,69.7],[-117,69.7],[-117.1,69.7],[-117.2,69.8],[-117.3,69.8],[-117.3,69.9],[-117.4,69.9],[-117.4,70],[-117.3,70.1],[-117.2,70.1],[-117,70.1],[-116.7,70.1],[-116.5,70.2],[-116,70.2],[-115.6,70.2],[-115.2,70.3],[-115.1,70.3],[-114.8,70.3],[-114.5,70.3],[-114.2,70.3],[-114,70.3],[-113.6,70.3],[-113.5,70.3],[-113.2,70.3],[-113,70.2],[-113,70.3],[-112.9,70.2],[-112.8,70.2],[-112.6,70.2],[-112.5,70.2],[-112.6,70.2],[-112.5,70.2],[-112.4,70.2],[-112.3,70.2],[-112.4,70.3],[-112.3,70.3],[-112.2,70.3],[-112.1,70.3],[-112.3,70.3],[-111.9,70.3],[-111.8,70.3],[-111.7,70.3],[-111.6,70.3],[-111.5,70.3],[-111.4,70.3],[-111.5,70.3],[-111.6,70.3],[-111.5,70.3],[-111.5,70.4],[-111.6,70.4],[-111.8,70.4],[-111.9,70.4],[-112,70.4],[-112.1,70.4],[-112.1,70.5],[-112.2,70.5],[-112.3,70.5],[-112.4,70.5],[-112.5,70.5],[-112.6,70.5],[-112.6,70.6],[-112.7,70.6],[-112.8,70.6],[-112.9,70.5],[-112.9,70.6],[-113.1,70.6],[-113.2,70.6],[-113.4,70.6],[-113.4,70.7],[-113.5,70.7],[-113.6,70.6],[-113.6,70.7],[-113.7,70.7],[-114,70.7],[-114.1,70.7],[-114.2,70.7],[-114.3,70.7],[-114.4,70.7],[-114.5,70.6],[-114.9,70.6],[-115,70.6],[-115.2,70.6],[-115.5,70.6],[-115.6,70.6],[-115.7,70.6],[-116,70.6],[-116.2,70.6],[-116.6,70.6],[-116.7,70.6],[-117,70.6],[-117.2,70.6],[-117.3,70.6],[-117.4,70.6],[-117.3,70.6],[-117.4,70.6],[-117.5,70.6],[-117.6,70.6],[-117.7,70.6],[-117.7,70.7],[-117.8,70.7],[-117.9,70.7],[-118.2,70.8],[-118.3,70.9],[-118.4,71],[-118.1,71.1],[-117.8,71.2],[-117.5,71.2],[-117.1,71.2],[-116.9,71.2],[-116.8,71.3],[-116.3,71.4],[-116.1,71.4],[-116.2,71.4],[-116.2,71.3],[-116.1,71.3],[-116.1,71.4],[-115.8,71.4],[-115.7,71.4],[-115.8,71.4],[-115.9,71.4],[-116.1,71.4],[-116.2,71.4],[-116,71.4],[-115.7,71.5],[-115.8,71.5],[-115.7,71.5],[-115.6,71.5],[-115.5,71.5],[-115.4,71.5],[-115.3,71.5],[-115.2,71.5],[-115.1,71.5],[-115.3,71.5],[-115.4,71.5],[-115.5,71.5],[-115.6,71.5],[-115.5,71.5],[-115.6,71.6],[-115.8,71.5],[-115.9,71.5],[-116,71.5],[-116.1,71.5],[-116.2,71.5],[-116.6,71.5],[-116.7,71.5],[-116.8,71.4],[-116.9,71.4],[-117,71.4],[-117.1,71.4],[-117.2,71.4],[-117.3,71.4],[-117.4,71.4],[-117.4,71.5],[-117.5,71.5],[-117.4,71.5],[-117.5,71.5],[-117.6,71.5],[-117.6,71.4],[-117.5,71.4],[-117.6,71.4],[-117.7,71.4],[-117.8,71.4],[-117.9,71.4],[-118.2,71.4],[-118.3,71.4],[-118.3,71.5],[-118.1,71.5],[-117.9,71.5],[-117.8,71.5],[-117.8,71.6],[-117.7,71.6],[-117.8,71.6],[-117.9,71.6],[-118,71.6],[-117.9,71.6],[-117.7,71.7],[-118.1,71.7],[-118.2,71.6],[-118.3,71.6],[-118.4,71.6],[-118.5,71.6],[-118.5,71.7],[-118.6,71.7],[-118.6,71.6],[-118.7,71.6],[-118.7,71.7],[-118.8,71.7],[-118.9,71.7],[-118.9,71.6],[-119,71.6],[-119.1,71.6],[-119.1,71.7],[-119.1,71.8],[-119.1,71.9],[-118.9,72],[-118.8,72],[-118.7,72.1],[-118.6,72.2],[-118.4,72.2],[-118.1,72.2],[-118.1,72.3],[-118.2,72.3],[-118.4,72.3],[-118.5,72.4],[-118.6,72.4],[-118.6,72.5],[-118.5,72.5],[-118.3,72.6],[-118.2,72.6],[-118.1,72.6],[-118,72.7],[-117.9,72.7],[-117.8,72.7],[-117.6,72.8],[-117.5,72.8],[-117.5,72.9],[-117.4,72.9],[-117.2,72.9],[-117.1,72.9],[-116.9,73],[-116.6,73],[-116.6,73.1],[-116.5,73.1],[-116.4,73.1],[-116.3,73.1],[-116.2,73.1],[-116,73.1],[-115.8,73.2],[-115.6,73.2],[-115.4,73.2],[-115.4,73.3],[-115.3,73.3],[-115.2,73.3],[-115.1,73.3],[-114.9,73.3],[-114.7,73.4],[-114.6,73.4],[-114.4,73.3],[-114.3,73.3],[-114.2,73.3],[-114,73.2],[-114,73.1],[-114,73],[-114,72.9],[-114.1,72.9],[-114,72.9],[-114,72.8],[-114.2,72.8],[-114.3,72.8],[-114.4,72.7],[-114.3,72.7],[-114.2,72.7],[-114.3,72.7],[-114.4,72.7],[-114.4,72.6],[-114.5,72.6],[-114.6,72.6],[-114.5,72.6],[-114.6,72.6],[-114.5,72.6],[-114.4,72.6],[-114.3,72.6],[-114.1,72.6],[-113.9,72.7],[-113.9,72.6],[-113.8,72.6],[-113.6,72.7],[-113.5,72.7],[-113.6,72.7],[-113.7,72.6],[-113.6,72.6],[-113.5,72.7],[-113.4,72.7],[-113.4,72.8],[-113.6,72.8],[-113.5,72.8],[-113.4,72.9],[-113.2,73],[-113,73],[-112.9,73],[-112.8,73],[-112.5,73],[-112.4,72.9],[-112.3,72.9],[-112.1,72.9],[-112,72.9],[-111.9,72.9],[-111.7,72.8],[-111.6,72.8],[-111.5,72.8],[-111.5,72.7],[-111.4,72.7],[-111.3,72.7],[-111.2,72.7],[-111.2,72.6],[-111.3,72.6],[-111.5,72.5],[-111.4,72.5],[-111.6,72.4],[-111.9,72.4],[-111.9,72.3],[-111.8,72.3],[-111.7,72.3],[-111.7,72.4],[-111.6,72.3],[-111.7,72.3],[-111.8,72.2],[-111.7,72.2],[-111.7,72.3],[-111.6,72.3],[-111.5,72.3],[-111.4,72.3],[-111.4,72.4],[-111.5,72.4],[-111.5,72.3],[-111.6,72.3],[-111.6,72.4],[-111.5,72.4],[-111.4,72.4],[-111.3,72.5],[-111.2,72.5],[-111.2,72.4],[-111.3,72.4],[-111.4,72.4],[-111.3,72.4],[-111.4,72.4],[-111.4,72.3],[-111.3,72.4],[-111.2,72.4],[-111.2,72.3],[-111.1,72.3],[-111,72.3],[-111.1,72.3],[-111.1,72.4],[-111,72.4],[-111,72.5],[-110.9,72.5],[-110.8,72.5],[-110.7,72.6],[-110.6,72.6],[-110.5,72.6],[-110.5,72.5],[-110.6,72.5],[-110.5,72.5],[-110.4,72.5],[-110.4,72.4],[-110.3,72.4],[-110.5,72.5],[-110.4,72.5],[-110.4,72.6],[-110.3,72.6],[-110.3,72.5],[-110.2,72.5],[-110.1,72.5],[-110.1,72.4],[-110,72.4],[-110,72.5],[-109.9,72.4],[-109.8,72.4],[-109.8,72.5],[-110,72.5],[-110.3,72.6],[-110.2,72.6],[-110.1,72.6],[-110,72.5],[-109.9,72.5],[-109.8,72.5],[-109.9,72.5],[-109.9,72.6],[-110,72.6],[-110.1,72.7],[-110.2,72.6],[-110.3,72.7],[-110.2,72.7],[-110.1,72.7],[-110,72.7],[-109.9,72.7],[-109.8,72.7],[-109.9,72.7],[-109.8,72.7],[-109.9,72.7],[-110,72.7],[-110,72.8],[-110.1,72.8],[-110.2,72.8],[-110.2,72.7],[-110.3,72.7],[-110.2,72.8],[-110.5,72.8],[-110.6,72.9],[-110.7,72.9],[-110.7,73],[-110.8,73],[-110.7,73],[-110.4,73],[-110.1,73],[-110,73],[-109.9,73],[-109.9,72.9],[-109.8,72.9],[-109.7,72.9],[-109.6,72.9],[-109.7,72.9],[-109.8,72.9],[-109.4,72.8],[-109.2,72.8],[-109.1,72.7],[-109.2,72.7],[-109.1,72.7],[-108.9,72.7],[-109,72.7],[-109,72.6],[-109.1,72.6],[-109,72.6],[-108.9,72.6],[-108.8,72.6],[-108.9,72.6],[-108.7,72.6],[-108.6,72.6],[-108.6,72.5],[-108.6,72.4],[-108.7,72.4],[-108.7,72.3],[-108.6,72.3],[-108.5,72.2],[-108.5,72.1],[-108.5,72.2],[-108.4,72.2],[-108.4,72.1],[-108.4,72],[-108.3,72],[-108.3,71.9],[-108.3,72],[-108.2,72],[-108.2,71.9],[-108.3,71.9],[-108.2,71.8],[-108.3,71.8],[-108.2,71.8],[-108.2,71.7],[-108.1,71.7],[-108,71.7],[-108,71.6],[-107.9,71.6],[-107.8,71.6],[-107.7,71.6],[-107.8,71.7],[-107.7,71.7],[-107.6,71.7],[-107.6,71.8],[-107.5,71.8],[-107.3,71.8],[-107.4,71.8],[-107.4,71.9],[-107.5,71.9],[-107.4,71.9],[-107.3,71.9],[-107.4,71.9],[-107.4,72],[-107.5,72],[-107.6,72],[-107.7,72.1],[-107.6,72.1],[-107.7,72.1],[-107.6,72.1],[-107.8,72.1],[-107.8,72.2],[-107.8,72.3],[-107.9,72.3],[-107.8,72.3],[-107.7,72.3],[-107.8,72.3],[-107.8,72.4],[-107.9,72.4],[-107.8,72.4],[-107.8,72.5],[-107.9,72.5],[-108,72.5],[-107.9,72.5],[-107.9,72.6],[-108,72.6],[-108,72.7],[-108.1,72.7],[-108.1,72.8],[-108.1,72.9],[-108.2,72.9],[-108.2,73],[-108.1,73],[-108.2,73],[-108.2,73.1],[-108.3,73.1],[-108.3,73.2],[-108.2,73.2],[-108.1,73.2],[-107.9,73.2],[-108.1,73.2],[-108.1,73.3],[-108.2,73.3],[-108.1,73.3],[-108,73.3],[-108.1,73.3],[-108.1,73.4],[-108,73.4],[-107.8,73.3],[-107.7,73.3],[-107.5,73.3],[-107.3,73.2],[-107.2,73.2],[-107.1,73.2],[-107,73.2],[-107.1,73.2],[-107.1,73.3],[-107,73.3],[-106.9,73.3],[-106.8,73.3],[-106.7,73.3],[-106.7,73.2],[-106.6,73.2],[-106.5,73.2],[-106.4,73.2],[-106.4,73.1],[-106.3,73.1],[-106.2,73.1],[-106,73.1],[-106,73],[-106,73.1],[-105.9,73.1],[-105.8,73.1],[-105.8,73],[-105.6,73],[-105.6,72.9],[-105.5,72.9],[-105.6,72.9],[-105.5,72.9],[-105.5,72.8],[-105.4,72.8],[-105.3,72.8],[-105.3,72.7],[-105.4,72.7],[-105.4,72.8],[-105.5,72.8],[-105.4,72.7],[-105.5,72.7],[-105.4,72.7],[-105.3,72.7],[-105.3,72.6],[-105.2,72.6],[-105.2,72.5],[-105.3,72.5],[-105.3,72.4],[-105.2,72.4],[-105.1,72.3],[-105,72.3],[-105,72.2],[-105,72.1],[-104.9,72.1],[-104.9,72],[-104.8,71.9],[-104.8,71.8],[-104.7,71.8],[-104.6,71.8],[-104.5,71.7],[-104.4,71.6],[-104.4,71.5],[-104.3,71.5],[-104.3,71.4],[-104.3,71.3],[-104.4,71.4],[-104.5,71.4],[-104.5,71.3],[-104.4,71.2],[-104.5,71.2],[-104.6,71.1],[-104.3,71],[-104.2,71],[-104.1,70.9],[-104,70.8],[-103.9,70.7],[-103.9,70.8],[-103.9,70.7],[-103.8,70.7],[-103.7,70.7],[-103.6,70.7],[-103.6,70.6],[-103.5,70.6],[-103.3,70.6],[-103.2,70.6],[-103.2,70.5],[-103.1,70.5],[-103,70.5],[-102.9,70.5],[-103,70.5],[-103.1,70.5],[-103.1,70.6],[-103.2,70.6],[-103.2,70.7],[-103.1,70.7],[-103,70.7],[-103,70.6],[-102.9,70.6],[-102.8,70.6],[-102.9,70.5],[-102.7,70.5],[-102.6,70.5],[-102.5,70.4],[-102.4,70.4],[-102.2,70.4],[-102.2,70.3],[-102.1,70.3],[-102,70.3],[-101.9,70.3],[-101.8,70.3],[-101.7,70.3],[-101.6,70.3],[-101.6,70.2],[-101.6,70.1],[-101.5,70.1],[-101.4,70.1],[-101.4,70.2],[-101.3,70.2],[-101.3,70.1],[-101.2,70.1],[-101.2,70.2],[-101.1,70.2],[-101,70.2],[-101,70.1],[-100.9,70],[-101,69.9],[-100.9,69.9],[-100.9,69.8]]],[[[-67.2,45.2],[-67.3,45.2],[-67.4,45.2],[-67.5,45.3],[-67.4,45.4],[-67.5,45.5],[-67.4,45.5],[-67.4,45.6],[-67.5,45.6],[-67.6,45.6],[-67.7,45.6],[-67.7,45.7],[-67.8,45.7],[-67.8,45.8],[-67.8,45.9],[-67.8,46],[-67.8,46.1],[-67.8,46.2],[-67.8,46.4],[-67.8,46.5],[-67.8,46.6],[-67.8,46.8],[-67.8,46.9],[-67.8,47],[-67.8,47.1],[-67.9,47.1],[-67.9,47.2],[-68,47.2],[-68.1,47.3],[-68.2,47.3],[-68.2,47.4],[-68.3,47.4],[-68.4,47.3],[-68.5,47.3],[-68.6,47.3],[-68.6,47.2],[-68.7,47.2],[-68.8,47.2],[-68.9,47.2],[-69,47.2],[-69.1,47.3],[-69.1,47.4],[-69.2,47.5],[-69.3,47.5],[-69.3,47.4],[-69.4,47.4],[-69.4,47.3],[-69.5,47.2],[-69.6,47.1],[-69.7,47],[-69.8,46.9],[-69.9,46.8],[-70,46.7],[-70,46.6],[-70.1,46.5],[-70.1,46.4],[-70.2,46.4],[-70.2,46.3],[-70.3,46.3],[-70.3,46.2],[-70.2,46.2],[-70.2,46.1],[-70.3,46.1],[-70.3,46],[-70.3,45.9],[-70.4,45.8],[-70.4,45.7],[-70.5,45.7],[-70.6,45.7],[-70.7,45.6],[-70.7,45.5],[-70.7,45.4],[-70.6,45.4],[-70.7,45.4],[-70.8,45.4],[-70.8,45.3],[-70.9,45.3],[-70.9,45.2],[-71,45.3],[-71.1,45.3],[-71.2,45.2],[-71.2,45.3],[-71.3,45.3],[-71.4,45.3],[-71.4,45.2],[-71.4,45.1],[-71.5,45.1],[-71.5,45],[-71.6,45],[-71.7,45],[-71.8,45],[-71.9,45],[-72,45],[-72.1,45],[-72.2,45],[-72.3,45],[-72.4,45],[-72.5,45],[-72.6,45],[-72.7,45],[-72.8,45],[-72.9,45],[-73,45],[-73.1,45],[-73.2,45],[-73.3,45],[-73.4,45],[-73.5,45],[-73.6,45],[-73.7,45],[-73.8,45],[-73.9,45],[-74,45],[-74.1,45],[-74.2,45],[-74.3,45],[-74.4,45],[-74.5,45],[-74.6,45],[-74.7,45],[-74.6,45],[-74.5,45.1],[-74.4,45.1],[-74.4,45.2],[-74.3,45.2],[-74.2,45.2],[-74.1,45.2],[-74,45.2],[-74,45.3],[-73.9,45.3],[-73.8,45.3],[-73.8,45.4],[-73.7,45.4],[-73.6,45.4],[-73.5,45.4],[-73.5,45.5],[-73.5,45.6],[-73.4,45.6],[-73.5,45.7],[-73.4,45.7],[-73.4,45.8],[-73.3,45.9],[-73.2,45.9],[-73.2,46],[-73.1,46.1],[-73,46.1],[-72.9,46.1],[-72.8,46.1],[-72.8,46.2],[-72.7,46.2],[-72.7,46.3],[-72.6,46.3],[-72.5,46.4],[-72.4,46.4],[-72.3,46.4],[-72.2,46.4],[-72.2,46.5],[-72.1,46.6],[-72,46.6],[-71.9,46.6],[-71.9,46.7],[-71.8,46.7],[-71.8,46.6],[-71.7,46.6],[-71.3,46.7],[-71.3,46.8],[-71.2,46.8],[-71.1,46.9],[-71,46.9],[-70.9,46.9],[-70.8,46.9],[-70.7,46.9],[-70.7,47],[-70.6,47],[-70.5,47],[-70.4,47.1],[-70.3,47.2],[-70.2,47.3],[-70.1,47.4],[-70,47.5],[-69.9,47.5],[-69.8,47.6],[-69.7,47.7],[-69.6,47.8],[-69.6,47.9],[-69.5,47.9],[-69.4,48],[-69.3,48],[-69.3,48.1],[-69.2,48.1],[-69.1,48.2],[-69,48.3],[-68.8,48.3],[-68.8,48.4],[-68.7,48.4],[-68.6,48.4],[-68.6,48.5],[-68.5,48.5],[-68.4,48.5],[-68.4,48.6],[-68.3,48.6],[-68.2,48.6],[-68.1,48.7],[-68,48.7],[-67.7,48.8],[-67.6,48.8],[-67.5,48.9],[-67.4,48.9],[-67.3,48.9],[-67.1,49],[-66.9,49],[-66.6,49.1],[-66.5,49.1],[-66.2,49.2],[-66.1,49.2],[-65.9,49.2],[-65.7,49.2],[-65.6,49.3],[-65.4,49.3],[-65.3,49.2],[-65.2,49.2],[-65,49.2],[-64.9,49.2],[-64.8,49.2],[-64.7,49.1],[-64.6,49.1],[-64.5,49.1],[-64.4,49],[-64.3,49],[-64.3,48.9],[-64.2,48.9],[-64.2,48.8],[-64.3,48.8],[-64.5,48.9],[-64.6,48.9],[-64.5,48.9],[-64.5,48.8],[-64.4,48.8],[-64.3,48.8],[-64.3,48.7],[-64.2,48.7],[-64.2,48.6],[-64.3,48.6],[-64.2,48.5],[-64.3,48.5],[-64.3,48.4],[-64.4,48.4],[-64.5,48.4],[-64.7,48.4],[-64.7,48.3],[-64.8,48.2],[-64.9,48.2],[-65,48.2],[-64.9,48.1],[-65,48.1],[-65.1,48.1],[-65.2,48],[-65.3,48],[-65.4,48],[-65.5,48],[-65.5,48.1],[-65.6,48.1],[-65.7,48.1],[-65.8,48.1],[-65.9,48.2],[-66,48.2],[-66,48.1],[-66.1,48.1],[-66.2,48.1],[-66.3,48.1],[-66.4,48.1],[-66.5,48.1],[-66.6,48.1],[-66.6,48],[-66.6,48.1],[-66.7,48],[-66.8,48],[-66.7,48],[-66.6,48],[-66.4,48.1],[-66.4,48],[-66.3,48],[-66.2,48],[-66,47.9],[-65.9,47.9],[-65.8,47.9],[-65.7,47.8],[-65.7,47.7],[-65.6,47.7],[-65.7,47.7],[-65.7,47.6],[-65.6,47.6],[-65.6,47.7],[-65.5,47.7],[-65.4,47.7],[-65.4,47.8],[-65.3,47.8],[-65.2,47.8],[-65,47.8],[-65.1,47.8],[-65,47.8],[-64.9,47.8],[-64.8,47.8],[-64.9,47.8],[-64.8,47.7],[-64.8,47.8],[-64.7,47.8],[-64.7,47.7],[-64.8,47.7],[-64.8,47.6],[-64.9,47.6],[-64.9,47.5],[-64.9,47.4],[-65,47.3],[-65.1,47.3],[-65.1,47.2],[-65.3,47.1],[-65.4,47.1],[-65.3,47.1],[-65.2,47.1],[-65.2,47],[-65.1,47.1],[-65,47.1],[-64.9,47.1],[-64.8,47.1],[-64.8,47],[-64.9,47],[-64.9,46.9],[-64.9,46.8],[-64.8,46.8],[-64.8,46.7],[-64.9,46.7],[-64.8,46.7],[-64.7,46.7],[-64.7,46.6],[-64.7,46.5],[-64.6,46.5],[-64.6,46.4],[-64.6,46.3],[-64.7,46.3],[-64.6,46.3],[-64.6,46.4],[-64.5,46.4],[-64.5,46.3],[-64.6,46.3],[-64.6,46.2],[-64.5,46.2],[-64.4,46.2],[-64.3,46.2],[-64.2,46.2],[-64.1,46.2],[-64,46.2],[-63.9,46.2],[-63.8,46.1],[-63.9,46.1],[-64.1,46.1],[-64.1,46],[-64,46],[-63.9,46],[-63.9,45.9],[-63.8,45.9],[-63.7,45.9],[-63.8,45.8],[-63.7,45.8],[-63.7,45.9],[-63.7,45.8],[-63.7,45.9],[-63.6,45.9],[-63.5,45.9],[-63.4,45.9],[-63.5,45.9],[-63.4,45.8],[-63.5,45.8],[-63.4,45.8],[-63.3,45.8],[-63.2,45.8],[-63.3,45.8],[-63.4,45.8],[-63.4,45.7],[-63.3,45.7],[-63.3,45.8],[-63.3,45.7],[-63.2,45.8],[-63.2,45.7],[-63.1,45.8],[-63,45.8],[-62.9,45.8],[-62.8,45.8],[-62.7,45.8],[-62.8,45.8],[-62.7,45.7],[-62.6,45.7],[-62.7,45.7],[-62.8,45.7],[-62.8,45.6],[-62.8,45.7],[-62.7,45.7],[-62.7,45.6],[-62.7,45.7],[-62.7,45.6],[-62.6,45.6],[-62.7,45.6],[-62.7,45.7],[-62.6,45.7],[-62.5,45.7],[-62.5,45.6],[-62.4,45.6],[-62.4,45.7],[-62.3,45.7],[-62.1,45.8],[-62,45.9],[-61.9,45.9],[-61.9,45.8],[-61.9,45.7],[-61.8,45.7],[-61.7,45.6],[-61.6,45.6],[-61.6,45.7],[-61.5,45.7],[-61.4,45.6],[-61.3,45.6],[-61.3,45.5],[-61.2,45.5],[-61.3,45.4],[-61.4,45.4],[-61.5,45.4],[-61.5,45.3],[-61.1,45.4],[-61.1,45.3],[-61,45.3],[-61.1,45.2],[-61.2,45.2],[-61.1,45.2],[-61.1,45.3],[-61.2,45.3],[-61.2,45.2],[-61.2,45.3],[-61.2,45.2],[-61.3,45.2],[-61.3,45.3],[-61.3,45.2],[-61.4,45.2],[-61.3,45.2],[-61.4,45.2],[-61.6,45.1],[-61.6,45.2],[-61.7,45.2],[-61.7,45.1],[-61.6,45.1],[-61.7,45.1],[-61.6,45.1],[-61.7,45.1],[-61.8,45.1],[-61.9,45.1],[-61.8,45.1],[-61.8,45],[-61.9,45.1],[-61.9,45],[-61.9,45.1],[-61.9,45],[-62,45],[-62.1,45],[-62,45],[-62.1,45],[-62.2,45],[-62.3,45],[-62.3,44.9],[-62.4,44.9],[-62.4,44.8],[-62.5,44.8],[-62.5,44.9],[-62.6,44.9],[-62.6,44.8],[-62.5,44.8],[-62.6,44.8],[-62.7,44.8],[-62.8,44.8],[-62.8,44.7],[-62.9,44.7],[-63,44.7],[-63,44.8],[-63.1,44.8],[-63,44.7],[-63.1,44.7],[-63.1,44.8],[-63.1,44.7],[-63.2,44.7],[-63.3,44.7],[-63.2,44.7],[-63.3,44.6],[-63.4,44.6],[-63.4,44.7],[-63.5,44.7],[-63.4,44.7],[-63.4,44.6],[-63.5,44.6],[-63.6,44.7],[-63.7,44.7],[-63.6,44.7],[-63.6,44.6],[-63.5,44.6],[-63.5,44.5],[-63.6,44.5],[-63.6,44.4],[-63.6,44.5],[-63.7,44.5],[-63.8,44.5],[-63.9,44.5],[-63.9,44.6],[-63.9,44.7],[-64,44.7],[-64.1,44.6],[-64,44.6],[-64,44.5],[-64.1,44.5],[-64.1,44.6],[-64.2,44.6],[-64.2,44.5],[-64.3,44.5],[-64.3,44.6],[-64.3,44.5],[-64.4,44.5],[-64.4,44.4],[-64.3,44.4],[-64.2,44.4],[-64.3,44.4],[-64.3,44.3],[-64.2,44.3],[-64.3,44.3],[-64.4,44.3],[-64.4,44.2],[-64.5,44.2],[-64.5,44.1],[-64.5,44.2],[-64.6,44.2],[-64.6,44.1],[-64.6,44.2],[-64.6,44.1],[-64.5,44.1],[-64.6,44.1],[-64.7,44.1],[-64.7,44],[-64.8,44],[-64.8,43.9],[-64.8,43.8],[-64.9,43.8],[-64.9,43.9],[-64.9,43.8],[-64.9,43.9],[-65,43.9],[-64.9,43.8],[-65,43.8],[-65,43.7],[-65.1,43.7],[-65.1,43.8],[-65.1,43.7],[-65.2,43.7],[-65.1,43.7],[-65.1,43.8],[-65.2,43.7],[-65.2,43.8],[-65.3,43.8],[-65.2,43.8],[-65.2,43.7],[-65.3,43.7],[-65.3,43.8],[-65.3,43.7],[-65.4,43.7],[-65.3,43.7],[-65.3,43.6],[-65.4,43.6],[-65.3,43.6],[-65.3,43.5],[-65.4,43.6],[-65.5,43.6],[-65.4,43.5],[-65.4,43.6],[-65.5,43.6],[-65.5,43.5],[-65.6,43.5],[-65.5,43.6],[-65.6,43.6],[-65.6,43.5],[-65.7,43.5],[-65.7,43.6],[-65.8,43.6],[-65.7,43.6],[-65.8,43.6],[-65.8,43.7],[-65.8,43.6],[-65.8,43.7],[-65.8,43.8],[-65.9,43.8],[-66,43.8],[-66,43.9],[-66,43.8],[-66,43.7],[-66.1,43.7],[-66.1,43.8],[-66.1,43.7],[-66.1,43.8],[-66.1,43.9],[-66.1,43.8],[-66.1,43.9],[-66.2,43.9],[-66.1,43.9],[-66.2,43.9],[-66.2,44],[-66.1,44],[-66.2,44],[-66.2,44.1],[-66.2,44.2],[-66.1,44.2],[-66.1,44.3],[-66.1,44.4],[-66,44.4],[-66,44.5],[-65.9,44.5],[-65.8,44.6],[-65.9,44.6],[-66,44.5],[-66.2,44.4],[-66,44.6],[-65.9,44.6],[-65.8,44.7],[-65.8,44.6],[-65.7,44.6],[-65.6,44.7],[-65.5,44.7],[-65.5,44.8],[-65.4,44.8],[-65.5,44.8],[-65.5,44.7],[-65.6,44.7],[-65.7,44.7],[-65.8,44.7],[-65.7,44.7],[-65.6,44.8],[-65.5,44.9],[-65.4,44.9],[-65.2,45],[-65,45.1],[-64.9,45.1],[-64.7,45.2],[-64.6,45.2],[-64.5,45.2],[-64.4,45.3],[-64.5,45.3],[-64.4,45.3],[-64.3,45.3],[-64.4,45.2],[-64.4,45.1],[-64.3,45.1],[-64.2,45.1],[-64.2,45],[-64.1,45],[-64.2,45],[-64.1,45],[-64.1,45.1],[-64.2,45.1],[-64.2,45.2],[-64.1,45.2],[-64,45.2],[-64,45.3],[-63.9,45.3],[-63.8,45.3],[-63.7,45.3],[-63.6,45.3],[-63.5,45.3],[-63.4,45.3],[-63.4,45.4],[-63.5,45.4],[-63.6,45.4],[-63.8,45.4],[-63.9,45.4],[-64,45.4],[-64.1,45.4],[-64,45.4],[-64.1,45.4],[-64.2,45.4],[-64.3,45.4],[-64.4,45.4],[-64.5,45.4],[-64.6,45.4],[-64.7,45.4],[-64.7,45.3],[-64.8,45.3],[-64.9,45.4],[-64.9,45.3],[-64.9,45.4],[-64.9,45.5],[-64.8,45.5],[-64.7,45.5],[-64.7,45.6],[-64.6,45.6],[-64.5,45.6],[-64.5,45.7],[-64.4,45.7],[-64.4,45.8],[-64.3,45.8],[-64.3,45.7],[-64.3,45.8],[-64.3,45.9],[-64.4,45.9],[-64.3,45.9],[-64.4,45.8],[-64.5,45.8],[-64.5,45.7],[-64.5,45.8],[-64.5,45.9],[-64.6,45.9],[-64.6,46],[-64.7,46],[-64.7,46.1],[-64.8,46.1],[-64.7,46],[-64.6,45.9],[-64.6,45.8],[-64.7,45.8],[-64.7,45.7],[-64.6,45.7],[-64.7,45.7],[-64.8,45.6],[-64.9,45.6],[-65,45.6],[-65.2,45.5],[-65.3,45.5],[-65.5,45.4],[-65.5,45.3],[-65.6,45.3],[-65.7,45.3],[-65.8,45.2],[-65.8,45.3],[-65.8,45.2],[-65.9,45.2],[-66,45.2],[-66,45.3],[-66.1,45.3],[-66,45.4],[-66,45.5],[-66,45.4],[-66.1,45.4],[-66.2,45.4],[-66.2,45.3],[-66.1,45.3],[-66.1,45.2],[-66.2,45.2],[-66.3,45.2],[-66.2,45.2],[-66.3,45.2],[-66.3,45.1],[-66.4,45.1],[-66.5,45.1],[-66.5,45.2],[-66.5,45.1],[-66.6,45.1],[-66.7,45.1],[-66.8,45.1],[-66.9,45.1],[-66.8,45.1],[-66.9,45.1],[-66.9,45.2],[-67,45.2],[-67,45.1],[-67.1,45.1],[-67.1,45.2],[-67.2,45.2]]],[[[-115.3,73.5],[-115.4,73.5],[-115.5,73.4],[-115.6,73.4],[-115.8,73.4],[-116,73.3],[-116.2,73.3],[-116.5,73.3],[-116.5,73.2],[-116.7,73.2],[-116.8,73.2],[-116.9,73.2],[-116.9,73.1],[-117,73.1],[-117.1,73.1],[-117.2,73.1],[-117.4,73.1],[-117.7,73],[-117.8,73],[-117.9,72.9],[-118,72.9],[-118.2,72.9],[-118.4,72.8],[-118.5,72.8],[-118.6,72.8],[-118.7,72.7],[-118.8,72.7],[-118.9,72.7],[-119.1,72.6],[-119.2,72.6],[-119.2,72.5],[-119.3,72.5],[-119.2,72.5],[-119.3,72.5],[-119.3,72.4],[-119.3,72.3],[-119.4,72.3],[-119.7,72.3],[-119.8,72.2],[-119.9,72.2],[-120,72.2],[-120.2,72.2],[-120.1,72.3],[-120.2,72.3],[-120.3,72.3],[-120.3,72.2],[-120.2,72.2],[-120.2,72.1],[-120.3,72],[-120.4,72],[-120.5,71.9],[-120.4,71.9],[-120.4,71.8],[-120.4,71.7],[-120.4,71.6],[-120.5,71.5],[-120.6,71.5],[-120.8,71.5],[-121,71.4],[-121.2,71.4],[-121.4,71.4],[-121.6,71.4],[-121.5,71.4],[-121.6,71.5],[-121.7,71.5],[-121.9,71.4],[-122,71.3],[-122.1,71.3],[-122.2,71.3],[-122.3,71.2],[-122.4,71.2],[-122.6,71.2],[-122.7,71.1],[-122.8,71.1],[-123.1,71.1],[-123.3,71.1],[-123.4,71.2],[-123.6,71.4],[-123.6,71.5],[-123.7,71.5],[-123.8,71.5],[-123.8,71.6],[-123.9,71.7],[-124.1,71.7],[-124.4,71.8],[-124.7,71.8],[-124.9,71.9],[-125,71.9],[-125.2,71.9],[-125.3,72],[-125,72],[-125,71.9],[-124.9,71.9],[-124.9,72],[-125,72],[-125.3,72],[-125.6,72],[-125.8,71.9],[-125.9,72],[-125.8,72],[-125.7,72],[-125.7,72.1],[-125.8,72.1],[-125.7,72.2],[-125.6,72.2],[-125.7,72.2],[-125.7,72.3],[-125.6,72.2],[-125.5,72.3],[-125.5,72.4],[-125.4,72.4],[-125.3,72.4],[-125.4,72.4],[-125.3,72.5],[-125.2,72.5],[-125.1,72.6],[-125,72.6],[-125.1,72.6],[-125,72.6],[-125,72.7],[-125.1,72.7],[-125,72.7],[-124.9,72.7],[-125,72.7],[-125,72.8],[-125.1,72.8],[-125.1,72.9],[-125,72.9],[-124.8,72.9],[-124.7,72.9],[-124.6,72.9],[-124.5,72.9],[-124.5,73],[-124.6,73],[-124.7,73],[-124.8,73],[-124.9,73.1],[-124.8,73.1],[-124.7,73.2],[-124.6,73.2],[-124.7,73.2],[-124.6,73.2],[-124.6,73.3],[-124.5,73.3],[-124.5,73.4],[-124.4,73.4],[-124.3,73.5],[-124.2,73.5],[-124.1,73.5],[-124.1,73.6],[-124,73.6],[-124.1,73.6],[-124.1,73.7],[-124,73.7],[-123.9,73.7],[-123.8,73.7],[-123.8,73.8],[-123.9,73.8],[-124.1,73.9],[-124.2,73.9],[-124.3,74],[-124.4,74],[-124.3,74],[-124.4,74],[-124.4,74.1],[-124.5,74.1],[-124.4,74.1],[-124.5,74.2],[-124.5,74.3],[-124.6,74.3],[-124.7,74.3],[-124.6,74.3],[-124.8,74.3],[-124.7,74.4],[-124.4,74.4],[-124.2,74.4],[-124.1,74.4],[-123.7,74.4],[-123.5,74.4],[-123.3,74.4],[-123,74.5],[-122.6,74.5],[-122.4,74.5],[-122.1,74.5],[-121.8,74.5],[-121.6,74.6],[-121.4,74.5],[-121.3,74.5],[-121.2,74.5],[-121.1,74.5],[-121,74.5],[-121,74.4],[-120.9,74.4],[-120.5,74.4],[-120.2,74.3],[-120,74.3],[-119.9,74.3],[-119.9,74.2],[-119.6,74.2],[-119.5,74.2],[-119.6,74.2],[-119.7,74.2],[-119.6,74.2],[-119.7,74.2],[-119.8,74.1],[-119.8,74],[-119.7,74],[-119.7,74.1],[-119.8,74.1],[-119.7,74.1],[-119.6,74.1],[-119.6,74.2],[-119.5,74.2],[-119.4,74.2],[-119.2,74.2],[-119.1,74.2],[-119.1,74.1],[-119.2,74],[-119.1,74],[-119,74],[-118.9,74],[-118.9,74.1],[-118.8,74.1],[-118.9,74.2],[-118.8,74.2],[-118.7,74.2],[-118.6,74.2],[-118.5,74.2],[-118.4,74.3],[-118.1,74.3],[-117.7,74.3],[-117.4,74.2],[-117.1,74.2],[-116.9,74.1],[-116.6,74],[-116.4,73.9],[-116.3,73.9],[-116.2,73.9],[-116.2,73.8],[-116,73.8],[-115.9,73.7],[-115.7,73.7],[-115.6,73.7],[-115.6,73.6],[-115.5,73.6],[-115.4,73.6],[-115.4,73.5],[-115.3,73.5]]],[[[-96.6,80],[-96.7,80],[-96.7,80.1],[-96.8,80.1],[-96.7,80.1],[-96.4,80.1],[-96,80.1],[-95.7,80.1],[-95.7,80],[-95.5,80],[-95.2,80],[-95,80],[-94.8,80],[-94.4,80],[-94.5,80],[-94.6,80],[-94.6,80.1],[-94.8,80.1],[-94.5,80.2],[-94.1,80.2],[-94.5,80.2],[-94.6,80.2],[-94.7,80.2],[-95,80.1],[-95.4,80.1],[-95.7,80.2],[-95.6,80.2],[-95.3,80.2],[-95.2,80.2],[-95.3,80.3],[-95.3,80.2],[-95.4,80.2],[-95.6,80.2],[-95.9,80.2],[-96,80.2],[-96.3,80.3],[-96.6,80.3],[-96.5,80.3],[-96.6,80.3],[-96.7,80.3],[-96.6,80.4],[-96.5,80.3],[-96.5,80.4],[-96.4,80.4],[-96.3,80.3],[-96.2,80.3],[-96.3,80.4],[-96.2,80.4],[-96.1,80.4],[-95.9,80.4],[-95.8,80.4],[-95.7,80.4],[-95.6,80.4],[-95.4,80.3],[-95.4,80.4],[-95.5,80.4],[-95.6,80.4],[-95.7,80.4],[-95.8,80.5],[-96.1,80.5],[-96,80.5],[-95.9,80.5],[-96,80.6],[-95.6,80.6],[-95.3,80.6],[-95.1,80.6],[-95,80.6],[-94.8,80.6],[-94.6,80.6],[-94.3,80.6],[-94,80.5],[-94,80.6],[-94,80.5],[-93.9,80.5],[-93.8,80.5],[-94,80.6],[-94.4,80.6],[-94.5,80.6],[-94.6,80.6],[-94.7,80.7],[-94.6,80.7],[-94.3,80.7],[-94.1,80.7],[-94.3,80.7],[-94.4,80.7],[-94.5,80.7],[-94.7,80.7],[-95,80.8],[-94.9,80.8],[-95.1,80.8],[-95.5,80.8],[-95.2,80.9],[-95.4,80.9],[-95.5,80.9],[-95.3,80.9],[-95.3,81],[-95.2,81],[-95,81],[-94.9,81.1],[-94.5,81],[-94.4,81],[-94.3,81],[-94.2,81],[-94.1,81],[-93.9,81],[-94.1,81],[-94,81.1],[-93.9,81],[-94,81.1],[-94.2,81.1],[-94.3,81.1],[-94.4,81.1],[-94.3,81.1],[-94.2,81.1],[-93.8,81.1],[-93.5,81.1],[-93.3,81.1],[-93.2,81.1],[-93.1,81.1],[-93.2,81.1],[-93.1,81.1],[-93.1,81.2],[-93.2,81.2],[-93.3,81.2],[-93.2,81.2],[-93.6,81.2],[-93.8,81.2],[-93.9,81.2],[-94.2,81.2],[-94.3,81.2],[-94.4,81.3],[-94.3,81.3],[-94.2,81.3],[-94.3,81.3],[-94.2,81.4],[-93.9,81.4],[-93.7,81.3],[-93.6,81.3],[-93.5,81.3],[-93.5,81.4],[-93.6,81.4],[-93.5,81.4],[-93.3,81.4],[-93.1,81.3],[-92.8,81.3],[-92.7,81.3],[-92.5,81.3],[-92.4,81.3],[-92.2,81.3],[-91.8,81.2],[-91.8,81.1],[-91.9,81.1],[-91.7,81],[-91.5,81],[-91.5,80.9],[-91.4,80.9],[-91.3,80.9],[-91.3,80.8],[-91.2,80.8],[-91.1,80.8],[-91.2,80.8],[-91.1,80.8],[-91.1,80.7],[-90.7,80.7],[-90.6,80.7],[-90.6,80.6],[-90.8,80.6],[-90.7,80.6],[-90.6,80.6],[-90.5,80.6],[-90,80.5],[-89.9,80.5],[-89.8,80.5],[-89.7,80.5],[-89.8,80.5],[-89.7,80.5],[-89.6,80.5],[-89.3,80.5],[-89.1,80.5],[-89.1,80.4],[-89.2,80.4],[-89.3,80.4],[-89.2,80.4],[-89.1,80.4],[-89.1,80.3],[-89.2,80.3],[-89.3,80.3],[-89.2,80.3],[-89.2,80.2],[-89,80.2],[-88.6,80.1],[-88.5,80.1],[-88.4,80.1],[-88.5,80.1],[-88.4,80.1],[-88.3,80.1],[-88.2,80.1],[-88.1,80.1],[-88.2,80.1],[-88.3,80.2],[-88.4,80.2],[-88.3,80.2],[-88.5,80.2],[-88.6,80.2],[-88.6,80.3],[-88.7,80.3],[-88.7,80.4],[-88.6,80.4],[-88.5,80.4],[-88.1,80.4],[-87.7,80.4],[-87.6,80.3],[-87.6,80.2],[-87.7,80.2],[-88,80.1],[-88.1,80.1],[-88,80.1],[-87.9,80.1],[-87.7,80.1],[-87.2,80.1],[-87.2,80],[-87.1,80],[-87,80],[-87,79.9],[-87.1,79.9],[-87.2,79.9],[-87.3,79.9],[-87.4,79.9],[-87.5,79.9],[-87.5,79.8],[-87.4,79.8],[-87.3,79.8],[-87,79.9],[-87,79.8],[-87.1,79.8],[-87.1,79.7],[-87.1,79.6],[-87.2,79.6],[-87.4,79.6],[-87.5,79.5],[-87.4,79.5],[-87.3,79.5],[-87.2,79.5],[-87.2,79.6],[-87.1,79.6],[-87,79.6],[-86.8,79.6],[-86.8,79.5],[-86.8,79.6],[-86.7,79.6],[-86.8,79.6],[-86.7,79.6],[-86.6,79.7],[-86.3,79.6],[-86.2,79.6],[-86.1,79.6],[-86,79.6],[-86.1,79.6],[-86,79.6],[-86,79.5],[-86.1,79.5],[-86,79.5],[-86.1,79.5],[-86.2,79.5],[-86.1,79.4],[-86,79.4],[-86,79.5],[-85.9,79.5],[-85.9,79.6],[-85.8,79.6],[-85.7,79.6],[-85.6,79.6],[-85.5,79.6],[-85.5,79.5],[-85.4,79.5],[-85.3,79.4],[-85.2,79.4],[-85.1,79.4],[-85,79.3],[-84.9,79.3],[-85.2,79.2],[-85.3,79.2],[-85.4,79.2],[-85.5,79.2],[-85.6,79.2],[-85.7,79.1],[-86.1,79.1],[-86.5,79.1],[-86.6,79],[-86.7,79],[-86.8,79],[-86.9,79],[-86.9,79.1],[-87,79.1],[-87,79],[-87,78.9],[-86.9,78.9],[-87,78.9],[-87.2,78.8],[-87.3,78.8],[-87.4,78.8],[-87.5,78.7],[-87.6,78.7],[-87.6,78.6],[-87.7,78.6],[-87.9,78.7],[-88,78.8],[-88,78.9],[-88,79],[-87.9,79],[-87.8,79],[-87.7,79.1],[-87.8,79.1],[-87.9,79],[-88.1,79],[-88.2,79],[-88.2,78.9],[-88.2,78.8],[-88.1,78.7],[-88.2,78.7],[-88.3,78.7],[-88.4,78.7],[-88.3,78.7],[-88.1,78.7],[-88,78.7],[-88,78.6],[-87.9,78.6],[-88,78.5],[-88.2,78.5],[-88.3,78.5],[-88.5,78.6],[-88.6,78.6],[-88.8,78.6],[-88.8,78.5],[-88.6,78.5],[-88.6,78.4],[-88.5,78.4],[-88.6,78.4],[-88.7,78.3],[-88.7,78.2],[-88.8,78.2],[-88.9,78.2],[-89,78.2],[-89.2,78.3],[-89.3,78.3],[-89.4,78.3],[-89.4,78.4],[-89.5,78.4],[-89.6,78.4],[-89.7,78.4],[-89.8,78.5],[-89.9,78.6],[-90,78.6],[-89.9,78.6],[-90,78.6],[-90.1,78.6],[-90.1,78.5],[-90,78.5],[-90,78.4],[-89.8,78.4],[-89.6,78.3],[-89.6,78.2],[-89.5,78.2],[-89.6,78.2],[-89.7,78.2],[-89.9,78.2],[-90,78.2],[-90,78.3],[-90.1,78.3],[-90.3,78.3],[-90.5,78.3],[-90.7,78.3],[-90.8,78.3],[-90.7,78.3],[-90.6,78.3],[-90.4,78.3],[-90.3,78.3],[-90.4,78.3],[-90.4,78.2],[-90.3,78.2],[-90.4,78.1],[-90.6,78.2],[-90.9,78.1],[-91.2,78.2],[-91.6,78.2],[-91.8,78.2],[-91.9,78.2],[-92,78.2],[-92.1,78.2],[-92.2,78.3],[-92.3,78.3],[-92.2,78.3],[-92.3,78.3],[-92.4,78.3],[-92.5,78.3],[-92.6,78.3],[-92.6,78.4],[-92.7,78.4],[-92.8,78.4],[-92.9,78.4],[-93,78.4],[-93,78.5],[-92.9,78.5],[-92.6,78.5],[-92.5,78.5],[-92.6,78.5],[-92.5,78.5],[-92.2,78.5],[-91.8,78.5],[-91.7,78.5],[-91.6,78.5],[-91.6,78.6],[-91.7,78.6],[-92.2,78.6],[-92.7,78.6],[-92.8,78.6],[-92.9,78.6],[-93,78.6],[-93.2,78.6],[-93.3,78.6],[-93.5,78.7],[-93.4,78.7],[-93.3,78.7],[-93.4,78.7],[-93.5,78.7],[-93.6,78.7],[-93.7,78.7],[-93.8,78.8],[-93.6,78.8],[-93.2,78.7],[-93.1,78.7],[-93,78.8],[-93.1,78.8],[-93.3,78.8],[-93.4,78.8],[-93.5,78.8],[-93.8,78.8],[-93.9,78.8],[-93.9,78.9],[-94,78.9],[-94.1,78.9],[-94.3,79],[-94.2,79],[-94,79],[-93.9,79],[-93.8,79],[-93.7,79.1],[-93.6,79.1],[-93.5,79.1],[-93.4,79.2],[-93.3,79.2],[-93.2,79.2],[-93.1,79.2],[-93,79.2],[-92.8,79.1],[-92.8,79.2],[-92.5,79.2],[-92.3,79.2],[-91.9,79.2],[-91.6,79.2],[-91.4,79.2],[-91.2,79.2],[-91,79.2],[-90.7,79.2],[-90.5,79.2],[-90.4,79.2],[-90.4,79.3],[-90.8,79.2],[-91,79.3],[-91.4,79.2],[-91.7,79.2],[-91.9,79.2],[-92.1,79.2],[-92.4,79.2],[-92.6,79.2],[-92.7,79.3],[-92.6,79.3],[-92.1,79.3],[-92.2,79.3],[-92.1,79.3],[-91.9,79.3],[-91.8,79.3],[-91.7,79.3],[-91.5,79.3],[-91.2,79.4],[-91.1,79.4],[-91.2,79.4],[-91.3,79.4],[-91.5,79.4],[-91.7,79.4],[-91.8,79.3],[-92.1,79.4],[-92.2,79.4],[-92.4,79.4],[-92.5,79.4],[-92.6,79.4],[-92.5,79.4],[-92.4,79.4],[-92.3,79.4],[-92.2,79.4],[-92.3,79.5],[-92.6,79.5],[-92.8,79.4],[-92.9,79.4],[-93,79.4],[-93.1,79.5],[-93.1,79.4],[-93,79.4],[-93.1,79.4],[-93.4,79.3],[-93.4,79.4],[-93.3,79.4],[-93.2,79.4],[-93.3,79.4],[-93.3,79.5],[-93.3,79.4],[-93.4,79.4],[-93.5,79.4],[-93.6,79.4],[-93.7,79.4],[-93.7,79.3],[-93.6,79.3],[-93.7,79.3],[-93.8,79.3],[-93.9,79.3],[-94,79.3],[-94.1,79.3],[-94.2,79.3],[-94.1,79.3],[-94,79.4],[-93.9,79.4],[-93.8,79.4],[-94.1,79.4],[-94.5,79.4],[-94.4,79.4],[-94.5,79.3],[-95,79.3],[-95.1,79.3],[-95.2,79.3],[-95.3,79.3],[-95.2,79.3],[-95.2,79.4],[-95.3,79.4],[-95.4,79.4],[-95.6,79.4],[-95.7,79.4],[-95.8,79.4],[-95.7,79.4],[-95.7,79.5],[-95.8,79.5],[-95.7,79.5],[-95.6,79.6],[-95.2,79.6],[-94.7,79.6],[-94.6,79.6],[-94.3,79.7],[-94.4,79.7],[-94.3,79.7],[-94.3,79.8],[-94.4,79.8],[-94.6,79.7],[-94.7,79.7],[-94.8,79.7],[-95.1,79.7],[-95.2,79.6],[-95.5,79.6],[-95.9,79.7],[-96.1,79.7],[-96.2,79.7],[-96.3,79.8],[-96.4,79.8],[-96.5,79.8],[-96.4,79.9],[-96.5,79.8],[-96.6,79.9],[-96.5,79.9],[-96.4,79.9],[-96.3,79.9],[-96.2,79.9],[-96.1,79.9],[-96.2,79.9],[-96.6,79.9],[-96.6,80],[-96.7,80],[-96.6,80],[-96.4,80],[-96.6,80.1],[-96.6,80]]],[[[-79.6,75],[-79.5,75],[-79.4,74.9],[-79.3,74.9],[-79.4,74.9],[-79.8,74.8],[-79.9,74.8],[-80.2,74.9],[-80.1,74.9],[-80.2,74.9],[-80.3,74.9],[-80.4,74.9],[-80.1,74.8],[-80.2,74.8],[-80.2,74.7],[-80.1,74.7],[-80.2,74.7],[-80.2,74.6],[-80.3,74.6],[-80.4,74.6],[-80.5,74.6],[-80.8,74.6],[-81.1,74.6],[-81.3,74.6],[-81.4,74.5],[-81.5,74.5],[-81.6,74.5],[-81.7,74.5],[-81.8,74.5],[-81.9,74.5],[-82,74.5],[-82.1,74.5],[-82.2,74.5],[-82.4,74.5],[-82.4,74.6],[-82.5,74.6],[-82.5,74.5],[-82.6,74.5],[-82.7,74.5],[-82.9,74.6],[-83,74.6],[-83.1,74.6],[-83.1,74.7],[-83.1,74.8],[-83,74.8],[-83.1,74.8],[-83.2,74.8],[-83.4,74.9],[-83.5,74.9],[-83.6,74.9],[-83.5,74.8],[-83.4,74.8],[-83.3,74.8],[-83.3,74.7],[-83.4,74.7],[-83.5,74.6],[-83.6,74.6],[-83.6,74.5],[-83.7,74.6],[-84,74.5],[-84.1,74.5],[-84.3,74.5],[-84.5,74.5],[-84.6,74.5],[-84.7,74.5],[-84.8,74.5],[-84.9,74.5],[-84.9,74.6],[-85,74.6],[-85,74.7],[-85.1,74.7],[-85.1,74.6],[-85,74.6],[-85.1,74.6],[-85,74.6],[-85.1,74.6],[-85,74.5],[-85.1,74.5],[-85.2,74.5],[-85.3,74.5],[-85.4,74.5],[-85.4,74.6],[-85.5,74.7],[-85.6,74.7],[-85.5,74.7],[-85.5,74.6],[-85.5,74.5],[-85.6,74.5],[-85.9,74.5],[-86.1,74.5],[-86.1,74.6],[-86.2,74.6],[-86.3,74.5],[-86.4,74.5],[-86.7,74.5],[-86.7,74.6],[-86.8,74.6],[-86.7,74.6],[-86.8,74.6],[-86.8,74.5],[-86.7,74.5],[-86.6,74.5],[-86.9,74.5],[-87,74.5],[-87.1,74.5],[-87.3,74.5],[-87.4,74.5],[-87.3,74.5],[-87.4,74.5],[-87.5,74.5],[-87.6,74.5],[-87.5,74.5],[-87.6,74.5],[-87.7,74.5],[-87.8,74.5],[-87.7,74.5],[-87.8,74.5],[-87.9,74.5],[-88.1,74.5],[-88.2,74.5],[-88.1,74.5],[-88.2,74.5],[-88.5,74.5],[-88.6,74.5],[-88.6,74.6],[-88.5,74.6],[-88.5,74.7],[-88.4,74.7],[-88.4,74.8],[-88.3,74.8],[-88.4,74.8],[-88.5,74.8],[-88.4,74.8],[-88.5,74.8],[-88.5,74.9],[-88.6,74.9],[-88.5,74.9],[-88.6,74.8],[-88.6,74.9],[-88.7,74.9],[-88.7,74.8],[-88.8,74.8],[-88.7,74.7],[-88.8,74.7],[-88.9,74.7],[-88.9,74.8],[-89,74.8],[-89.1,74.8],[-89,74.8],[-89,74.7],[-89.1,74.7],[-89.2,74.7],[-89.2,74.8],[-89.3,74.8],[-89.2,74.7],[-89.1,74.7],[-89.1,74.6],[-89.2,74.6],[-89.4,74.6],[-89.6,74.5],[-89.6,74.6],[-89.7,74.5],[-89.8,74.5],[-89.9,74.5],[-90,74.5],[-90,74.6],[-90.1,74.6],[-90.4,74.6],[-90.3,74.6],[-90.5,74.6],[-90.6,74.6],[-90.7,74.6],[-90.7,74.7],[-90.8,74.7],[-90.7,74.7],[-90.8,74.7],[-90.9,74.7],[-91,74.7],[-90.9,74.8],[-90.8,74.8],[-90.7,74.9],[-90.8,74.9],[-90.9,74.9],[-90.9,74.8],[-91.1,74.8],[-91.1,74.7],[-91.1,74.8],[-91.2,74.8],[-91.2,74.7],[-91.1,74.6],[-91.3,74.6],[-91.3,74.7],[-91.4,74.7],[-91.3,74.7],[-91.4,74.6],[-91.5,74.6],[-91.6,74.7],[-91.7,74.7],[-91.6,74.7],[-91.7,74.7],[-91.8,74.7],[-91.9,74.7],[-91.8,74.7],[-91.9,74.8],[-91.9,74.7],[-91.9,74.8],[-92,74.8],[-92.1,74.8],[-92,74.8],[-92,74.9],[-92.1,74.9],[-92,74.9],[-92.1,75],[-92.2,75],[-92.2,75.1],[-92.1,75.1],[-92,75.1],[-92.1,75.1],[-92.1,75.2],[-92.2,75.1],[-92.3,75.1],[-92.3,75.2],[-92.4,75.2],[-92.5,75.2],[-92.5,75.3],[-92.4,75.3],[-92.4,75.4],[-92.3,75.4],[-92.4,75.4],[-92.5,75.4],[-92.4,75.5],[-92.3,75.5],[-92.2,75.5],[-92.2,75.6],[-92.1,75.6],[-92,75.6],[-92.1,75.6],[-92,75.7],[-92.1,75.7],[-92.2,75.7],[-92.2,75.8],[-92.1,75.8],[-92.1,75.9],[-92.2,75.9],[-92.3,75.9],[-92.4,75.9],[-92.5,76],[-92.6,76],[-92.6,76.1],[-92.7,76.1],[-92.7,76.2],[-92.8,76.2],[-92.9,76.2],[-93,76.3],[-93.1,76.3],[-93.1,76.4],[-93.2,76.4],[-93.3,76.4],[-93.6,76.3],[-93.7,76.3],[-93.6,76.3],[-93.7,76.3],[-93.8,76.3],[-93.7,76.3],[-93.6,76.3],[-93.7,76.3],[-93.8,76.3],[-93.9,76.3],[-94,76.3],[-94.1,76.3],[-94.2,76.3],[-94.6,76.3],[-94.7,76.3],[-94.6,76.3],[-94.7,76.3],[-94.8,76.3],[-95,76.3],[-95,76.2],[-95.1,76.2],[-95.2,76.2],[-95.4,76.2],[-95.4,76.3],[-95.3,76.3],[-95.1,76.3],[-95,76.3],[-94.9,76.3],[-94.8,76.3],[-94.9,76.3],[-94.8,76.3],[-95.1,76.4],[-95.2,76.4],[-95.2,76.3],[-95.2,76.4],[-95.3,76.4],[-95.4,76.4],[-95.5,76.4],[-95.4,76.4],[-95.6,76.4],[-95.8,76.4],[-95.9,76.4],[-96,76.4],[-96,76.5],[-96.1,76.5],[-95.8,76.5],[-95.7,76.5],[-95.6,76.6],[-95.8,76.6],[-95.9,76.6],[-96,76.6],[-96.1,76.6],[-96.2,76.6],[-96.4,76.6],[-96.4,76.7],[-96.5,76.7],[-96.7,76.7],[-96.8,76.7],[-96.9,76.7],[-97,76.7],[-96.9,76.7],[-96.9,76.8],[-96.8,76.8],[-96.9,76.8],[-96.8,76.8],[-96.7,76.8],[-96.6,76.8],[-96.5,76.8],[-96.4,76.7],[-96.3,76.8],[-96.4,76.8],[-96.5,76.8],[-96.6,76.8],[-96.5,76.8],[-96.4,76.8],[-96.3,76.8],[-96.6,76.8],[-96.7,76.9],[-96.8,76.9],[-96.9,76.9],[-96.8,76.9],[-96.7,76.9],[-96.7,77],[-96.8,77],[-96.5,77],[-96.4,77],[-96.3,77],[-96.2,77],[-96.3,77],[-96.4,77],[-96,77.1],[-95.9,77.1],[-95.8,77.1],[-95.7,77.1],[-95.4,77.1],[-95.4,77],[-95.3,77],[-95.2,77],[-95,77],[-94.9,77],[-94.5,77],[-94.5,76.9],[-94.4,76.9],[-94.3,76.9],[-94.2,76.9],[-94.1,76.9],[-94,76.9],[-93.9,76.9],[-93.8,76.9],[-93.7,76.9],[-93.6,76.9],[-93.5,76.8],[-93.4,76.8],[-93.3,76.8],[-93.3,76.7],[-93.2,76.7],[-93.2,76.8],[-93.2,76.7],[-93.3,76.6],[-93.3,76.5],[-93.4,76.5],[-93.5,76.5],[-93.6,76.5],[-93.7,76.4],[-93.6,76.4],[-93.5,76.4],[-93.6,76.4],[-93.5,76.5],[-93.4,76.5],[-93.3,76.5],[-93.2,76.5],[-93.2,76.6],[-93.1,76.6],[-93,76.6],[-92.9,76.6],[-92.8,76.6],[-92.7,76.6],[-92.5,76.6],[-92.4,76.6],[-92.3,76.6],[-92.2,76.6],[-92,76.7],[-91.7,76.7],[-91.4,76.7],[-91.1,76.7],[-91,76.7],[-90.9,76.6],[-90.8,76.6],[-90.6,76.6],[-90.5,76.6],[-90.5,76.5],[-90.7,76.5],[-90.9,76.5],[-91,76.5],[-91.1,76.5],[-91.3,76.5],[-91.6,76.5],[-91.5,76.5],[-91.4,76.5],[-91,76.5],[-91,76.4],[-90.8,76.4],[-90.7,76.4],[-90.6,76.4],[-90.5,76.4],[-90.4,76.4],[-90.1,76.4],[-89.7,76.3],[-89.3,76.3],[-89.2,76.3],[-89.2,76.2],[-89.3,76.2],[-89.4,76.2],[-89.7,76.2],[-90.1,76.2],[-90.5,76.2],[-90.4,76.2],[-90.1,76.2],[-90.1,76.1],[-90.2,76.1],[-90.7,76.2],[-91.2,76.2],[-91.6,76.3],[-91.5,76.3],[-91.5,76.2],[-91.3,76.2],[-91.4,76.2],[-91.4,76.1],[-91.2,76.2],[-90.8,76.1],[-90.7,76.1],[-90.8,76.1],[-90.9,76.1],[-90.7,76.1],[-90.6,76.1],[-90.2,76.1],[-90.2,76],[-90.3,76],[-90.7,76],[-91.1,76],[-91.2,76],[-91.1,76],[-91,76],[-90.9,76],[-91,76],[-91.1,76],[-91,76],[-90.9,76],[-90.9,75.9],[-91,75.9],[-91.1,75.9],[-91.1,75.8],[-91.1,75.9],[-91,75.9],[-90.9,75.9],[-90.9,76],[-90.8,76],[-90.7,76],[-90.6,76],[-90.5,76],[-90.4,76],[-90.5,76],[-90.5,75.9],[-90.4,75.9],[-90.3,76],[-90.2,76],[-90.2,75.9],[-90.1,75.9],[-90.1,76],[-90,76],[-89.9,76],[-90,76],[-89.9,76],[-89.8,76],[-89.8,75.9],[-89.7,75.9],[-89.8,75.8],[-89.7,75.8],[-89.6,75.8],[-89.6,75.9],[-89.5,75.9],[-89.4,75.8],[-89.3,75.8],[-89.2,75.8],[-89.2,75.7],[-89.3,75.6],[-89.4,75.6],[-89.6,75.6],[-89.7,75.6],[-89.8,75.6],[-89.7,75.6],[-89.6,75.6],[-89.5,75.6],[-89.6,75.6],[-89.7,75.6],[-89.7,75.5],[-89.5,75.6],[-89.4,75.6],[-89.2,75.6],[-89.1,75.5],[-89,75.5],[-89,75.4],[-88.9,75.4],[-88.8,75.4],[-88.7,75.5],[-88.8,75.5],[-88.8,75.6],[-88.9,75.6],[-88.8,75.6],[-88.8,75.7],[-88.7,75.7],[-88.6,75.7],[-88.5,75.6],[-88.3,75.6],[-88.2,75.5],[-88.3,75.5],[-88.2,75.5],[-88,75.5],[-87.8,75.6],[-87.7,75.6],[-87.6,75.6],[-87.6,75.5],[-87.5,75.5],[-87.6,75.5],[-87.5,75.5],[-87.4,75.5],[-87.5,75.5],[-87.5,75.6],[-87.4,75.6],[-87.3,75.6],[-87.1,75.6],[-86.8,75.5],[-86.6,75.5],[-86.5,75.5],[-86.4,75.4],[-86.6,75.4],[-86.4,75.4],[-86.2,75.4],[-86,75.4],[-85.8,75.4],[-85.5,75.4],[-85.6,75.4],[-85.8,75.4],[-85.9,75.5],[-86.1,75.5],[-86.2,75.5],[-86.1,75.5],[-86,75.5],[-85.7,75.6],[-85.6,75.6],[-85.5,75.6],[-85.6,75.6],[-85.5,75.6],[-85.4,75.6],[-85.2,75.6],[-85.3,75.6],[-85.2,75.6],[-85.1,75.6],[-85,75.6],[-85,75.7],[-84.8,75.7],[-84.6,75.6],[-84.5,75.6],[-84.6,75.6],[-84.7,75.7],[-84.6,75.7],[-84.7,75.7],[-84.3,75.7],[-84.2,75.8],[-84,75.8],[-83.9,75.8],[-84,75.8],[-83.8,75.8],[-83.7,75.8],[-83.8,75.8],[-83.7,75.8],[-83.5,75.8],[-83.4,75.8],[-83.4,75.7],[-83.3,75.7],[-83.2,75.8],[-83.1,75.7],[-82.6,75.8],[-82.5,75.8],[-82.4,75.8],[-82.3,75.8],[-81.9,75.8],[-81.5,75.8],[-81.1,75.8],[-81.1,75.7],[-81.2,75.7],[-81.3,75.7],[-81.2,75.7],[-81.1,75.7],[-81.1,75.6],[-81,75.6],[-80.8,75.6],[-80.5,75.7],[-80.5,75.6],[-80.4,75.6],[-80.3,75.6],[-80.2,75.6],[-80.1,75.6],[-80.1,75.5],[-80,75.5],[-80.3,75.5],[-80.4,75.5],[-80,75.5],[-79.6,75.5],[-79.7,75.5],[-79.7,75.4],[-79.6,75.4],[-79.5,75.4],[-79.5,75.3],[-79.6,75.3],[-79.4,75.3],[-79.5,75.3],[-79.5,75.2],[-79.6,75.2],[-79.8,75.2],[-79.9,75.2],[-79.9,75.1],[-80,75.1],[-80.3,75.1],[-80.3,75],[-80.4,75],[-80.3,75],[-80.2,75],[-80.3,75],[-80.2,75],[-80.1,75],[-80,75],[-79.8,75],[-79.7,75],[-79.6,75],[-79.5,75],[-79.6,75]]],[[[-105.4,75.7],[-105.4,75.6],[-105.5,75.6],[-105.6,75.6],[-105.7,75.5],[-105.8,75.5],[-105.7,75.5],[-105.6,75.5],[-105.6,75.4],[-105.7,75.4],[-105.7,75.3],[-105.8,75.3],[-105.9,75.3],[-105.9,75.2],[-105.8,75.2],[-105.9,75.2],[-105.9,75.1],[-106,75.1],[-106.1,75.1],[-106,75.1],[-106.4,75],[-106.8,75],[-107,74.9],[-107.2,74.9],[-107.3,74.9],[-107.5,74.9],[-107.7,75],[-107.7,75.1],[-107.8,75.1],[-107.7,75.1],[-107.8,75],[-107.9,75],[-108,75],[-107.9,75],[-108,75],[-108,74.9],[-107.9,74.9],[-108,74.9],[-108.1,74.9],[-108.4,74.9],[-108.5,74.9],[-108.6,75],[-108.8,75],[-108.5,75],[-108.6,75],[-108.7,75.1],[-108.8,75.1],[-108.9,75.1],[-108.9,75],[-109,75],[-108.9,75],[-109,75],[-109.1,75],[-109.4,74.9],[-109.5,74.9],[-109.6,74.9],[-109.9,74.9],[-110,74.9],[-110,74.8],[-110.1,74.8],[-110.2,74.8],[-110.3,74.9],[-110.4,74.8],[-110.3,74.8],[-110.6,74.8],[-110.7,74.8],[-110.6,74.7],[-110.8,74.7],[-110.9,74.7],[-111,74.6],[-111.1,74.6],[-111.2,74.6],[-111.3,74.6],[-111.4,74.6],[-111.6,74.5],[-111.7,74.5],[-111.9,74.5],[-112.2,74.4],[-112.3,74.4],[-112.4,74.4],[-112.6,74.4],[-113,74.4],[-113.2,74.4],[-113.5,74.4],[-113.7,74.4],[-113.8,74.5],[-114.2,74.6],[-114.4,74.6],[-114.4,74.7],[-114.3,74.7],[-114.2,74.8],[-114,74.8],[-113.8,74.8],[-113.6,74.8],[-113.5,74.8],[-113.4,74.9],[-113.3,74.9],[-113.3,74.8],[-113.2,74.8],[-113.2,74.9],[-113.3,74.9],[-113.2,74.9],[-113.1,74.9],[-113,75],[-112.8,75],[-112.7,75],[-112.5,75],[-112.3,75],[-112.1,75],[-111.9,75],[-111.8,75],[-111.7,75],[-111.6,75],[-111.5,75],[-111.5,75.1],[-111.6,75],[-111.6,75.1],[-111.5,75.1],[-111.4,75.1],[-111.3,75.1],[-111.4,75.1],[-111.3,75.1],[-111.2,75.1],[-111.1,75.1],[-111.1,75.2],[-111,75.2],[-111.1,75.2],[-111,75.2],[-110.9,75.2],[-111,75.3],[-111.1,75.3],[-111.2,75.3],[-111.3,75.3],[-111.3,75.2],[-111.4,75.2],[-111.5,75.2],[-111.6,75.2],[-111.6,75.1],[-111.7,75.1],[-111.7,75.2],[-111.8,75.2],[-111.9,75.1],[-112.1,75.1],[-112.2,75.1],[-112.3,75.1],[-112.4,75.1],[-112.5,75.1],[-112.5,75.2],[-112.4,75.2],[-112.3,75.2],[-112.4,75.2],[-112.3,75.2],[-112.4,75.2],[-112.5,75.2],[-112.4,75.2],[-112.6,75.2],[-112.6,75.3],[-112.7,75.3],[-112.7,75.2],[-112.7,75.1],[-112.9,75.1],[-113,75.1],[-113.1,75.1],[-113.2,75.1],[-113.3,75.1],[-113.4,75.1],[-113.6,75.1],[-113.7,75.1],[-113.9,75.1],[-114,75.1],[-113.9,75.1],[-113.6,75.2],[-113.7,75.2],[-113.9,75.2],[-113.8,75.3],[-113.7,75.4],[-113.6,75.4],[-113.5,75.4],[-113.4,75.4],[-113.3,75.4],[-113.4,75.4],[-113.5,75.4],[-113.9,75.4],[-114,75.4],[-114,75.5],[-114.1,75.5],[-114.1,75.4],[-114,75.4],[-114.1,75.3],[-114.2,75.2],[-114.3,75.2],[-114.4,75.3],[-114.5,75.3],[-114.6,75.3],[-114.5,75.3],[-114.4,75.3],[-114.4,75.2],[-114.3,75.2],[-114.3,75.1],[-114.4,75.1],[-114.7,75],[-115,75],[-115.1,75],[-115.2,75],[-115.2,75.1],[-115.2,75.2],[-115.3,75.2],[-115.3,75.1],[-115.4,75.1],[-115.5,75.1],[-115.7,75.2],[-115.7,75.1],[-115.6,75.1],[-115.5,75],[-115.6,75],[-115.7,75],[-115.9,75],[-116,75],[-116.2,75],[-116.3,75.1],[-116.1,75.1],[-116,75.1],[-116.1,75.1],[-116.3,75.1],[-116.2,75.2],[-116.3,75.2],[-116.5,75.2],[-116.6,75.2],[-116.7,75.1],[-116.8,75.1],[-116.9,75.1],[-117,75.2],[-117,75.1],[-117.5,75.2],[-117.6,75.2],[-117.7,75.2],[-117.7,75.3],[-117.6,75.3],[-117.6,75.4],[-117.3,75.5],[-117.2,75.5],[-116.8,75.5],[-116.4,75.5],[-116.1,75.5],[-116,75.5],[-115.6,75.6],[-115.3,75.6],[-115.1,75.7],[-115,75.7],[-115.1,75.7],[-115.4,75.7],[-115.7,75.6],[-115.8,75.6],[-116,75.6],[-116.1,75.6],[-116.5,75.6],[-116.8,75.6],[-117.2,75.6],[-117,75.8],[-116.9,75.8],[-116.5,75.8],[-116.2,75.8],[-115.8,75.8],[-115.8,75.9],[-115.7,75.9],[-115.6,75.8],[-115.2,75.9],[-114.9,75.9],[-114.8,75.9],[-114.9,75.9],[-115.3,75.9],[-115.7,75.9],[-115.8,75.9],[-116.2,75.9],[-116.7,75.9],[-116.7,76],[-116.6,76],[-116.5,76],[-116.7,76],[-116.7,76.1],[-116.6,76.1],[-116.5,76.2],[-116.2,76.2],[-115.9,76.2],[-115.8,76.2],[-115.7,76.2],[-115.5,76.2],[-115.2,76.2],[-115,76.2],[-114.9,76.2],[-114.8,76.1],[-114.7,76.2],[-114.8,76.2],[-114.9,76.2],[-115,76.2],[-115.3,76.2],[-115.5,76.2],[-115.8,76.2],[-115.9,76.3],[-115.9,76.4],[-115.5,76.5],[-115,76.5],[-114.9,76.5],[-114.7,76.5],[-114.8,76.5],[-114.5,76.5],[-114.2,76.5],[-114.1,76.4],[-114.2,76.4],[-114.2,76.3],[-114.1,76.3],[-114,76.3],[-114,76.2],[-114.1,76.2],[-114,76.2],[-113.9,76.2],[-113.7,76.2],[-113.6,76.2],[-113.5,76.2],[-113.4,76.2],[-113.4,76.3],[-113.2,76.3],[-113,76.3],[-112.9,76.3],[-112.9,76.2],[-112.8,76.2],[-112.6,76.2],[-112.5,76.2],[-112.4,76.2],[-112.5,76.2],[-112.5,76.1],[-112.4,76.1],[-112.4,76],[-112.1,76],[-111.9,76],[-111.8,75.9],[-111.7,75.9],[-111.8,75.9],[-112.1,75.9],[-112.2,75.8],[-112.1,75.8],[-112.2,75.8],[-112.1,75.8],[-112,75.8],[-111.9,75.8],[-111.5,75.8],[-111.4,75.8],[-111.5,75.8],[-111.6,75.8],[-111.5,75.8],[-111.4,75.8],[-111.5,75.8],[-111.4,75.7],[-111.4,75.6],[-111.3,75.6],[-111.3,75.5],[-111.2,75.5],[-111,75.5],[-110.9,75.6],[-110.5,75.6],[-110.4,75.6],[-110.4,75.5],[-110.2,75.5],[-110.1,75.5],[-110,75.5],[-109.5,75.5],[-109,75.5],[-108.9,75.5],[-109,75.5],[-109,75.6],[-108.9,75.6],[-108.8,75.6],[-108.9,75.7],[-108.8,75.7],[-108.9,75.7],[-109,75.7],[-109.1,75.7],[-109.1,75.8],[-109.4,75.8],[-109.5,75.8],[-109.4,75.8],[-109.7,75.8],[-109.6,75.8],[-109.7,75.8],[-109.7,75.9],[-109.8,75.9],[-109.9,75.9],[-110,75.9],[-110.1,75.9],[-110,75.9],[-109.7,75.9],[-109.7,76],[-109.6,76],[-109.5,76],[-109.4,76],[-109.3,76],[-109.3,76.1],[-109.4,76.1],[-109.3,76.1],[-109.4,76.1],[-109.5,76.2],[-109.7,76.2],[-109.8,76.2],[-109.9,76.2],[-110,76.2],[-110.1,76.3],[-110.4,76.3],[-110.3,76.3],[-110.4,76.3],[-110.4,76.4],[-110.3,76.4],[-110.1,76.5],[-110,76.5],[-109.9,76.5],[-109.8,76.5],[-109.7,76.5],[-109.8,76.5],[-109.8,76.6],[-109.7,76.6],[-109.6,76.6],[-109.6,76.7],[-109.5,76.7],[-109.4,76.7],[-109.3,76.8],[-109.2,76.8],[-109,76.8],[-108.9,76.8],[-108.8,76.8],[-108.8,76.9],[-108.7,76.9],[-108.7,76.8],[-108.6,76.8],[-108.7,76.8],[-108.5,76.8],[-108.5,76.7],[-108.4,76.7],[-108.5,76.7],[-108.6,76.6],[-108.6,76.7],[-108.7,76.7],[-108.7,76.6],[-108.6,76.6],[-108.5,76.6],[-108.5,76.5],[-108.6,76.5],[-108.5,76.5],[-108.6,76.5],[-108.5,76.5],[-108.5,76.4],[-108.6,76.4],[-108.5,76.4],[-108.3,76.4],[-108.2,76.4],[-108.2,76.3],[-108.1,76.3],[-108.2,76.3],[-108.2,76.2],[-108.1,76.2],[-108.3,76.2],[-108.4,76.2],[-108.4,76.1],[-108.5,76.1],[-108.4,76.1],[-108.5,76.1],[-108.5,76],[-108.4,76.1],[-108.2,76],[-108,76.1],[-107.9,76.1],[-107.7,76],[-107.6,76],[-107.7,76],[-107.8,75.9],[-107.7,75.9],[-107.8,75.9],[-107.9,75.9],[-108,75.9],[-108,75.8],[-107.9,75.8],[-107.8,75.8],[-107.8,75.9],[-107.7,75.9],[-107.4,75.9],[-107.3,75.9],[-107.2,75.9],[-107.1,75.9],[-107,75.9],[-107.1,75.9],[-107.1,75.8],[-107,75.8],[-106.9,75.8],[-107,75.7],[-106.9,75.7],[-106.9,75.6],[-106.9,75.7],[-106.9,75.8],[-106.8,75.8],[-106.6,75.8],[-106.7,75.8],[-106.9,75.8],[-106.9,75.9],[-106.9,76],[-106.8,76],[-106.7,76],[-106.7,76.1],[-106.6,76.1],[-106.3,76.1],[-106,76],[-105.8,76],[-105.6,75.9],[-105.5,75.9],[-105.4,75.8],[-105.5,75.8],[-105.4,75.7],[-105.5,75.7],[-105.4,75.7]]],[[[-52.6,47.5],[-52.7,47.5],[-52.7,47.4],[-52.7,47.3],[-52.8,47.3],[-52.8,47.2],[-52.9,47.1],[-52.8,47.1],[-52.9,47.1],[-52.9,47],[-52.9,46.9],[-52.9,46.8],[-53,46.8],[-53,46.7],[-53.1,46.7],[-53.1,46.6],[-53.2,46.6],[-53.2,46.7],[-53.3,46.7],[-53.4,46.7],[-53.5,46.7],[-53.5,46.6],[-53.6,46.6],[-53.6,46.7],[-53.6,46.8],[-53.6,46.9],[-53.5,46.9],[-53.6,46.8],[-53.6,46.9],[-53.5,46.9],[-53.5,47],[-53.5,46.9],[-53.6,46.9],[-53.6,47],[-53.6,47.1],[-53.5,47.1],[-53.5,47.2],[-53.6,47.2],[-53.6,47.1],[-53.7,47.1],[-53.6,47.1],[-53.6,47.2],[-53.6,47.1],[-53.7,47.1],[-53.7,47],[-53.8,47],[-53.9,46.9],[-54,46.9],[-54,46.8],[-54.1,46.8],[-54.2,46.8],[-54.2,46.9],[-54.2,47],[-54.1,47],[-54.1,47.1],[-54,47.2],[-53.9,47.2],[-54,47.3],[-53.9,47.3],[-53.9,47.4],[-53.8,47.4],[-53.9,47.4],[-53.8,47.4],[-53.9,47.4],[-53.9,47.5],[-53.9,47.6],[-53.9,47.7],[-54,47.7],[-54,47.8],[-54.1,47.8],[-54.1,47.9],[-54.1,47.8],[-54.2,47.9],[-54.3,47.9],[-54.2,47.9],[-54.2,47.8],[-54.2,47.7],[-54.3,47.7],[-54.3,47.6],[-54.4,47.6],[-54.4,47.5],[-54.5,47.5],[-54.4,47.5],[-54.4,47.4],[-54.5,47.4],[-54.4,47.4],[-54.5,47.5],[-54.5,47.4],[-54.6,47.4],[-54.4,47.6],[-54.5,47.5],[-54.6,47.4],[-54.7,47.4],[-54.8,47.4],[-54.9,47.4],[-54.9,47.3],[-55,47.3],[-55,47.2],[-55.1,47.2],[-55.1,47.1],[-55.1,47],[-55.2,47],[-55.2,47.1],[-55.2,47],[-55.2,46.9],[-55.3,46.9],[-55.4,46.9],[-55.5,46.9],[-55.6,46.9],[-55.7,46.9],[-55.8,46.9],[-55.9,46.9],[-56,46.9],[-56,47],[-55.9,47],[-55.9,47.1],[-55.8,47.1],[-55.7,47.1],[-55.6,47.1],[-55.5,47.1],[-55.5,47.2],[-55.4,47.2],[-55.3,47.2],[-55.3,47.3],[-55.3,47.4],[-55.2,47.5],[-55.1,47.5],[-55,47.5],[-54.9,47.5],[-55,47.5],[-54.9,47.5],[-54.9,47.6],[-54.8,47.6],[-54.9,47.6],[-54.8,47.6],[-54.7,47.7],[-54.8,47.7],[-54.8,47.6],[-54.9,47.6],[-55,47.6],[-55.1,47.6],[-55,47.6],[-55,47.7],[-55,47.8],[-54.9,47.8],[-55,47.8],[-55.1,47.7],[-55.1,47.6],[-55.2,47.6],[-55.1,47.6],[-55.1,47.7],[-55.2,47.6],[-55.2,47.7],[-55.3,47.7],[-55.4,47.7],[-55.3,47.7],[-55.4,47.7],[-55.5,47.6],[-55.4,47.6],[-55.4,47.5],[-55.5,47.5],[-55.6,47.4],[-55.6,47.5],[-55.6,47.4],[-55.7,47.4],[-55.6,47.5],[-55.7,47.5],[-55.6,47.5],[-55.7,47.5],[-55.8,47.5],[-55.9,47.5],[-55.9,47.4],[-55.9,47.5],[-55.8,47.5],[-55.8,47.6],[-55.7,47.6],[-55.8,47.6],[-55.9,47.6],[-55.9,47.5],[-56,47.5],[-56.1,47.5],[-56.2,47.5],[-56.1,47.5],[-56,47.5],[-55.9,47.6],[-55.8,47.6],[-55.7,47.6],[-55.7,47.7],[-55.6,47.7],[-55.7,47.7],[-55.8,47.6],[-55.9,47.6],[-55.9,47.7],[-55.8,47.7],[-55.8,47.8],[-55.8,47.9],[-55.7,47.9],[-55.8,47.9],[-55.8,48],[-55.8,47.9],[-55.8,47.8],[-55.9,47.8],[-56,47.8],[-56,47.7],[-56.1,47.7],[-56.1,47.8],[-56.2,47.8],[-56.1,47.8],[-56.1,47.7],[-56.2,47.7],[-56.1,47.7],[-56.2,47.7],[-56.2,47.6],[-56.2,47.7],[-56.2,47.6],[-56.3,47.6],[-56.3,47.7],[-56.3,47.8],[-56.3,47.7],[-56.3,47.6],[-56.4,47.6],[-56.5,47.6],[-56.6,47.6],[-56.7,47.6],[-56.6,47.6],[-56.7,47.6],[-56.8,47.6],[-56.7,47.6],[-56.8,47.5],[-56.9,47.5],[-56.9,47.6],[-56.9,47.5],[-56.9,47.6],[-57,47.6],[-57.1,47.6],[-57.2,47.6],[-57.1,47.6],[-57.2,47.6],[-57.3,47.6],[-57.4,47.6],[-57.5,47.6],[-57.5,47.7],[-57.5,47.6],[-57.6,47.6],[-57.7,47.6],[-57.7,47.7],[-57.8,47.7],[-57.8,47.6],[-57.8,47.7],[-57.9,47.7],[-58,47.7],[-58.1,47.7],[-58.2,47.7],[-58.3,47.7],[-58.3,47.6],[-58.4,47.6],[-58.4,47.7],[-58.3,47.7],[-58.3,47.8],[-58.3,47.7],[-58.4,47.7],[-58.4,47.6],[-58.5,47.6],[-58.5,47.7],[-58.5,47.6],[-58.5,47.7],[-58.5,47.6],[-58.6,47.6],[-58.7,47.6],[-58.8,47.6],[-58.9,47.6],[-59,47.6],[-59.1,47.6],[-59.2,47.6],[-59.3,47.6],[-59.3,47.7],[-59.3,47.8],[-59.4,47.8],[-59.4,47.9],[-59.3,47.9],[-59.3,48],[-59.2,48],[-59.2,48.1],[-59,48.1],[-58.9,48.2],[-58.8,48.2],[-58.8,48.3],[-58.7,48.3],[-58.7,48.4],[-58.6,48.4],[-58.5,48.5],[-58.5,48.4],[-58.6,48.4],[-58.5,48.4],[-58.4,48.5],[-58.3,48.5],[-58.4,48.5],[-58.5,48.5],[-58.6,48.5],[-58.7,48.6],[-58.8,48.5],[-58.9,48.5],[-59,48.5],[-59.1,48.5],[-59.2,48.5],[-59.3,48.5],[-59.2,48.5],[-59.2,48.6],[-59.1,48.6],[-59,48.7],[-58.8,48.8],[-58.8,48.7],[-58.9,48.7],[-59,48.6],[-58.9,48.6],[-58.8,48.6],[-58.9,48.6],[-58.8,48.6],[-58.7,48.6],[-58.7,48.7],[-58.6,48.8],[-58.6,48.9],[-58.5,48.9],[-58.5,49],[-58.4,49.1],[-58.4,49.2],[-58.3,49.1],[-58.4,49.1],[-58.3,49.1],[-58.4,49.1],[-58.3,49.1],[-58.2,49.1],[-58.1,49],[-57.9,49],[-58,49],[-58.1,49],[-58.1,49.1],[-58,49.1],[-57.9,49.1],[-57.9,49.2],[-58,49.2],[-57.9,49.2],[-58,49.2],[-58.1,49.1],[-58.1,49.2],[-58,49.2],[-57.9,49.2],[-58,49.2],[-58.1,49.2],[-58.2,49.2],[-58.2,49.3],[-58.2,49.4],[-58.1,49.5],[-58,49.6],[-57.9,49.5],[-57.9,49.4],[-57.9,49.5],[-57.8,49.5],[-57.7,49.5],[-57.8,49.5],[-57.8,49.6],[-57.8,49.5],[-57.9,49.5],[-57.9,49.6],[-58,49.6],[-57.9,49.7],[-57.9,49.8],[-57.8,49.9],[-57.7,50],[-57.7,50.1],[-57.6,50.2],[-57.6,50.3],[-57.5,50.3],[-57.5,50.4],[-57.5,50.5],[-57.4,50.5],[-57.4,50.6],[-57.3,50.6],[-57.2,50.6],[-57.3,50.6],[-57.2,50.6],[-57.3,50.7],[-57.3,50.6],[-57.3,50.7],[-57.4,50.7],[-57.3,50.7],[-57.2,50.7],[-57.2,50.8],[-57.1,50.8],[-57,50.8],[-57,50.9],[-56.9,50.9],[-57,50.9],[-57,51],[-57.1,51],[-57,51],[-56.9,51],[-57,51],[-57,51.1],[-56.9,51.1],[-56.8,51.1],[-56.8,51.2],[-56.7,51.2],[-56.8,51.2],[-56.8,51.3],[-56.7,51.3],[-56.7,51.4],[-56.5,51.4],[-56.4,51.4],[-56.3,51.5],[-56.2,51.5],[-56.1,51.5],[-56.1,51.6],[-56,51.6],[-55.9,51.6],[-55.8,51.6],[-55.9,51.6],[-55.8,51.6],[-55.9,51.5],[-55.8,51.5],[-55.7,51.5],[-55.6,51.5],[-55.7,51.5],[-55.7,51.6],[-55.6,51.6],[-55.5,51.6],[-55.4,51.6],[-55.5,51.6],[-55.4,51.5],[-55.5,51.5],[-55.5,51.4],[-55.6,51.4],[-55.6,51.3],[-55.6,51.4],[-55.6,51.3],[-55.7,51.3],[-55.8,51.4],[-55.9,51.3],[-55.9,51.4],[-56,51.4],[-55.9,51.4],[-56,51.3],[-56,51.4],[-56.1,51.4],[-56.1,51.3],[-56,51.3],[-56,51.2],[-56.1,51.2],[-56,51.2],[-55.9,51.2],[-56,51.2],[-55.9,51.2],[-55.8,51.2],[-55.7,51.2],[-55.7,51.1],[-55.8,51.1],[-55.8,51],[-55.8,50.9],[-55.8,51],[-55.9,50.9],[-55.8,50.9],[-55.9,50.9],[-56,50.8],[-56.1,50.8],[-56.1,50.7],[-56.1,50.8],[-56.1,50.9],[-56.2,50.9],[-56.1,50.8],[-56.2,50.8],[-56.2,50.7],[-56.1,50.7],[-56.1,50.6],[-56.2,50.6],[-56.2,50.5],[-56.3,50.5],[-56.4,50.4],[-56.5,50.4],[-56.4,50.4],[-56.4,50.3],[-56.5,50.3],[-56.5,50.2],[-56.6,50.1],[-56.7,50.1],[-56.6,50.1],[-56.7,50.1],[-56.7,50],[-56.8,50],[-56.8,49.9],[-56.7,49.9],[-56.7,50],[-56.7,49.9],[-56.8,49.9],[-56.8,49.8],[-56.9,49.8],[-56.9,49.7],[-56.8,49.7],[-56.8,49.6],[-56.9,49.5],[-56.8,49.6],[-56.7,49.7],[-56.6,49.8],[-56.5,49.9],[-56.4,49.8],[-56.4,49.9],[-56.3,50],[-56.3,50.1],[-56.2,50.1],[-56.1,50.2],[-56.1,50.1],[-56.1,50],[-56.2,49.9],[-56.1,50],[-56,50],[-55.9,50],[-55.8,50],[-55.8,49.9],[-55.7,49.9],[-55.7,50],[-55.6,50],[-55.5,50],[-55.5,49.9],[-55.6,49.9],[-55.7,49.8],[-55.8,49.8],[-56,49.7],[-56,49.8],[-56,49.7],[-56.1,49.7],[-56.2,49.6],[-56.1,49.6],[-56,49.7],[-55.9,49.7],[-56,49.7],[-55.9,49.7],[-55.8,49.7],[-55.9,49.7],[-55.9,49.6],[-55.9,49.5],[-56,49.5],[-56.1,49.5],[-56.1,49.4],[-56,49.5],[-55.9,49.5],[-55.8,49.5],[-55.7,49.5],[-55.8,49.5],[-55.8,49.4],[-55.7,49.5],[-55.7,49.4],[-55.6,49.4],[-55.6,49.5],[-55.5,49.5],[-55.6,49.5],[-55.6,49.4],[-55.5,49.4],[-55.5,49.5],[-55.4,49.5],[-55.3,49.5],[-55.4,49.4],[-55.3,49.5],[-55.3,49.4],[-55.4,49.4],[-55.4,49.3],[-55.4,49.4],[-55.3,49.4],[-55.3,49.3],[-55.3,49.4],[-55.2,49.4],[-55.3,49.4],[-55.3,49.5],[-55.2,49.5],[-55.1,49.5],[-55.2,49.5],[-55.1,49.5],[-55.2,49.4],[-55.2,49.3],[-55.2,49.2],[-55.3,49.2],[-55.4,49.2],[-55.3,49.2],[-55.3,49.1],[-55.4,49.1],[-55.4,49],[-55.3,49.1],[-55.2,49.1],[-55.3,49.1],[-55.3,49.2],[-55.2,49.2],[-55.1,49.3],[-55.1,49.4],[-55,49.3],[-55,49.2],[-55,49.3],[-54.9,49.3],[-54.9,49.4],[-54.8,49.4],[-54.8,49.3],[-54.8,49.4],[-54.8,49.3],[-54.7,49.3],[-54.7,49.4],[-54.6,49.4],[-54.7,49.4],[-54.6,49.4],[-54.6,49.5],[-54.5,49.5],[-54.4,49.5],[-54.5,49.5],[-54.5,49.4],[-54.5,49.5],[-54.4,49.5],[-54.5,49.4],[-54.4,49.4],[-54.5,49.4],[-54.5,49.3],[-54.4,49.3],[-54.4,49.4],[-54.3,49.4],[-54.2,49.4],[-54.1,49.4],[-54.1,49.5],[-54,49.5],[-54,49.4],[-53.9,49.5],[-53.9,49.4],[-53.8,49.4],[-53.7,49.4],[-53.7,49.3],[-53.6,49.3],[-53.5,49.3],[-53.5,49.2],[-53.6,49.1],[-53.6,49],[-53.8,49],[-53.7,49],[-53.8,49],[-53.9,49],[-53.8,48.9],[-53.9,48.9],[-54,48.9],[-53.9,48.9],[-54,48.9],[-54,48.8],[-54.1,48.8],[-54.2,48.8],[-54,48.8],[-53.9,48.8],[-53.8,48.8],[-53.9,48.8],[-53.8,48.8],[-53.9,48.7],[-54,48.8],[-54,48.7],[-53.9,48.7],[-54,48.7],[-53.9,48.7],[-53.9,48.6],[-53.8,48.7],[-53.9,48.7],[-53.8,48.8],[-53.8,48.7],[-53.9,48.7],[-53.8,48.7],[-53.7,48.7],[-53.6,48.7],[-53.7,48.6],[-53.8,48.6],[-53.9,48.6],[-54,48.5],[-53.9,48.5],[-53.9,48.6],[-53.7,48.6],[-53.8,48.6],[-53.8,48.5],[-53.7,48.5],[-53.8,48.5],[-53.9,48.5],[-54,48.4],[-54.1,48.4],[-54.2,48.4],[-54.1,48.4],[-54,48.4],[-53.9,48.5],[-53.8,48.5],[-53.8,48.4],[-53.9,48.4],[-53.8,48.4],[-53.9,48.4],[-53.8,48.4],[-53.8,48.5],[-53.7,48.5],[-53.6,48.5],[-53.7,48.5],[-53.6,48.5],[-53.7,48.5],[-53.7,48.4],[-53.6,48.5],[-53.5,48.5],[-53.6,48.4],[-53.5,48.5],[-53.5,48.6],[-53.4,48.6],[-53.3,48.6],[-53.3,48.5],[-53.3,48.6],[-53.3,48.5],[-53.2,48.5],[-53.2,48.6],[-53.1,48.6],[-53.1,48.7],[-53,48.7],[-53,48.6],[-53,48.5],[-53.1,48.4],[-53.2,48.4],[-53.3,48.4],[-53.4,48.4],[-53.4,48.3],[-53.5,48.3],[-53.5,48.2],[-53.6,48.2],[-53.7,48.2],[-53.8,48.2],[-53.9,48.2],[-53.9,48.1],[-53.8,48.1],[-53.7,48.1],[-53.7,48],[-53.8,48],[-53.9,48],[-53.8,48],[-53.7,48],[-53.6,48],[-53.6,48.1],[-53.6,48],[-53.7,47.9],[-53.8,47.9],[-53.7,47.9],[-53.7,47.8],[-53.8,47.8],[-53.9,47.8],[-53.9,47.9],[-53.9,47.8],[-53.8,47.8],[-53.8,47.7],[-53.9,47.7],[-53.8,47.7],[-53.8,47.6],[-53.7,47.6],[-53.7,47.7],[-53.7,47.6],[-53.6,47.6],[-53.7,47.6],[-53.7,47.5],[-53.6,47.6],[-53.6,47.5],[-53.5,47.6],[-53.6,47.6],[-53.5,47.6],[-53.6,47.6],[-53.5,47.6],[-53.5,47.7],[-53.5,47.8],[-53.4,47.8],[-53.4,47.9],[-53.3,47.9],[-53.3,48],[-53.2,48],[-53.2,48.1],[-53.1,48.1],[-53.1,48],[-53.1,48.1],[-53,48.1],[-53,48.2],[-52.9,48.2],[-52.9,48.1],[-52.8,48.1],[-52.9,48.1],[-53,48],[-53,47.9],[-53.1,47.9],[-53.1,47.8],[-53.2,47.8],[-53.2,47.7],[-53.2,47.6],[-53.3,47.6],[-53.2,47.6],[-53.3,47.6],[-53.2,47.6],[-53.3,47.6],[-53.2,47.5],[-53.2,47.6],[-53.2,47.5],[-53.1,47.5],[-53.2,47.5],[-53.1,47.5],[-53.2,47.5],[-53.2,47.4],[-53.1,47.4],[-53.1,47.5],[-53,47.5],[-52.9,47.6],[-52.8,47.6],[-52.8,47.7],[-52.8,47.8],[-52.7,47.8],[-52.7,47.7],[-52.7,47.6],[-52.7,47.5],[-52.6,47.5]]],[[[-96.3,72.5],[-96.3,72.4],[-96.4,72.4],[-96.5,72.4],[-96.7,72.3],[-96.9,72.3],[-96.8,72.3],[-96.7,72.3],[-96.6,72.3],[-96.6,72.2],[-96.5,72.2],[-96.5,72.1],[-96.9,72],[-96.8,72],[-96.7,72],[-96.5,72],[-96.6,71.9],[-96.6,72],[-96.7,72],[-96.7,71.9],[-96.8,71.9],[-96.7,71.9],[-96.6,71.9],[-96.5,71.9],[-96.6,71.8],[-96.7,71.8],[-96.7,71.9],[-96.8,71.8],[-96.9,71.8],[-97,71.8],[-97.1,71.7],[-97.2,71.7],[-97.3,71.7],[-97.4,71.6],[-97.5,71.6],[-97.7,71.6],[-97.8,71.6],[-97.9,71.6],[-97.9,71.7],[-98,71.7],[-98.1,71.6],[-98.2,71.7],[-98.3,71.7],[-98.4,71.7],[-98.3,71.7],[-98.3,71.8],[-98.2,71.9],[-98.3,71.9],[-98.4,71.8],[-98.5,71.8],[-98.5,71.7],[-98.4,71.7],[-98.3,71.6],[-98.2,71.6],[-98.1,71.5],[-98,71.5],[-98.1,71.5],[-98.2,71.4],[-98.3,71.4],[-98.4,71.3],[-98.5,71.3],[-98.7,71.3],[-98.8,71.3],[-98.9,71.4],[-99,71.4],[-99.1,71.4],[-99.1,71.3],[-99.2,71.3],[-99.2,71.4],[-99.3,71.4],[-99.3,71.5],[-99.4,71.5],[-99.4,71.6],[-99.5,71.6],[-99.6,71.6],[-99.6,71.7],[-99.7,71.7],[-99.7,71.8],[-99.8,71.8],[-99.8,71.9],[-99.9,71.9],[-100,71.9],[-100.1,71.9],[-100.2,71.9],[-100.3,72],[-100.4,72],[-100.4,72.1],[-100.5,72.1],[-100.6,72.1],[-100.6,72.2],[-100.8,72.2],[-100.9,72.2],[-101,72.2],[-101.1,72.2],[-101,72.2],[-101,72.3],[-101.1,72.3],[-101,72.3],[-101.1,72.3],[-101.2,72.3],[-101.3,72.3],[-101.4,72.3],[-101.4,72.2],[-101.5,72.2],[-101.5,72.3],[-101.6,72.3],[-101.7,72.3],[-101.8,72.3],[-101.9,72.3],[-101.9,72.4],[-101.8,72.4],[-101.9,72.4],[-102,72.5],[-101.9,72.5],[-102,72.5],[-102.1,72.5],[-102.2,72.5],[-102.3,72.5],[-102.3,72.6],[-102.4,72.6],[-102.6,72.7],[-102.7,72.7],[-102.7,72.8],[-102.8,72.8],[-102.7,72.8],[-102.7,72.9],[-102.6,72.9],[-102.6,73],[-102.5,73],[-102.4,73],[-102.4,73.1],[-102.3,73.1],[-102.2,73.1],[-102.1,73.1],[-102,73.1],[-101.9,73.1],[-102,73.1],[-101.9,73.1],[-101.9,73],[-101.8,73],[-101.7,73],[-101.8,73],[-101.7,72.9],[-101.6,72.9],[-101.5,72.9],[-101.6,72.9],[-101.5,72.9],[-101.5,72.8],[-101.4,72.8],[-101.3,72.8],[-101.4,72.8],[-101.3,72.8],[-101.3,72.7],[-101.4,72.8],[-101.3,72.7],[-101.1,72.7],[-101,72.7],[-100.9,72.7],[-100.8,72.7],[-100.9,72.7],[-100.9,72.8],[-100.8,72.8],[-100.6,72.8],[-100.5,72.8],[-100.5,72.7],[-100.5,72.8],[-100.5,72.7],[-100.4,72.7],[-100.4,72.8],[-100.3,72.8],[-100.3,72.9],[-100.4,72.9],[-100.4,73],[-100.5,73],[-100.4,73],[-100.5,73],[-100.4,73],[-100.4,73.1],[-100.3,73.1],[-100.3,73],[-100.4,73],[-100.3,72.9],[-100.3,73],[-100.3,72.9],[-100.2,72.9],[-100.1,72.9],[-100,72.9],[-100.1,73],[-100,73],[-100.2,73],[-100.1,73],[-100.2,73],[-100.1,73],[-100.2,73.1],[-100.2,73],[-100.2,73.1],[-100.3,73.1],[-100.2,73.1],[-100.3,73.1],[-100.4,73.1],[-100.5,73.1],[-100.6,73.1],[-100.6,73.2],[-100.5,73.2],[-100.6,73.2],[-100.5,73.2],[-100.4,73.2],[-100.5,73.3],[-100.4,73.3],[-100.3,73.3],[-100.2,73.3],[-100.2,73.2],[-100.1,73.2],[-100,73.2],[-99.8,73.2],[-99.9,73.2],[-100,73.2],[-100.1,73.2],[-100.1,73.3],[-100.2,73.3],[-100.3,73.4],[-100.4,73.4],[-100.4,73.3],[-100.3,73.3],[-100.5,73.3],[-100.7,73.3],[-100.9,73.3],[-101,73.3],[-101.1,73.3],[-101.3,73.4],[-101.4,73.4],[-101.5,73.4],[-101.6,73.4],[-101.6,73.5],[-101.5,73.5],[-101.4,73.6],[-101.3,73.6],[-101.2,73.6],[-101,73.6],[-100.9,73.6],[-100.8,73.6],[-100.8,73.5],[-100.7,73.5],[-100.6,73.5],[-100.5,73.4],[-100.4,73.4],[-100.5,73.5],[-100.6,73.5],[-100.5,73.6],[-100.6,73.6],[-100.5,73.6],[-100.6,73.6],[-100.7,73.6],[-100.8,73.6],[-100.9,73.6],[-100.9,73.7],[-101,73.7],[-101.1,73.7],[-101,73.7],[-101.1,73.7],[-101,73.8],[-100.9,73.8],[-100.8,73.8],[-100.7,73.8],[-100.6,73.9],[-100.4,73.8],[-100.3,73.8],[-100.2,73.8],[-100.1,73.8],[-100,73.7],[-100,73.8],[-99.9,73.8],[-99.9,73.9],[-99.8,73.9],[-99.9,73.9],[-100,73.9],[-100,73.8],[-100.1,73.8],[-100.3,73.8],[-100.3,73.9],[-100.2,73.9],[-100.3,73.9],[-100.2,73.9],[-100.1,73.9],[-100,73.9],[-100,74],[-99.8,73.9],[-99.7,73.9],[-99.7,73.8],[-99.5,73.8],[-99.4,73.8],[-99.2,73.7],[-99.1,73.7],[-99.1,73.8],[-98.9,73.8],[-98.8,73.8],[-98.8,73.7],[-98.8,73.8],[-98.7,73.8],[-98.6,73.8],[-98.5,73.8],[-98.1,73.8],[-98,73.8],[-98,73.9],[-97.9,73.9],[-97.8,73.9],[-97.7,73.9],[-97.8,73.9],[-97.7,73.9],[-97.6,73.9],[-97.5,73.9],[-97.3,73.9],[-97.2,73.8],[-97.1,73.8],[-97,73.8],[-97,73.7],[-96.9,73.7],[-97,73.7],[-97,73.6],[-97.2,73.6],[-97.3,73.6],[-97.4,73.6],[-97.5,73.6],[-97.4,73.5],[-97.5,73.5],[-97.6,73.5],[-97.7,73.5],[-97.6,73.5],[-97.5,73.5],[-97.4,73.5],[-97.3,73.5],[-97.2,73.5],[-97.2,73.4],[-97.3,73.4],[-97.2,73.4],[-97.3,73.4],[-97.6,73.3],[-97.7,73.3],[-97.8,73.3],[-97.9,73.3],[-97.9,73.2],[-98.2,73.1],[-98.3,73],[-98.4,73],[-98.5,73],[-98.4,73],[-98.5,73],[-98.4,73],[-98.4,72.9],[-98.5,72.9],[-98.4,72.9],[-98.3,72.9],[-98.3,73],[-98.2,73],[-98.1,73],[-98,73],[-97.9,73],[-97.8,73],[-97.7,73],[-97.3,73],[-97.2,72.9],[-97.3,72.9],[-97.2,72.9],[-97.3,72.9],[-97.4,72.9],[-97.3,72.9],[-97.2,72.8],[-97.1,72.8],[-97,72.7],[-97.1,72.7],[-97.2,72.7],[-97.2,72.6],[-97.1,72.6],[-96.9,72.7],[-96.7,72.7],[-96.6,72.7],[-96.6,72.8],[-96.5,72.8],[-96.5,72.7],[-96.6,72.7],[-96.5,72.6],[-96.4,72.6],[-96.4,72.5],[-96.3,72.5]]],[[[-80.2,63.8],[-80.3,63.7],[-80.5,63.7],[-80.6,63.7],[-80.6,63.6],[-80.7,63.6],[-80.8,63.6],[-80.8,63.5],[-80.9,63.5],[-81,63.5],[-81.1,63.5],[-81.2,63.5],[-81.5,63.5],[-81.5,63.6],[-81.6,63.6],[-81.7,63.6],[-81.8,63.6],[-81.9,63.6],[-81.9,63.7],[-82,63.7],[-82.1,63.7],[-82.2,63.7],[-82.3,63.7],[-82.4,63.7],[-82.5,63.7],[-82.6,63.7],[-82.6,63.8],[-82.5,63.8],[-82.4,63.8],[-82.4,63.9],[-82.5,64],[-82.7,64],[-82.8,64],[-82.9,64],[-83,64],[-83.1,64],[-83.1,64.1],[-83,64.1],[-83,64.2],[-83.1,64.2],[-83.2,64.2],[-83.2,64.1],[-83.3,64.1],[-83.4,64.1],[-83.5,64.1],[-83.6,64.1],[-83.6,64],[-83.7,64],[-83.6,64],[-83.6,63.9],[-83.7,63.9],[-83.6,63.9],[-83.6,63.8],[-83.7,63.8],[-83.8,63.8],[-83.9,63.7],[-84,63.7],[-84.1,63.6],[-84.2,63.6],[-84.3,63.6],[-84.4,63.6],[-84.4,63.5],[-84.5,63.5],[-84.4,63.5],[-84.5,63.4],[-84.6,63.3],[-84.7,63.3],[-84.8,63.3],[-85,63.2],[-85.1,63.2],[-85.3,63.1],[-85.5,63.1],[-85.6,63.2],[-85.6,63.3],[-85.7,63.4],[-85.6,63.5],[-85.6,63.6],[-85.6,63.7],[-85.7,63.7],[-85.7,63.8],[-85.8,63.7],[-86,63.7],[-86.2,63.7],[-86.3,63.6],[-86.5,63.7],[-86.6,63.7],[-86.7,63.7],[-86.7,63.6],[-86.8,63.6],[-86.9,63.6],[-87.1,63.6],[-87.2,63.6],[-87.2,63.7],[-87,63.9],[-86.9,63.9],[-86.6,64],[-86.5,64],[-86.4,64.1],[-86.3,64.1],[-86.2,64.1],[-86.2,64.2],[-86.3,64.2],[-86.3,64.3],[-86.4,64.3],[-86.4,64.4],[-86.3,64.4],[-86.4,64.4],[-86.4,64.5],[-86.4,64.6],[-86.4,64.7],[-86.2,64.8],[-86.2,64.9],[-86.2,65],[-86.2,65.1],[-86.1,65.1],[-86.1,65.2],[-86.2,65.2],[-86.2,65.3],[-86.1,65.3],[-86.1,65.4],[-86.2,65.4],[-86.1,65.4],[-86.1,65.5],[-86.1,65.6],[-86,65.6],[-86,65.7],[-85.9,65.8],[-85.7,65.9],[-85.6,65.9],[-85.5,65.9],[-85.5,65.8],[-85.4,65.8],[-85.3,65.8],[-85.2,65.8],[-85.2,65.7],[-85.1,65.6],[-85.3,65.6],[-85.3,65.5],[-85.2,65.5],[-85.1,65.5],[-85,65.4],[-85,65.3],[-84.9,65.3],[-84.9,65.2],[-84.8,65.2],[-84.8,65.3],[-84.7,65.3],[-84.8,65.3],[-84.7,65.4],[-84.6,65.5],[-84.5,65.5],[-84.4,65.4],[-84.3,65.4],[-84.2,65.4],[-84.2,65.3],[-84.1,65.2],[-84,65.2],[-83.9,65.2],[-83.8,65.2],[-83.7,65.2],[-83.5,65.2],[-83.5,65.1],[-83.4,65.1],[-83.3,65.1],[-83.3,65],[-83.2,65],[-83.2,64.9],[-83.1,64.9],[-83,64.9],[-82.9,64.9],[-82.8,64.9],[-82.8,64.8],[-82.7,64.8],[-82.6,64.8],[-82.5,64.7],[-82.5,64.8],[-82.4,64.8],[-82.3,64.8],[-82.3,64.7],[-82.2,64.7],[-82.1,64.7],[-81.8,64.5],[-81.8,64.4],[-81.8,64.3],[-81.7,64.3],[-81.7,64.2],[-81.6,64.2],[-81.6,64.1],[-81.7,64.1],[-81.8,64.1],[-81.9,64.1],[-82,64.1],[-82,64],[-81.9,64],[-81.8,64],[-81.6,64],[-81.5,64],[-81.4,64.1],[-81.5,64.1],[-81.4,64.1],[-81.3,64.1],[-81.2,64.1],[-81.1,64],[-81,64],[-80.9,64],[-81,64],[-81,64.1],[-80.9,64.1],[-81,64.1],[-80.9,64.1],[-80.8,64.1],[-80.7,64],[-80.6,64],[-80.5,64],[-80.5,63.9],[-80.6,63.9],[-80.7,63.9],[-80.6,63.9],[-80.4,63.9],[-80.3,63.8],[-80.2,63.8]]],[[[-90.3,73.9],[-90.2,73.9],[-90.3,73.8],[-90.3,73.9],[-90.4,73.9],[-90.4,73.8],[-90.4,73.7],[-90.5,73.7],[-90.6,73.7],[-90.6,73.6],[-90.8,73.6],[-90.8,73.5],[-90.9,73.5],[-91,73.5],[-91,73.6],[-91,73.5],[-90.9,73.5],[-91,73.4],[-91.1,73.4],[-91,73.4],[-91.1,73.4],[-91.2,73.4],[-91.2,73.3],[-91.3,73.3],[-91.4,73.3],[-91.5,73.2],[-91.6,73.2],[-91.4,73.2],[-91.5,73.1],[-91.6,73.1],[-91.6,73],[-91.7,73],[-91.8,72.9],[-91.9,72.8],[-92,72.8],[-92.1,72.8],[-92.1,72.7],[-92.2,72.7],[-92.4,72.7],[-92.5,72.7],[-92.6,72.7],[-93,72.8],[-93.1,72.8],[-93.2,72.8],[-93.3,72.8],[-93.4,72.8],[-93.5,72.8],[-93.6,72.8],[-93.9,72.8],[-94.2,72.8],[-94.3,72.8],[-94.3,72.7],[-94.2,72.7],[-94,72.7],[-93.9,72.7],[-93.8,72.7],[-93.8,72.6],[-93.7,72.6],[-93.6,72.6],[-93.5,72.5],[-93.5,72.4],[-93.6,72.4],[-93.7,72.3],[-93.8,72.3],[-93.9,72.3],[-93.9,72.2],[-94,72.2],[-94,72.1],[-94.1,72.1],[-94.2,72.1],[-94.2,72],[-94.1,72],[-94.1,72.1],[-94,72.1],[-94.1,72],[-94,72],[-94.1,72],[-94.2,72],[-94.3,72],[-94.6,72],[-94.7,72],[-95.1,72],[-95.2,72],[-95.1,72],[-95.2,72],[-95.2,72.1],[-95.1,72.1],[-95.2,72.1],[-95.1,72.1],[-94.8,72.2],[-95.1,72.1],[-95.2,72.2],[-95.2,72.3],[-95.2,72.4],[-95.1,72.4],[-95.2,72.4],[-95.2,72.5],[-95.1,72.5],[-95.2,72.5],[-95.3,72.5],[-95.3,72.6],[-95.4,72.6],[-95.4,72.7],[-95.5,72.7],[-95.6,72.7],[-95.5,72.7],[-95.6,72.8],[-95.7,72.8],[-95.7,72.9],[-95.6,72.9],[-95.7,72.9],[-95.7,73],[-95.6,73.1],[-95.7,73.1],[-95.6,73.1],[-95.5,73.1],[-95.5,73.2],[-95.6,73.2],[-95.6,73.3],[-95.7,73.3],[-95.6,73.3],[-95.6,73.4],[-95.7,73.4],[-95.7,73.5],[-95.6,73.5],[-95.7,73.5],[-95.6,73.5],[-95.7,73.5],[-95.7,73.6],[-95.6,73.6],[-95.7,73.6],[-95.6,73.6],[-95.5,73.6],[-95.6,73.6],[-95.7,73.6],[-95.7,73.7],[-95.6,73.7],[-95.4,73.8],[-95.3,73.8],[-95.2,73.8],[-95.1,73.7],[-95,73.7],[-94.8,73.6],[-94.6,73.7],[-94.7,73.7],[-94.8,73.7],[-94.9,73.7],[-95,73.7],[-95,73.8],[-95.1,73.8],[-95,73.8],[-95,73.9],[-95.1,73.9],[-95.1,73.8],[-95.2,73.8],[-95.2,73.9],[-95.3,73.9],[-95.3,74],[-95.2,74],[-95,74],[-94.9,74],[-94.9,74.1],[-94.8,74.1],[-94.7,74.1],[-94.5,74.1],[-94.4,74.1],[-93.9,74.1],[-93.8,74.1],[-93.7,74.1],[-93.8,74.1],[-93.7,74.2],[-93.5,74.2],[-93.3,74.2],[-93,74.1],[-92.8,74.1],[-92.7,74.1],[-92.6,74.1],[-92.5,74.1],[-92.4,74.1],[-92.4,74],[-92.3,74],[-92.3,73.9],[-92.1,74],[-92,74],[-91.8,74],[-91.6,74],[-91.4,74],[-91,74],[-90.6,74],[-90.3,73.9]]],[[[-119.3,76.2],[-119.4,76.2],[-119.4,76.3],[-119.5,76.3],[-119.5,76.4],[-119.5,76.3],[-119.6,76.3],[-119.7,76.3],[-119.6,76.2],[-119.7,76.2],[-119.7,76.1],[-119.6,76.1],[-119.8,76.1],[-119.7,76.1],[-119.5,76.1],[-119.5,76],[-119.6,76],[-119.7,76],[-119.7,75.9],[-119.6,75.9],[-119.7,75.9],[-119.8,75.9],[-119.9,75.9],[-120,75.8],[-120.1,75.9],[-120.2,75.9],[-120.2,75.8],[-120.3,75.8],[-120.4,75.8],[-120.5,75.8],[-120.5,75.9],[-120.4,75.9],[-120.4,76],[-120.5,76],[-120.6,76],[-120.7,76],[-120.7,76.1],[-120.6,76.1],[-120.7,76.1],[-120.8,76.1],[-120.7,76.1],[-120.7,76.2],[-120.8,76.2],[-120.9,76.2],[-121,76.2],[-121,76.1],[-121,76],[-120.9,76],[-121,76],[-121,75.9],[-121,76],[-121.1,76],[-121.2,76],[-121.3,76],[-121.3,75.9],[-121.4,75.9],[-121.4,76],[-121.5,76],[-121.6,76],[-121.7,76],[-121.8,76],[-122,76],[-122.1,76],[-122.2,76],[-122.4,75.9],[-122.6,75.9],[-122.7,76],[-122.6,76],[-122.7,76],[-122.6,76],[-122.5,76.1],[-122.7,76.1],[-122.5,76.1],[-122.5,76.2],[-122.6,76.1],[-122.6,76.2],[-122.7,76.2],[-122.8,76.2],[-122.8,76.1],[-122.8,76.2],[-122.8,76.1],[-122.9,76.1],[-123,76.1],[-122.9,76.2],[-122.8,76.2],[-122.7,76.2],[-122.7,76.3],[-122.6,76.3],[-122.6,76.4],[-122.5,76.4],[-122.4,76.4],[-122,76.4],[-121.8,76.4],[-121.6,76.4],[-121.5,76.4],[-121.5,76.5],[-121.4,76.5],[-121.4,76.6],[-121.3,76.6],[-121.2,76.6],[-121.2,76.7],[-121.1,76.7],[-121,76.7],[-120.9,76.7],[-120.8,76.7],[-120.6,76.8],[-120.5,76.8],[-120.4,76.8],[-120.4,76.9],[-120.2,76.9],[-120.2,77],[-120.1,77],[-120,77],[-119.9,77],[-119.9,77.1],[-119.8,77.1],[-119.7,77.1],[-119.6,77.1],[-119.6,77.2],[-119.4,77.2],[-119.3,77.2],[-119.3,77.3],[-119.2,77.3],[-119.1,77.3],[-119,77.3],[-118.9,77.3],[-118.8,77.4],[-118.7,77.4],[-118.4,77.4],[-118.2,77.4],[-118.1,77.4],[-117.9,77.4],[-118,77.4],[-117.9,77.4],[-117.8,77.4],[-117.8,77.3],[-117.7,77.3],[-117.6,77.3],[-117.5,77.3],[-117.4,77.3],[-117.3,77.3],[-117.2,77.3],[-117.1,77.3],[-117,77.3],[-117.1,77.3],[-117.2,77.3],[-117.2,77.4],[-117,77.4],[-116.9,77.3],[-116.8,77.3],[-116.8,77.4],[-116.7,77.4],[-116.6,77.4],[-116.7,77.4],[-116.8,77.4],[-116.9,77.4],[-117,77.4],[-117.2,77.5],[-117.1,77.5],[-117,77.5],[-116.9,77.5],[-116.8,77.5],[-116.9,77.5],[-116.4,77.6],[-116.4,77.5],[-116.3,77.5],[-116.4,77.5],[-116.2,77.5],[-116.1,77.5],[-115.9,77.4],[-115.8,77.4],[-115.7,77.4],[-115.6,77.4],[-115.5,77.4],[-115.4,77.3],[-115.5,77.3],[-115.4,77.3],[-115.5,77.3],[-115.7,77.3],[-115.8,77.3],[-115.8,77.2],[-115.9,77.2],[-116.2,77.2],[-116.3,77.2],[-116.3,77.1],[-116.4,77.1],[-116.3,77.1],[-116.2,77],[-115.8,77],[-115.7,76.9],[-115.8,76.9],[-115.9,76.9],[-116,76.9],[-116.3,76.9],[-116.4,76.9],[-116.3,76.9],[-116.2,76.8],[-116,76.8],[-115.9,76.7],[-116,76.7],[-116,76.6],[-116.1,76.6],[-116.3,76.6],[-116.5,76.6],[-116.8,76.6],[-116.8,76.5],[-117,76.6],[-117.1,76.5],[-117,76.5],[-117,76.4],[-116.9,76.4],[-116.9,76.3],[-117,76.3],[-117.1,76.3],[-117.3,76.3],[-117.4,76.3],[-117.6,76.3],[-117.7,76.3],[-117.8,76.3],[-117.9,76.3],[-118,76.4],[-118.1,76.4],[-118,76.4],[-118.1,76.4],[-118,76.5],[-117.9,76.5],[-118,76.6],[-117.9,76.6],[-118,76.6],[-117.9,76.6],[-117.9,76.7],[-117.8,76.8],[-117.7,76.8],[-117.8,76.8],[-117.9,76.8],[-118,76.8],[-118.3,76.8],[-118.3,76.7],[-118.5,76.7],[-118.4,76.7],[-118.3,76.6],[-118.3,76.5],[-118.4,76.6],[-118.5,76.5],[-118.7,76.5],[-118.8,76.6],[-118.9,76.6],[-118.8,76.5],[-118.9,76.5],[-119,76.5],[-118.9,76.5],[-118.8,76.5],[-118.7,76.5],[-118.7,76.4],[-118.6,76.4],[-118.6,76.3],[-118.7,76.3],[-118.9,76.3],[-118.9,76.2],[-119,76.2],[-119,76.1],[-119.1,76.1],[-119.2,76.1],[-119.3,76.1],[-119.3,76.2]]],[[[-97.4,75.5],[-97.4,75.4],[-97.3,75.4],[-97.5,75.4],[-97.5,75.5],[-97.7,75.6],[-97.8,75.6],[-97.7,75.5],[-97.8,75.5],[-97.8,75.6],[-97.9,75.5],[-97.8,75.5],[-97.7,75.5],[-97.8,75.5],[-97.9,75.5],[-98,75.5],[-97.9,75.5],[-98,75.5],[-97.9,75.5],[-98,75.5],[-98.1,75.5],[-98,75.4],[-97.9,75.5],[-97.8,75.4],[-98,75.4],[-98.1,75.4],[-98,75.4],[-97.9,75.4],[-98,75.4],[-98.1,75.4],[-98.2,75.3],[-98.1,75.3],[-98,75.3],[-97.9,75.3],[-98,75.3],[-97.9,75.3],[-98,75.3],[-97.9,75.3],[-97.8,75.2],[-97.7,75.2],[-97.8,75.2],[-97.7,75.2],[-97.6,75.2],[-97.6,75.1],[-97.7,75.1],[-97.8,75.1],[-98,75.2],[-98.1,75.2],[-98.2,75.2],[-98.1,75.2],[-98.2,75.2],[-98.1,75.2],[-98.1,75.1],[-98,75.1],[-97.9,75.1],[-98,75],[-98.4,75],[-98.8,75],[-98.7,75],[-98.8,75],[-98.9,75],[-98.8,75],[-98.9,75],[-98.9,75.1],[-98.8,75.1],[-98.9,75.1],[-99,75],[-98.9,75],[-99,75],[-99.4,75],[-99.3,75.1],[-99.4,75.1],[-99.5,75],[-99.4,75],[-99.5,75],[-99.6,75],[-100,75],[-100.3,75],[-100.4,75],[-100.4,75.1],[-100.4,75.2],[-100.5,75.2],[-100.4,75.2],[-100,75.2],[-100.1,75.2],[-100.1,75.3],[-100.2,75.3],[-100.3,75.3],[-100.4,75.3],[-100.3,75.3],[-100.2,75.3],[-100.5,75.3],[-100.7,75.3],[-100.8,75.4],[-100.6,75.4],[-100.7,75.4],[-100.6,75.3],[-100.6,75.4],[-100.5,75.4],[-100.4,75.4],[-100.5,75.4],[-100.6,75.4],[-100.7,75.4],[-100.4,75.4],[-100,75.5],[-100.3,75.5],[-100.2,75.5],[-100,75.5],[-100.3,75.5],[-99.8,75.5],[-99.9,75.6],[-99.9,75.5],[-100,75.6],[-99.8,75.6],[-99.7,75.6],[-99.9,75.6],[-99.8,75.6],[-99.8,75.7],[-99.4,75.7],[-99,75.7],[-98.9,75.7],[-99.3,75.7],[-99.7,75.7],[-99.6,75.7],[-99.9,75.7],[-100.2,75.7],[-100.3,75.7],[-100.4,75.7],[-100.5,75.6],[-100.6,75.7],[-100.8,75.6],[-101.1,75.6],[-101.2,75.6],[-101.3,75.6],[-101.4,75.6],[-101.8,75.6],[-102.1,75.5],[-102.2,75.6],[-102.4,75.5],[-102.6,75.5],[-102.7,75.5],[-102.8,75.5],[-102.8,75.6],[-102.7,75.6],[-102.8,75.6],[-102.9,75.6],[-102.8,75.6],[-102.7,75.6],[-102.6,75.6],[-102.7,75.6],[-102.7,75.7],[-102.6,75.7],[-102.5,75.7],[-102.6,75.7],[-102.5,75.7],[-102.2,75.7],[-102.1,75.7],[-102,75.7],[-102.1,75.7],[-102.2,75.7],[-102.2,75.8],[-102.1,75.8],[-102.3,75.8],[-102.4,75.8],[-102.3,75.8],[-102.3,75.9],[-101.8,75.9],[-101.7,75.9],[-101.6,75.8],[-101.5,75.8],[-101.4,75.8],[-101.3,75.7],[-101.2,75.8],[-101,75.8],[-100.9,75.8],[-101,75.8],[-101.1,75.8],[-101.2,75.8],[-101.4,75.8],[-101.3,75.8],[-101.4,75.9],[-101.5,75.9],[-101.6,75.9],[-101.5,75.9],[-101.6,75.9],[-101.5,76],[-101.4,76],[-101.3,76],[-101.4,76],[-101.7,76],[-101.8,76],[-101.9,76.1],[-101.8,76.1],[-101.8,76.2],[-101.7,76.2],[-101.5,76.2],[-101.4,76.3],[-101.8,76.2],[-102.1,76.2],[-102.2,76.2],[-102.1,76.2],[-102.1,76.3],[-102.2,76.3],[-102.1,76.3],[-102,76.3],[-102.1,76.3],[-102.1,76.4],[-102,76.4],[-102.1,76.4],[-102,76.4],[-101.9,76.4],[-101.8,76.5],[-101.4,76.4],[-101.3,76.4],[-101.2,76.4],[-101.1,76.3],[-101.1,76.2],[-101,76.2],[-100.8,76.2],[-100.7,76.2],[-100.7,76.1],[-100.6,76.1],[-100.7,76.1],[-100.4,76.1],[-100.5,76.1],[-100.6,76.1],[-100.4,76.1],[-100.3,76],[-100.2,76],[-100.1,76],[-100.1,75.9],[-100.2,75.9],[-100.1,75.9],[-100,75.9],[-99.9,75.9],[-99.7,75.9],[-99.6,75.9],[-99.6,76],[-99.5,76],[-99.4,76],[-99.5,76],[-99.8,76],[-99.9,75.9],[-99.9,76],[-100,76],[-100.1,76],[-100.1,76.1],[-100.2,76.1],[-100.1,76.1],[-100.1,76.2],[-100,76.2],[-100,76.1],[-99.8,76.1],[-99.7,76.1],[-99.6,76.1],[-99.5,76.2],[-99.4,76.2],[-99.7,76.1],[-99.8,76.2],[-99.9,76.2],[-100,76.2],[-100.2,76.2],[-100.5,76.2],[-100.5,76.3],[-100.4,76.3],[-100.1,76.3],[-100.2,76.3],[-100.1,76.3],[-99.9,76.3],[-99.8,76.3],[-100,76.3],[-99.9,76.3],[-100,76.3],[-100.1,76.3],[-100.2,76.4],[-100.1,76.4],[-100.2,76.4],[-100.3,76.4],[-100.7,76.4],[-101,76.5],[-100.7,76.5],[-100.7,76.6],[-100.6,76.6],[-100.4,76.6],[-100.3,76.6],[-99.9,76.6],[-99.8,76.6],[-99.7,76.6],[-99.6,76.6],[-99.5,76.6],[-99.6,76.6],[-99.7,76.6],[-99.5,76.6],[-99.3,76.5],[-99.2,76.5],[-99.1,76.5],[-99.2,76.5],[-99.3,76.5],[-99.2,76.4],[-99.1,76.4],[-99.1,76.5],[-99,76.5],[-98.9,76.4],[-98.9,76.5],[-99,76.5],[-99.1,76.5],[-99,76.6],[-99.1,76.6],[-99,76.6],[-98.9,76.6],[-98.8,76.6],[-98.7,76.6],[-98.6,76.6],[-98.5,76.6],[-98.5,76.7],[-98.6,76.7],[-98.7,76.7],[-98.8,76.7],[-98.9,76.7],[-98.5,76.7],[-98.4,76.7],[-98.4,76.6],[-98.3,76.6],[-98.2,76.6],[-98.3,76.6],[-98.4,76.6],[-98.3,76.6],[-98.2,76.6],[-98.2,76.5],[-98.2,76.6],[-98.1,76.6],[-98.1,76.5],[-97.8,76.5],[-97.7,76.5],[-97.7,76.4],[-97.8,76.3],[-97.7,76.3],[-97.6,76.2],[-97.5,76.2],[-97.5,76.1],[-97.6,76.1],[-97.6,76],[-97.7,76],[-97.6,76],[-97.7,76],[-97.6,75.9],[-97.6,75.8],[-97.7,75.8],[-97.8,75.8],[-97.9,75.8],[-97.9,75.7],[-97.7,75.7],[-97.6,75.7],[-97.4,75.7],[-97.4,75.6],[-97.4,75.5]]],[[[-105.6,79.1],[-105.6,79.2],[-105.5,79.2],[-105.4,79.3],[-105.5,79.3],[-105.4,79.3],[-105.2,79.3],[-104.7,79.3],[-104.2,79.3],[-103.7,79.4],[-103.7,79.3],[-103.4,79.3],[-103.3,79.3],[-103.1,79.3],[-103,79.2],[-102.9,79.2],[-102.8,79.2],[-102.8,79.1],[-102.7,79.1],[-102.6,79.1],[-102.6,79],[-102.7,79],[-102.8,78.9],[-102.7,78.9],[-102.7,79],[-102.6,79],[-102.6,78.9],[-102.5,78.9],[-102.4,78.9],[-102.4,79],[-102.3,79],[-102.1,79],[-102,79.1],[-101.9,79.1],[-101.6,79.1],[-101.4,79],[-101.3,79],[-101.2,79],[-101.1,79],[-101,79],[-101,78.9],[-101.1,78.9],[-101.2,78.8],[-101,78.8],[-100.9,78.8],[-100.8,78.8],[-100.6,78.8],[-100.5,78.8],[-100.4,78.8],[-100.3,78.8],[-100,78.7],[-99.9,78.7],[-100,78.7],[-100.1,78.6],[-100,78.6],[-99.9,78.6],[-99.8,78.6],[-99.7,78.6],[-99.6,78.6],[-99.5,78.6],[-99.6,78.6],[-99.7,78.5],[-99.6,78.5],[-99.7,78.5],[-99.8,78.5],[-99.9,78.4],[-99.8,78.4],[-99.7,78.4],[-99.8,78.4],[-99.8,78.3],[-99.6,78.3],[-99.5,78.3],[-99.5,78.2],[-99.4,78.2],[-99.3,78.2],[-99,78.1],[-98.9,78.1],[-99,78],[-99.1,78],[-99.1,77.9],[-99,77.9],[-99.1,77.9],[-99.2,77.8],[-99.5,77.8],[-99.8,77.8],[-99.9,77.8],[-100.1,77.8],[-100.3,77.8],[-100.4,77.8],[-100.6,77.9],[-100.8,78],[-100.8,78.1],[-101,78.1],[-101,78.2],[-101.1,78.2],[-101.3,78.2],[-101.5,78.2],[-101.8,78.3],[-102.2,78.3],[-102.5,78.2],[-102.6,78.2],[-102.8,78.3],[-102.7,78.4],[-103,78.4],[-103.3,78.3],[-103.4,78.3],[-103.5,78.3],[-103.7,78.3],[-103.9,78.3],[-103.9,78.2],[-104.2,78.3],[-104.5,78.3],[-104.7,78.3],[-104.8,78.4],[-104.9,78.4],[-105,78.4],[-105,78.5],[-104.9,78.6],[-104.8,78.6],[-104.6,78.6],[-104.3,78.6],[-104,78.5],[-103.7,78.5],[-103.6,78.5],[-103.5,78.5],[-103.5,78.6],[-103.4,78.6],[-103.7,78.6],[-104,78.6],[-104,78.7],[-103.9,78.7],[-103.5,78.7],[-103.3,78.7],[-103.4,78.7],[-103.4,78.8],[-103.5,78.8],[-103.6,78.8],[-103.6,78.7],[-103.6,78.8],[-103.8,78.7],[-103.8,78.8],[-103.7,78.8],[-103.8,78.8],[-103.9,78.8],[-104,78.8],[-104.1,78.8],[-104.2,78.8],[-104.1,78.8],[-103.9,78.9],[-103.8,78.9],[-103.9,78.9],[-104,78.9],[-104,79],[-104.1,79],[-104.2,79],[-104.3,79],[-104.4,79],[-104.5,79],[-104.5,78.9],[-104.6,78.9],[-104.7,78.8],[-104.8,78.8],[-105,78.8],[-104.9,78.9],[-104.8,78.9],[-104.8,79],[-104.7,79],[-105,79.1],[-105.4,79],[-105.6,79],[-105.6,79.1]]],[[[-123.3,48.5],[-123.3,48.4],[-123.4,48.4],[-123.5,48.4],[-123.5,48.3],[-123.6,48.3],[-123.7,48.3],[-123.7,48.4],[-123.8,48.4],[-123.9,48.4],[-124.1,48.4],[-124.4,48.5],[-124.4,48.6],[-124.5,48.6],[-124.5,48.5],[-124.7,48.6],[-124.8,48.6],[-125.1,48.7],[-125.1,48.8],[-125.2,48.8],[-125.1,48.8],[-125.1,48.9],[-125,48.9],[-125,49],[-124.9,49],[-124.8,49],[-124.8,49.1],[-124.8,49.2],[-124.8,49.1],[-124.9,49.1],[-124.9,49],[-125,49],[-125.1,49],[-125.2,49],[-125.3,49],[-125.4,49],[-125.4,48.9],[-125.5,48.9],[-125.6,48.9],[-125.6,49],[-125.7,49],[-125.7,49.1],[-125.8,49.1],[-125.9,49.1],[-125.8,49.1],[-125.7,49.1],[-125.6,49.2],[-125.7,49.2],[-125.7,49.1],[-125.8,49.2],[-125.7,49.3],[-125.8,49.3],[-125.8,49.2],[-125.8,49.3],[-125.8,49.4],[-125.8,49.3],[-125.9,49.3],[-125.9,49.2],[-126,49.2],[-126,49.3],[-125.9,49.4],[-126,49.4],[-126,49.3],[-126.1,49.3],[-126.1,49.4],[-126.2,49.4],[-126.3,49.5],[-126.3,49.4],[-126.4,49.4],[-126.4,49.5],[-126.5,49.5],[-126.5,49.4],[-126.6,49.4],[-126.6,49.5],[-126.6,49.6],[-126.5,49.6],[-126.4,49.6],[-126.3,49.6],[-126.2,49.6],[-126.2,49.7],[-126.1,49.7],[-126.2,49.7],[-126.3,49.7],[-126.3,49.6],[-126.5,49.7],[-126.4,49.8],[-126.5,49.8],[-126.5,49.7],[-126.6,49.7],[-126.6,49.8],[-126.6,49.9],[-126.7,49.9],[-126.8,49.9],[-126.8,50],[-126.8,49.9],[-126.9,49.9],[-126.9,50],[-126.9,49.9],[-127.1,49.9],[-127.2,49.9],[-127.2,50],[-127.2,50.1],[-127.1,50.1],[-127.1,50.2],[-127.1,50.1],[-127.2,50.1],[-127.3,50.1],[-127.3,50.2],[-127.3,50.1],[-127.3,50],[-127.4,50],[-127.4,50.1],[-127.5,50.1],[-127.4,50.1],[-127.5,50.1],[-127.5,50.2],[-127.4,50.2],[-127.5,50.2],[-127.5,50.1],[-127.6,50.1],[-127.6,50.2],[-127.7,50.2],[-127.7,50.1],[-127.8,50.1],[-127.9,50.1],[-127.8,50.2],[-127.7,50.2],[-127.7,50.3],[-127.8,50.3],[-127.9,50.3],[-127.8,50.3],[-127.9,50.3],[-128,50.3],[-128,50.4],[-127.9,50.4],[-127.9,50.5],[-127.8,50.5],[-127.7,50.5],[-127.6,50.5],[-127.5,50.4],[-127.4,50.4],[-127.5,50.4],[-127.5,50.5],[-127.6,50.5],[-127.5,50.5],[-127.5,50.6],[-127.4,50.6],[-127.5,50.6],[-127.6,50.6],[-127.8,50.6],[-127.9,50.6],[-127.8,50.6],[-127.7,50.6],[-127.6,50.6],[-127.6,50.5],[-127.7,50.5],[-127.8,50.5],[-127.9,50.5],[-128,50.5],[-128.1,50.5],[-128,50.5],[-128.1,50.5],[-128.2,50.5],[-128.2,50.6],[-128.3,50.6],[-128.3,50.7],[-128.4,50.7],[-128.4,50.8],[-128.3,50.8],[-128.2,50.8],[-128.1,50.9],[-128,50.9],[-127.9,50.9],[-127.6,50.8],[-127.5,50.8],[-127.5,50.7],[-127.4,50.7],[-127.4,50.8],[-127.4,50.7],[-127.3,50.7],[-127.2,50.6],[-127.1,50.6],[-127,50.6],[-126.9,50.6],[-126.9,50.5],[-126.8,50.5],[-126.7,50.5],[-126.6,50.5],[-126.5,50.5],[-126.4,50.5],[-126.3,50.5],[-126.2,50.5],[-126.1,50.5],[-126,50.4],[-125.9,50.4],[-125.8,50.4],[-125.7,50.4],[-125.6,50.4],[-125.5,50.3],[-125.4,50.3],[-125.4,50.2],[-125.3,50.1],[-125.4,50.1],[-125.3,50.1],[-125.3,50],[-125.2,50],[-125.2,49.9],[-124.9,49.7],[-125,49.7],[-124.9,49.7],[-124.9,49.6],[-124.8,49.5],[-124.7,49.5],[-124.7,49.4],[-124.6,49.4],[-124.5,49.4],[-124.4,49.4],[-124.3,49.3],[-124.2,49.3],[-124.1,49.3],[-124.2,49.3],[-124.1,49.3],[-124.1,49.2],[-124,49.2],[-123.9,49.2],[-124,49.2],[-123.9,49.1],[-123.8,49.1],[-123.8,49],[-123.7,48.9],[-123.6,48.8],[-123.6,48.7],[-123.6,48.8],[-123.7,48.8],[-123.6,48.7],[-123.5,48.7],[-123.5,48.6],[-123.5,48.5],[-123.5,48.6],[-123.4,48.7],[-123.5,48.7],[-123.4,48.7],[-123.4,48.6],[-123.3,48.5]]],[[[-80.9,73.6],[-80.8,73.6],[-80.8,73.7],[-80.9,73.7],[-80.9,73.8],[-80.8,73.8],[-80.7,73.8],[-80.6,73.8],[-80.4,73.8],[-80.3,73.8],[-80.1,73.7],[-80,73.7],[-79.6,73.7],[-79.5,73.6],[-79,73.6],[-78.9,73.7],[-78.8,73.7],[-78.5,73.7],[-78.1,73.7],[-78,73.6],[-77.9,73.6],[-77.4,73.6],[-77.3,73.5],[-77.2,73.5],[-77.1,73.5],[-77.2,73.5],[-77.1,73.4],[-77,73.4],[-77.1,73.4],[-77,73.4],[-76.9,73.3],[-76.8,73.3],[-76.7,73.3],[-76.8,73.3],[-76.7,73.3],[-76.6,73.2],[-76.5,73.1],[-76.4,73.1],[-76.3,73.1],[-76.2,73.1],[-76.3,73.1],[-76.3,73],[-76.3,72.9],[-76.1,72.9],[-76.1,72.8],[-76.2,72.8],[-76.3,72.8],[-76.7,72.8],[-76.8,72.8],[-77.1,72.8],[-77.3,72.9],[-77.4,72.9],[-77.7,72.9],[-78,72.9],[-78.1,72.9],[-78.2,72.9],[-78.6,72.9],[-78.7,72.8],[-78.9,72.8],[-79.2,72.8],[-79.4,72.7],[-79.6,72.8],[-79.8,72.8],[-79.9,72.8],[-80,72.9],[-80.1,72.9],[-80.1,73],[-80.2,73],[-80.2,73.1],[-80.1,73.1],[-80.2,73.1],[-80.2,73.2],[-80.1,73.2],[-80.2,73.2],[-80.3,73.3],[-80.4,73.2],[-80.4,73.3],[-80.6,73.3],[-80.7,73.3],[-80.8,73.3],[-80.9,73.3],[-80.9,73.4],[-80.8,73.4],[-80.9,73.4],[-80.8,73.5],[-80.7,73.5],[-80.8,73.5],[-80.9,73.5],[-80.9,73.6]]],[[[-95.2,68.9],[-95.2,68.8],[-95.3,68.8],[-95.4,68.8],[-95.4,68.7],[-95.5,68.7],[-95.6,68.7],[-95.5,68.7],[-95.6,68.7],[-95.6,68.8],[-95.7,68.7],[-95.8,68.7],[-95.9,68.7],[-95.9,68.6],[-95.8,68.6],[-95.9,68.6],[-96,68.6],[-96.1,68.6],[-96.2,68.6],[-96.3,68.5],[-96.5,68.4],[-96.6,68.5],[-96.7,68.5],[-96.9,68.5],[-97,68.5],[-97,68.6],[-97.1,68.6],[-97.1,68.5],[-97.2,68.5],[-97.3,68.5],[-97.4,68.5],[-97.4,68.6],[-97.4,68.5],[-97.5,68.5],[-97.6,68.6],[-97.7,68.6],[-97.8,68.7],[-98,68.7],[-98.1,68.7],[-98.2,68.7],[-98.3,68.7],[-98.3,68.8],[-98.4,68.9],[-98.4,68.8],[-98.5,68.7],[-98.5,68.8],[-98.6,68.8],[-98.7,68.8],[-98.9,68.8],[-98.9,68.9],[-98.8,68.9],[-98.9,68.9],[-99,69],[-99,68.9],[-99.1,68.9],[-99,68.9],[-99.1,68.9],[-99.2,68.8],[-99.2,68.9],[-99.3,68.9],[-99.4,68.9],[-99.5,68.9],[-99.4,68.9],[-99.5,69],[-99.6,69],[-99.6,69.1],[-99.5,69.1],[-99.4,69.1],[-99.3,69.1],[-99.3,69.2],[-99.3,69.1],[-99.3,69.2],[-99.2,69.2],[-99.2,69.1],[-99.1,69.1],[-99,69.1],[-99,69.2],[-98.9,69.2],[-98.8,69.2],[-98.7,69.2],[-98.7,69.3],[-98.6,69.3],[-98.5,69.3],[-98.4,69.3],[-98.4,69.4],[-98.5,69.4],[-98.6,69.4],[-98.6,69.5],[-98.5,69.5],[-98.4,69.5],[-98.5,69.5],[-98.6,69.5],[-98.6,69.6],[-98.5,69.6],[-98.4,69.6],[-98.3,69.6],[-98.3,69.5],[-98.2,69.5],[-98.1,69.5],[-98.1,69.4],[-98,69.4],[-98.2,69.5],[-98.2,69.6],[-98.3,69.6],[-98.4,69.6],[-98.3,69.6],[-98.3,69.7],[-98.3,69.8],[-98.2,69.8],[-98.1,69.8],[-98.1,69.9],[-98,69.9],[-97.9,69.9],[-97.8,69.9],[-97.7,69.9],[-97.7,69.8],[-97.6,69.8],[-97.5,69.8],[-97.4,69.7],[-97.3,69.7],[-97.4,69.7],[-97.5,69.7],[-97.4,69.6],[-97.3,69.7],[-97.2,69.7],[-97.1,69.6],[-97,69.6],[-96.9,69.5],[-96.8,69.5],[-96.7,69.5],[-96.7,69.4],[-96.6,69.4],[-96.5,69.4],[-96.4,69.4],[-96.3,69.4],[-96.2,69.3],[-96.2,69.2],[-96.3,69.2],[-96.2,69.1],[-96.2,69],[-96.1,69],[-96.1,69.1],[-96.2,69.1],[-96.1,69.1],[-96.2,69.2],[-96.1,69.2],[-96,69.2],[-96,69.1],[-95.9,69.1],[-96,69.1],[-96,69],[-95.9,69],[-95.8,69],[-95.8,68.9],[-95.7,68.9],[-95.7,68.8],[-95.6,68.8],[-95.4,68.9],[-95.3,68.9],[-95.2,68.9]]],[[[-93.4,74.9],[-93.4,74.8],[-93.5,74.7],[-93.6,74.7],[-93.5,74.7],[-93.6,74.7],[-93.9,74.6],[-94.2,74.6],[-94.3,74.7],[-94.4,74.6],[-94.5,74.6],[-94.7,74.6],[-94.8,74.7],[-94.9,74.7],[-95,74.7],[-95.1,74.7],[-95.3,74.8],[-95.4,74.8],[-95.5,74.8],[-95.4,74.8],[-95.5,74.8],[-95.5,74.7],[-95.5,74.8],[-95.6,74.8],[-95.7,74.8],[-95.9,74.8],[-95.9,74.9],[-96,74.9],[-96.1,74.9],[-96,75],[-96.1,75],[-96.2,75],[-96.1,75],[-96.2,75],[-96.2,74.9],[-96.3,74.9],[-96.4,74.9],[-96.4,75],[-96.3,75],[-96.5,75],[-96.6,75],[-96.6,75.1],[-96.5,75.1],[-96.5,75.2],[-96.4,75.2],[-96.1,75.2],[-96,75.3],[-96.1,75.3],[-96,75.3],[-95.9,75.3],[-96.2,75.3],[-96.1,75.3],[-96,75.3],[-96,75.4],[-95.9,75.4],[-95.9,75.3],[-95.8,75.4],[-96,75.4],[-96.1,75.4],[-96.2,75.4],[-96.1,75.4],[-96,75.4],[-95.9,75.4],[-95.8,75.4],[-95.7,75.4],[-95.8,75.4],[-95.8,75.5],[-95.6,75.5],[-95.5,75.6],[-95.4,75.6],[-95.3,75.6],[-95.2,75.6],[-95.1,75.6],[-95,75.6],[-94.9,75.6],[-94.6,75.6],[-94.4,75.6],[-94.1,75.5],[-94,75.5],[-94,75.4],[-93.9,75.4],[-93.8,75.4],[-93.7,75.4],[-93.7,75.3],[-93.6,75.3],[-93.7,75.3],[-93.8,75.3],[-93.7,75.3],[-93.5,75.3],[-93.5,75.2],[-93.6,75.2],[-93.5,75.2],[-93.5,75.1],[-93.6,75.1],[-93.6,75],[-93.5,75],[-93.4,75],[-93.4,74.9]]],[[[-96.9,77.8],[-97,77.8],[-97.1,77.8],[-97.1,77.9],[-97,77.9],[-97.3,78],[-97.4,78],[-97.7,78],[-97.8,78],[-97.7,78],[-97.7,78.1],[-97.3,78.1],[-96.9,78.1],[-97,78.2],[-97.2,78.2],[-97.4,78.2],[-97.5,78.2],[-97.8,78.2],[-97.9,78.2],[-97.8,78.2],[-97.8,78.3],[-97.9,78.3],[-98.1,78.3],[-98,78.3],[-98.1,78.4],[-98,78.4],[-98.1,78.4],[-98.2,78.4],[-98.4,78.5],[-98.3,78.5],[-98.4,78.5],[-98.3,78.5],[-98.1,78.5],[-98,78.5],[-98,78.6],[-98.1,78.6],[-98.2,78.6],[-98.3,78.6],[-98.3,78.7],[-98.4,78.7],[-98.3,78.7],[-98.3,78.8],[-98.4,78.8],[-98.1,78.8],[-97.8,78.8],[-97.5,78.8],[-97.3,78.8],[-97,78.7],[-96.9,78.7],[-96.7,78.7],[-96.6,78.7],[-96.5,78.7],[-96.3,78.6],[-96.2,78.6],[-96.3,78.5],[-95.9,78.5],[-95.7,78.5],[-95.5,78.5],[-95.3,78.5],[-95.1,78.5],[-94.9,78.4],[-94.8,78.4],[-94.9,78.3],[-95.4,78.2],[-95.3,78.2],[-95.2,78.2],[-95.1,78.2],[-94.9,78.1],[-95,78],[-94.9,78],[-95,78],[-95.1,78],[-95.2,78],[-95.3,78],[-95.4,78],[-95.5,77.9],[-95.6,77.9],[-95.7,77.9],[-95.8,77.9],[-96.1,77.9],[-96.4,77.9],[-96.5,77.9],[-96.6,77.9],[-96.7,77.9],[-96.6,77.9],[-96.5,77.9],[-96.6,77.9],[-96.5,77.9],[-96.5,77.8],[-96.6,77.8],[-96.7,77.8],[-96.8,77.8],[-96.9,77.8]]],[[[-75,68.2],[-75,68.1],[-75.1,68.1],[-75.1,68],[-75.2,68],[-75.2,67.9],[-75.1,67.9],[-75.1,67.8],[-75,67.8],[-75.1,67.8],[-75.1,67.7],[-75,67.6],[-75.1,67.6],[-75.1,67.5],[-75.2,67.5],[-75.2,67.4],[-75.3,67.4],[-75.4,67.4],[-75.5,67.4],[-75.6,67.3],[-75.7,67.3],[-75.9,67.3],[-76.1,67.3],[-76.2,67.3],[-76.3,67.3],[-76.3,67.2],[-76.4,67.2],[-76.5,67.2],[-76.6,67.2],[-77,67.2],[-77,67.3],[-77.1,67.3],[-77.2,67.4],[-77.3,67.5],[-77.2,67.5],[-77.3,67.5],[-77.2,67.5],[-77.2,67.6],[-77.3,67.6],[-77.3,67.7],[-77.2,67.8],[-77.2,67.9],[-77,68.1],[-76.9,68.1],[-76.9,68.2],[-76.8,68.2],[-76.7,68.2],[-76.7,68.3],[-76.3,68.3],[-76.2,68.3],[-76.1,68.3],[-76,68.3],[-75.9,68.3],[-75.6,68.3],[-75.5,68.3],[-75.1,68.2],[-75,68.2]]],[[[-109.6,78.1],[-109.6,78],[-109.7,78],[-109.8,77.9],[-110,77.9],[-110.1,77.9],[-110.2,77.9],[-110.5,77.9],[-110.8,77.9],[-110.9,77.9],[-110.9,77.8],[-110.8,77.8],[-110.7,77.8],[-110.4,77.8],[-110.3,77.8],[-110.1,77.8],[-110.1,77.7],[-110.1,77.6],[-110,77.6],[-110.1,77.6],[-110.2,77.6],[-110.1,77.6],[-110.1,77.5],[-110.2,77.5],[-110.6,77.5],[-110.7,77.5],[-110.7,77.4],[-110.8,77.4],[-110.9,77.4],[-111.2,77.4],[-111.3,77.4],[-111.4,77.4],[-111.9,77.4],[-112,77.3],[-112.1,77.3],[-112.5,77.4],[-112.6,77.5],[-112.7,77.5],[-112.8,77.4],[-112.9,77.5],[-113,77.5],[-113.2,77.5],[-113.2,77.6],[-113.1,77.6],[-113.2,77.7],[-113.3,77.7],[-113.2,77.7],[-113.3,77.8],[-113.3,77.9],[-113.2,77.9],[-113.1,77.9],[-113,77.9],[-112.9,77.9],[-112.6,78],[-112.3,78],[-112.2,78],[-112.1,78],[-112,78],[-111.8,78.1],[-111.8,78],[-111.7,78],[-111.6,78],[-111.5,78.1],[-111.4,78.1],[-111.3,78.1],[-111.2,78.1],[-111,78.1],[-110.9,78.1],[-110.8,78.1],[-110.7,78.1],[-110.4,78.1],[-110,78.1],[-109.7,78.1],[-109.6,78.1]]],[[[-60.1,45.8],[-60.2,45.8],[-60.2,45.7],[-60.3,45.7],[-60.4,45.6],[-60.5,45.6],[-60.6,45.6],[-60.7,45.6],[-60.8,45.6],[-60.9,45.6],[-61,45.6],[-61.1,45.6],[-61.2,45.6],[-61.3,45.6],[-61.3,45.5],[-61.3,45.6],[-61.4,45.6],[-61.4,45.7],[-61.5,45.7],[-61.5,45.8],[-61.5,45.9],[-61.5,46],[-61.6,46],[-61.5,46],[-61.5,46.1],[-61.4,46.2],[-61.3,46.2],[-61.3,46.3],[-61.2,46.3],[-61.2,46.4],[-61.1,46.5],[-61,46.6],[-61.1,46.6],[-61,46.6],[-61,46.7],[-60.9,46.7],[-60.9,46.8],[-60.8,46.8],[-60.7,46.9],[-60.7,47],[-60.6,47],[-60.5,47],[-60.4,47],[-60.5,46.9],[-60.4,46.9],[-60.5,46.9],[-60.4,46.9],[-60.3,46.9],[-60.3,46.8],[-60.3,46.7],[-60.4,46.7],[-60.4,46.6],[-60.4,46.5],[-60.5,46.4],[-60.5,46.3],[-60.6,46.3],[-60.6,46.2],[-60.6,46.3],[-60.5,46.3],[-60.4,46.3],[-60.5,46.3],[-60.6,46.1],[-60.7,46.1],[-60.8,46.1],[-60.9,46.1],[-61,46],[-61.1,46],[-61.1,45.9],[-61,45.9],[-61,46],[-60.9,46],[-60.8,46],[-60.8,46.1],[-60.7,46.1],[-60.7,46],[-60.8,46],[-60.8,45.9],[-60.9,45.9],[-61,45.9],[-61.1,45.9],[-61,45.9],[-61.1,45.9],[-61,45.9],[-60.9,45.9],[-60.9,45.8],[-60.9,45.9],[-61,45.9],[-60.9,45.8],[-61,45.8],[-61.1,45.8],[-61.1,45.7],[-61.1,45.8],[-61.1,45.7],[-61,45.7],[-60.9,45.8],[-60.8,45.7],[-60.9,45.7],[-60.8,45.6],[-60.8,45.7],[-60.7,45.7],[-60.7,45.8],[-60.6,45.8],[-60.6,45.9],[-60.5,45.9],[-60.4,46],[-60.5,46],[-60.6,45.9],[-60.7,45.9],[-60.8,45.9],[-60.8,46],[-60.7,46],[-60.6,46],[-60.6,46.1],[-60.5,46.1],[-60.4,46.1],[-60.4,46.2],[-60.3,46.2],[-60.4,46.2],[-60.6,46.1],[-60.7,46.1],[-60.6,46.1],[-60.5,46.2],[-60.4,46.3],[-60.3,46.3],[-60.2,46.2],[-60.3,46.2],[-60.2,46.2],[-60.2,46.1],[-60.2,46.2],[-60.1,46.3],[-60.1,46.2],[-60,46.2],[-60.1,46.2],[-60,46.2],[-59.9,46.2],[-59.8,46.2],[-59.9,46.1],[-59.8,46.1],[-59.9,46.1],[-59.9,46],[-60,46],[-59.9,46],[-59.8,46],[-59.8,45.9],[-59.9,45.9],[-60,45.9],[-60.1,45.9],[-60.2,45.8],[-60.1,45.8]]],[[[-104.7,73.6],[-104.6,73.6],[-104.5,73.6],[-104.5,73.5],[-104.6,73.5],[-104.6,73.4],[-104.6,73.3],[-104.7,73.3],[-104.7,73.2],[-104.8,73.2],[-104.7,73.2],[-104.8,73.2],[-104.9,73.1],[-105,73.1],[-105,73],[-105.1,73],[-105.2,72.9],[-105.3,72.9],[-105.3,73],[-105.4,73],[-105.3,72.9],[-105.2,72.9],[-105.3,72.9],[-105.4,72.9],[-105.5,72.9],[-105.5,73],[-105.7,73],[-105.8,73.1],[-105.9,73.1],[-105.9,73.2],[-106.1,73.2],[-106,73.2],[-106.1,73.2],[-106,73.2],[-106.1,73.2],[-106.2,73.3],[-106.1,73.3],[-106.3,73.3],[-106.3,73.4],[-106.4,73.4],[-106.5,73.4],[-106.6,73.4],[-106.7,73.4],[-106.8,73.5],[-107,73.5],[-106.9,73.6],[-106.8,73.6],[-106.7,73.7],[-106.6,73.7],[-106.2,73.7],[-105.7,73.7],[-105.6,73.8],[-105.4,73.8],[-105.2,73.8],[-105.1,73.7],[-105,73.7],[-104.9,73.7],[-104.8,73.7],[-104.8,73.6],[-104.7,73.6]]],[[[-109.3,78.5],[-109.3,78.4],[-109.4,78.4],[-109.3,78.4],[-109.4,78.3],[-109.5,78.3],[-109.8,78.3],[-109.9,78.3],[-110,78.3],[-110.3,78.3],[-110.6,78.3],[-110.8,78.3],[-110.9,78.3],[-110.9,78.4],[-111,78.4],[-111.2,78.4],[-111.3,78.4],[-111.3,78.3],[-111.2,78.3],[-111.3,78.3],[-111.4,78.3],[-111.8,78.3],[-111.9,78.3],[-112,78.3],[-112,78.4],[-112.2,78.4],[-112.5,78.4],[-112.8,78.3],[-113.1,78.3],[-113.2,78.3],[-113.3,78.3],[-113.2,78.4],[-113.1,78.4],[-112.8,78.5],[-112.7,78.5],[-112.5,78.5],[-112.4,78.5],[-112.2,78.6],[-112,78.6],[-111.9,78.6],[-111.8,78.5],[-111.4,78.6],[-111.3,78.6],[-111.3,78.7],[-111.2,78.7],[-111.1,78.7],[-111,78.7],[-110.8,78.7],[-110.7,78.8],[-110.4,78.8],[-110.4,78.7],[-110.2,78.7],[-110.1,78.7],[-110,78.7],[-109.9,78.7],[-109.9,78.6],[-109.8,78.6],[-109.7,78.6],[-109.6,78.6],[-109.5,78.6],[-109.4,78.6],[-109.3,78.5]]],[[[-64.3,49.8],[-64.4,49.8],[-64.5,49.8],[-64.5,49.9],[-64.4,49.9],[-64.3,49.9],[-64.2,49.9],[-64.2,50],[-64.1,50],[-64,49.9],[-63.9,49.9],[-63.7,49.9],[-63.6,49.9],[-63.5,49.8],[-63.4,49.8],[-63.2,49.8],[-63.1,49.8],[-63,49.8],[-63,49.7],[-62.9,49.7],[-62.8,49.7],[-62.7,49.7],[-62.6,49.6],[-62.5,49.6],[-62.4,49.6],[-62.4,49.5],[-62.3,49.5],[-62.2,49.4],[-62.1,49.4],[-62,49.4],[-61.9,49.3],[-61.9,49.4],[-61.9,49.3],[-61.8,49.3],[-61.8,49.2],[-61.7,49.2],[-61.7,49.1],[-61.8,49.1],[-61.9,49.1],[-62.1,49.1],[-62.2,49.1],[-62.3,49.1],[-62.4,49.1],[-62.5,49.1],[-62.7,49.1],[-62.9,49.2],[-63.1,49.2],[-63.2,49.3],[-63.3,49.3],[-63.4,49.3],[-63.4,49.4],[-63.5,49.4],[-63.6,49.4],[-63.6,49.5],[-63.7,49.5],[-63.8,49.6],[-63.9,49.7],[-64.1,49.7],[-64.2,49.7],[-64.3,49.8]]],[[[-82.2,63],[-82.1,63],[-81.9,63],[-81.9,62.9],[-81.9,62.8],[-82,62.8],[-81.9,62.8],[-82,62.8],[-81.9,62.8],[-81.9,62.7],[-82,62.7],[-82.1,62.7],[-82.1,62.6],[-82.2,62.6],[-82.3,62.6],[-82.4,62.6],[-82.4,62.5],[-82.6,62.4],[-82.7,62.3],[-82.9,62.2],[-83.1,62.2],[-83.2,62.2],[-83.3,62.2],[-83.3,62.3],[-83.4,62.2],[-83.7,62.1],[-83.7,62.2],[-83.7,62.3],[-83.8,62.3],[-83.9,62.4],[-83.9,62.5],[-83.7,62.6],[-83.6,62.6],[-83.6,62.7],[-83.5,62.7],[-83.6,62.7],[-83.6,62.8],[-83.5,62.8],[-83.4,62.9],[-83.3,62.9],[-83.2,62.9],[-83.1,62.8],[-83,62.9],[-82.7,62.9],[-82.6,62.9],[-82.4,62.9],[-82.4,63],[-82.3,63],[-82.2,63]]],[[[-132.6,53.2],[-132.6,53.3],[-132.7,53.3],[-132.6,53.3],[-132.5,53.3],[-132.6,53.3],[-132.8,53.3],[-132.7,53.3],[-132.7,53.4],[-132.6,53.4],[-132.5,53.4],[-132.5,53.3],[-132.4,53.3],[-132.4,53.4],[-132.5,53.4],[-132.6,53.4],[-132.7,53.4],[-132.7,53.5],[-132.8,53.5],[-132.7,53.5],[-132.8,53.5],[-132.9,53.5],[-132.8,53.5],[-132.9,53.5],[-132.9,53.6],[-133,53.6],[-132.9,53.6],[-133,53.7],[-132.9,53.7],[-133,53.7],[-133,53.8],[-133.1,53.8],[-133.1,53.9],[-133.1,54],[-133,54],[-133.1,54.1],[-133,54.1],[-133,54.2],[-133.1,54.2],[-133,54.2],[-132.9,54.2],[-132.9,54.1],[-132.8,54.1],[-132.7,54.1],[-132.6,54.1],[-132.6,54],[-132.7,54],[-132.7,53.9],[-132.6,54],[-132.5,54],[-132.5,54.1],[-132.4,54.1],[-132.3,54.1],[-132.2,54.1],[-132.2,54],[-132.1,54],[-132.2,53.9],[-132.1,53.9],[-132.1,53.8],[-132.2,53.8],[-132.3,53.8],[-132.4,53.8],[-132.4,53.7],[-132.5,53.7],[-132.6,53.7],[-132.7,53.7],[-132.6,53.7],[-132.6,53.6],[-132.6,53.7],[-132.5,53.7],[-132.5,53.6],[-132.5,53.7],[-132.4,53.7],[-132.4,53.6],[-132.5,53.6],[-132.4,53.6],[-132.3,53.6],[-132.3,53.7],[-132.2,53.7],[-132.2,53.8],[-132.1,53.8],[-132.1,53.9],[-132.1,54],[-132.2,54],[-132.1,54],[-132,54],[-131.9,54],[-131.9,54.1],[-131.8,54.1],[-131.7,54.1],[-131.7,54.2],[-131.7,54.1],[-131.7,54],[-131.7,53.9],[-131.8,53.9],[-131.9,53.8],[-131.9,53.7],[-131.9,53.6],[-131.9,53.5],[-131.9,53.4],[-131.9,53.3],[-132,53.3],[-132.1,53.3],[-132.2,53.2],[-132.3,53.2],[-132.2,53.2],[-132.1,53.2],[-132.2,53.2],[-132.3,53.2],[-132.4,53.2],[-132.4,53.1],[-132.5,53.1],[-132.5,53.2],[-132.6,53.2]]],[[[-93.3,77.6],[-93.4,77.6],[-93.5,77.6],[-93.5,77.5],[-93.5,77.4],[-93.6,77.4],[-93.6,77.5],[-93.7,77.5],[-93.7,77.4],[-93.8,77.5],[-93.8,77.4],[-93.9,77.4],[-94,77.4],[-94,77.5],[-94.1,77.5],[-94.2,77.5],[-94.3,77.5],[-94.7,77.5],[-95.2,77.5],[-95.6,77.5],[-96,77.5],[-96.1,77.5],[-96.3,77.6],[-96.3,77.7],[-96.2,77.7],[-96.1,77.7],[-96,77.7],[-95.9,77.8],[-95.7,77.8],[-95.6,77.8],[-95.5,77.8],[-95.4,77.8],[-95.4,77.7],[-95.3,77.7],[-95.3,77.8],[-95.2,77.7],[-95.1,77.8],[-95,77.8],[-94.9,77.8],[-94.7,77.8],[-94.4,77.8],[-94.3,77.8],[-94.2,77.8],[-94.1,77.8],[-94,77.8],[-94,77.7],[-93.9,77.7],[-93.8,77.7],[-93.8,77.8],[-93.6,77.8],[-93.5,77.8],[-93.4,77.8],[-93.4,77.7],[-93.3,77.7],[-93.2,77.7],[-93.1,77.7],[-93.2,77.6],[-93.3,77.6]]],[[[-62,46.5],[-62,46.4],[-62.2,46.4],[-62.2,46.3],[-62.2,46.4],[-62.3,46.4],[-62.3,46.3],[-62.3,46.4],[-62.4,46.4],[-62.3,46.3],[-62.4,46.3],[-62.5,46.3],[-62.4,46.3],[-62.4,46.2],[-62.5,46.2],[-62.6,46.2],[-62.5,46.2],[-62.6,46.2],[-62.5,46.2],[-62.5,46.1],[-62.5,46.2],[-62.5,46.1],[-62.6,46],[-62.5,46],[-62.7,46],[-62.8,46],[-62.9,46],[-62.9,46.1],[-63,46.1],[-62.9,46.1],[-62.9,46.2],[-62.9,46.1],[-63,46.1],[-63,46.2],[-62.9,46.2],[-63,46.2],[-63.1,46.2],[-63.1,46.3],[-63,46.3],[-63.1,46.3],[-63.1,46.2],[-63.2,46.3],[-63.2,46.2],[-63.3,46.2],[-63.2,46.2],[-63.1,46.2],[-63.2,46.2],[-63.2,46.1],[-63.3,46.1],[-63.3,46.2],[-63.4,46.2],[-63.5,46.2],[-63.6,46.2],[-63.7,46.2],[-63.7,46.3],[-63.8,46.3],[-63.8,46.4],[-63.7,46.4],[-63.8,46.4],[-63.7,46.4],[-63.8,46.4],[-63.9,46.4],[-64,46.4],[-64.1,46.4],[-64.1,46.5],[-64.1,46.6],[-64.2,46.6],[-64.3,46.6],[-64.4,46.6],[-64.4,46.7],[-64.4,46.8],[-64.3,46.8],[-64.3,46.9],[-64.2,46.9],[-64.2,47],[-64.1,47],[-64,47.1],[-64,47],[-64,46.9],[-64,46.8],[-64.1,46.8],[-64.1,46.7],[-64,46.7],[-64,46.8],[-64,46.7],[-63.9,46.7],[-63.9,46.6],[-63.8,46.6],[-63.9,46.6],[-63.9,46.5],[-63.8,46.5],[-63.7,46.4],[-63.7,46.5],[-63.7,46.6],[-63.6,46.6],[-63.5,46.5],[-63.4,46.5],[-63.5,46.5],[-63.4,46.5],[-63.3,46.5],[-63.3,46.4],[-63.2,46.4],[-63.1,46.4],[-63,46.4],[-62.8,46.4],[-62.6,46.4],[-62.7,46.4],[-62.7,46.5],[-62.6,46.5],[-62.5,46.5],[-62.4,46.5],[-62.3,46.5],[-62.2,46.5],[-62.1,46.5],[-62,46.5]]],[[[-79.3,62.3],[-79.3,62.2],[-79.3,62.1],[-79.3,62],[-79.4,62],[-79.4,61.9],[-79.5,61.9],[-79.5,61.8],[-79.6,61.7],[-79.7,61.7],[-79.7,61.6],[-79.8,61.6],[-79.9,61.6],[-80,61.7],[-80.1,61.7],[-80.1,61.8],[-80.2,61.8],[-80.3,61.9],[-80.3,62],[-80.3,62.1],[-80.2,62.1],[-80.2,62.2],[-80.1,62.2],[-80,62.3],[-80,62.4],[-79.9,62.4],[-79.8,62.4],[-79.7,62.4],[-79.6,62.4],[-79.5,62.4],[-79.4,62.4],[-79.4,62.3],[-79.3,62.3]]],[[[-117.8,75.9],[-117.8,75.8],[-117.9,75.8],[-118,75.8],[-117.9,75.8],[-117.9,75.7],[-118,75.7],[-118.3,75.6],[-118.2,75.6],[-118.3,75.6],[-118.6,75.5],[-118.7,75.5],[-118.8,75.5],[-118.9,75.5],[-118.9,75.6],[-119,75.6],[-119.1,75.6],[-119.2,75.6],[-119.4,75.6],[-119.3,75.7],[-119.1,75.8],[-119,75.8],[-118.9,75.8],[-118.8,75.8],[-118.7,75.9],[-118.6,75.9],[-118.3,76],[-118.2,76],[-118.1,76],[-118,76],[-117.9,76.1],[-117.8,76.1],[-117.7,76.1],[-117.6,76.1],[-117.5,76.1],[-117.5,76],[-117.6,76],[-117.7,75.9],[-117.8,75.9]]],[[[-89.7,77.4],[-89.6,77.3],[-89.7,77.3],[-89.8,77.3],[-90.1,77.2],[-90.2,77.2],[-90.4,77.2],[-90.7,77.3],[-90.9,77.3],[-91.1,77.4],[-91.2,77.4],[-91.2,77.5],[-91.2,77.6],[-91.1,77.6],[-91,77.7],[-90.9,77.7],[-90.6,77.6],[-90.3,77.6],[-90.2,77.6],[-90.1,77.6],[-89.8,77.5],[-89.7,77.5],[-89.7,77.4]]],[[[-104.4,77.2],[-104.5,77.2],[-104.5,77.1],[-104.6,77.1],[-104.8,77.1],[-104.9,77.1],[-104.9,77.2],[-105,77.2],[-105.1,77.2],[-105.2,77.2],[-105.3,77.2],[-105.2,77.2],[-105.3,77.2],[-105.4,77.2],[-105.3,77.2],[-105.4,77.2],[-105.4,77.3],[-105.5,77.3],[-105.4,77.3],[-105.5,77.3],[-105.6,77.3],[-105.6,77.4],[-105.5,77.4],[-105.6,77.4],[-105.7,77.4],[-105.6,77.4],[-105.7,77.4],[-105.7,77.5],[-105.8,77.5],[-105.7,77.5],[-105.8,77.5],[-105.9,77.5],[-105.8,77.6],[-105.9,77.6],[-105.9,77.7],[-106.1,77.7],[-105.9,77.8],[-105.6,77.8],[-105.6,77.7],[-105.5,77.7],[-105.2,77.6],[-105,77.5],[-105,77.4],[-104.8,77.4],[-104.7,77.4],[-104.5,77.3],[-104.4,77.3],[-104.5,77.3],[-104.4,77.3],[-104.4,77.2]]],[[[-104.4,76.5],[-104.5,76.5],[-104.6,76.5],[-104.7,76.6],[-104.6,76.6],[-104.7,76.6],[-104.4,76.7],[-104,76.7],[-103.9,76.6],[-104.1,76.6],[-104,76.6],[-103.9,76.6],[-103.8,76.6],[-103.7,76.6],[-103.6,76.6],[-103.6,76.5],[-103.4,76.5],[-103.3,76.5],[-103.2,76.5],[-103.1,76.5],[-103,76.5],[-103,76.4],[-103.3,76.3],[-103.6,76.3],[-103.9,76.3],[-104.4,76.3],[-104.3,76.4],[-104.4,76.4],[-104.5,76.4],[-104.4,76.4],[-104.4,76.5]]],[[[-103.8,76],[-103.9,76],[-103.9,76.1],[-104.1,76.1],[-104.4,76.1],[-104.5,76.1],[-104.5,76.2],[-104.4,76.2],[-104.3,76.2],[-104.2,76.2],[-104.1,76.2],[-103.9,76.2],[-103.9,76.3],[-103.8,76.3],[-103.7,76.3],[-103.6,76.3],[-103.5,76.3],[-103.4,76.3],[-103.1,76.3],[-102.7,76.3],[-102.6,76.3],[-102.5,76.2],[-102.6,76.2],[-102.5,76.2],[-102.6,76.2],[-102.6,76.1],[-102.7,76.1],[-102.8,76.1],[-103.2,76],[-103.5,76],[-103.8,76]]],[[[-100.2,80],[-100.1,80.1],[-99.8,80.2],[-99.6,80.1],[-99.4,80.1],[-99.1,80.1],[-99,80.1],[-98.9,80.1],[-98.9,80],[-98.8,80],[-98.7,80],[-98.8,79.9],[-98.7,79.9],[-98.7,79.8],[-98.7,79.7],[-98.8,79.7],[-98.9,79.7],[-99,79.7],[-99.3,79.8],[-99.6,79.9],[-99.7,79.9],[-100.1,79.9],[-100.2,79.9],[-100.1,79.9],[-100.1,80],[-100.2,80]]],[[[-80.8,52.9],[-80.7,52.9],[-80.7,52.8],[-80.7,52.7],[-80.8,52.7],[-81,52.8],[-81.2,52.8],[-81.3,52.8],[-81.5,52.9],[-81.6,52.9],[-81.8,52.9],[-82,53],[-82.1,53],[-82,53.1],[-81.9,53.1],[-81.9,53.2],[-81.8,53.2],[-81.7,53.2],[-81.6,53.2],[-81.5,53.2],[-81.4,53.2],[-81.2,53.2],[-81.1,53.2],[-81,53.1],[-80.9,53.1],[-80.9,53],[-80.8,52.9]]],[[[-103.6,75.2],[-103.6,75.1],[-103.8,75.1],[-103.9,75.1],[-104.2,75],[-104.3,75],[-104.5,75],[-104.6,75],[-104.7,75.1],[-104.8,75.1],[-104.9,75.1],[-104.9,75.2],[-104.8,75.2],[-104.7,75.2],[-104.7,75.3],[-104.8,75.3],[-104.7,75.3],[-104.5,75.4],[-104.4,75.4],[-104.1,75.4],[-104,75.4],[-103.9,75.4],[-103.8,75.4],[-103.8,75.3],[-103.7,75.3],[-103.7,75.2],[-103.6,75.2]]],[[[-131.1,52.2],[-131.2,52.1],[-131.2,52.2],[-131.3,52.2],[-131.2,52.2],[-131.2,52.1],[-131.3,52.1],[-131.3,52.2],[-131.4,52.2],[-131.4,52.3],[-131.5,52.3],[-131.6,52.3],[-131.5,52.3],[-131.5,52.4],[-131.6,52.4],[-131.5,52.4],[-131.6,52.4],[-131.6,52.5],[-131.7,52.5],[-131.8,52.5],[-131.9,52.6],[-131.9,52.7],[-132,52.7],[-132.1,52.7],[-132.1,52.8],[-132,52.8],[-132,52.7],[-132,52.8],[-131.9,52.7],[-131.9,52.8],[-132,52.8],[-132.1,52.9],[-132.1,52.8],[-132.2,52.8],[-132.2,52.9],[-132.3,52.9],[-132.3,53],[-132.3,52.9],[-132.3,53],[-132.2,53],[-132.2,52.9],[-132.2,53],[-132.1,52.9],[-132.1,53],[-132.2,53],[-132.1,53],[-132.2,53],[-132.3,53],[-132.4,53],[-132.5,53],[-132.5,53.1],[-132.6,53.1],[-132.5,53.1],[-132.6,53.1],[-132.5,53.2],[-132.5,53.1],[-132.4,53.1],[-132.3,53.1],[-132.3,53.2],[-132.2,53.2],[-132.1,53.2],[-132,53.2],[-131.9,53.2],[-131.8,53.2],[-131.8,53.3],[-131.8,53.2],[-131.7,53.2],[-131.7,53.1],[-131.6,53.1],[-131.6,53],[-131.7,53],[-131.7,53.1],[-131.8,53.1],[-131.9,53.1],[-132,53.1],[-132,53],[-131.9,53],[-131.8,53.1],[-131.8,53],[-131.7,53],[-131.6,53],[-131.6,52.9],[-131.7,52.9],[-131.8,52.9],[-131.9,52.9],[-132,52.9],[-131.9,52.9],[-131.9,52.8],[-131.8,52.8],[-131.7,52.8],[-131.8,52.8],[-131.9,52.8],[-131.8,52.8],[-131.8,52.7],[-131.7,52.7],[-131.7,52.6],[-131.6,52.6],[-131.7,52.5],[-131.6,52.5],[-131.5,52.5],[-131.4,52.5],[-131.4,52.4],[-131.3,52.4],[-131.2,52.4],[-131.3,52.4],[-131.2,52.4],[-131.3,52.4],[-131.3,52.3],[-131.3,52.4],[-131.4,52.3],[-131.3,52.3],[-131.2,52.3],[-131.3,52.3],[-131.2,52.3],[-131.1,52.3],[-131.1,52.2],[-131.2,52.2],[-131.1,52.2],[-131,52.2],[-131.1,52.2]]],[[[-73.4,67.8],[-73.9,67.8],[-74.4,67.8],[-74.6,67.8],[-74.6,67.9],[-74.8,67.9],[-74.8,68],[-74.8,68.1],[-74.7,68.1],[-74.5,68.1],[-74.4,68.1],[-74.4,68.2],[-74.3,68.2],[-74.3,68.1],[-74.2,68.1],[-74.3,68.1],[-74.2,68.1],[-74.1,68.1],[-73.9,68],[-73.8,68],[-73.7,68],[-73.6,68],[-73.5,68],[-73.4,68],[-73.4,67.9],[-73.4,67.8]]],[[[-128.8,52.7],[-128.9,52.7],[-129,52.7],[-129.1,52.7],[-129,52.7],[-129,52.8],[-129.1,52.8],[-129.1,52.9],[-129,52.9],[-129.1,52.9],[-129,52.9],[-129,53],[-128.9,53],[-128.8,53],[-128.9,53.1],[-129,53.1],[-128.9,53.1],[-128.9,53],[-129,53],[-129,52.9],[-129.1,52.9],[-129.2,52.9],[-129.2,53],[-129.2,53.1],[-129.1,53.1],[-129.1,53.2],[-129.1,53.3],[-129,53.3],[-128.9,53.3],[-128.8,53.2],[-128.7,53.2],[-128.6,53.2],[-128.6,53.1],[-128.5,53],[-128.5,52.9],[-128.5,52.8],[-128.6,52.7],[-128.6,52.6],[-128.7,52.6],[-128.8,52.6],[-128.7,52.6],[-128.7,52.7],[-128.7,52.8],[-128.7,52.9],[-128.6,52.9],[-128.6,53],[-128.7,53],[-128.7,52.9],[-128.7,52.8],[-128.8,52.8],[-128.8,52.7]]],[[[-79.5,56],[-79.5,56.1],[-79.6,56.1],[-79.7,56],[-79.8,55.9],[-79.9,55.9],[-79.9,55.8],[-79.9,55.9],[-80,55.9],[-80,56],[-79.9,56],[-79.7,56.2],[-79.6,56.3],[-79.5,56.3],[-79.5,56.4],[-79.5,56.5],[-79.5,56.6],[-79.4,56.6],[-79.4,56.5],[-79.4,56.4],[-79.5,56.4],[-79.5,56.3],[-79.5,56.2],[-79.6,56.2],[-79.6,56.1],[-79.6,56.2],[-79.5,56.2],[-79.4,56.2],[-79.4,56.3],[-79.3,56.4],[-79.3,56.5],[-79.3,56.6],[-79.3,56.7],[-79.2,56.7],[-79.1,56.6],[-79.2,56.6],[-79.3,56.6],[-79.2,56.6],[-79.2,56.5],[-79.1,56.5],[-79.1,56.4],[-79,56.4],[-78.9,56.4],[-78.9,56.3],[-79,56.3],[-78.9,56.3],[-79,56.3],[-79,56.2],[-79.1,56.1],[-79.2,55.9],[-79.2,56],[-79.1,56],[-79.1,56.1],[-79,56.3],[-79,56.4],[-79.1,56.3],[-79.1,56.2],[-79.1,56.1],[-79.2,56],[-79.3,55.9],[-79.2,56],[-79.1,56.2],[-79.2,56.2],[-79.2,56.1],[-79.4,56],[-79.5,55.9],[-79.6,55.9],[-79.7,55.8],[-79.8,55.8],[-79.6,55.9],[-79.5,56]]],[[[-77.5,63.3],[-77.5,63.2],[-77.6,63.2],[-77.6,63.1],[-77.7,63.1],[-77.8,63.1],[-77.9,63.1],[-78,63.1],[-78.1,63.2],[-78.2,63.2],[-78.3,63.3],[-78.5,63.4],[-78.5,63.5],[-78.4,63.5],[-78.3,63.5],[-78.2,63.5],[-78.1,63.5],[-78,63.5],[-77.9,63.5],[-77.8,63.5],[-77.8,63.4],[-77.7,63.4],[-77.6,63.4],[-77.7,63.4],[-77.6,63.4],[-77.6,63.3],[-77.5,63.3]]],[[[-79.1,68.9],[-79.2,68.9],[-79.2,68.8],[-79.3,68.8],[-79.3,68.9],[-79.4,68.9],[-79.3,69],[-79.2,69.1],[-79.1,69.1],[-79,69.1],[-78.9,69.1],[-78.9,69.2],[-78.8,69.2],[-78.8,69.3],[-78.7,69.3],[-78.6,69.3],[-78.7,69.3],[-78.7,69.4],[-78.6,69.4],[-78.5,69.4],[-78.4,69.4],[-78.3,69.4],[-78.2,69.3],[-78.3,69.3],[-78.3,69.2],[-78.4,69.2],[-78.5,69.2],[-78.5,69.1],[-78.6,69.1],[-78.7,69],[-78.8,69],[-78.8,68.9],[-78.9,68.9],[-79,68.9],[-79.1,68.9]]],[[[-86.6,68.3],[-86.5,68.3],[-86.4,68.2],[-86.4,68.1],[-86.4,68],[-86.4,67.9],[-86.4,67.8],[-86.5,67.8],[-86.6,67.7],[-86.7,67.7],[-86.7,67.8],[-86.8,67.8],[-86.9,67.8],[-86.9,67.9],[-87,67.9],[-86.9,67.9],[-86.9,68],[-86.8,68],[-86.9,68],[-87,68.1],[-86.9,68.1],[-86.9,68.2],[-86.8,68.2],[-86.8,68.3],[-86.7,68.3],[-86.6,68.3]]],[[[-102.4,77.7],[-102.4,77.8],[-102.5,77.8],[-102.5,77.9],[-102.4,77.9],[-102.1,77.9],[-101.8,77.9],[-101.7,77.9],[-101.6,77.9],[-101.2,77.8],[-101,77.8],[-100.9,77.7],[-101,77.7],[-101.1,77.7],[-101.3,77.7],[-101.4,77.7],[-101.5,77.7],[-101.6,77.7],[-101.8,77.7],[-102.2,77.7],[-102.3,77.7],[-102.4,77.7]]],[[[-113.7,77.9],[-113.7,77.8],[-113.6,77.8],[-113.7,77.8],[-114.2,77.7],[-114.3,77.7],[-114.5,77.8],[-114.6,77.8],[-114.7,77.8],[-114.6,77.8],[-114.5,77.8],[-114.6,77.8],[-114.7,77.8],[-114.8,77.9],[-114.9,77.9],[-115.1,78],[-115,78],[-114.9,78],[-114.8,78],[-114.7,78],[-114.5,78],[-114.4,78.1],[-114.3,78.1],[-114.4,78],[-114.3,78],[-114.1,78],[-114,77.9],[-113.7,77.9]]],[[[-99.2,73.9],[-99.4,73.9],[-99.1,74],[-99,74],[-98.8,74],[-98.5,74],[-98.2,74.1],[-97.7,74.1],[-97.6,74.1],[-97.7,74],[-97.8,74],[-97.9,74],[-98,73.9],[-98.1,73.9],[-98.4,73.9],[-98.7,73.8],[-98.7,73.9],[-98.7,73.8],[-98.8,73.8],[-98.9,73.8],[-99,73.8],[-99.1,73.8],[-99.2,73.8],[-99.1,73.8],[-98.8,73.8],[-98.8,73.9],[-98.9,73.9],[-99.2,73.9]]],[[[-80,69.6],[-80.1,69.6],[-80,69.6],[-79.9,69.5],[-80,69.5],[-80.1,69.5],[-80.2,69.5],[-80.2,69.6],[-80.3,69.6],[-80.4,69.6],[-80.5,69.7],[-80.6,69.7],[-80.8,69.7],[-80.7,69.7],[-80.7,69.8],[-80.6,69.7],[-80.5,69.7],[-80.4,69.7],[-80.5,69.7],[-80.5,69.8],[-80.4,69.8],[-80.3,69.8],[-80.2,69.8],[-80.1,69.8],[-80.2,69.7],[-80.1,69.7],[-80.1,69.8],[-80,69.7],[-79.9,69.7],[-79.8,69.8],[-79.7,69.8],[-79.5,69.8],[-79.4,69.8],[-79.4,69.7],[-79.3,69.7],[-79.5,69.6],[-79.6,69.6],[-79.9,69.6],[-80,69.6]]],[[[-114.8,76.8],[-114.9,76.8],[-114.8,76.8],[-114.6,76.9],[-114.4,76.9],[-114.2,76.9],[-113.8,76.9],[-113.7,76.9],[-113.6,76.8],[-113.5,76.8],[-113.6,76.7],[-113.7,76.7],[-113.8,76.7],[-114.1,76.7],[-114.4,76.7],[-114.5,76.7],[-114.8,76.8]]],[[[-130.3,53.9],[-130.2,53.9],[-130.1,53.9],[-130,53.9],[-130,53.8],[-129.9,53.8],[-129.9,53.7],[-129.8,53.7],[-129.7,53.6],[-129.5,53.5],[-129.6,53.5],[-129.5,53.5],[-129.4,53.4],[-129.3,53.4],[-129.3,53.3],[-129.4,53.2],[-129.4,53.3],[-129.5,53.3],[-129.5,53.2],[-129.6,53.2],[-129.6,53.3],[-129.7,53.3],[-129.6,53.3],[-129.7,53.3],[-129.8,53.4],[-129.8,53.5],[-129.9,53.5],[-129.9,53.6],[-130,53.6],[-130.1,53.6],[-130,53.6],[-129.9,53.6],[-129.9,53.7],[-130,53.7],[-130.1,53.6],[-130.1,53.7],[-130.2,53.7],[-130.2,53.8],[-130.3,53.8],[-130.3,53.9]]],[[[-64.8,61.4],[-64.9,61.3],[-64.9,61.4],[-65,61.3],[-65,61.4],[-64.9,61.4],[-65,61.4],[-65.1,61.4],[-65.1,61.5],[-65.2,61.5],[-65.3,61.5],[-65.4,61.5],[-65.4,61.6],[-65.5,61.6],[-65.5,61.7],[-65.4,61.7],[-65,61.7],[-64.7,61.7],[-64.7,61.6],[-64.8,61.6],[-64.7,61.6],[-64.6,61.6],[-64.7,61.6],[-64.7,61.5],[-64.7,61.4],[-64.8,61.4]]],[[[-89.7,76.7],[-89.8,76.7],[-89.9,76.6],[-89.8,76.6],[-89.8,76.5],[-89.7,76.5],[-89.8,76.5],[-89.9,76.5],[-90,76.5],[-90.1,76.5],[-90.2,76.5],[-90.3,76.6],[-90.6,76.7],[-90.6,76.8],[-90.5,76.8],[-90.3,76.8],[-90.2,76.8],[-90,76.8],[-89.9,76.8],[-89.8,76.8],[-89.7,76.8],[-89.7,76.7]]],[[[-84.5,66.1],[-84.4,66.1],[-84.3,66.1],[-84.2,66.1],[-84.1,66.1],[-84,66.1],[-84,66],[-83.9,66],[-83.8,66],[-83.7,66],[-83.7,65.9],[-83.8,65.8],[-83.7,65.8],[-83.6,65.8],[-83.5,65.7],[-83.3,65.7],[-83.2,65.7],[-83.3,65.7],[-83.2,65.7],[-83.3,65.7],[-83.3,65.6],[-83.4,65.6],[-83.5,65.7],[-83.6,65.7],[-83.7,65.7],[-83.6,65.7],[-83.7,65.7],[-83.8,65.7],[-83.7,65.7],[-83.7,65.8],[-83.8,65.8],[-83.9,65.8],[-84,65.7],[-84,65.8],[-84.1,65.8],[-84.1,65.9],[-84.2,65.9],[-84.2,66],[-84.3,66],[-84.4,66],[-84.5,66.1]]],[[[-76.7,69.4],[-76.6,69.4],[-76.7,69.4],[-76.6,69.3],[-76.7,69.3],[-76.8,69.3],[-76.9,69.2],[-76.9,69.1],[-77,69.1],[-77.1,69.1],[-77.2,69.1],[-77.3,69.1],[-77.3,69.2],[-77.4,69.2],[-77.4,69.3],[-77.3,69.3],[-77.3,69.4],[-77.4,69.4],[-77.3,69.4],[-77.1,69.4],[-77,69.4],[-76.8,69.4],[-76.7,69.4]]],[[[-76.7,63.5],[-76.6,63.5],[-76.5,63.5],[-76.6,63.5],[-76.6,63.4],[-76.7,63.4],[-76.6,63.4],[-76.7,63.4],[-76.8,63.4],[-76.9,63.4],[-77,63.4],[-77.1,63.5],[-77.2,63.5],[-77.3,63.5],[-77.3,63.6],[-77.3,63.5],[-77.3,63.6],[-77.4,63.6],[-77.3,63.6],[-77.4,63.6],[-77.4,63.7],[-77.3,63.7],[-77.2,63.7],[-77.1,63.7],[-76.7,63.6],[-76.7,63.5],[-76.6,63.5],[-76.7,63.5]]],[[[-96.6,75.4],[-96.7,75.4],[-96.6,75.4],[-96.7,75.4],[-96.8,75.4],[-96.9,75.4],[-97,75.4],[-96.9,75.4],[-97,75.4],[-97,75.5],[-97.1,75.5],[-96.7,75.6],[-96.5,75.6],[-96.4,75.6],[-96.4,75.7],[-96.3,75.7],[-96.1,75.6],[-96,75.6],[-95.9,75.6],[-95.9,75.5],[-96,75.5],[-96.1,75.5],[-96.2,75.5],[-96.3,75.5],[-96.4,75.5],[-96.4,75.6],[-96.5,75.6],[-96.5,75.5],[-96.6,75.5],[-96.5,75.5],[-96.6,75.4]]],[[[-74.8,68.4],[-74.9,68.4],[-74.8,68.4],[-74.8,68.3],[-74.9,68.3],[-74.8,68.3],[-74.9,68.3],[-75,68.3],[-75,68.4],[-75.3,68.4],[-75.4,68.5],[-75.4,68.6],[-75.3,68.7],[-75.2,68.7],[-75,68.7],[-75,68.6],[-74.9,68.6],[-74.9,68.5],[-74.8,68.5],[-74.8,68.4],[-74.9,68.5],[-74.9,68.4],[-74.8,68.4]]],[[[-67.9,60.5],[-67.8,60.5],[-67.8,60.4],[-67.9,60.4],[-67.9,60.3],[-68,60.3],[-68.1,60.3],[-68.2,60.3],[-68.2,60.2],[-68.3,60.2],[-68.4,60.2],[-68.4,60.3],[-68.4,60.4],[-68.3,60.4],[-68.3,60.5],[-68.2,60.6],[-68.1,60.6],[-68,60.6],[-67.9,60.5]]],[[[-129.7,53.2],[-129.8,53.2],[-129.9,53.2],[-130,53.2],[-130.1,53.3],[-130.2,53.3],[-130.2,53.4],[-130.3,53.4],[-130.4,53.4],[-130.4,53.5],[-130.3,53.5],[-130.4,53.5],[-130.5,53.5],[-130.5,53.6],[-130.4,53.6],[-130.3,53.6],[-130.2,53.6],[-130.2,53.5],[-130.1,53.5],[-130,53.5],[-129.9,53.4],[-129.8,53.3],[-129.7,53.2]]],[[[-70.2,62.6],[-70.3,62.5],[-70.4,62.5],[-70.6,62.5],[-70.6,62.6],[-70.7,62.6],[-70.7,62.5],[-70.7,62.6],[-70.8,62.6],[-70.8,62.7],[-70.9,62.7],[-70.9,62.8],[-70.9,62.7],[-70.9,62.8],[-70.8,62.7],[-70.8,62.8],[-70.9,62.8],[-71,62.8],[-71.1,62.8],[-71.2,62.8],[-71.1,62.8],[-71,62.8],[-71.1,62.8],[-71.2,62.9],[-70.8,62.8],[-70.6,62.8],[-70.5,62.8],[-70.4,62.7],[-70.3,62.7],[-70.4,62.7],[-70.3,62.7],[-70.3,62.6],[-70.2,62.6]]],[[[-85,66],[-84.9,66],[-84.9,65.9],[-84.8,65.9],[-84.7,65.8],[-84.7,65.7],[-84.6,65.7],[-84.6,65.6],[-84.7,65.6],[-84.8,65.6],[-84.9,65.6],[-84.9,65.7],[-85,65.7],[-85.1,65.7],[-85.1,65.8],[-85.2,65.9],[-85.1,65.9],[-85.2,65.9],[-85.2,66],[-85.1,66],[-85,66]]],[[[-78.9,76.1],[-78.8,76.1],[-78.9,76],[-79.1,76],[-79.2,76],[-79.2,75.9],[-79.1,75.9],[-79,75.9],[-78.9,75.9],[-78.9,75.8],[-79,75.8],[-79.1,75.8],[-79.1,75.9],[-79,75.9],[-79.1,75.9],[-79.3,75.9],[-79.4,75.8],[-79.3,75.8],[-79.4,75.8],[-79.5,75.8],[-79.6,75.8],[-79.6,75.9],[-79.7,75.9],[-79.8,75.9],[-79.7,75.9],[-79.6,75.9],[-79.6,76],[-79.5,76],[-79.4,76],[-79.3,76],[-79.3,76.1],[-79.2,76.1],[-79.1,76.1],[-79,76.1],[-78.9,76.1]]],[[[-102.6,76],[-102.9,76],[-103.3,75.9],[-103.7,75.9],[-103.8,75.9],[-103.9,75.9],[-104,75.9],[-103.8,75.9],[-103.7,76],[-103.5,76],[-103.3,76],[-103.2,76],[-103.1,76],[-103.1,76.1],[-103,76],[-102.7,76.1],[-102.4,76.1],[-102.3,76.1],[-102.3,76],[-102.4,76],[-102.6,76]]],[[[-102.9,75.8],[-103.3,75.8],[-103.4,75.8],[-103.3,75.8],[-103.2,75.8],[-103.3,75.8],[-103.2,75.8],[-103.1,75.8],[-103.1,75.9],[-103,75.9],[-102.8,75.9],[-102.5,76],[-102.4,76],[-102.2,76],[-102.1,76],[-102,76],[-102,75.9],[-102.1,75.9],[-102.4,75.9],[-102.5,75.9],[-102.5,75.8],[-102.6,75.8],[-102.7,75.8],[-102.8,75.8],[-102.9,75.8]]],[[[-97.1,73.1],[-97,73.2],[-96.9,73.2],[-96.8,73.2],[-96.7,73.2],[-96.7,73.1],[-96.8,73.1],[-96.7,73.1],[-96.6,73.1],[-96.6,73],[-96.7,73],[-96.7,72.9],[-96.8,72.9],[-96.9,72.9],[-97,72.9],[-97.1,73],[-97.1,73.1]]],[[[-71.5,71],[-71.4,71],[-71.3,71],[-71.4,71],[-71.4,70.9],[-71.6,70.9],[-71.9,70.9],[-71.9,70.8],[-72,70.8],[-72.1,70.8],[-72.1,70.9],[-72.2,70.9],[-72.1,70.9],[-72.2,70.9],[-72.1,70.9],[-72,70.9],[-72,71],[-72,71.1],[-71.9,71.1],[-71.8,71.1],[-71.5,71]]],[[[-127.2,52.4],[-127.2,52.3],[-127.3,52.3],[-127.4,52.3],[-127.4,52.2],[-127.4,52.3],[-127.5,52.2],[-127.6,52.2],[-127.6,52.1],[-127.7,52.1],[-127.7,52],[-127.8,52],[-127.9,52],[-127.9,52.1],[-127.8,52.1],[-127.9,52.1],[-127.8,52.2],[-127.8,52.3],[-127.7,52.3],[-127.6,52.3],[-127.5,52.3],[-127.5,52.4],[-127.4,52.4],[-127.3,52.4],[-127.2,52.4]]],[[[-101.2,76.6],[-101.3,76.6],[-101.7,76.6],[-101.6,76.6],[-101.5,76.6],[-101.4,76.6],[-101.2,76.6],[-101.2,76.7],[-101.1,76.7],[-101,76.7],[-100.6,76.8],[-100.2,76.7],[-100.3,76.7],[-100.7,76.6],[-101.2,76.6]]],[[[-95.9,69.4],[-96,69.4],[-96,69.5],[-95.9,69.6],[-95.8,69.6],[-95.7,69.6],[-95.6,69.6],[-95.5,69.6],[-95.4,69.5],[-95.4,69.4],[-95.5,69.4],[-95.5,69.3],[-95.7,69.3],[-95.7,69.4],[-95.7,69.5],[-95.7,69.6],[-95.8,69.6],[-95.8,69.5],[-95.9,69.4],[-95.9,69.3],[-96,69.4],[-95.9,69.4]]],[[[-94.5,76],[-94.5,75.9],[-94.4,75.9],[-94.3,75.8],[-94.7,75.7],[-94.7,75.8],[-94.8,75.8],[-94.8,75.9],[-94.9,75.9],[-94.9,76],[-94.7,76],[-94.5,76]]],[[[-78.4,69.6],[-78.4,69.7],[-78.3,69.7],[-78.2,69.7],[-78.3,69.7],[-78.2,69.7],[-78.2,69.8],[-78.1,69.7],[-78,69.7],[-77.9,69.6],[-78,69.6],[-78.1,69.6],[-78.3,69.6],[-78.4,69.5],[-78.5,69.5],[-78.6,69.5],[-78.7,69.5],[-78.8,69.5],[-78.9,69.5],[-78.7,69.6],[-78.6,69.6],[-78.5,69.7],[-78.4,69.6]]],[[[-104.5,68.5],[-104.4,68.4],[-104.5,68.4],[-104.7,68.4],[-104.8,68.4],[-104.9,68.4],[-104.9,68.5],[-105,68.5],[-105.1,68.5],[-105.1,68.6],[-105,68.6],[-104.9,68.6],[-104.7,68.6],[-104.6,68.6],[-104.5,68.5]]],[[[-101.7,68.8],[-101.7,68.7],[-101.7,68.6],[-101.8,68.7],[-101.8,68.6],[-101.9,68.6],[-102,68.6],[-102.1,68.6],[-102.2,68.6],[-102.3,68.7],[-102.4,68.7],[-102.3,68.7],[-102.2,68.7],[-102.1,68.8],[-102,68.8],[-101.8,68.8],[-101.7,68.8]]],[[[-130.4,54],[-130.5,54],[-130.5,53.9],[-130.6,53.9],[-130.6,54],[-130.6,53.9],[-130.7,54],[-130.7,53.9],[-130.6,53.9],[-130.6,53.8],[-130.7,53.8],[-130.7,53.9],[-130.7,54],[-130.6,54],[-130.5,54.1],[-130.4,54.1],[-130.3,54.1],[-130.3,54],[-130.2,54],[-130.2,53.9],[-130.3,53.9],[-130.3,53.8],[-130.4,53.8],[-130.4,53.9],[-130.5,53.8],[-130.5,53.9],[-130.4,54],[-130.3,54],[-130.4,54],[-130.3,54],[-130.4,54]]],[[[-100.2,68.8],[-100.3,68.8],[-100.3,68.7],[-100.4,68.7],[-100.5,68.8],[-100.4,68.8],[-100.5,68.8],[-100.6,68.8],[-100.6,68.9],[-100.6,69],[-100.5,69],[-100.4,69],[-100.3,69],[-100.2,68.9],[-100.1,68.9],[-100.2,68.9],[-100.2,68.8]]],[[[-87.1,70],[-87.2,70],[-87.3,70],[-87.3,70.1],[-87.4,70.1],[-87.3,70.1],[-87.2,70.1],[-87.1,70.1],[-87.1,70.2],[-87,70.1],[-86.8,70.1],[-86.7,70.1],[-86.6,70.1],[-86.5,70.1],[-86.5,70],[-86.8,70],[-86.9,70],[-87,70],[-87.1,70]]],[[[-96.6,69.5],[-96.7,69.5],[-96.7,69.6],[-96.6,69.6],[-96.5,69.6],[-96.4,69.6],[-96.3,69.5],[-96.2,69.6],[-96.1,69.6],[-96.1,69.5],[-96.1,69.4],[-96.2,69.4],[-96.1,69.4],[-96.2,69.4],[-96.1,69.4],[-96.2,69.4],[-96.3,69.4],[-96.4,69.4],[-96.5,69.5],[-96.6,69.5]]],[[[-73,71.5],[-72.9,71.5],[-72.8,71.5],[-72.8,71.4],[-72.9,71.4],[-73,71.4],[-73,71.3],[-73.1,71.3],[-73.2,71.3],[-73.3,71.4],[-73.3,71.5],[-73.4,71.5],[-73.2,71.6],[-73.1,71.6],[-73.1,71.5],[-73.2,71.5],[-73.2,71.4],[-73.1,71.4],[-73.1,71.5],[-73,71.5]]],[[[-126.7,49.8],[-126.6,49.8],[-126.6,49.7],[-126.6,49.6],[-126.7,49.6],[-126.8,49.6],[-126.8,49.7],[-126.9,49.7],[-127,49.7],[-127,49.8],[-126.9,49.8],[-126.9,49.7],[-126.9,49.8],[-127,49.8],[-126.9,49.8],[-126.9,49.9],[-126.8,49.9],[-126.7,49.9],[-126.7,49.8],[-126.7,49.9],[-126.7,49.8]]],[[[-64.4,62.5],[-64.5,62.5],[-64.4,62.5],[-64.4,62.4],[-64.5,62.4],[-64.6,62.4],[-64.7,62.4],[-64.8,62.4],[-64.9,62.4],[-65,62.4],[-64.9,62.5],[-65,62.5],[-64.9,62.5],[-64.8,62.5],[-64.9,62.5],[-64.8,62.6],[-64.7,62.6],[-64.7,62.5],[-64.6,62.5],[-64.6,62.6],[-64.5,62.6],[-64.5,62.5],[-64.4,62.5]]],[[[-102.9,78.3],[-102.8,78.3],[-102.8,78.2],[-102.9,78.2],[-103,78.1],[-103.1,78.1],[-103.2,78.1],[-103.3,78.1],[-103.3,78.2],[-103.2,78.2],[-103.1,78.3],[-103,78.3],[-102.9,78.3]]],[[[-128.9,52.6],[-128.9,52.5],[-129,52.5],[-129.1,52.5],[-129.1,52.6],[-129.2,52.6],[-129.2,52.7],[-129.3,52.7],[-129.3,52.8],[-129.2,52.8],[-129.1,52.8],[-129.1,52.7],[-128.9,52.6]]],[[[-64.1,63.3],[-64.2,63.3],[-64.3,63.3],[-64.3,63.4],[-64.4,63.4],[-64.4,63.5],[-64.5,63.6],[-64.4,63.7],[-64.3,63.7],[-64.3,63.6],[-64.3,63.5],[-64.3,63.4],[-64.2,63.4],[-64.1,63.3]]],[[[-95.9,80.7],[-96.2,80.7],[-96.1,80.7],[-95.7,80.7],[-95.5,80.7],[-95.4,80.7],[-95.2,80.7],[-95.1,80.7],[-95,80.7],[-95,80.6],[-95.2,80.6],[-95.5,80.6],[-95.6,80.7],[-95.9,80.7]]],[[[-61.6,56.8],[-61.6,56.9],[-61.5,56.9],[-61.5,57],[-61.4,56.9],[-61.3,56.9],[-61.4,56.9],[-61.4,56.8],[-61.5,56.8],[-61.4,56.8],[-61.5,56.8],[-61.6,56.8],[-61.5,56.8],[-61.4,56.8],[-61.4,56.7],[-61.4,56.6],[-61.5,56.6],[-61.5,56.7],[-61.6,56.7],[-61.6,56.8]]],[[[-64.9,63.8],[-64.8,63.9],[-64.8,63.8],[-64.7,63.8],[-64.8,63.8],[-64.8,63.9],[-64.7,63.9],[-64.6,63.9],[-64.6,63.8],[-64.6,63.9],[-64.5,63.9],[-64.5,63.8],[-64.6,63.8],[-64.5,63.8],[-64.4,63.8],[-64.4,63.7],[-64.5,63.7],[-64.6,63.7],[-64.6,63.8],[-64.7,63.8],[-64.8,63.8],[-64.9,63.8]]],[[[-78.6,68.5],[-78.7,68.5],[-78.8,68.4],[-78.9,68.5],[-79,68.5],[-78.9,68.5],[-79,68.5],[-78.9,68.5],[-78.8,68.5],[-78.8,68.6],[-78.7,68.6],[-78.8,68.6],[-78.9,68.7],[-78.8,68.7],[-78.7,68.7],[-78.6,68.7],[-78.6,68.6],[-78.5,68.6],[-78.5,68.5],[-78.7,68.6],[-78.7,68.5],[-78.6,68.5]]],[[[-85.2,77.5],[-85.1,77.5],[-85.2,77.5],[-85.5,77.5],[-85.5,77.6],[-85.4,77.6],[-85.3,77.6],[-85,77.6],[-84.9,77.5],[-84.8,77.5],[-84.9,77.5],[-85,77.5],[-85.2,77.5]]],[[[-100.4,70.5],[-100.5,70.5],[-100.7,70.6],[-100.7,70.7],[-100.6,70.7],[-100.5,70.7],[-100.4,70.6],[-100.3,70.6],[-100.4,70.6],[-100.3,70.6],[-100.2,70.6],[-100.3,70.6],[-100.4,70.6],[-100.3,70.6],[-100.3,70.5],[-100.2,70.5],[-100.3,70.5],[-100.4,70.5]]],[[[-67.9,69.5],[-68,69.5],[-68.3,69.6],[-68.2,69.6],[-68.1,69.6],[-68.1,69.7],[-68,69.7],[-67.9,69.6],[-67.8,69.7],[-67.9,69.7],[-68,69.7],[-67.9,69.7],[-67.8,69.7],[-67.7,69.7],[-67.7,69.6],[-67.8,69.6],[-67.9,69.6],[-67.9,69.5]]],[[[-80,56.2],[-80.1,56.2],[-80.1,56.3],[-80,56.3],[-79.9,56.3],[-79.9,56.4],[-79.8,56.4],[-79.7,56.4],[-79.6,56.4],[-79.6,56.5],[-79.5,56.5],[-79.6,56.5],[-79.6,56.4],[-79.7,56.3],[-80,56.2]]]]}},{"type":"Feature","properties":{"name":"Mexico","iso":"MX"},"geometry":{"type":"MultiPolygon","coordinates":[[[[-97.1,26],[-97.2,25.8],[-97.2,25.7],[-97.2,25.6],[-97.3,25.5],[-97.3,25.4],[-97.5,25.2],[-97.6,24.8],[-97.7,24.5],[-97.7,24.1],[-97.7,24],[-97.7,23.8],[-97.8,23.8],[-97.8,23.7],[-97.7,23.7],[-97.7,23.8],[-97.7,23.7],[-97.7,23.5],[-97.8,23.4],[-97.8,23.3],[-97.7,23],[-97.8,22.8],[-97.8,22.9],[-97.8,22.8],[-97.8,22.7],[-97.9,22.7],[-97.9,22.6],[-97.8,22.6],[-97.9,22.6],[-97.9,22.7],[-97.8,22.7],[-97.8,22.6],[-97.9,22.5],[-97.8,22.4],[-97.8,22.3],[-97.8,22.1],[-97.6,21.8],[-97.5,21.7],[-97.4,21.7],[-97.4,21.6],[-97.3,21.6],[-97.3,21.5],[-97.3,21.4],[-97.4,21.4],[-97.4,21.3],[-97.5,21.4],[-97.5,21.5],[-97.4,21.5],[-97.4,21.6],[-97.5,21.6],[-97.5,21.7],[-97.6,21.7],[-97.6,21.8],[-97.6,21.9],[-97.7,21.9],[-97.8,22.1],[-97.8,22],[-97.7,22],[-97.7,21.9],[-97.7,21.8],[-97.7,21.7],[-97.7,21.6],[-97.6,21.5],[-97.5,21.5],[-97.5,21.4],[-97.4,21.3],[-97.4,21.2],[-97.3,21.1],[-97.3,20.9],[-97.2,20.8],[-97.2,20.7],[-97.2,20.6],[-97,20.5],[-96.9,20.4],[-96.8,20.3],[-96.8,20.2],[-96.7,20.2],[-96.6,20.1],[-96.6,20],[-96.5,19.9],[-96.4,19.8],[-96.4,19.7],[-96.4,19.5],[-96.3,19.5],[-96.3,19.4],[-96.3,19.3],[-96.2,19.2],[-96.1,19.2],[-96.1,19.1],[-96,19.1],[-96,19],[-95.9,18.9],[-95.9,18.8],[-95.8,18.8],[-95.9,18.8],[-95.9,18.9],[-96,18.9],[-95.9,18.8],[-95.8,18.8],[-95.8,18.7],[-95.9,18.8],[-95.9,18.7],[-95.8,18.7],[-95.7,18.7],[-95.6,18.7],[-95.7,18.7],[-95.7,18.8],[-95.6,18.7],[-95.5,18.7],[-95.4,18.7],[-95.3,18.7],[-95.2,18.7],[-95.1,18.7],[-95.1,18.6],[-95,18.6],[-94.9,18.5],[-94.8,18.5],[-94.7,18.4],[-94.7,18.3],[-94.6,18.3],[-94.6,18.2],[-94.5,18.2],[-94.5,18.1],[-94.4,18.1],[-94.4,18.2],[-94.2,18.2],[-94.1,18.2],[-94,18.2],[-94,18.3],[-93.9,18.3],[-93.8,18.3],[-93.7,18.3],[-93.7,18.4],[-93.7,18.3],[-93.6,18.3],[-93.6,18.4],[-93.7,18.4],[-93.7,18.3],[-93.8,18.3],[-93.8,18.4],[-93.6,18.4],[-93.4,18.4],[-93.3,18.4],[-93.2,18.4],[-93.1,18.4],[-93.1,18.3],[-93.1,18.4],[-92.9,18.4],[-92.9,18.5],[-92.8,18.5],[-92.7,18.6],[-92.7,18.5],[-92.7,18.4],[-92.7,18.5],[-92.7,18.6],[-92.6,18.6],[-92.5,18.6],[-92.4,18.7],[-92.3,18.7],[-92.2,18.7],[-92.1,18.7],[-92,18.7],[-91.9,18.7],[-91.9,18.6],[-92,18.6],[-92.1,18.6],[-92.1,18.5],[-92,18.6],[-92,18.5],[-91.9,18.5],[-92,18.6],[-91.9,18.6],[-91.9,18.5],[-91.8,18.5],[-91.9,18.4],[-91.8,18.4],[-91.8,18.5],[-91.8,18.4],[-91.8,18.5],[-91.7,18.5],[-91.6,18.4],[-91.5,18.4],[-91.5,18.5],[-91.5,18.4],[-91.5,18.5],[-91.4,18.5],[-91.4,18.6],[-91.3,18.6],[-91.2,18.6],[-91.2,18.7],[-91.2,18.6],[-91.3,18.6],[-91.3,18.7],[-91.3,18.8],[-91.4,18.8],[-91.4,18.9],[-91.3,18.9],[-91.2,19],[-91.3,19],[-91.3,18.9],[-91.4,18.9],[-91.4,18.8],[-91.5,18.8],[-91.4,18.9],[-91.3,19],[-91.2,19],[-91.1,19.1],[-91,19.1],[-90.9,19.2],[-90.9,19.3],[-90.8,19.3],[-90.7,19.3],[-90.7,19.4],[-90.7,19.6],[-90.7,19.7],[-90.7,19.8],[-90.6,19.8],[-90.5,19.9],[-90.5,20],[-90.5,20.1],[-90.5,20.2],[-90.5,20.3],[-90.5,20.4],[-90.5,20.5],[-90.5,20.6],[-90.5,20.7],[-90.4,20.7],[-90.4,20.8],[-90.4,20.9],[-90.3,20.9],[-90.3,21],[-90.4,20.9],[-90.4,20.8],[-90.4,21],[-90.3,21],[-90.2,21.1],[-90.1,21.1],[-90.1,21.2],[-90,21.2],[-89.9,21.2],[-89.8,21.3],[-89.7,21.3],[-89.6,21.3],[-89.5,21.3],[-89.3,21.3],[-89.2,21.4],[-89.1,21.4],[-89,21.4],[-88.9,21.4],[-88.8,21.4],[-88.7,21.5],[-88.6,21.5],[-88.5,21.5],[-88.5,21.6],[-88.4,21.6],[-88.3,21.6],[-88.2,21.6],[-88.1,21.6],[-88.2,21.6],[-88.1,21.6],[-88,21.6],[-87.9,21.6],[-87.8,21.6],[-87.7,21.5],[-87.8,21.5],[-87.9,21.6],[-87.8,21.5],[-87.7,21.5],[-87.6,21.5],[-87.7,21.5],[-87.6,21.5],[-87.5,21.5],[-87.4,21.5],[-87.3,21.5],[-87.3,21.4],[-87.2,21.4],[-87.2,21.5],[-87.1,21.5],[-87.1,21.6],[-87.2,21.6],[-87.2,21.5],[-87.3,21.5],[-87.3,21.6],[-87.4,21.5],[-87.4,21.6],[-87.3,21.6],[-87.2,21.6],[-87.1,21.6],[-87,21.6],[-86.9,21.5],[-86.9,21.4],[-86.8,21.4],[-86.8,21.3],[-86.8,21.2],[-86.7,21.2],[-86.7,21.1],[-86.8,21.1],[-86.8,21],[-86.9,20.9],[-86.9,20.8],[-87,20.7],[-87.1,20.6],[-87.2,20.5],[-87.4,20.3],[-87.4,20.2],[-87.5,20.1],[-87.5,20],[-87.4,19.9],[-87.4,19.8],[-87.5,19.8],[-87.5,19.9],[-87.4,19.9],[-87.5,19.9],[-87.5,20],[-87.5,19.9],[-87.5,19.8],[-87.6,19.8],[-87.6,19.7],[-87.7,19.6],[-87.7,19.7],[-87.7,19.6],[-87.7,19.5],[-87.6,19.5],[-87.6,19.6],[-87.5,19.6],[-87.5,19.5],[-87.5,19.6],[-87.5,19.5],[-87.4,19.6],[-87.5,19.6],[-87.4,19.6],[-87.4,19.5],[-87.5,19.5],[-87.5,19.4],[-87.6,19.4],[-87.5,19.4],[-87.6,19.4],[-87.7,19.4],[-87.7,19.3],[-87.7,19.4],[-87.6,19.4],[-87.7,19.3],[-87.7,19.2],[-87.6,19.2],[-87.6,19.3],[-87.5,19.3],[-87.5,19.2],[-87.6,19.2],[-87.5,19.1],[-87.6,19.1],[-87.6,19],[-87.6,18.9],[-87.7,18.8],[-87.7,18.7],[-87.7,18.6],[-87.7,18.5],[-87.8,18.5],[-87.8,18.4],[-87.8,18.3],[-87.8,18.2],[-87.9,18.2],[-87.9,18.3],[-87.9,18.4],[-88,18.5],[-88.1,18.5],[-88,18.6],[-88.1,18.6],[-88,18.6],[-88,18.7],[-88,18.8],[-88,18.9],[-88.1,18.9],[-88.1,18.8],[-88.1,18.7],[-88.1,18.8],[-88.1,18.7],[-88.2,18.7],[-88.3,18.7],[-88.2,18.7],[-88.2,18.6],[-88.3,18.5],[-88.4,18.5],[-88.5,18.5],[-88.5,18.4],[-88.6,18.4],[-88.6,18.3],[-88.6,18.2],[-88.7,18.2],[-88.7,18.1],[-88.7,18],[-88.8,18],[-88.9,17.9],[-89,18],[-89,17.9],[-89,18],[-89.1,18],[-89.2,17.9],[-89.2,17.8],[-89.4,17.8],[-89.6,17.8],[-89.8,17.8],[-90,17.8],[-90.3,17.8],[-90.5,17.8],[-90.7,17.8],[-90.9,17.8],[-91,17.8],[-91,17.5],[-91,17.3],[-91.4,17.3],[-91.4,17.2],[-91.3,17.2],[-91.3,17.1],[-91.2,17.1],[-91.2,17],[-91.1,17],[-91.1,16.9],[-91,16.9],[-90.9,16.9],[-90.9,16.8],[-90.8,16.8],[-90.7,16.8],[-90.7,16.7],[-90.7,16.6],[-90.6,16.6],[-90.6,16.5],[-90.5,16.5],[-90.5,16.4],[-90.4,16.4],[-90.4,16.3],[-90.5,16.3],[-90.5,16.2],[-90.4,16.2],[-90.5,16.2],[-90.4,16.2],[-90.4,16.1],[-90.5,16.1],[-90.4,16.1],[-90.5,16.1],[-90.6,16.1],[-90.7,16.1],[-90.9,16.1],[-91,16.1],[-91.1,16.1],[-91.3,16.1],[-91.4,16.1],[-91.5,16.1],[-91.7,16.1],[-91.8,16],[-91.8,15.9],[-91.9,15.8],[-92,15.6],[-92.1,15.5],[-92.1,15.4],[-92.2,15.3],[-92.2,15.2],[-92.1,15.1],[-92.1,15],[-92.2,15],[-92.2,14.9],[-92.2,14.8],[-92.2,14.7],[-92.2,14.6],[-92.2,14.5],[-92.3,14.6],[-92.4,14.7],[-92.5,14.8],[-92.7,15],[-92.8,15.1],[-92.8,15.2],[-92.8,15.1],[-92.7,15.1],[-92.8,15.2],[-92.9,15.2],[-92.8,15.2],[-92.9,15.2],[-93,15.3],[-93.1,15.3],[-93.2,15.4],[-93.2,15.5],[-93.5,15.7],[-93.7,15.8],[-93.8,15.9],[-93.9,16],[-93.9,16.1],[-94,16.1],[-94.1,16.1],[-94.1,16.2],[-94.2,16.2],[-94.3,16.2],[-94.3,16.3],[-94.4,16.3],[-94.4,16.2],[-94.3,16.2],[-94.3,16.1],[-94.3,16.2],[-94.2,16.2],[-94.2,16.1],[-94.1,16.1],[-94,16],[-94.3,16.1],[-94.4,16.2],[-94.5,16.2],[-94.6,16.2],[-94.7,16.2],[-94.6,16.3],[-94.6,16.4],[-94.7,16.4],[-94.7,16.3],[-94.8,16.3],[-94.8,16.4],[-94.9,16.4],[-95,16.3],[-95.1,16.3],[-95,16.3],[-95,16.2],[-94.9,16.2],[-94.9,16.3],[-94.8,16.3],[-94.9,16.3],[-94.9,16.2],[-94.8,16.2],[-94.9,16.2],[-95,16.2],[-95.1,16.2],[-95.2,16.2],[-95.1,16.2],[-95.2,16.2],[-95.2,16.1],[-95.3,16.1],[-95.4,16.1],[-95.4,16],[-95.5,16],[-95.6,16],[-95.6,15.9],[-95.7,15.9],[-95.8,15.9],[-95.9,15.9],[-95.9,15.8],[-96,15.8],[-96.1,15.8],[-96.1,15.7],[-96.2,15.7],[-96.3,15.7],[-96.4,15.7],[-96.5,15.7],[-96.6,15.7],[-96.7,15.7],[-96.8,15.7],[-96.9,15.8],[-97,15.8],[-97.1,15.9],[-97.2,15.9],[-97.3,15.9],[-97.4,15.9],[-97.5,15.9],[-97.5,16],[-97.6,16],[-97.7,16],[-97.8,16],[-97.9,16],[-97.9,16.1],[-98,16.1],[-98.1,16.2],[-98.2,16.2],[-98.1,16.2],[-98.2,16.2],[-98.3,16.3],[-98.4,16.3],[-98.5,16.3],[-98.6,16.3],[-98.6,16.4],[-98.7,16.5],[-98.8,16.5],[-98.8,16.6],[-98.8,16.5],[-98.9,16.5],[-98.9,16.6],[-99.1,16.6],[-99.3,16.7],[-99.4,16.7],[-99.5,16.7],[-99.6,16.7],[-99.7,16.7],[-99.8,16.8],[-99.9,16.8],[-99.8,16.8],[-99.9,16.8],[-99.9,16.9],[-99.9,16.8],[-99.9,16.9],[-100,16.9],[-100.1,16.9],[-100.2,17],[-100.3,17],[-100.6,17.1],[-100.7,17.1],[-100.7,17.2],[-100.8,17.2],[-100.9,17.2],[-101,17.2],[-101,17.3],[-101.1,17.3],[-101.1,17.4],[-101.2,17.4],[-101.3,17.5],[-101.4,17.5],[-101.5,17.5],[-101.4,17.5],[-101.4,17.6],[-101.5,17.6],[-101.6,17.6],[-101.6,17.7],[-101.7,17.7],[-101.7,17.8],[-101.8,17.8],[-101.8,17.9],[-101.9,17.9],[-101.9,18],[-102,18],[-102.1,18],[-102.1,17.9],[-102.2,17.9],[-102.3,18],[-102.4,18],[-102.5,18],[-102.6,18],[-102.7,18.1],[-102.9,18.1],[-103,18.2],[-103.1,18.2],[-103.2,18.2],[-103.3,18.2],[-103.3,18.3],[-103.4,18.3],[-103.5,18.3],[-103.5,18.4],[-103.6,18.5],[-103.6,18.6],[-103.7,18.6],[-103.7,18.7],[-103.8,18.7],[-104,18.8],[-104,18.9],[-104.1,18.9],[-104.2,19],[-104.3,19],[-104.3,19.1],[-104.4,19.1],[-104.5,19.1],[-104.6,19.1],[-104.6,19.2],[-104.7,19.2],[-104.8,19.2],[-104.8,19.3],[-104.9,19.3],[-105,19.3],[-105,19.4],[-105.1,19.4],[-105.1,19.5],[-105.1,19.6],[-105.2,19.6],[-105.3,19.7],[-105.4,19.8],[-105.4,19.9],[-105.5,20],[-105.5,20.1],[-105.6,20.2],[-105.6,20.3],[-105.7,20.3],[-105.7,20.4],[-105.6,20.5],[-105.5,20.5],[-105.4,20.5],[-105.3,20.5],[-105.3,20.6],[-105.2,20.6],[-105.3,20.7],[-105.3,20.8],[-105.4,20.8],[-105.4,20.7],[-105.5,20.8],[-105.5,20.9],[-105.4,20.9],[-105.4,21],[-105.3,21],[-105.2,21],[-105.2,21.1],[-105.2,21.2],[-105.2,21.3],[-105.2,21.4],[-105.2,21.5],[-105.3,21.5],[-105.4,21.6],[-105.5,21.7],[-105.5,21.8],[-105.6,22],[-105.7,22],[-105.6,22.2],[-105.7,22.3],[-105.7,22.4],[-105.7,22.5],[-105.8,22.5],[-105.8,22.6],[-105.9,22.7],[-105.9,22.8],[-106,22.8],[-106,22.9],[-106,22.8],[-106.2,23.1],[-106.3,23.1],[-106.4,23.2],[-106.5,23.3],[-106.5,23.4],[-106.6,23.4],[-106.6,23.5],[-106.7,23.5],[-106.7,23.6],[-106.8,23.6],[-106.8,23.7],[-106.9,23.8],[-107,24],[-107.1,24],[-107.2,24.1],[-107.3,24.2],[-107.4,24.2],[-107.4,24.3],[-107.5,24.3],[-107.8,24.5],[-107.7,24.4],[-107.5,24.4],[-107.5,24.3],[-107.5,24.4],[-107.6,24.4],[-107.5,24.4],[-107.5,24.5],[-107.6,24.5],[-107.7,24.5],[-107.8,24.5],[-107.8,24.6],[-107.9,24.6],[-107.8,24.5],[-107.9,24.6],[-108,24.6],[-108,24.7],[-108,24.8],[-108.1,24.8],[-108,24.8],[-108,24.9],[-108,25],[-108,24.9],[-108,24.8],[-108.1,24.8],[-108.2,24.9],[-108.2,25],[-108.3,25.1],[-108.2,25],[-108.1,25],[-108.2,25],[-108.1,25.1],[-108.1,25],[-108,25],[-108.1,25.1],[-108.2,25.1],[-108.2,25.2],[-108.3,25.2],[-108.4,25.2],[-108.3,25.2],[-108.3,25.3],[-108.4,25.3],[-108.4,25.2],[-108.4,25.1],[-108.4,25.2],[-108.4,25.3],[-108.5,25.3],[-108.6,25.3],[-108.7,25.4],[-108.6,25.4],[-108.7,25.4],[-108.8,25.4],[-108.7,25.4],[-108.8,25.4],[-108.8,25.5],[-108.8,25.6],[-108.9,25.6],[-108.9,25.5],[-109,25.5],[-108.9,25.5],[-109,25.5],[-109.1,25.5],[-109.1,25.6],[-109,25.6],[-109,25.5],[-109,25.6],[-108.9,25.6],[-108.9,25.7],[-108.8,25.8],[-108.9,25.8],[-108.9,25.7],[-109,25.7],[-109,25.6],[-109.1,25.6],[-109.2,25.6],[-109.2,25.7],[-109.3,25.7],[-109.2,25.7],[-109.2,25.6],[-109.3,25.6],[-109.4,25.6],[-109.4,25.7],[-109.3,25.7],[-109.3,25.8],[-109.4,25.8],[-109.4,25.7],[-109.4,25.8],[-109.4,25.9],[-109.4,26],[-109.4,26.1],[-109.3,26.1],[-109.3,26.2],[-109.3,26.3],[-109.3,26.2],[-109.2,26.3],[-109.1,26.2],[-109.1,26.3],[-109.2,26.4],[-109.2,26.3],[-109.3,26.3],[-109.2,26.4],[-109.2,26.5],[-109.3,26.5],[-109.3,26.6],[-109.4,26.6],[-109.4,26.7],[-109.5,26.7],[-109.4,26.7],[-109.5,26.7],[-109.5,26.8],[-109.5,26.7],[-109.6,26.7],[-109.5,26.7],[-109.6,26.7],[-109.7,26.7],[-109.8,26.7],[-109.8,26.8],[-109.9,26.8],[-109.9,26.9],[-109.9,27],[-109.9,26.9],[-109.9,27],[-109.9,27.1],[-110,27.1],[-110.1,27.1],[-110.2,27.1],[-110.3,27.1],[-110.3,27.2],[-110.4,27.2],[-110.4,27.3],[-110.5,27.3],[-110.4,27.3],[-110.5,27.3],[-110.5,27.4],[-110.6,27.4],[-110.6,27.5],[-110.6,27.6],[-110.6,27.7],[-110.5,27.7],[-110.6,27.7],[-110.6,27.8],[-110.5,27.8],[-110.5,27.9],[-110.6,27.9],[-110.7,27.9],[-110.8,27.9],[-110.8,28],[-110.9,28],[-110.9,27.9],[-110.9,27.8],[-110.9,27.9],[-111,27.9],[-110.9,27.9],[-111,27.9],[-111,28],[-111.1,27.9],[-111.1,28],[-111.2,28],[-111.3,28.1],[-111.3,28.2],[-111.4,28.2],[-111.4,28.3],[-111.5,28.3],[-111.5,28.4],[-111.4,28.4],[-111.5,28.4],[-111.6,28.4],[-111.7,28.5],[-111.8,28.6],[-111.9,28.7],[-111.9,28.8],[-111.9,28.7],[-111.9,28.8],[-112,28.8],[-112,28.9],[-112.1,28.9],[-112.1,29],[-112.2,29],[-112.2,29.1],[-112.2,29.2],[-112.2,29.3],[-112.3,29.3],[-112.4,29.3],[-112.4,29.4],[-112.4,29.5],[-112.4,29.6],[-112.5,29.6],[-112.5,29.7],[-112.6,29.7],[-112.6,29.8],[-112.7,29.9],[-112.8,29.9],[-112.7,29.9],[-112.7,30],[-112.8,30.1],[-112.8,30.2],[-112.8,30.3],[-112.9,30.3],[-112.8,30.3],[-112.8,30.4],[-112.9,30.4],[-112.9,30.5],[-113,30.5],[-113,30.6],[-113.1,30.7],[-113.1,30.8],[-113.1,30.9],[-113.1,31],[-113.1,31.1],[-113.1,31],[-113.1,31.1],[-113,31.2],[-113.1,31.2],[-113.2,31.2],[-113.2,31.3],[-113.3,31.3],[-113.2,31.3],[-113.2,31.2],[-113.3,31.3],[-113.4,31.3],[-113.5,31.3],[-113.6,31.3],[-113.6,31.4],[-113.6,31.5],[-113.7,31.5],[-113.8,31.5],[-113.8,31.6],[-113.9,31.6],[-114,31.6],[-114,31.7],[-114,31.6],[-114,31.5],[-114.1,31.5],[-114.2,31.5],[-114.3,31.5],[-114.3,31.6],[-114.4,31.6],[-114.5,31.7],[-114.6,31.8],[-114.7,31.8],[-114.8,31.8],[-114.8,31.9],[-114.9,31.9],[-115,31.9],[-115,32],[-115,31.9],[-114.9,31.9],[-114.9,31.8],[-114.8,31.8],[-114.8,31.7],[-114.8,31.6],[-114.9,31.5],[-114.9,31.4],[-114.9,31.3],[-114.9,31.2],[-114.9,31.1],[-114.8,31.1],[-114.8,31],[-114.7,30.9],[-114.7,30.8],[-114.7,30.7],[-114.7,30.6],[-114.6,30.6],[-114.6,30.5],[-114.6,30.4],[-114.6,30.3],[-114.7,30.3],[-114.6,30.3],[-114.7,30.2],[-114.6,30.2],[-114.6,30.1],[-114.6,30],[-114.5,30],[-114.5,29.9],[-114.4,29.9],[-114.4,29.8],[-114.3,29.8],[-114.3,29.7],[-114.3,29.8],[-114.2,29.8],[-114.2,29.7],[-114.1,29.7],[-114.1,29.6],[-114,29.6],[-114,29.5],[-113.9,29.5],[-113.8,29.5],[-113.8,29.4],[-113.7,29.3],[-113.6,29.3],[-113.6,29.2],[-113.7,29.2],[-113.6,29.2],[-113.6,29.1],[-113.5,29.1],[-113.5,29],[-113.6,29],[-113.5,29],[-113.6,29],[-113.6,28.9],[-113.5,28.9],[-113.4,29],[-113.4,28.9],[-113.4,28.8],[-113.3,28.8],[-113.2,28.8],[-113.2,28.7],[-113.1,28.6],[-113.1,28.5],[-113,28.5],[-112.9,28.5],[-112.9,28.4],[-112.8,28.4],[-112.9,28.4],[-112.8,28.4],[-112.9,28.4],[-112.9,28.3],[-112.8,28.3],[-112.8,28.2],[-112.8,28.1],[-112.8,28],[-112.8,27.9],[-112.8,27.8],[-112.7,27.8],[-112.7,27.7],[-112.6,27.7],[-112.6,27.6],[-112.5,27.6],[-112.4,27.6],[-112.4,27.5],[-112.3,27.5],[-112.3,27.4],[-112.3,27.3],[-112.2,27.3],[-112.2,27.2],[-112.1,27.2],[-112.1,27.1],[-112,27.1],[-111.9,27.1],[-112,27.1],[-112,27],[-112,26.9],[-111.9,26.9],[-111.9,26.8],[-111.9,26.7],[-111.8,26.7],[-111.8,26.6],[-111.7,26.5],[-111.7,26.6],[-111.7,26.7],[-111.8,26.7],[-111.8,26.8],[-111.8,26.9],[-111.9,26.9],[-111.8,26.9],[-111.7,26.8],[-111.6,26.8],[-111.6,26.7],[-111.6,26.6],[-111.5,26.5],[-111.4,26.5],[-111.5,26.5],[-111.5,26.4],[-111.4,26.4],[-111.4,26.3],[-111.4,26.2],[-111.4,26.1],[-111.3,26.1],[-111.3,26],[-111.4,26],[-111.4,25.9],[-111.3,25.9],[-111.3,25.8],[-111.3,25.7],[-111.2,25.7],[-111.2,25.6],[-111.1,25.6],[-111.1,25.5],[-111,25.5],[-111,25.4],[-111,25.3],[-110.9,25.3],[-110.9,25.2],[-110.9,25.1],[-110.8,25.1],[-110.8,25],[-110.7,25],[-110.7,24.9],[-110.7,24.8],[-110.7,24.7],[-110.7,24.6],[-110.7,24.5],[-110.7,24.4],[-110.7,24.3],[-110.6,24.3],[-110.6,24.2],[-110.5,24.2],[-110.4,24.2],[-110.3,24.2],[-110.4,24.2],[-110.4,24.1],[-110.4,24.2],[-110.4,24.1],[-110.3,24.1],[-110.3,24.2],[-110.3,24.3],[-110.3,24.4],[-110.2,24.3],[-110.2,24.4],[-110.2,24.3],[-110.1,24.2],[-110,24.2],[-110,24.1],[-110,24],[-109.9,24],[-109.9,24.1],[-109.8,24.1],[-109.8,24],[-109.8,23.9],[-109.7,23.8],[-109.7,23.7],[-109.7,23.6],[-109.6,23.6],[-109.5,23.6],[-109.5,23.5],[-109.4,23.5],[-109.4,23.4],[-109.4,23.3],[-109.4,23.2],[-109.5,23.2],[-109.5,23.1],[-109.6,23.1],[-109.7,23.1],[-109.7,23],[-109.8,23],[-109.8,22.9],[-109.9,22.9],[-110,22.9],[-110.1,23],[-110.1,23.1],[-110.2,23.2],[-110.2,23.3],[-110.2,23.4],[-110.3,23.5],[-110.4,23.6],[-110.5,23.7],[-110.6,23.7],[-110.8,23.8],[-110.8,23.9],[-110.9,23.9],[-110.9,24],[-111,24],[-111,24.1],[-111.1,24.1],[-111.1,24.2],[-111.2,24.2],[-111.3,24.2],[-111.4,24.3],[-111.5,24.3],[-111.5,24.4],[-111.6,24.4],[-111.6,24.5],[-111.7,24.6],[-111.6,24.5],[-111.6,24.6],[-111.7,24.6],[-111.7,24.5],[-111.8,24.5],[-111.8,24.6],[-111.8,24.7],[-111.9,24.7],[-111.9,24.8],[-112,24.8],[-112,24.9],[-112,24.8],[-112,24.7],[-112,24.8],[-112,24.7],[-112,24.8],[-112.1,24.8],[-112,24.8],[-112.1,24.8],[-112.1,24.9],[-112.1,25],[-112.1,24.9],[-112.2,24.9],[-112.2,25],[-112.1,25],[-112.1,25.1],[-112.1,25.2],[-112.1,25.3],[-112.1,25.4],[-112.1,25.5],[-112,25.5],[-112.1,25.5],[-112.1,25.6],[-112.1,25.7],[-112.1,25.6],[-112.1,25.5],[-112.1,25.6],[-112.1,25.7],[-112.1,25.8],[-112.1,25.9],[-112.2,25.9],[-112.2,26],[-112.3,26.1],[-112.3,26],[-112.3,26.1],[-112.3,26.2],[-112.4,26.2],[-112.4,26.3],[-112.5,26.3],[-112.5,26.2],[-112.6,26.3],[-112.7,26.3],[-112.7,26.4],[-112.8,26.4],[-112.9,26.5],[-113,26.5],[-113,26.6],[-113.1,26.6],[-113.1,26.7],[-113.1,26.8],[-113.2,26.8],[-113.2,26.7],[-113.2,26.8],[-113.1,26.8],[-113.1,26.9],[-113.1,27],[-113.2,27],[-113.2,26.9],[-113.2,26.8],[-113.3,26.8],[-113.3,26.7],[-113.3,26.8],[-113.4,26.8],[-113.5,26.8],[-113.5,26.7],[-113.6,26.7],[-113.7,26.8],[-113.8,26.9],[-113.9,27],[-114,27],[-114.1,27.1],[-114.2,27.1],[-114.2,27.2],[-114.3,27.1],[-114.4,27.2],[-114.5,27.2],[-114.5,27.3],[-114.5,27.4],[-114.6,27.4],[-114.6,27.5],[-114.7,27.5],[-114.8,27.6],[-114.9,27.6],[-114.8,27.6],[-114.8,27.7],[-114.9,27.7],[-115,27.7],[-115,27.8],[-115.1,27.8],[-115.1,27.9],[-115,27.9],[-115,27.8],[-114.9,27.8],[-114.8,27.8],[-114.7,27.8],[-114.6,27.8],[-114.5,27.8],[-114.4,27.8],[-114.4,27.9],[-114.3,27.9],[-114.3,27.8],[-114.3,27.7],[-114.2,27.7],[-114.1,27.7],[-114.1,27.6],[-114,27.7],[-114.1,27.7],[-114,27.7],[-113.9,27.7],[-114,27.7],[-114,27.8],[-114,27.7],[-114,27.8],[-114,27.7],[-114,27.8],[-114.1,27.8],[-114,27.8],[-114,27.7],[-114.1,27.7],[-114.1,27.8],[-114.2,27.8],[-114.1,27.9],[-114.2,27.9],[-114.1,27.9],[-114.2,27.9],[-114.2,28],[-114.2,27.9],[-114.3,27.9],[-114.3,28],[-114.2,28],[-114.2,28.1],[-114.1,28.1],[-114.1,28],[-114.2,28],[-114.1,28],[-114.1,27.9],[-114.1,28],[-114,28],[-114.1,28],[-114.1,28.1],[-114.1,28.2],[-114.1,28.3],[-114.1,28.4],[-114,28.4],[-114,28.5],[-114.1,28.5],[-114.1,28.6],[-114.2,28.6],[-114.2,28.7],[-114.3,28.7],[-114.3,28.8],[-114.4,28.8],[-114.4,28.9],[-114.5,28.9],[-114.5,29],[-114.6,29],[-114.6,29.1],[-114.7,29.1],[-114.7,29.2],[-114.8,29.2],[-114.9,29.3],[-115,29.4],[-115.1,29.4],[-115.2,29.4],[-115.2,29.5],[-115.3,29.5],[-115.4,29.6],[-115.5,29.6],[-115.5,29.7],[-115.6,29.7],[-115.7,29.8],[-115.7,29.9],[-115.8,30],[-115.8,30.1],[-115.8,30.2],[-115.8,30.3],[-115.9,30.4],[-116,30.4],[-115.9,30.4],[-115.9,30.5],[-116,30.5],[-116,30.4],[-116,30.5],[-116,30.6],[-116,30.7],[-116.1,30.8],[-116.2,30.9],[-116.2,31],[-116.3,31],[-116.3,31.1],[-116.3,31.2],[-116.5,31.3],[-116.5,31.4],[-116.6,31.5],[-116.7,31.5],[-116.7,31.6],[-116.6,31.6],[-116.7,31.6],[-116.6,31.7],[-116.7,31.7],[-116.8,31.8],[-116.7,31.7],[-116.6,31.7],[-116.6,31.8],[-116.6,31.9],[-116.7,31.9],[-116.8,31.9],[-116.8,32],[-116.9,32],[-116.9,32.1],[-116.9,32.2],[-117,32.3],[-117.1,32.4],[-117.1,32.5],[-117,32.5],[-116.9,32.5],[-116.8,32.6],[-116.7,32.6],[-116.6,32.6],[-116.5,32.6],[-116.4,32.6],[-116.3,32.6],[-116.2,32.6],[-116.1,32.6],[-116,32.6],[-115.9,32.6],[-115.8,32.6],[-115.7,32.6],[-115.6,32.6],[-115.5,32.7],[-115.4,32.7],[-115.3,32.7],[-115.2,32.7],[-115.1,32.7],[-115,32.7],[-114.9,32.7],[-114.8,32.7],[-114.7,32.7],[-114.8,32.7],[-114.8,32.6],[-114.8,32.5],[-114.4,32.4],[-114,32.2],[-113.6,32.1],[-113.1,32],[-112.7,31.9],[-112.3,31.7],[-111.9,31.6],[-111.5,31.5],[-111.4,31.4],[-111.3,31.4],[-111.2,31.4],[-111.1,31.4],[-111.1,31.3],[-111,31.3],[-110.9,31.3],[-110.8,31.3],[-110.7,31.3],[-110.6,31.3],[-110.5,31.3],[-110.4,31.3],[-110.3,31.3],[-110.2,31.3],[-110.1,31.3],[-110,31.3],[-109.9,31.3],[-109.8,31.3],[-109.7,31.3],[-109.6,31.3],[-109.5,31.3],[-109.4,31.3],[-109.3,31.3],[-109.2,31.3],[-109.1,31.3],[-109,31.3],[-108.9,31.3],[-108.8,31.3],[-108.7,31.3],[-108.6,31.3],[-108.5,31.3],[-108.4,31.3],[-108.3,31.3],[-108.2,31.3],[-108.2,31.4],[-108.2,31.5],[-108.2,31.6],[-108.2,31.7],[-108.2,31.8],[-108.1,31.8],[-108,31.8],[-107.9,31.8],[-107.8,31.8],[-107.7,31.8],[-107.6,31.8],[-107.5,31.8],[-107.4,31.8],[-107.3,31.8],[-107.2,31.8],[-107.1,31.8],[-107,31.8],[-106.9,31.8],[-106.8,31.8],[-106.7,31.8],[-106.6,31.8],[-106.5,31.8],[-106.4,31.8],[-106.4,31.7],[-106.3,31.7],[-106.3,31.6],[-106.2,31.5],[-106.2,31.4],[-106.1,31.4],[-106,31.4],[-105.9,31.4],[-105.9,31.3],[-105.8,31.2],[-105.7,31.1],[-105.6,31.1],[-105.6,31],[-105.5,31],[-105.4,30.9],[-105.3,30.8],[-105.2,30.8],[-105.1,30.8],[-105.1,30.7],[-105,30.7],[-105,30.6],[-104.9,30.6],[-104.9,30.5],[-104.9,30.4],[-104.8,30.4],[-104.8,30.3],[-104.7,30.3],[-104.7,30.2],[-104.7,30.1],[-104.7,30],[-104.7,29.9],[-104.6,29.9],[-104.6,29.8],[-104.6,29.7],[-104.5,29.7],[-104.5,29.6],[-104.4,29.6],[-104.3,29.5],[-104.2,29.5],[-104.2,29.4],[-104.1,29.4],[-104.1,29.3],[-104,29.3],[-103.9,29.3],[-103.8,29.3],[-103.8,29.2],[-103.7,29.2],[-103.6,29.2],[-103.5,29.1],[-103.4,29.1],[-103.4,29],[-103.3,29],[-103.2,29],[-103.1,29],[-103.1,29.1],[-103,29.1],[-103,29.2],[-102.9,29.2],[-102.9,29.3],[-102.9,29.4],[-102.8,29.4],[-102.8,29.5],[-102.8,29.6],[-102.7,29.6],[-102.7,29.7],[-102.6,29.7],[-102.6,29.8],[-102.5,29.8],[-102.4,29.8],[-102.4,29.9],[-102.3,29.9],[-102.2,29.8],[-102.1,29.8],[-102,29.8],[-101.9,29.8],[-101.8,29.8],[-101.6,29.8],[-101.5,29.8],[-101.4,29.8],[-101.4,29.7],[-101.3,29.7],[-101.3,29.6],[-101.2,29.6],[-101.2,29.5],[-101.1,29.5],[-101,29.5],[-101,29.4],[-100.9,29.3],[-100.8,29.3],[-100.8,29.2],[-100.7,29.1],[-100.7,29],[-100.6,29],[-100.6,28.9],[-100.6,28.8],[-100.5,28.8],[-100.5,28.7],[-100.4,28.6],[-100.4,28.5],[-100.3,28.5],[-100.4,28.5],[-100.3,28.5],[-100.3,28.4],[-100.3,28.3],[-100.2,28.2],[-100.1,28.2],[-100.1,28.1],[-100,28.1],[-100,28],[-99.9,28],[-99.9,27.9],[-99.9,27.8],[-99.8,27.8],[-99.8,27.7],[-99.7,27.7],[-99.6,27.6],[-99.5,27.6],[-99.5,27.5],[-99.5,27.4],[-99.5,27.3],[-99.4,27.2],[-99.5,27.1],[-99.4,27.1],[-99.5,27.1],[-99.4,27],[-99.3,26.9],[-99.3,26.8],[-99.2,26.8],[-99.2,26.7],[-99.2,26.6],[-99.2,26.5],[-99.1,26.5],[-99.1,26.4],[-99,26.4],[-98.9,26.4],[-98.8,26.4],[-98.7,26.3],[-98.7,26.2],[-98.6,26.2],[-98.6,26.3],[-98.6,26.2],[-98.5,26.2],[-98.4,26.2],[-98.3,26.2],[-98.3,26.1],[-98.2,26.1],[-98.1,26.1],[-98.1,26],[-98,26],[-98,26.1],[-97.9,26.1],[-97.8,26.1],[-97.8,26],[-97.7,26],[-97.6,26],[-97.5,25.9],[-97.4,25.9],[-97.4,25.8],[-97.3,25.9],[-97.4,25.9],[-97.3,25.9],[-97.3,26],[-97.2,26],[-97.1,26]]],[[[-112.3,28.8],[-112.3,28.7],[-112.3,28.8],[-112.4,28.8],[-112.5,28.8],[-112.5,28.9],[-112.6,28.9],[-112.5,28.9],[-112.5,29],[-112.5,29.1],[-112.5,29.2],[-112.4,29.2],[-112.3,29.2],[-112.3,29.1],[-112.2,29.1],[-112.2,29],[-112.2,28.9],[-112.3,28.9],[-112.3,28.8]]],[[[-113.1,29.1],[-113.1,29],[-113.2,29],[-113.2,29.1],[-113.3,29.1],[-113.3,29.2],[-113.4,29.2],[-113.4,29.3],[-113.5,29.3],[-113.5,29.4],[-113.6,29.4],[-113.6,29.5],[-113.5,29.5],[-113.4,29.5],[-113.4,29.4],[-113.3,29.4],[-113.4,29.4],[-113.4,29.3],[-113.3,29.3],[-113.2,29.3],[-113.2,29.2],[-113.2,29.1],[-113.1,29.1]]]]}},{"type":"Feature","properties":{"name":"Belize","iso":"BZ"},"geometry":{"type":"MultiPolygon","coordinates":[[[[-89.2,16.4],[-89.2,16.5],[-89.2,16.8],[-89.1,17],[-89.2,17.3],[-89.2,17.6],[-89.2,17.8],[-89.2,17.9],[-89.1,18],[-89,18],[-89,17.9],[-89,18],[-88.9,17.9],[-88.8,18],[-88.7,18],[-88.7,18.1],[-88.7,18.2],[-88.6,18.2],[-88.6,18.3],[-88.6,18.4],[-88.5,18.4],[-88.5,18.5],[-88.4,18.5],[-88.3,18.5],[-88.3,18.4],[-88.4,18.4],[-88.3,18.4],[-88.3,18.3],[-88.4,18.3],[-88.3,18.3],[-88.3,18.4],[-88.2,18.4],[-88.2,18.3],[-88.1,18.4],[-88.1,18.3],[-88.1,18.2],[-88.1,18.1],[-88.1,18],[-88.2,18],[-88.2,17.9],[-88.2,17.8],[-88.2,17.7],[-88.3,17.6],[-88.2,17.6],[-88.2,17.5],[-88.3,17.4],[-88.3,17.3],[-88.3,17.2],[-88.3,17.1],[-88.2,17.1],[-88.2,17],[-88.2,16.9],[-88.3,16.9],[-88.3,16.8],[-88.2,16.8],[-88.3,16.8],[-88.3,16.7],[-88.3,16.6],[-88.4,16.5],[-88.3,16.5],[-88.4,16.5],[-88.3,16.6],[-88.3,16.7],[-88.3,16.6],[-88.4,16.6],[-88.4,16.5],[-88.4,16.6],[-88.4,16.5],[-88.4,16.4],[-88.5,16.4],[-88.5,16.3],[-88.6,16.3],[-88.6,16.2],[-88.6,16.3],[-88.7,16.3],[-88.7,16.2],[-88.8,16.1],[-88.9,16.1],[-88.9,16],[-88.9,15.9],[-89,15.9],[-89.1,15.9],[-89.2,15.9],[-89.2,16],[-89.2,16.2],[-89.2,16.4]]]]}},{"type":"Feature","properties":{"name":"Panama","iso":"PA"},"geometry":{"type":"MultiPolygon","coordinates":[[[[-82.6,9.6],[-82.5,9.5],[-82.4,9.4],[-82.3,9.4],[-82.4,9.4],[-82.4,9.3],[-82.3,9.3],[-82.4,9.3],[-82.4,9.2],[-82.3,9.2],[-82.2,9.2],[-82.2,9.1],[-82.2,9.2],[-82.3,9.2],[-82.3,9.1],[-82.2,9.1],[-82.2,9],[-82.3,9],[-82.2,9],[-82.1,9],[-82.1,8.9],[-82,8.9],[-81.9,8.9],[-81.9,9],[-81.9,8.9],[-81.9,9],[-81.8,8.9],[-81.8,9],[-81.9,9.1],[-81.9,9.2],[-81.8,9.1],[-81.7,9],[-81.6,8.9],[-81.6,8.8],[-81.5,8.8],[-81.4,8.8],[-81.3,8.8],[-81.2,8.8],[-81.1,8.8],[-81,8.8],[-80.9,8.9],[-80.8,8.9],[-80.8,9],[-80.7,9],[-80.6,9.1],[-80.5,9.1],[-80.4,9.1],[-80.3,9.2],[-80.2,9.2],[-80.1,9.2],[-80.1,9.3],[-80,9.3],[-80,9.4],[-79.9,9.4],[-79.9,9.3],[-79.9,9.4],[-79.9,9.3],[-79.9,9.4],[-79.8,9.4],[-79.8,9.3],[-79.8,9.4],[-79.7,9.4],[-79.7,9.5],[-79.7,9.6],[-79.6,9.6],[-79.5,9.6],[-79.4,9.6],[-79.3,9.6],[-79.2,9.5],[-79.2,9.6],[-79.1,9.6],[-79,9.6],[-79,9.5],[-79.1,9.5],[-79,9.5],[-78.9,9.4],[-78.8,9.4],[-78.7,9.4],[-78.7,9.5],[-78.7,9.4],[-78.6,9.4],[-78.5,9.4],[-78.4,9.4],[-78.3,9.4],[-78.3,9.3],[-78.2,9.3],[-78.1,9.3],[-78.1,9.2],[-78,9.2],[-77.9,9.1],[-77.8,9.1],[-77.8,9],[-77.7,9],[-77.8,8.9],[-77.7,8.9],[-77.7,8.8],[-77.6,8.8],[-77.5,8.8],[-77.5,8.7],[-77.4,8.7],[-77.4,8.6],[-77.5,8.5],[-77.4,8.5],[-77.4,8.4],[-77.4,8.3],[-77.3,8.3],[-77.3,8.2],[-77.2,8.1],[-77.2,8],[-77.2,7.9],[-77.3,7.9],[-77.3,7.8],[-77.4,7.8],[-77.4,7.7],[-77.3,7.7],[-77.4,7.7],[-77.5,7.6],[-77.6,7.5],[-77.6,7.6],[-77.7,7.6],[-77.7,7.7],[-77.8,7.7],[-77.8,7.6],[-77.7,7.6],[-77.7,7.5],[-77.8,7.5],[-77.9,7.4],[-77.9,7.2],[-77.9,7.3],[-78,7.3],[-78,7.4],[-78.1,7.4],[-78.1,7.5],[-78.2,7.5],[-78.2,7.6],[-78.3,7.7],[-78.3,7.8],[-78.4,7.9],[-78.4,8],[-78.4,8.1],[-78.3,8.1],[-78.2,8.2],[-78.3,8.2],[-78.3,8.3],[-78.2,8.3],[-78.2,8.4],[-78.1,8.4],[-78.1,8.3],[-78,8.3],[-78,8.2],[-77.9,8.2],[-78,8.2],[-78,8.3],[-77.9,8.2],[-77.8,8.2],[-77.8,8.1],[-77.7,8.1],[-77.8,8.1],[-77.8,8.2],[-77.9,8.2],[-77.9,8.3],[-78,8.3],[-78.1,8.4],[-78.1,8.5],[-78.1,8.6],[-78.1,8.5],[-78.1,8.4],[-78.1,8.5],[-78.2,8.5],[-78.2,8.4],[-78.3,8.4],[-78.2,8.4],[-78.2,8.5],[-78.2,8.4],[-78.3,8.4],[-78.3,8.5],[-78.2,8.5],[-78.3,8.5],[-78.3,8.4],[-78.3,8.5],[-78.3,8.4],[-78.4,8.4],[-78.4,8.5],[-78.4,8.4],[-78.4,8.3],[-78.4,8.4],[-78.5,8.5],[-78.5,8.4],[-78.5,8.5],[-78.5,8.6],[-78.6,8.7],[-78.6,8.8],[-78.6,8.7],[-78.7,8.7],[-78.7,8.8],[-78.8,8.8],[-78.8,8.9],[-78.8,8.8],[-78.9,8.8],[-78.9,8.9],[-79,9],[-79.1,9],[-79.1,9.1],[-79,9.1],[-79.1,9.1],[-79.1,9],[-79.2,9],[-79.3,9],[-79.4,9],[-79.5,9],[-79.5,8.9],[-79.6,8.9],[-79.6,9],[-79.6,8.9],[-79.7,8.9],[-79.7,8.8],[-79.7,8.9],[-79.7,8.8],[-79.8,8.8],[-79.8,8.7],[-79.7,8.7],[-79.8,8.7],[-79.8,8.6],[-79.7,8.6],[-79.7,8.7],[-79.7,8.6],[-79.8,8.6],[-79.9,8.6],[-79.9,8.5],[-80,8.4],[-80.1,8.4],[-80.1,8.3],[-80.2,8.3],[-80.3,8.3],[-80.4,8.3],[-80.5,8.2],[-80.5,8.1],[-80.5,8],[-80.4,8],[-80.3,8],[-80.3,7.9],[-80.2,7.8],[-80.1,7.8],[-80.1,7.6],[-80,7.6],[-80,7.5],[-80.1,7.5],[-80.1,7.4],[-80.2,7.4],[-80.3,7.4],[-80.4,7.4],[-80.3,7.3],[-80.4,7.3],[-80.4,7.2],[-80.5,7.3],[-80.6,7.2],[-80.7,7.2],[-80.8,7.2],[-80.9,7.2],[-80.9,7.3],[-80.9,7.4],[-80.9,7.5],[-81,7.5],[-80.9,7.5],[-80.9,7.6],[-81,7.6],[-81,7.7],[-81.1,7.8],[-81,7.8],[-81.1,7.8],[-81.1,7.9],[-81.1,7.8],[-81.2,7.9],[-81.2,7.8],[-81.2,7.7],[-81.2,7.8],[-81.2,7.7],[-81.2,7.6],[-81.3,7.6],[-81.3,7.7],[-81.4,7.7],[-81.5,7.7],[-81.5,7.8],[-81.5,7.7],[-81.6,7.8],[-81.6,7.9],[-81.6,8],[-81.6,7.9],[-81.6,8],[-81.7,8],[-81.7,8.1],[-81.7,8],[-81.7,8.1],[-81.7,8.2],[-81.8,8.2],[-81.7,8.2],[-81.8,8.1],[-81.9,8.2],[-82,8.2],[-81.9,8.2],[-82,8.2],[-82.1,8.2],[-82.2,8.2],[-82.1,8.2],[-82.2,8.2],[-82.1,8.2],[-82.2,8.2],[-82.2,8.3],[-82.3,8.3],[-82.4,8.3],[-82.4,8.4],[-82.4,8.3],[-82.5,8.3],[-82.6,8.3],[-82.7,8.3],[-82.8,8.3],[-82.9,8.3],[-82.9,8.2],[-82.9,8.1],[-82.8,8.1],[-82.9,8],[-82.9,8.1],[-82.9,8.2],[-83,8.3],[-83.1,8.3],[-83,8.3],[-83,8.4],[-82.9,8.4],[-82.8,8.5],[-82.8,8.6],[-82.9,8.7],[-82.9,8.8],[-82.8,8.9],[-82.7,8.9],[-82.7,9],[-82.8,9],[-82.9,9],[-82.9,9.1],[-82.9,9.2],[-82.9,9.4],[-82.9,9.5],[-82.8,9.5],[-82.9,9.5],[-82.9,9.6],[-82.8,9.6],[-82.7,9.5],[-82.6,9.5],[-82.6,9.6]]]]}},{"type":"Feature","properties":{"name":"Venezuela","iso":"VE"},"geometry":{"type":"MultiPolygon","coordinates":[[[[-60,8.6],[-60,8.5],[-59.9,8.4],[-59.8,8.3],[-59.8,8.2],[-59.9,8.2],[-60,8.2],[-60,8.1],[-60,8],[-60.1,8],[-60.2,8],[-60.3,7.9],[-60.4,7.8],[-60.5,7.8],[-60.6,7.8],[-60.6,7.7],[-60.6,7.6],[-60.7,7.6],[-60.7,7.5],[-60.7,7.4],[-60.6,7.4],[-60.6,7.3],[-60.6,7.2],[-60.5,7.1],[-60.5,7.2],[-60.4,7.2],[-60.3,7.2],[-60.3,7.1],[-60.3,7],[-60.4,7],[-60.4,6.9],[-60.5,6.9],[-60.6,6.8],[-60.7,6.8],[-60.8,6.8],[-60.9,6.8],[-60.9,6.7],[-61,6.7],[-61.1,6.7],[-61.2,6.7],[-61.2,6.6],[-61.2,6.5],[-61.1,6.4],[-61.2,6.4],[-61.2,6.3],[-61.1,6.3],[-61.1,6.2],[-61.2,6.2],[-61.2,6.1],[-61.3,6.1],[-61.3,6],[-61.4,6],[-61.4,5.9],[-61.3,5.9],[-61.3,5.8],[-61.2,5.7],[-61.1,5.6],[-61,5.5],[-60.9,5.4],[-60.8,5.3],[-60.7,5.2],[-60.6,5],[-60.6,4.9],[-60.7,4.8],[-60.8,4.8],[-60.9,4.7],[-60.9,4.6],[-61,4.5],[-61.1,4.5],[-61.2,4.5],[-61.3,4.5],[-61.3,4.4],[-61.4,4.4],[-61.5,4.4],[-61.5,4.3],[-61.6,4.3],[-61.6,4.2],[-61.6,4.3],[-61.6,4.2],[-61.7,4.3],[-61.8,4.2],[-61.9,4.2],[-61.9,4.1],[-62,4.2],[-62.1,4.1],[-62.2,4.1],[-62.4,4.2],[-62.5,4.2],[-62.5,4.1],[-62.6,4],[-62.7,4],[-62.8,4],[-62.8,3.9],[-62.8,3.8],[-62.7,3.8],[-62.7,3.7],[-62.8,3.6],[-62.9,3.6],[-63,3.6],[-63.1,3.8],[-63.2,3.8],[-63.3,3.9],[-63.4,4],[-63.4,3.9],[-63.5,3.9],[-63.6,3.9],[-63.7,3.9],[-63.8,3.9],[-63.9,3.9],[-64,3.9],[-64.1,3.9],[-64.1,4],[-64.1,4.1],[-64.2,4.1],[-64.4,4.2],[-64.6,4.1],[-64.6,4.2],[-64.7,4.2],[-64.7,4.3],[-64.8,4.3],[-64.8,4.2],[-64.7,4.2],[-64.7,4.1],[-64.7,4],[-64.6,4],[-64.6,3.9],[-64.5,3.9],[-64.4,3.8],[-64.3,3.7],[-64.2,3.6],[-64.2,3.5],[-64.2,3.4],[-64.2,3.3],[-64.2,3.2],[-64.2,3.1],[-64.1,3],[-64.1,2.9],[-64,2.8],[-64,2.7],[-64,2.6],[-64.1,2.5],[-64,2.5],[-63.8,2.4],[-63.7,2.4],[-63.6,2.4],[-63.5,2.4],[-63.4,2.4],[-63.4,2.3],[-63.4,2.2],[-63.4,2.1],[-63.5,2.1],[-63.6,2.1],[-63.8,2],[-63.9,2],[-64,2],[-64,1.9],[-64.1,1.9],[-64.1,1.8],[-64.1,1.7],[-64.1,1.6],[-64.2,1.6],[-64.2,1.5],[-64.3,1.4],[-64.4,1.4],[-64.4,1.5],[-64.5,1.5],[-64.5,1.4],[-64.6,1.4],[-64.6,1.3],[-64.7,1.2],[-64.8,1.2],[-64.8,1.3],[-64.9,1.3],[-64.9,1.2],[-65,1.2],[-65,1.1],[-65.1,1.1],[-65.2,1.1],[-65.2,1],[-65.2,0.9],[-65.3,0.9],[-65.4,0.8],[-65.4,0.7],[-65.5,0.7],[-65.5,0.6],[-65.6,0.7],[-65.6,0.8],[-65.5,0.8],[-65.5,0.9],[-65.6,1],[-65.7,1],[-65.8,0.9],[-65.9,0.9],[-66,0.8],[-66.1,0.8],[-66.1,0.7],[-66.2,0.7],[-66.2,0.8],[-66.3,0.7],[-66.3,0.8],[-66.4,0.8],[-66.5,0.9],[-66.6,1],[-66.7,1],[-66.7,1.1],[-66.8,1.2],[-66.9,1.2],[-66.9,1.3],[-66.9,1.4],[-66.9,1.5],[-67,1.6],[-67,1.7],[-67.1,1.9],[-67.1,2],[-67.1,2.1],[-67.2,2.1],[-67.2,2.2],[-67.2,2.3],[-67.2,2.4],[-67.3,2.4],[-67.3,2.5],[-67.4,2.5],[-67.4,2.6],[-67.5,2.6],[-67.5,2.7],[-67.6,2.7],[-67.6,2.8],[-67.7,2.8],[-67.8,2.8],[-67.9,2.8],[-67.9,2.9],[-67.8,2.9],[-67.7,3],[-67.6,3.1],[-67.5,3.2],[-67.4,3.2],[-67.4,3.3],[-67.3,3.3],[-67.3,3.4],[-67.3,3.5],[-67.4,3.5],[-67.5,3.7],[-67.6,3.7],[-67.6,3.8],[-67.7,3.9],[-67.7,4],[-67.7,4.1],[-67.8,4.1],[-67.8,4.2],[-67.8,4.3],[-67.8,4.4],[-67.8,4.5],[-67.9,4.5],[-67.9,4.6],[-67.8,4.6],[-67.8,4.7],[-67.8,4.8],[-67.8,4.9],[-67.8,5],[-67.8,5.1],[-67.8,5.2],[-67.8,5.3],[-67.8,5.4],[-67.7,5.4],[-67.7,5.5],[-67.6,5.5],[-67.6,5.6],[-67.6,5.7],[-67.6,5.8],[-67.5,5.9],[-67.5,6],[-67.4,6],[-67.5,6.1],[-67.5,6.2],[-67.4,6.2],[-67.5,6.2],[-67.6,6.3],[-67.7,6.3],[-67.8,6.3],[-67.9,6.3],[-67.9,6.2],[-68,6.2],[-68.1,6.2],[-68.2,6.2],[-68.3,6.2],[-68.4,6.2],[-68.5,6.2],[-68.6,6.2],[-68.6,6.1],[-68.7,6.1],[-68.7,6.2],[-68.8,6.2],[-68.9,6.2],[-69,6.2],[-69.1,6.2],[-69.2,6.1],[-69.3,6.1],[-69.3,6.2],[-69.4,6.2],[-69.4,6.1],[-69.5,6.2],[-69.5,6.3],[-69.6,6.3],[-69.7,6.4],[-69.8,6.5],[-69.9,6.6],[-69.9,6.7],[-70,6.8],[-70.1,6.9],[-70.1,7],[-70.2,7],[-70.3,6.9],[-70.4,7],[-70.5,7],[-70.6,7.1],[-70.7,7.1],[-70.8,7.1],[-70.9,7.1],[-70.9,7],[-71,7],[-71.1,7],[-71.2,7],[-71.3,7],[-71.4,7],[-71.5,7],[-71.6,7],[-71.6,7.1],[-71.7,7.1],[-71.7,7],[-71.8,7],[-71.9,7],[-72,7],[-72.1,7.1],[-72.2,7.2],[-72.2,7.3],[-72.2,7.4],[-72.3,7.4],[-72.4,7.4],[-72.5,7.4],[-72.5,7.5],[-72.5,7.6],[-72.5,7.8],[-72.5,7.9],[-72.5,8],[-72.4,8],[-72.3,8.1],[-72.4,8.2],[-72.4,8.3],[-72.4,8.4],[-72.5,8.4],[-72.5,8.5],[-72.6,8.5],[-72.6,8.6],[-72.7,8.6],[-72.7,8.7],[-72.7,8.8],[-72.7,8.9],[-72.8,9],[-72.8,9.1],[-72.9,9.1],[-73,9.1],[-73,9.2],[-73,9.3],[-73.1,9.3],[-73.1,9.2],[-73.2,9.2],[-73.3,9.2],[-73.4,9.2],[-73.3,9.2],[-73.3,9.3],[-73.3,9.4],[-73.2,9.5],[-73.1,9.6],[-73.1,9.7],[-73,9.7],[-73,9.8],[-73,9.9],[-73,10],[-72.9,10.2],[-72.9,10.4],[-72.9,10.5],[-72.8,10.6],[-72.8,10.7],[-72.7,10.8],[-72.7,10.9],[-72.6,10.9],[-72.6,11],[-72.5,11],[-72.5,11.1],[-72.4,11.1],[-72.4,11.2],[-72.3,11.2],[-72.2,11.2],[-72.2,11.3],[-72.1,11.4],[-72.1,11.5],[-72,11.6],[-72,11.7],[-71.9,11.7],[-71.8,11.7],[-71.7,11.7],[-71.6,11.8],[-71.5,11.8],[-71.4,11.8],[-71.4,11.9],[-71.3,11.8],[-71.4,11.8],[-71.5,11.7],[-71.7,11.7],[-71.9,11.6],[-72,11.6],[-72,11.5],[-71.9,11.4],[-71.9,11.2],[-71.8,11.1],[-71.7,11],[-71.6,11],[-71.7,11],[-71.8,11],[-71.7,11],[-71.7,10.9],[-71.7,10.8],[-71.6,10.8],[-71.6,10.7],[-71.6,10.6],[-71.6,10.5],[-71.6,10.4],[-71.7,10.4],[-71.8,10.4],[-71.8,10.3],[-71.8,10.2],[-71.9,10.2],[-71.9,10.1],[-72,10.1],[-72,10],[-72,9.9],[-72.1,9.9],[-72.1,9.8],[-72,9.7],[-71.9,9.5],[-72,9.6],[-72,9.5],[-71.9,9.5],[-71.9,9.4],[-71.8,9.4],[-71.9,9.4],[-71.8,9.4],[-71.7,9.4],[-71.7,9.3],[-71.8,9.3],[-71.8,9.2],[-71.7,9.2],[-71.8,9.2],[-71.7,9.2],[-71.8,9.1],[-71.7,9.1],[-71.6,9],[-71.5,9],[-71.4,9.1],[-71.3,9.1],[-71.2,9.2],[-71.2,9.3],[-71.1,9.3],[-71.1,9.4],[-71.1,9.5],[-71.1,9.6],[-71,9.7],[-71,9.8],[-71.1,9.8],[-71.1,9.9],[-71.2,10],[-71.2,10.1],[-71.3,10.2],[-71.4,10.2],[-71.4,10.3],[-71.4,10.4],[-71.5,10.4],[-71.5,10.5],[-71.5,10.6],[-71.5,10.7],[-71.5,10.8],[-71.6,10.8],[-71.5,10.8],[-71.4,10.8],[-71.4,10.9],[-71.5,10.9],[-71.4,10.9],[-71.5,10.9],[-71.5,11],[-71.4,11],[-71.3,11],[-71.2,11],[-71.1,11.1],[-70.9,11.2],[-70.7,11.2],[-70.6,11.2],[-70.5,11.3],[-70.4,11.3],[-70.3,11.3],[-70.3,11.4],[-70.2,11.4],[-70.1,11.4],[-70.1,11.5],[-70.2,11.5],[-70.1,11.5],[-70.1,11.4],[-70.1,11.5],[-70,11.4],[-70,11.5],[-70.1,11.5],[-70.1,11.6],[-70.2,11.6],[-70.1,11.6],[-70.1,11.5],[-70,11.5],[-69.9,11.5],[-69.8,11.4],[-69.8,11.5],[-69.7,11.5],[-69.8,11.5],[-69.8,11.6],[-69.8,11.7],[-69.9,11.7],[-70,11.7],[-69.9,11.7],[-70,11.7],[-70,11.6],[-70.1,11.6],[-70.2,11.6],[-70.2,11.7],[-70.2,11.8],[-70.3,11.8],[-70.3,11.9],[-70.3,12],[-70.2,12],[-70.2,12.1],[-70.1,12.1],[-70.1,12.2],[-70,12.2],[-69.9,12.2],[-69.8,12],[-69.8,11.9],[-69.8,11.8],[-69.7,11.6],[-69.7,11.5],[-69.6,11.5],[-69.5,11.5],[-69.4,11.5],[-69.3,11.5],[-69.2,11.5],[-69.1,11.5],[-69,11.4],[-68.9,11.5],[-68.8,11.4],[-68.7,11.4],[-68.7,11.3],[-68.6,11.3],[-68.5,11.3],[-68.5,11.2],[-68.4,11.2],[-68.4,11.1],[-68.3,11.1],[-68.3,11],[-68.3,10.9],[-68.4,10.9],[-68.3,10.9],[-68.2,10.9],[-68.3,10.9],[-68.3,10.8],[-68.3,10.7],[-68.3,10.6],[-68.2,10.6],[-68.2,10.5],[-68.1,10.5],[-68,10.5],[-67.9,10.5],[-67.8,10.5],[-67.6,10.5],[-67.5,10.5],[-67.4,10.5],[-67.3,10.5],[-67.2,10.5],[-67.2,10.6],[-67.1,10.6],[-67,10.6],[-66.9,10.6],[-66.8,10.6],[-66.5,10.6],[-66.4,10.6],[-66.3,10.6],[-66.3,10.7],[-66.3,10.6],[-66.2,10.6],[-66.1,10.6],[-66,10.6],[-66.1,10.6],[-66.1,10.5],[-66,10.4],[-65.9,10.3],[-65.8,10.2],[-65.7,10.2],[-65.8,10.3],[-65.9,10.3],[-65.6,10.2],[-65.5,10.1],[-65.4,10.1],[-65.3,10.1],[-65.2,10.1],[-65.1,10.1],[-65.2,10.1],[-65.1,10.1],[-65.1,10],[-65.1,10.1],[-65,10.1],[-64.9,10.1],[-64.8,10.1],[-64.7,10.1],[-64.7,10.2],[-64.6,10.2],[-64.6,10.3],[-64.6,10.2],[-64.6,10.3],[-64.6,10.2],[-64.5,10.2],[-64.5,10.3],[-64.5,10.2],[-64.4,10.3],[-64.5,10.3],[-64.4,10.3],[-64.4,10.4],[-64.4,10.3],[-64.3,10.3],[-64.3,10.4],[-64.2,10.4],[-64.2,10.5],[-64.1,10.5],[-64.1,10.4],[-64,10.4],[-63.9,10.5],[-63.9,10.4],[-63.8,10.4],[-63.7,10.5],[-63.8,10.5],[-63.8,10.6],[-63.9,10.6],[-64,10.6],[-64.1,10.6],[-64.2,10.6],[-64.2,10.5],[-64.3,10.5],[-64.3,10.6],[-64.3,10.7],[-64.2,10.6],[-64.1,10.6],[-64.1,10.7],[-64,10.7],[-64,10.6],[-63.9,10.6],[-63.8,10.7],[-63.7,10.6],[-63.6,10.6],[-63.5,10.6],[-63.5,10.7],[-63.4,10.7],[-63.3,10.7],[-63.2,10.7],[-63.1,10.7],[-63,10.7],[-62.9,10.7],[-62.8,10.7],[-62.7,10.8],[-62.7,10.7],[-62.6,10.7],[-62.5,10.7],[-62.4,10.7],[-62.3,10.7],[-62.2,10.7],[-62.1,10.7],[-62,10.7],[-61.9,10.7],[-61.8,10.7],[-61.9,10.7],[-62,10.7],[-62,10.6],[-62.1,10.6],[-62.2,10.6],[-62.3,10.6],[-62.3,10.5],[-62.4,10.5],[-62.5,10.5],[-62.6,10.6],[-62.7,10.6],[-62.9,10.5],[-63,10.5],[-62.9,10.5],[-62.8,10.5],[-62.8,10.4],[-62.9,10.4],[-63,10.4],[-63,10.3],[-62.9,10.3],[-62.9,10.4],[-63,10.4],[-62.9,10.4],[-62.8,10.4],[-62.7,10.4],[-62.7,10.3],[-62.7,10.2],[-62.6,10.2],[-62.6,10.1],[-62.7,10.1],[-62.8,10.1],[-62.8,10],[-62.8,10.1],[-62.9,10.1],[-63,10.1],[-62.9,10.1],[-62.9,10],[-62.9,10.1],[-62.9,10],[-62.9,10.1],[-62.8,10],[-62.8,10.1],[-62.7,10.1],[-62.7,10],[-62.7,10.1],[-62.6,10.1],[-62.6,10.2],[-62.5,10.2],[-62.5,10.1],[-62.5,10],[-62.4,10],[-62.4,9.9],[-62.3,9.8],[-62.3,9.7],[-62.3,9.8],[-62.2,9.8],[-62.2,9.9],[-62.3,9.9],[-62.3,10],[-62.2,10],[-62.2,9.9],[-62.2,9.8],[-62.2,9.7],[-62.2,9.6],[-62.2,9.7],[-62.2,9.9],[-62.1,9.9],[-62,9.9],[-62.1,9.9],[-62.2,9.9],[-62.2,10],[-62.1,10],[-62,10],[-61.9,9.9],[-61.9,9.8],[-61.8,9.8],[-61.8,9.7],[-61.8,9.8],[-61.8,9.7],[-61.7,9.7],[-61.7,9.6],[-61.7,9.7],[-61.8,9.7],[-61.8,9.8],[-61.7,9.8],[-61.6,9.8],[-61.6,9.9],[-61.7,9.9],[-61.6,9.9],[-61.5,9.8],[-61.4,9.7],[-61.4,9.8],[-61.5,9.8],[-61.4,9.8],[-61.4,9.7],[-61.3,9.7],[-61.3,9.6],[-61.2,9.6],[-61.1,9.6],[-61,9.6],[-61,9.5],[-60.9,9.5],[-60.9,9.4],[-60.8,9.4],[-60.8,9.3],[-60.9,9.3],[-60.9,9.2],[-61,9.2],[-61,9.1],[-61.1,9.1],[-61.1,9],[-61.1,9.1],[-61,9.2],[-61,9.1],[-61,9],[-61.1,9],[-61.1,8.9],[-61.1,8.8],[-61.2,8.7],[-61.2,8.6],[-61.3,8.6],[-61.5,8.6],[-61.6,8.6],[-61.7,8.6],[-61.6,8.6],[-61.6,8.5],[-61.5,8.5],[-61.4,8.5],[-61.3,8.5],[-61.3,8.4],[-61.2,8.4],[-61.2,8.5],[-61.1,8.5],[-61,8.5],[-61.1,8.5],[-61.1,8.4],[-61.1,8.5],[-61,8.5],[-61,8.6],[-60.9,8.6],[-60.8,8.6],[-60.7,8.6],[-60.6,8.6],[-60.5,8.5],[-60.4,8.6],[-60.2,8.6],[-60.1,8.6],[-60,8.6]]],[[[-61,8.8],[-60.9,8.8],[-60.9,8.9],[-60.8,8.9],[-60.7,8.9],[-60.7,8.8],[-60.8,8.7],[-60.8,8.6],[-60.9,8.6],[-61,8.6],[-61.1,8.6],[-61.2,8.6],[-61.2,8.7],[-61.1,8.8],[-61,8.8]]],[[[-63.8,11.1],[-63.8,11],[-63.9,10.9],[-64,10.9],[-64.1,10.9],[-64.2,11],[-64.2,10.9],[-64.3,10.9],[-64.3,11],[-64.4,11],[-64.4,11.1],[-64.3,11.1],[-64.2,11.1],[-64.2,11],[-64.1,11],[-64,11],[-64,11.1],[-63.9,11.1],[-63.9,11.2],[-63.9,11.1],[-63.8,11.1]]]]}},{"type":"Feature","properties":{"name":"Southern Patagonian Ice Field","iso":"-99"},"geometry":{"type":"Polygon","coordinates":[[[-73.5,-49.8],[-73.5,-49.7],[-73.5,-49.6],[-73.6,-49.6],[-73.6,-49.5],[-73.5,-49.5],[-73.6,-49.5],[-73.6,-49.4],[-73.5,-49.4],[-73.5,-49.3],[-73.1,-49.3],[-73.1,-49.4],[-73.1,-49.5],[-73.1,-49.6],[-73.2,-49.7],[-73.5,-49.8]]]}},{"type":"Feature","properties":{"name":"Greenland","iso":"GL"},"geometry":{"type":"MultiPolygon","coordinates":[[[[-40.9,65.1],[-41,65.1],[-41.1,65.1],[-41,65],[-41.1,65],[-41.2,65],[-41.1,65],[-41.1,64.9],[-41,64.9],[-40.9,64.9],[-40.9,64.8],[-41,64.8],[-40.9,64.8],[-40.8,64.7],[-40.7,64.7],[-40.6,64.7],[-40.6,64.6],[-40.6,64.5],[-40.4,64.4],[-40.4,64.3],[-40.4,64.4],[-40.5,64.4],[-40.5,64.3],[-40.6,64.3],[-40.5,64.4],[-40.6,64.4],[-40.7,64.4],[-40.8,64.4],[-40.9,64.3],[-41,64.3],[-41.1,64.3],[-41.3,64.3],[-41.4,64.3],[-41.5,64.3],[-41.6,64.3],[-41.5,64.3],[-41.4,64.2],[-41.5,64.2],[-41.4,64.2],[-41.1,64.1],[-41,64.1],[-40.9,64.1],[-41,64.1],[-40.9,64.2],[-40.8,64.2],[-40.7,64.2],[-40.7,64.1],[-40.6,64.1],[-40.5,64.1],[-40.6,64.1],[-40.6,64],[-40.7,64],[-40.8,64],[-40.8,63.9],[-40.7,63.9],[-40.6,63.9],[-40.6,63.8],[-40.6,63.7],[-40.5,63.7],[-40.6,63.7],[-40.7,63.7],[-41,63.7],[-41.1,63.7],[-41.3,63.8],[-41.4,63.8],[-41.4,63.9],[-41.5,63.9],[-41.5,63.8],[-41.6,63.8],[-41.5,63.8],[-41.4,63.8],[-41.4,63.7],[-41.3,63.7],[-41.2,63.7],[-41,63.7],[-40.9,63.7],[-40.8,63.6],[-40.9,63.6],[-40.8,63.6],[-40.7,63.6],[-40.8,63.6],[-40.7,63.5],[-40.8,63.5],[-40.9,63.5],[-41,63.5],[-41,63.6],[-41,63.5],[-41.1,63.5],[-41,63.5],[-41,63.4],[-41.1,63.4],[-41.1,63.5],[-41.2,63.5],[-41.3,63.6],[-41.3,63.5],[-41.2,63.5],[-41.2,63.4],[-41.1,63.4],[-41,63.4],[-41.1,63.4],[-41.2,63.4],[-41.3,63.5],[-41.4,63.5],[-41.4,63.6],[-41.3,63.5],[-41.3,63.4],[-41.2,63.4],[-41.4,63.5],[-41.5,63.5],[-41.6,63.5],[-41.5,63.5],[-41.4,63.4],[-41.2,63.4],[-41.2,63.3],[-41.1,63.3],[-41.2,63.3],[-41.4,63.4],[-41.5,63.4],[-41.7,63.5],[-41.7,63.6],[-41.8,63.5],[-41.7,63.5],[-41.8,63.5],[-41.9,63.5],[-41.9,63.4],[-41.8,63.4],[-41.7,63.4],[-41.7,63.3],[-41.8,63.3],[-41.7,63.3],[-41.6,63.3],[-41.5,63.2],[-41.4,63.1],[-41.5,63.1],[-41.6,63.1],[-41.8,63.2],[-41.9,63.2],[-42,63.3],[-42,63.2],[-41.9,63.2],[-41.7,63.1],[-41.6,63.1],[-41.5,63.1],[-41.5,63],[-41.7,63],[-41.7,63.1],[-41.8,63.1],[-41.7,63],[-41.8,63],[-41.9,63.1],[-42,63.1],[-41.9,63.1],[-42,63.1],[-42,63.2],[-42.1,63.2],[-42.2,63.2],[-42.1,63.2],[-42.1,63.1],[-42.2,63.1],[-42.1,63.1],[-42,63.1],[-42,63],[-41.8,63],[-41.7,63],[-41.6,63],[-41.6,62.9],[-41.7,62.9],[-41.8,62.9],[-41.7,62.8],[-41.8,62.8],[-41.9,62.8],[-42,62.8],[-42,62.9],[-42,62.8],[-42.1,62.8],[-42.2,62.8],[-42.3,62.8],[-42.4,62.8],[-42.3,62.9],[-42.4,62.9],[-42.3,62.9],[-42.4,62.9],[-42.5,62.9],[-42.6,62.9],[-42.6,62.8],[-42.5,62.8],[-42.4,62.8],[-42.5,62.8],[-42.6,62.8],[-42.5,62.7],[-42.6,62.7],[-42.6,62.8],[-42.6,62.7],[-42.7,62.7],[-42.6,62.7],[-42.7,62.7],[-42.7,62.8],[-42.7,62.7],[-42.8,62.7],[-42.9,62.7],[-43,62.7],[-43.1,62.7],[-43.1,62.8],[-43.2,62.8],[-43.1,62.7],[-42.9,62.7],[-42.8,62.6],[-42.7,62.6],[-42.6,62.6],[-42.5,62.6],[-42.4,62.6],[-42.3,62.5],[-42.4,62.5],[-42.5,62.5],[-42.6,62.5],[-42.5,62.5],[-42.6,62.5],[-42.5,62.5],[-42.4,62.4],[-42.3,62.4],[-42.2,62.4],[-42.3,62.4],[-42.2,62.4],[-42.3,62.4],[-42.4,62.4],[-42.5,62.4],[-42.6,62.4],[-42.6,62.5],[-42.7,62.5],[-42.8,62.5],[-42.9,62.5],[-43,62.5],[-42.9,62.5],[-42.8,62.4],[-42.7,62.4],[-42.6,62.4],[-42.6,62.3],[-42.4,62.3],[-42.3,62.3],[-42.3,62.2],[-42.3,62.1],[-42.4,62.1],[-42.5,62],[-42.4,62],[-42.5,62],[-42.5,61.9],[-42.4,62],[-42.3,62],[-42.1,62],[-42.2,62],[-42.2,61.9],[-42.4,61.9],[-42.3,61.9],[-42.2,61.9],[-42.3,61.9],[-42.2,61.9],[-42.2,61.8],[-42.3,61.8],[-42.4,61.8],[-42.6,61.7],[-42.6,61.8],[-42.7,61.8],[-42.8,61.8],[-42.9,61.8],[-42.8,61.8],[-42.6,61.7],[-42.4,61.7],[-42.3,61.7],[-42.4,61.7],[-42.3,61.6],[-42.4,61.6],[-42.5,61.6],[-42.4,61.6],[-42.5,61.6],[-42.4,61.6],[-42.5,61.6],[-42.6,61.5],[-42.7,61.6],[-42.9,61.6],[-43,61.6],[-43.1,61.6],[-43,61.6],[-42.9,61.6],[-42.9,61.5],[-42.8,61.5],[-42.5,61.5],[-42.5,61.4],[-42.4,61.4],[-42.5,61.4],[-42.6,61.4],[-42.6,61.3],[-42.7,61.3],[-42.6,61.3],[-42.7,61.3],[-42.9,61.3],[-43,61.3],[-43.2,61.4],[-43.2,61.3],[-42.9,61.3],[-42.8,61.3],[-42.9,61.3],[-42.9,61.2],[-42.8,61.2],[-42.8,61.3],[-42.7,61.3],[-42.7,61.2],[-42.6,61.2],[-42.7,61.2],[-42.8,61.2],[-42.9,61.2],[-43,61.2],[-43.2,61.2],[-43.1,61.2],[-42.9,61.2],[-42.8,61.2],[-42.8,61.1],[-42.7,61.1],[-42.7,61.2],[-42.7,61.1],[-42.6,61.1],[-42.8,61.1],[-42.9,61.1],[-43.2,61.1],[-43.3,61.1],[-43.5,61.1],[-43.6,61.1],[-43.5,61.1],[-43.4,61.1],[-43.2,61.1],[-43.1,61.1],[-43,61.1],[-42.9,61.1],[-42.8,61.1],[-42.7,61.1],[-42.8,61.1],[-42.8,61],[-42.7,61],[-42.8,61],[-42.8,60.9],[-42.7,60.9],[-43,60.9],[-43.2,60.9],[-43.3,60.9],[-43.4,60.9],[-43.5,61],[-43.5,60.9],[-43.4,60.9],[-43.1,60.9],[-43.1,60.8],[-43.1,60.9],[-42.9,60.8],[-42.8,60.8],[-42.9,60.8],[-43.1,60.8],[-43.5,60.8],[-43.4,60.8],[-43.3,60.8],[-43.2,60.8],[-43.1,60.8],[-43,60.8],[-42.9,60.8],[-42.8,60.7],[-42.9,60.7],[-43,60.6],[-43.1,60.7],[-43.3,60.7],[-43.2,60.7],[-42.9,60.6],[-42.9,60.7],[-42.8,60.7],[-42.7,60.7],[-42.8,60.7],[-42.8,60.6],[-42.9,60.6],[-43.1,60.6],[-43,60.6],[-42.9,60.6],[-42.8,60.6],[-42.9,60.6],[-43,60.6],[-43,60.5],[-43.1,60.5],[-43,60.5],[-43.1,60.5],[-43.2,60.5],[-43.2,60.6],[-43.2,60.5],[-43.3,60.6],[-43.3,60.5],[-43.2,60.5],[-43.1,60.5],[-43.2,60.5],[-43.5,60.5],[-43.6,60.6],[-43.7,60.7],[-43.7,60.6],[-43.6,60.6],[-43.7,60.6],[-44.1,60.6],[-44.2,60.7],[-44.2,60.6],[-44,60.6],[-43.9,60.6],[-43.9,60.5],[-43.8,60.5],[-43.8,60.4],[-43.8,60.5],[-43.7,60.5],[-43.4,60.5],[-43.3,60.5],[-43.3,60.4],[-43.5,60.4],[-43.5,60.3],[-43.6,60.3],[-43.5,60.3],[-43.5,60.4],[-43.4,60.4],[-43.4,60.3],[-43.4,60.4],[-43.3,60.4],[-43.2,60.4],[-43.3,60.4],[-43.4,60.4],[-43.3,60.4],[-43.3,60.3],[-43.3,60.4],[-43.2,60.3],[-43.1,60.3],[-43.2,60.3],[-43.1,60.3],[-43.1,60.2],[-43.2,60.3],[-43.3,60.2],[-43.2,60.2],[-43.1,60.2],[-43.2,60.2],[-43.1,60.2],[-43.1,60.1],[-43.2,60.2],[-43.2,60.1],[-43.1,60.1],[-43.2,60.1],[-43.3,60.1],[-43.4,60.1],[-43.5,60.1],[-43.6,60.1],[-43.6,60.2],[-43.7,60.2],[-43.8,60.2],[-43.9,60.2],[-44,60.2],[-44.1,60.2],[-44.2,60.2],[-44.1,60.2],[-44,60.3],[-44.1,60.3],[-44.1,60.4],[-44.1,60.3],[-44.2,60.3],[-44.3,60.3],[-44.2,60.3],[-44.2,60.2],[-44.3,60.2],[-44.3,60.1],[-44.4,60.1],[-44.4,60.2],[-44.5,60.1],[-44.5,60],[-44.6,60],[-44.7,60],[-44.7,60.1],[-44.7,60],[-44.8,60],[-44.8,60.1],[-44.9,60.1],[-44.8,60.1],[-44.9,60.2],[-44.9,60.1],[-44.8,60],[-44.9,60],[-45,60],[-45,60.1],[-44.9,60.1],[-45,60.1],[-45.1,60.1],[-45.2,60.1],[-45.1,60.1],[-45.1,60.2],[-44.9,60.2],[-44.8,60.2],[-44.7,60.3],[-44.6,60.4],[-44.5,60.5],[-44.5,60.6],[-44.5,60.5],[-44.6,60.5],[-44.6,60.4],[-44.7,60.4],[-44.8,60.3],[-44.9,60.3],[-44.9,60.2],[-45,60.2],[-45.1,60.2],[-45.2,60.1],[-45.2,60.2],[-45.1,60.3],[-45,60.3],[-44.9,60.3],[-44.9,60.4],[-44.9,60.5],[-44.8,60.5],[-44.9,60.5],[-45,60.5],[-44.9,60.5],[-44.8,60.6],[-44.8,60.7],[-44.7,60.7],[-44.6,60.7],[-44.7,60.7],[-44.8,60.7],[-44.8,60.6],[-44.9,60.6],[-45,60.5],[-45.1,60.5],[-45.2,60.4],[-45.3,60.5],[-45.2,60.5],[-45.3,60.5],[-45.2,60.5],[-45.2,60.6],[-45.1,60.6],[-45.1,60.7],[-45.2,60.6],[-45.3,60.6],[-45.3,60.5],[-45.4,60.5],[-45.5,60.5],[-45.4,60.5],[-45.4,60.6],[-45.3,60.6],[-45.2,60.7],[-45.1,60.7],[-45.2,60.7],[-45.3,60.7],[-45.4,60.7],[-45.4,60.6],[-45.5,60.6],[-45.5,60.5],[-45.6,60.5],[-45.7,60.5],[-45.6,60.6],[-45.7,60.6],[-45.6,60.6],[-45.7,60.6],[-45.8,60.6],[-45.9,60.6],[-45.9,60.5],[-45.9,60.6],[-46,60.6],[-45.9,60.6],[-45.8,60.6],[-45.8,60.7],[-45.7,60.7],[-45.6,60.7],[-45.7,60.7],[-45.8,60.7],[-45.9,60.7],[-45.8,60.7],[-45.7,60.7],[-45.6,60.8],[-45.5,60.8],[-45.5,60.9],[-45.4,60.9],[-45.3,60.9],[-45.4,60.9],[-45.3,60.9],[-45.3,61],[-45.4,61],[-45.4,60.9],[-45.5,60.9],[-45.7,60.8],[-45.8,60.8],[-45.8,60.7],[-45.9,60.8],[-45.8,60.8],[-45.9,60.8],[-46,60.8],[-46,60.7],[-46.1,60.7],[-46.2,60.7],[-46.2,60.8],[-46.1,60.8],[-46,60.8],[-45.9,60.9],[-46,60.9],[-46.1,60.8],[-46.2,60.8],[-45.9,60.9],[-45.5,61],[-45.4,61],[-45.4,61.1],[-45.3,61.1],[-45.2,61.2],[-45.3,61.2],[-45.3,61.1],[-45.4,61.1],[-45.4,61.2],[-45.5,61.2],[-45.5,61.1],[-45.6,61],[-45.8,61],[-46,60.9],[-46.1,60.9],[-46,60.9],[-46.1,61],[-46,61],[-45.9,61],[-45.8,61.1],[-45.7,61.1],[-45.8,61.1],[-45.7,61.1],[-45.6,61.1],[-45.6,61.2],[-45.7,61.2],[-45.8,61.2],[-45.8,61.1],[-45.8,61.2],[-45.9,61.2],[-45.8,61.3],[-45.7,61.3],[-45.8,61.3],[-45.9,61.3],[-45.9,61.2],[-46,61.2],[-46,61.3],[-46.1,61.3],[-46.1,61.2],[-46,61.2],[-45.9,61.2],[-45.8,61.2],[-45.8,61.1],[-45.9,61.1],[-46,61.1],[-45.9,61.1],[-46,61.1],[-46.1,61],[-46.1,61.1],[-46.2,61.1],[-46.3,61.1],[-46.2,61.1],[-46.2,61],[-46.1,61],[-46.2,61],[-46.3,61],[-46.2,61],[-46.3,61],[-46.3,61.1],[-46.3,61],[-46.3,61.1],[-46.4,61.1],[-46.4,61],[-46.4,61.1],[-46.5,61.1],[-46.5,61],[-46.4,61],[-46.5,61],[-46.6,61],[-46.5,61],[-46.6,61],[-46.5,61],[-46.6,61],[-46.7,61],[-46.6,61],[-46.6,60.9],[-46.7,60.9],[-46.7,61],[-46.7,60.9],[-46.8,60.9],[-46.9,60.9],[-46.8,60.9],[-46.7,60.9],[-46.7,60.8],[-46.8,60.8],[-46.9,60.8],[-47,60.8],[-46.9,60.9],[-46.8,60.9],[-46.9,60.9],[-47,60.9],[-47,60.8],[-47.1,60.9],[-47,60.9],[-46.9,60.9],[-46.9,61],[-47,61],[-47,60.9],[-47.1,60.9],[-47.1,61],[-47,61],[-47.1,61],[-47.2,60.9],[-47.3,60.9],[-47.3,61],[-47.3,60.9],[-47.4,60.9],[-47.5,60.9],[-47.6,60.9],[-47.7,60.9],[-47.8,60.9],[-47.9,60.9],[-47.8,60.9],[-47.7,60.9],[-47.8,60.9],[-47.8,60.8],[-47.7,60.9],[-47.5,60.9],[-47.4,60.9],[-47.3,60.9],[-47.4,60.8],[-47.5,60.8],[-47.6,60.8],[-47.8,60.8],[-47.9,60.8],[-47.9,60.9],[-48,60.9],[-48,60.8],[-48.1,60.8],[-48.2,60.8],[-48.2,60.9],[-48.1,60.9],[-48,60.9],[-47.9,60.9],[-47.8,61],[-47.7,61],[-47.8,61],[-47.9,61],[-48,61],[-48.1,61],[-48.2,61],[-48.1,61],[-48.2,61],[-48.3,61],[-48.4,61],[-48.2,61],[-48.1,61],[-48,61],[-47.9,61],[-47.8,61],[-47.8,61.1],[-47.9,61.1],[-47.8,61.2],[-47.9,61.2],[-47.9,61.1],[-48,61.1],[-48.1,61.1],[-48,61.2],[-48.1,61.2],[-48.1,61.1],[-48.2,61.1],[-48.2,61.2],[-48.1,61.2],[-48.1,61.3],[-48,61.3],[-47.9,61.3],[-48,61.3],[-48.1,61.3],[-48.2,61.3],[-48.2,61.2],[-48.3,61.2],[-48.2,61.1],[-48.3,61.1],[-48.4,61.1],[-48.4,61.2],[-48.3,61.2],[-48.4,61.2],[-48.5,61.2],[-48.6,61.2],[-48.5,61.3],[-48.6,61.2],[-48.6,61.3],[-48.5,61.3],[-48.4,61.3],[-48.5,61.3],[-48.4,61.4],[-48.4,61.3],[-48.3,61.3],[-48.3,61.4],[-48.4,61.4],[-48.5,61.4],[-48.6,61.4],[-48.7,61.4],[-48.6,61.4],[-48.7,61.4],[-48.8,61.4],[-48.9,61.4],[-49,61.4],[-48.9,61.4],[-49,61.4],[-49.1,61.4],[-49,61.4],[-48.9,61.4],[-48.9,61.5],[-48.8,61.5],[-48.7,61.5],[-48.5,61.5],[-48.3,61.5],[-48.2,61.5],[-48.5,61.5],[-48.4,61.5],[-48.4,61.6],[-48.3,61.6],[-48.4,61.6],[-48.5,61.5],[-48.7,61.5],[-48.8,61.5],[-48.9,61.5],[-49,61.5],[-49.1,61.5],[-49,61.5],[-49.1,61.5],[-49.2,61.5],[-49.3,61.6],[-49.2,61.6],[-49.3,61.6],[-49.2,61.6],[-49,61.6],[-48.7,61.6],[-48.6,61.6],[-48.6,61.7],[-48.7,61.6],[-49,61.6],[-48.9,61.6],[-49,61.6],[-49.1,61.6],[-49.1,61.7],[-49,61.7],[-48.9,61.7],[-48.9,61.8],[-49,61.7],[-49.1,61.7],[-49.1,61.8],[-49,61.8],[-49,61.9],[-48.9,61.9],[-48.9,62],[-48.8,62],[-48.7,62],[-48.8,62],[-48.7,62],[-48.8,62],[-48.9,62],[-49,62],[-49.2,61.9],[-49.2,61.8],[-49.2,61.7],[-49.3,61.7],[-49.3,61.8],[-49.4,61.8],[-49.2,61.9],[-49.3,61.9],[-49.3,61.8],[-49.4,61.8],[-49.4,61.9],[-49.3,61.9],[-49.4,61.9],[-49.3,62],[-49.2,62],[-49.1,62],[-49,62.1],[-48.9,62],[-48.9,62.1],[-48.8,62.1],[-48.9,62.1],[-49,62.1],[-49.1,62.1],[-49,62.2],[-49.1,62.2],[-49.1,62.1],[-49.2,62.1],[-49.1,62.1],[-49.1,62],[-49.2,62],[-49.3,62],[-49.4,62],[-49.4,62.1],[-49.5,62],[-49.6,62],[-49.7,62],[-49.6,62],[-49.5,62],[-49.6,62],[-49.6,62.1],[-49.5,62.1],[-49.6,62.1],[-49.7,62.1],[-49.6,62.1],[-49.3,62.1],[-49.4,62.1],[-49.3,62.1],[-49.3,62.2],[-49.4,62.2],[-49.3,62.2],[-49.4,62.2],[-49.5,62.2],[-49.6,62.2],[-49.7,62.1],[-49.7,62.2],[-49.6,62.2],[-49.5,62.2],[-49.5,62.3],[-49.5,62.2],[-49.4,62.2],[-49.3,62.2],[-49.3,62.3],[-49.5,62.3],[-49.6,62.2],[-49.6,62.3],[-49.5,62.3],[-49.6,62.3],[-49.7,62.3],[-49.8,62.3],[-49.8,62.2],[-49.9,62.2],[-49.9,62.3],[-49.8,62.3],[-49.9,62.3],[-49.9,62.4],[-49.9,62.3],[-50,62.3],[-50,62.4],[-50.1,62.4],[-50.2,62.4],[-50.2,62.5],[-50.3,62.5],[-50.3,62.6],[-50.2,62.6],[-50.2,62.7],[-50.1,62.7],[-50.1,62.8],[-50,62.8],[-49.9,62.8],[-49.9,62.9],[-50,62.9],[-50,62.8],[-50.1,62.8],[-50.2,62.8],[-50.1,62.8],[-50.2,62.8],[-50.2,62.7],[-50.3,62.7],[-50.3,62.8],[-50.2,62.8],[-50.2,62.9],[-50.1,62.9],[-49.8,63],[-49.7,63],[-49.7,63.1],[-49.8,63.1],[-49.8,63],[-50,63],[-50.2,63],[-50.2,62.9],[-50.3,62.9],[-50.3,62.8],[-50.4,62.8],[-50.4,62.9],[-50.3,62.9],[-50.3,63],[-50.2,63],[-50.1,63],[-50.2,63],[-50.3,63],[-50.4,62.9],[-50.5,63],[-50.6,63],[-50.5,63],[-50.5,63.1],[-50.6,63],[-50.5,63],[-50.6,63],[-50.6,63.1],[-50.5,63.1],[-50.4,63.1],[-50.4,63.2],[-50.1,63.2],[-50.3,63.2],[-50.4,63.2],[-50.5,63.2],[-50.6,63.2],[-50.7,63.2],[-50.8,63.2],[-50.9,63.2],[-50.9,63.1],[-50.9,63.2],[-50.8,63.2],[-50.8,63.3],[-50.9,63.2],[-51,63.2],[-51.1,63.2],[-51,63.2],[-51,63.3],[-51,63.2],[-51.1,63.2],[-51.1,63.3],[-51,63.3],[-51.1,63.3],[-50.8,63.4],[-50.5,63.4],[-50.3,63.4],[-50.4,63.4],[-50.5,63.4],[-50.6,63.4],[-50.8,63.4],[-50.9,63.4],[-51,63.4],[-51.1,63.4],[-51,63.4],[-51,63.5],[-51.1,63.5],[-51.1,63.4],[-51.2,63.4],[-51.1,63.4],[-51.2,63.4],[-51.2,63.5],[-51.1,63.5],[-51,63.5],[-50.8,63.5],[-50.7,63.6],[-50.8,63.6],[-51.1,63.5],[-51.1,63.6],[-51.1,63.7],[-51,63.6],[-50.9,63.6],[-50.6,63.6],[-50.5,63.6],[-50.5,63.7],[-50.9,63.6],[-51,63.7],[-51.1,63.7],[-51.1,63.6],[-51.2,63.6],[-51.1,63.5],[-51.2,63.5],[-51.3,63.5],[-51.4,63.6],[-51.4,63.5],[-51.4,63.6],[-51.3,63.6],[-51.4,63.6],[-51.5,63.7],[-51.3,63.7],[-51.4,63.7],[-51.5,63.7],[-51.6,63.7],[-51.5,63.7],[-51.5,63.8],[-51.2,63.8],[-51.1,63.9],[-51,63.9],[-50.9,63.9],[-51,63.9],[-51.2,63.9],[-51.3,63.8],[-51.4,63.8],[-51.5,63.8],[-51.5,63.9],[-51.4,63.9],[-51.4,63.8],[-51.4,63.9],[-51.4,64],[-51.5,64],[-51.6,64],[-51.7,64],[-51.6,64],[-51.4,64],[-51.3,64],[-51.4,64.1],[-51.1,64.1],[-51,64.1],[-50.9,64.1],[-50.8,64.1],[-50.7,64.2],[-50.6,64.2],[-50.5,64.2],[-50.5,64.1],[-50.4,64.1],[-50.4,64.2],[-50.3,64.2],[-50.2,64.2],[-50.1,64.2],[-50.1,64.1],[-50.1,64.2],[-50,64.2],[-50.1,64.2],[-50.2,64.2],[-50.4,64.2],[-50.5,64.2],[-50.6,64.2],[-50.5,64.2],[-50.5,64.3],[-50.4,64.3],[-50.3,64.3],[-50.4,64.4],[-50.4,64.3],[-50.5,64.3],[-50.6,64.3],[-50.6,64.2],[-50.7,64.2],[-50.8,64.2],[-51.1,64.1],[-51.4,64.1],[-51.5,64.1],[-51.6,64.1],[-51.6,64.2],[-51.5,64.2],[-51.4,64.1],[-51.4,64.2],[-51.5,64.2],[-51.6,64.2],[-51.7,64.2],[-51.8,64.2],[-51.7,64.2],[-51.4,64.2],[-51.3,64.2],[-51.1,64.2],[-51,64.2],[-50.9,64.2],[-50.8,64.3],[-50.9,64.3],[-51,64.3],[-51,64.4],[-50.9,64.4],[-50.8,64.4],[-50.7,64.4],[-50.6,64.4],[-50.7,64.4],[-50.7,64.5],[-50.7,64.4],[-50.5,64.4],[-50.4,64.4],[-50.3,64.4],[-50.2,64.4],[-50.2,64.5],[-50.3,64.4],[-50.4,64.4],[-50.6,64.5],[-50.7,64.5],[-50.6,64.5],[-50.5,64.5],[-50.4,64.6],[-50.5,64.5],[-50.6,64.5],[-50.7,64.5],[-50.7,64.6],[-50.6,64.6],[-50.7,64.6],[-50.8,64.6],[-50.7,64.6],[-50.8,64.6],[-50.9,64.6],[-50.8,64.6],[-50.8,64.7],[-50.7,64.6],[-50.6,64.6],[-50.6,64.7],[-50.5,64.7],[-50.4,64.7],[-50.5,64.7],[-50.6,64.7],[-50.7,64.7],[-50.5,64.7],[-50.4,64.7],[-50.3,64.7],[-50.3,64.6],[-50.2,64.6],[-50.2,64.5],[-50.1,64.5],[-50,64.5],[-49.9,64.4],[-49.8,64.4],[-49.7,64.3],[-49.6,64.3],[-49.6,64.4],[-49.7,64.4],[-49.8,64.4],[-49.8,64.5],[-49.9,64.5],[-50,64.5],[-50.1,64.5],[-50.1,64.6],[-50.1,64.7],[-50,64.7],[-50.1,64.7],[-50.2,64.7],[-50.2,64.8],[-50.1,64.8],[-50,64.9],[-50.1,64.9],[-50.1,64.8],[-50.2,64.8],[-50.3,64.8],[-50.3,64.7],[-50.3,64.8],[-50.4,64.8],[-50.5,64.8],[-50.6,64.8],[-50.6,64.9],[-50.7,64.9],[-50.7,65],[-50.8,65],[-50.8,65.1],[-50.7,65.2],[-50.8,65.2],[-50.9,65.2],[-51,65.2],[-51,65.1],[-50.9,65.1],[-50.9,65],[-50.8,65],[-50.7,65],[-50.7,64.9],[-50.8,64.9],[-50.7,64.9],[-50.6,64.8],[-50.7,64.8],[-50.6,64.8],[-50.7,64.8],[-50.7,64.7],[-50.7,64.8],[-50.9,64.7],[-51.1,64.7],[-51.1,64.6],[-51,64.7],[-51,64.6],[-51.1,64.6],[-51.2,64.6],[-51.2,64.7],[-51.1,64.7],[-51.1,64.8],[-51,64.8],[-51.1,64.8],[-51,64.8],[-51.1,64.8],[-51.3,64.8],[-51.3,64.7],[-51.4,64.7],[-51.4,64.6],[-51.4,64.5],[-51.5,64.5],[-51.6,64.4],[-51.7,64.4],[-51.7,64.3],[-51.8,64.3],[-51.8,64.2],[-51.9,64.2],[-52,64.2],[-51.9,64.2],[-52,64.2],[-52.1,64.2],[-52.2,64.2],[-52.2,64.3],[-52.1,64.3],[-52.2,64.3],[-52.1,64.4],[-52.2,64.4],[-52.2,64.5],[-52.1,64.5],[-52,64.5],[-52.1,64.5],[-52.2,64.5],[-52.1,64.6],[-52,64.6],[-52.1,64.6],[-52.2,64.6],[-52.1,64.6],[-52,64.6],[-52.1,64.6],[-52.1,64.7],[-52.2,64.7],[-52.1,64.7],[-52,64.7],[-51.9,64.8],[-51.7,64.9],[-51.6,64.9],[-51.5,64.9],[-51.4,64.9],[-51.4,65],[-51.3,65],[-51.2,65],[-51.3,65],[-51.4,65],[-51.5,65],[-51.6,64.9],[-51.7,64.9],[-51.7,65],[-51.6,65],[-51.7,65],[-51.8,65],[-51.8,64.9],[-51.9,64.9],[-51.9,64.8],[-52,64.8],[-52.1,64.8],[-52,64.8],[-52,64.9],[-51.9,64.9],[-52,64.9],[-52.1,64.9],[-52,64.9],[-52.1,64.8],[-52.2,64.8],[-52.2,64.9],[-52.1,64.9],[-52,65],[-52.1,65],[-52.2,65],[-52.2,65.1],[-52.3,65.1],[-52.2,65.1],[-52.1,65.1],[-52.2,65.1],[-52.2,65.2],[-52.1,65.3],[-52,65.3],[-52.1,65.3],[-52.2,65.2],[-52.3,65.2],[-52.2,65.3],[-52.3,65.3],[-52.4,65.3],[-52.4,65.2],[-52.5,65.2],[-52.5,65.3],[-52.4,65.3],[-52.5,65.3],[-52.6,65.3],[-52.5,65.3],[-52.5,65.4],[-52.4,65.4],[-52.3,65.4],[-52.2,65.4],[-52.2,65.5],[-52,65.5],[-51.9,65.5],[-51.8,65.6],[-51.7,65.6],[-51.8,65.6],[-51.9,65.6],[-51.8,65.7],[-51.7,65.7],[-51.5,65.7],[-51.1,65.8],[-51,65.8],[-50.9,65.8],[-50.9,65.7],[-50.8,65.7],[-50.7,65.7],[-50.5,65.7],[-50.6,65.7],[-50.7,65.7],[-50.8,65.7],[-50.7,65.7],[-50.7,65.8],[-50.8,65.8],[-50.8,65.7],[-50.9,65.8],[-51,65.8],[-51.3,65.8],[-51.4,65.8],[-51.9,65.7],[-52,65.7],[-51.9,65.6],[-52,65.5],[-52.1,65.5],[-52.2,65.5],[-52.3,65.4],[-52.4,65.4],[-52.5,65.4],[-52.5,65.5],[-52.4,65.5],[-52.5,65.5],[-52.6,65.5],[-52.6,65.6],[-52.5,65.6],[-52.5,65.7],[-52.5,65.6],[-52.6,65.6],[-52.6,65.5],[-52.7,65.5],[-52.8,65.5],[-52.8,65.6],[-52.7,65.6],[-52.8,65.6],[-52.6,65.7],[-52.5,65.7],[-52.6,65.7],[-52.7,65.7],[-52.7,65.6],[-52.8,65.6],[-52.8,65.7],[-52.7,65.7],[-52.6,65.7],[-52.7,65.7],[-52.7,65.8],[-52.8,65.7],[-52.9,65.7],[-53,65.7],[-53.2,65.7],[-53.1,65.7],[-53,65.7],[-53,65.8],[-52.9,65.8],[-53,65.8],[-53.1,65.8],[-53.1,65.7],[-53.2,65.7],[-53.3,65.7],[-53.3,65.8],[-53.2,65.8],[-53.1,65.8],[-53,65.8],[-53.1,65.8],[-53.1,65.9],[-53,65.9],[-52.9,65.9],[-52.8,65.9],[-52.7,65.9],[-52.6,65.9],[-52.4,65.9],[-52.3,65.9],[-52.3,65.8],[-52.3,65.9],[-52.2,65.9],[-52.3,65.9],[-52.2,65.9],[-52.2,66],[-52,66],[-51.9,66],[-51.8,66],[-51.8,65.9],[-51.7,65.9],[-51.7,66],[-51.8,66],[-51.9,66],[-51.8,66],[-51.8,66.1],[-51.7,66.1],[-51.8,66.1],[-52.1,66],[-52.2,66],[-52.3,65.9],[-52.5,65.9],[-52.6,65.9],[-52.6,66],[-52.5,66],[-52.6,66],[-52.7,66],[-52.8,66],[-52.8,65.9],[-52.9,65.9],[-53,65.9],[-53.2,65.9],[-53.1,65.9],[-53.2,65.9],[-53.3,65.9],[-53.1,66],[-52.9,66],[-53,66],[-53.1,66],[-53.3,65.9],[-53.3,66],[-53.3,65.9],[-53.4,65.9],[-53.5,66],[-53.4,66],[-53.3,66],[-53.1,66],[-53.2,66],[-53.3,66],[-53.4,66],[-53.5,66],[-53.4,66.1],[-53.1,66.2],[-53,66.2],[-52.7,66.3],[-52.5,66.4],[-52.4,66.4],[-52.2,66.4],[-52.1,66.5],[-52,66.5],[-52,66.6],[-51.9,66.6],[-51.8,66.7],[-51.7,66.7],[-51.6,66.7],[-51.5,66.7],[-51.4,66.7],[-51.5,66.7],[-51.5,66.8],[-51.4,66.8],[-51.3,66.8],[-51.3,66.9],[-51.2,66.9],[-51.1,66.8],[-51.1,66.9],[-50.9,66.8],[-50.7,66.8],[-50.7,66.9],[-50.6,66.8],[-50.4,66.8],[-50.3,66.8],[-50.6,66.9],[-50.7,66.9],[-50.8,66.9],[-51,66.9],[-50.9,67],[-50.8,67],[-50.7,67],[-50.6,67],[-50.5,67],[-50.3,67],[-50.1,67],[-50,67],[-50.1,67],[-50.2,67],[-50.3,67],[-50.4,67],[-50.5,67],[-50.6,67],[-50.5,67],[-50.3,67.1],[-50.6,67],[-50.7,67],[-50.8,67],[-50.9,67],[-51.1,66.9],[-51.2,66.9],[-51.3,66.9],[-51.4,66.8],[-51.5,66.8],[-51.7,66.7],[-52,66.7],[-52,66.6],[-52.1,66.5],[-52.3,66.5],[-52.7,66.3],[-52.9,66.2],[-53,66.2],[-53.4,66.1],[-53.5,66.1],[-53.6,66.1],[-53.7,66.1],[-53.5,66.2],[-53.7,66.1],[-53.6,66.2],[-53.5,66.2],[-53.3,66.3],[-53.1,66.3],[-53.2,66.3],[-53.3,66.3],[-53.4,66.3],[-53.5,66.3],[-53.6,66.2],[-53.6,66.3],[-53.7,66.3],[-53.6,66.3],[-53.7,66.3],[-53.7,66.4],[-53.6,66.4],[-53.6,66.5],[-53.5,66.5],[-53.6,66.5],[-53.6,66.4],[-53.7,66.4],[-53.7,66.5],[-53.6,66.5],[-53.5,66.5],[-53.4,66.5],[-53.3,66.5],[-53.2,66.5],[-53.4,66.5],[-53.3,66.5],[-53.2,66.5],[-53.1,66.5],[-53,66.5],[-52.8,66.6],[-52.8,66.5],[-52.5,66.5],[-52.4,66.5],[-52.4,66.6],[-52.5,66.6],[-52.6,66.6],[-52.7,66.6],[-52.8,66.6],[-53,66.6],[-53.1,66.6],[-53.2,66.6],[-53.3,66.6],[-53.4,66.6],[-53.3,66.6],[-53.4,66.6],[-53.5,66.6],[-53.4,66.6],[-53.5,66.6],[-53.4,66.6],[-53.3,66.7],[-53.2,66.7],[-53.1,66.7],[-52.8,66.7],[-52.7,66.7],[-52.6,66.7],[-52.7,66.7],[-52.8,66.7],[-53,66.7],[-53.1,66.7],[-53.2,66.7],[-53.2,66.8],[-53.1,66.7],[-53,66.7],[-53,66.8],[-52.8,66.8],[-52.7,66.8],[-52.6,66.8],[-52.7,66.8],[-52.8,66.8],[-52.9,66.8],[-53.1,66.8],[-53,66.8],[-53,66.9],[-52.9,66.8],[-52.9,66.9],[-52.5,66.9],[-52.3,66.8],[-52.2,66.8],[-52.3,66.8],[-52.4,66.8],[-52.4,66.9],[-52.5,66.9],[-52.4,66.9],[-52.3,66.9],[-52.4,66.9],[-52.5,66.9],[-52.5,67],[-52.6,66.9],[-52.8,66.9],[-52.9,66.9],[-53.1,66.9],[-53.4,66.9],[-53.5,66.9],[-53.6,66.9],[-53.7,66.9],[-53.8,67],[-53.6,67],[-53.4,67],[-53.3,67],[-53.2,67],[-53.3,67],[-53.6,67],[-53.7,67],[-53.8,67],[-53.8,67.1],[-53.7,67.1],[-53.6,67.1],[-53.4,67.1],[-53.6,67.1],[-54,67.1],[-53.9,67.1],[-54,67.1],[-53.9,67.1],[-53.9,67.2],[-53.8,67.2],[-53.7,67.2],[-53.4,67.2],[-53.5,67.2],[-53.6,67.2],[-53.5,67.2],[-53.4,67.2],[-53.3,67.2],[-53.1,67.3],[-53,67.3],[-52.9,67.3],[-52.8,67.3],[-52.6,67.3],[-52.5,67.3],[-52.4,67.3],[-52.3,67.4],[-52.2,67.4],[-52.1,67.4],[-52,67.3],[-51.6,67.3],[-51.5,67.3],[-51.4,67.3],[-51.4,67.2],[-51.3,67.2],[-51.3,67.1],[-51.2,67.1],[-51.1,67.1],[-51,67.1],[-50.9,67.2],[-50.8,67.2],[-50.7,67.2],[-50.4,67.2],[-50.3,67.2],[-50.4,67.2],[-50.3,67.2],[-50.4,67.2],[-50.5,67.2],[-50.8,67.2],[-51.1,67.1],[-51.2,67.1],[-51.2,67.2],[-51.3,67.2],[-51.4,67.2],[-51.4,67.3],[-51.5,67.3],[-51.5,67.4],[-51.3,67.4],[-51.2,67.4],[-51.1,67.4],[-51.5,67.4],[-52,67.4],[-52.1,67.4],[-52.4,67.4],[-52.5,67.4],[-52.6,67.4],[-52.6,67.3],[-52.9,67.3],[-53.1,67.3],[-53.2,67.3],[-53.3,67.3],[-53.4,67.3],[-53.5,67.3],[-53.6,67.3],[-53.7,67.2],[-53.8,67.2],[-53.9,67.2],[-53.8,67.2],[-53.8,67.3],[-53.9,67.3],[-53.8,67.3],[-53.9,67.3],[-53.8,67.4],[-53.7,67.4],[-53.7,67.5],[-53.6,67.5],[-53.5,67.5],[-53.4,67.5],[-53.3,67.5],[-53.3,67.6],[-53.1,67.6],[-53.2,67.6],[-53.1,67.6],[-53,67.6],[-53,67.7],[-52.9,67.7],[-53,67.7],[-53.1,67.7],[-53,67.7],[-52.9,67.7],[-52.8,67.7],[-52.7,67.7],[-52.6,67.7],[-52.5,67.7],[-52.8,67.7],[-52.8,67.8],[-52.6,67.8],[-52.4,67.8],[-52.3,67.7],[-52.2,67.7],[-52.1,67.7],[-52,67.7],[-51.9,67.7],[-51.9,67.6],[-51.8,67.6],[-51.5,67.7],[-51.4,67.7],[-51.3,67.7],[-51,67.6],[-50.9,67.6],[-50.8,67.5],[-50.7,67.5],[-50.6,67.5],[-50.5,67.5],[-50.2,67.5],[-50.1,67.5],[-50.3,67.5],[-50.4,67.5],[-50.6,67.5],[-50.7,67.5],[-50.8,67.6],[-50.9,67.6],[-50.8,67.6],[-50.6,67.6],[-50.4,67.7],[-50.3,67.7],[-50.2,67.7],[-50.1,67.7],[-50,67.7],[-49.9,67.7],[-50,67.7],[-50.1,67.7],[-50.3,67.7],[-50.4,67.7],[-50.5,67.7],[-50.6,67.7],[-50.7,67.7],[-50.9,67.6],[-51,67.6],[-50.9,67.7],[-51,67.7],[-51.1,67.7],[-51.3,67.7],[-51.2,67.7],[-51.1,67.7],[-51,67.7],[-50.8,67.8],[-50.7,67.8],[-50.6,67.8],[-50.4,67.8],[-50.3,67.8],[-50.4,67.8],[-50.5,67.9],[-50.4,67.9],[-50.5,67.9],[-50.6,67.9],[-50.8,67.9],[-50.9,67.9],[-50.8,67.9],[-50.7,67.9],[-50.6,67.9],[-50.7,67.8],[-50.8,67.8],[-50.9,67.8],[-50.8,67.8],[-50.9,67.8],[-51,67.8],[-51.1,67.8],[-51.2,67.8],[-51.3,67.8],[-51.3,67.9],[-51.4,67.9],[-51.3,67.9],[-51.2,67.9],[-51.1,67.9],[-51,67.9],[-51,68],[-51.1,68],[-51,68],[-51.2,68],[-51.3,68],[-51.3,67.9],[-51.4,67.9],[-51.5,67.9],[-51.6,67.9],[-51.5,67.9],[-51.4,67.9],[-51.3,67.8],[-51.4,67.8],[-51.4,67.7],[-51.5,67.7],[-51.5,67.8],[-51.6,67.7],[-51.6,67.8],[-51.6,67.7],[-51.7,67.7],[-51.8,67.7],[-51.8,67.8],[-51.6,67.8],[-51.7,67.8],[-51.8,67.8],[-51.9,67.8],[-52.2,67.8],[-52.3,67.8],[-52.3,67.9],[-52.2,67.9],[-52.1,67.9],[-52.2,67.9],[-51.9,67.9],[-51.8,67.9],[-51.7,67.9],[-51.6,67.9],[-51.6,68],[-51.8,67.9],[-51.9,67.9],[-52.2,67.9],[-52.3,67.9],[-52.4,67.9],[-52.4,67.8],[-52.5,67.8],[-52.6,67.8],[-52.7,67.8],[-52.8,67.8],[-52.9,67.8],[-53,67.8],[-53.1,67.7],[-53.3,67.6],[-53.6,67.5],[-53.7,67.5],[-53.7,67.6],[-53.8,67.6],[-53.7,67.6],[-53.6,67.7],[-53.7,67.6],[-53.6,67.7],[-53.5,67.7],[-53.6,67.7],[-53.6,67.8],[-53.7,67.8],[-53.6,67.8],[-53.5,67.9],[-53.5,67.8],[-53.5,67.9],[-53.5,67.8],[-53.4,67.8],[-53.5,67.8],[-53.3,67.8],[-53.2,67.8],[-53.4,67.8],[-53.4,67.9],[-53.5,67.9],[-53.4,67.9],[-53.3,67.9],[-53.3,67.8],[-53.2,67.8],[-53.3,67.8],[-53.3,67.9],[-53.2,67.9],[-53.1,67.9],[-53.2,67.9],[-53.3,67.9],[-53.2,67.9],[-53.3,67.9],[-53.3,68],[-53.2,68],[-53.1,68],[-52.9,68],[-53,68],[-53.3,68],[-53.2,68],[-53.3,68],[-53.2,68],[-53,68.1],[-52.7,68],[-52.6,68],[-52.6,67.9],[-52.5,68],[-52.3,67.9],[-52.2,67.9],[-52.1,67.9],[-52.1,68],[-52.2,68],[-52.5,68],[-52.8,68],[-53,68.1],[-53.1,68.1],[-53.2,68.1],[-53.1,68.1],[-53.1,68.2],[-53.2,68.2],[-53.2,68.1],[-53.3,68.1],[-53.3,68.2],[-53.4,68.2],[-53.5,68.2],[-53.3,68.2],[-53.2,68.2],[-53.1,68.2],[-53,68.2],[-52.9,68.2],[-52.9,68.1],[-52.8,68.1],[-52.7,68.1],[-52.5,68.1],[-52.4,68.1],[-52.5,68.1],[-52.6,68.1],[-52.7,68.2],[-52.8,68.2],[-52.7,68.2],[-52.6,68.2],[-52.5,68.2],[-52.4,68.2],[-52.4,68.1],[-52.3,68.1],[-52.2,68.1],[-52.1,68.1],[-52,68.1],[-51.9,68],[-51.6,68.1],[-51.2,68.1],[-51.1,68.1],[-51.1,68],[-51,68],[-50.9,68],[-50.7,68],[-50.7,67.9],[-50.6,67.9],[-50.5,67.9],[-50.2,67.9],[-50.1,67.9],[-50.3,67.9],[-50.5,68],[-50.6,68],[-50.5,68],[-50.6,68],[-50.7,68],[-50.8,68],[-50.9,68],[-50.9,68.1],[-51,68.1],[-50.9,68.1],[-51,68.1],[-51.1,68.1],[-51.2,68.1],[-51.2,68.2],[-51.3,68.1],[-51.3,68.2],[-51.4,68.2],[-51,68.2],[-51.1,68.2],[-51.2,68.2],[-51.2,68.3],[-51.4,68.2],[-51.4,68.3],[-51.3,68.3],[-51.2,68.3],[-51.1,68.3],[-51.1,68.4],[-51.2,68.4],[-51,68.4],[-50.9,68.5],[-50.8,68.5],[-50.9,68.5],[-50.8,68.5],[-51.2,68.4],[-51.3,68.4],[-51.4,68.4],[-51.5,68.4],[-51.6,68.4],[-51.5,68.4],[-51.3,68.4],[-51.2,68.3],[-51.3,68.3],[-51.6,68.3],[-51.7,68.3],[-51.8,68.2],[-52.1,68.2],[-52.2,68.2],[-52.3,68.2],[-52.4,68.2],[-52.5,68.2],[-52.4,68.2],[-52.5,68.2],[-52.5,68.3],[-52.6,68.3],[-52.5,68.3],[-52.6,68.3],[-52.8,68.3],[-52.7,68.3],[-52.6,68.3],[-52.6,68.2],[-52.7,68.2],[-52.8,68.2],[-52.9,68.2],[-52.9,68.3],[-52.8,68.3],[-52.7,68.3],[-52.6,68.3],[-52.6,68.4],[-52.7,68.3],[-52.8,68.3],[-53.1,68.3],[-53.2,68.3],[-53.3,68.3],[-53.4,68.3],[-53.3,68.3],[-53.4,68.3],[-53.3,68.4],[-53.2,68.4],[-53.2,68.3],[-53.1,68.3],[-53,68.3],[-52.9,68.4],[-52.8,68.4],[-52.7,68.4],[-52.6,68.5],[-52.5,68.5],[-52.4,68.5],[-52.5,68.5],[-52.4,68.5],[-52.6,68.5],[-52.2,68.6],[-52.1,68.5],[-52.1,68.6],[-52,68.6],[-51.9,68.6],[-51.8,68.6],[-52,68.6],[-51.9,68.6],[-51.9,68.5],[-52,68.5],[-51.9,68.5],[-51.8,68.5],[-51.6,68.5],[-51.5,68.5],[-51.5,68.6],[-51.5,68.5],[-51.4,68.6],[-51.4,68.5],[-51.3,68.6],[-51.4,68.6],[-51.3,68.6],[-51.1,68.6],[-51,68.6],[-51,68.7],[-51.1,68.7],[-51,68.7],[-50.9,68.7],[-50.9,68.6],[-50.9,68.7],[-50.8,68.7],[-50.9,68.7],[-51,68.7],[-50.9,68.8],[-50.8,68.8],[-50.7,68.8],[-50.8,68.8],[-50.9,68.8],[-51,68.8],[-51,68.7],[-51.1,68.7],[-51.2,68.7],[-51.3,68.7],[-51.3,68.8],[-51.2,68.8],[-51.2,68.9],[-51.1,68.9],[-51,68.9],[-51.1,68.9],[-51.2,68.9],[-51.1,68.9],[-51.1,69],[-51.1,69.1],[-50.8,69.1],[-50.7,69.1],[-50.8,69.1],[-50.9,69.1],[-50.9,69],[-51,69],[-50.9,69],[-50.7,69.1],[-50.6,69.1],[-50.6,69],[-50.6,69.1],[-50.5,69],[-50.5,68.9],[-50.4,68.9],[-50.3,68.9],[-50.4,69],[-50.5,69],[-50.4,69],[-50.3,69],[-50.4,69],[-50.3,69.1],[-50.3,69],[-50.2,69],[-50.2,69.1],[-50.3,69.1],[-50.4,69.1],[-50.5,69.1],[-50.7,69.1],[-50.5,69.1],[-50.4,69.1],[-50.3,69.1],[-50.2,69.1],[-50.2,69.2],[-50.1,69.2],[-50.2,69.2],[-50.3,69.2],[-50.4,69.2],[-50.5,69.2],[-50.4,69.2],[-50.5,69.2],[-50.5,69.3],[-50.4,69.3],[-50.5,69.3],[-50.6,69.3],[-50.5,69.3],[-50.5,69.2],[-50.6,69.2],[-50.7,69.2],[-50.6,69.2],[-50.7,69.2],[-50.8,69.2],[-50.9,69.2],[-51,69.2],[-51.1,69.2],[-51,69.2],[-51,69.3],[-50.9,69.3],[-51,69.3],[-50.9,69.3],[-50.9,69.4],[-50.9,69.3],[-50.8,69.3],[-50.9,69.4],[-50.8,69.4],[-50.9,69.4],[-50.9,69.5],[-50.8,69.5],[-50.7,69.5],[-50.6,69.5],[-50.5,69.4],[-50.5,69.5],[-50.4,69.5],[-50.3,69.5],[-50.2,69.5],[-50.3,69.5],[-50.4,69.5],[-50.5,69.5],[-50.6,69.5],[-50.7,69.5],[-50.8,69.5],[-50.9,69.5],[-50.8,69.5],[-50.8,69.6],[-50.8,69.7],[-50.7,69.6],[-50.4,69.6],[-50.5,69.6],[-50.4,69.7],[-50.5,69.6],[-50.6,69.7],[-50.7,69.7],[-50.8,69.7],[-50.7,69.7],[-50.6,69.8],[-50.5,69.8],[-50.4,69.8],[-50.3,69.8],[-50.2,69.8],[-50.3,69.8],[-50.3,69.9],[-50.4,69.9],[-50.5,69.9],[-50.6,69.9],[-50.6,70],[-50.3,70],[-50.2,70],[-50.3,70],[-50.4,70],[-50.4,70.1],[-50.5,70.1],[-50.5,70],[-50.7,70],[-50.8,70],[-50.9,70],[-51.3,70],[-51.2,70],[-51.1,70],[-51,70],[-50.9,70],[-51,70],[-51,70.1],[-51.2,70.1],[-51.3,70.1],[-51.3,70],[-51.4,70],[-51.5,70],[-51.6,70],[-51.5,70],[-51.6,70],[-51.8,70],[-51.9,70],[-52,70],[-52.1,70.1],[-52.1,70],[-52.2,70],[-52.3,70.1],[-52.4,70.1],[-52.5,70.1],[-52.5,70.2],[-52.6,70.2],[-52.9,70.3],[-53.2,70.4],[-53.5,70.4],[-53.8,70.4],[-54,70.4],[-54.1,70.4],[-54.1,70.5],[-54.2,70.5],[-54.3,70.6],[-54.5,70.6],[-54.5,70.7],[-54.6,70.7],[-54.5,70.7],[-54.4,70.8],[-54.3,70.8],[-54.2,70.8],[-54,70.8],[-53.9,70.8],[-53.8,70.8],[-53.7,70.8],[-53.6,70.8],[-53.4,70.8],[-53.2,70.8],[-52.8,70.8],[-52.5,70.7],[-52.3,70.6],[-52.1,70.6],[-52,70.5],[-51.8,70.5],[-51.7,70.5],[-51.5,70.4],[-51.4,70.4],[-51.2,70.4],[-51.1,70.4],[-50.8,70.4],[-50.7,70.3],[-50.6,70.3],[-50.5,70.4],[-50.6,70.4],[-50.7,70.4],[-50.6,70.4],[-50.6,70.5],[-50.5,70.5],[-50.6,70.5],[-50.7,70.5],[-50.7,70.4],[-50.8,70.4],[-51,70.4],[-51.1,70.4],[-51.1,70.5],[-50.9,70.5],[-51,70.5],[-51.1,70.5],[-51.2,70.5],[-51.3,70.6],[-51.2,70.6],[-51.1,70.6],[-51,70.6],[-51,70.5],[-50.9,70.5],[-50.9,70.6],[-50.8,70.5],[-50.7,70.5],[-50.8,70.6],[-50.9,70.6],[-50.8,70.6],[-50.9,70.6],[-51,70.6],[-50.9,70.7],[-50.8,70.6],[-50.7,70.6],[-50.6,70.6],[-50.7,70.7],[-50.9,70.7],[-51.1,70.7],[-51.1,70.8],[-51.1,70.7],[-51.2,70.7],[-51.4,70.7],[-51.4,70.8],[-51.3,70.8],[-51.2,70.8],[-51.1,70.8],[-51,70.8],[-50.8,70.7],[-50.7,70.7],[-50.6,70.7],[-50.7,70.7],[-50.7,70.8],[-50.9,70.8],[-50.9,70.9],[-50.8,70.9],[-50.9,70.9],[-51,70.9],[-51,70.8],[-51.1,70.8],[-51.2,70.9],[-51.5,70.9],[-51.6,70.9],[-51.7,71],[-51.9,71],[-52,71],[-51.9,71],[-51.9,71.1],[-51.8,71.1],[-51.5,71],[-51.2,71],[-51,71],[-50.9,71],[-51.2,71],[-51.3,71],[-51.4,71.1],[-51.5,71.1],[-51.4,71.1],[-51.3,71.1],[-51.4,71.1],[-51.2,71.1],[-51.3,71.1],[-51.5,71.1],[-51.7,71.1],[-51.8,71.1],[-51.9,71.1],[-52,71.1],[-52.2,71.1],[-52.1,71.2],[-52,71.2],[-51.9,71.2],[-51.8,71.3],[-51.6,71.3],[-51.5,71.3],[-51.7,71.3],[-51.7,71.4],[-51.6,71.4],[-51.7,71.4],[-52,71.2],[-52.1,71.2],[-52.2,71.2],[-52.3,71.2],[-52.4,71.2],[-52.5,71.1],[-52.5,71.2],[-52.6,71.2],[-52.5,71.2],[-52.4,71.2],[-52.3,71.3],[-52.2,71.3],[-52.3,71.3],[-52.3,71.4],[-52.1,71.4],[-52,71.4],[-51.9,71.4],[-51.6,71.5],[-51.4,71.4],[-51.4,71.5],[-51.3,71.5],[-51.4,71.5],[-51.7,71.5],[-52.1,71.4],[-52.2,71.4],[-52.3,71.4],[-52.4,71.4],[-52.7,71.4],[-53,71.4],[-52.9,71.4],[-52.9,71.5],[-52.8,71.5],[-52.7,71.5],[-52.3,71.6],[-52.1,71.6],[-51.8,71.6],[-51.7,71.6],[-51.7,71.7],[-51.6,71.7],[-51.7,71.7],[-51.8,71.7],[-51.9,71.7],[-52.2,71.6],[-52.6,71.6],[-52.6,71.7],[-52.7,71.7],[-53,71.7],[-53.3,71.7],[-53.2,71.7],[-53.1,71.8],[-53,71.8],[-52.9,71.8],[-52.9,71.9],[-52.8,71.9],[-52.8,72],[-52.7,72],[-52.8,72],[-53,71.9],[-53,71.8],[-53.2,71.8],[-53.3,71.8],[-53.4,71.8],[-53.3,71.8],[-53.3,71.9],[-53.4,71.9],[-53.4,72],[-53.5,72.1],[-53.7,72.1],[-53.7,72.2],[-53.8,72.3],[-53.9,72.3],[-53.8,72.3],[-53.6,72.3],[-53.6,72.4],[-53.9,72.4],[-53.9,72.3],[-54,72.3],[-53.9,72.3],[-53.8,72.3],[-53.8,72.2],[-53.8,72.1],[-53.6,72.1],[-53.6,72],[-53.5,72],[-53.5,71.9],[-53.4,71.9],[-53.4,71.8],[-53.5,71.8],[-53.6,71.7],[-53.7,71.7],[-53.8,71.8],[-53.9,71.8],[-53.9,71.7],[-53.8,71.7],[-53.7,71.7],[-53.8,71.6],[-53.9,71.6],[-54,71.7],[-54.1,71.7],[-54,71.7],[-54.1,71.7],[-54.1,71.6],[-54,71.6],[-53.9,71.6],[-53.8,71.5],[-53.9,71.5],[-54,71.4],[-54.1,71.4],[-54.2,71.4],[-54.3,71.4],[-54.4,71.4],[-54.6,71.4],[-54.7,71.4],[-54.8,71.4],[-54.9,71.4],[-55,71.4],[-54.9,71.4],[-55,71.4],[-55.1,71.4],[-55.2,71.5],[-55.3,71.5],[-55.2,71.5],[-55.2,71.4],[-55.1,71.4],[-55.3,71.4],[-55.4,71.4],[-55.5,71.4],[-55.6,71.5],[-55.7,71.6],[-55.6,71.6],[-55.8,71.7],[-55.9,71.7],[-55.8,71.7],[-55.7,71.8],[-55.6,71.7],[-55.6,71.8],[-55.5,71.8],[-55.4,71.8],[-55.3,71.8],[-55.4,71.8],[-55.4,71.9],[-55.3,71.9],[-54.9,71.9],[-54.6,72],[-54.5,72.1],[-54.5,72.2],[-54.4,72.2],[-54.5,72.2],[-54.5,72.1],[-54.6,72.1],[-54.7,72.1],[-54.6,72],[-54.7,72],[-54.8,72],[-54.9,72],[-54.9,71.9],[-55.3,71.9],[-55.5,72],[-55.6,72],[-55.4,72.1],[-55.3,72.1],[-55.4,72.1],[-55.2,72.1],[-55.1,72.2],[-54.9,72.3],[-55,72.3],[-54.9,72.3],[-55,72.4],[-54.9,72.4],[-54.8,72.4],[-54.7,72.4],[-54.8,72.4],[-54.9,72.4],[-55,72.4],[-54.9,72.4],[-55,72.4],[-55.1,72.4],[-55.2,72.4],[-55.3,72.4],[-55.2,72.4],[-55.3,72.4],[-55.3,72.5],[-55.3,72.4],[-55.4,72.4],[-55.3,72.4],[-55.4,72.4],[-55.5,72.4],[-55.6,72.4],[-55.7,72.4],[-55.7,72.5],[-55.5,72.5],[-55.4,72.5],[-55.3,72.5],[-55.1,72.5],[-54.9,72.5],[-54.7,72.5],[-54.6,72.5],[-54.4,72.5],[-54.3,72.5],[-54.4,72.5],[-54.5,72.5],[-54.7,72.5],[-54.8,72.5],[-54.8,72.6],[-54.8,72.5],[-54.9,72.5],[-55,72.5],[-55,72.6],[-54.9,72.6],[-54.7,72.6],[-54.6,72.6],[-54.7,72.6],[-54.8,72.6],[-54.9,72.6],[-54.9,72.7],[-54.8,72.7],[-54.7,72.7],[-54.6,72.7],[-54.7,72.7],[-54.8,72.7],[-54.7,72.8],[-54.7,72.7],[-54.6,72.8],[-54.5,72.8],[-54.6,72.8],[-54.7,72.8],[-54.9,72.8],[-54.8,72.8],[-54.7,72.8],[-54.6,72.8],[-54.7,72.8],[-54.7,72.9],[-54.8,72.9],[-54.8,73],[-54.9,73],[-55,73],[-55.1,73],[-55,73.1],[-55.1,73],[-55.2,73],[-55.3,73],[-55.3,73.1],[-55.3,73],[-55.4,73],[-55.4,73.1],[-55.5,73.1],[-55.7,73.1],[-55.6,73.1],[-55.5,73.1],[-55.4,73.1],[-55.4,73.2],[-55.3,73.2],[-55.4,73.2],[-55.5,73.2],[-55.4,73.2],[-55.2,73.2],[-55.1,73.2],[-55.2,73.2],[-55.4,73.2],[-55.5,73.3],[-55.4,73.3],[-55.3,73.3],[-55.4,73.3],[-55.3,73.4],[-55.2,73.4],[-55.1,73.4],[-55.5,73.5],[-55.6,73.5],[-55.6,73.6],[-55.7,73.6],[-55.8,73.6],[-55.9,73.6],[-56,73.6],[-56.1,73.7],[-56,73.7],[-55.8,73.7],[-55.9,73.7],[-56,73.7],[-55.9,73.7],[-56,73.7],[-56,73.8],[-55.9,73.8],[-55.9,73.7],[-55.8,73.7],[-55.7,73.7],[-55.6,73.7],[-55.7,73.7],[-55.8,73.7],[-55.8,73.8],[-55.9,73.8],[-55.9,73.9],[-55.8,73.9],[-55.7,73.8],[-55.6,73.8],[-55.6,73.9],[-55.7,73.9],[-55.8,73.9],[-55.9,73.9],[-56,74],[-56.1,74],[-56,74],[-56.3,74],[-56.4,74.1],[-56.3,74.1],[-56.2,74.1],[-56.3,74.1],[-56.2,74.2],[-56.3,74.2],[-56.2,74.2],[-56.2,74.3],[-56.1,74.3],[-56.2,74.3],[-56.3,74.2],[-56.6,74.2],[-56.9,74.1],[-57.3,74.1],[-57.2,74.1],[-57.1,74.1],[-57.1,74.2],[-57.2,74.2],[-57,74.2],[-56.9,74.2],[-56.7,74.2],[-56.6,74.2],[-56.3,74.3],[-56.4,74.3],[-56.6,74.3],[-56.5,74.3],[-56.6,74.3],[-56.7,74.3],[-56.7,74.4],[-56.6,74.3],[-56.5,74.4],[-56.2,74.4],[-56.1,74.4],[-56.2,74.4],[-56.5,74.4],[-56.6,74.4],[-56.8,74.4],[-56.8,74.5],[-56.6,74.5],[-56.3,74.5],[-56.2,74.5],[-56.1,74.5],[-56.2,74.5],[-56.3,74.5],[-56.2,74.5],[-56.2,74.6],[-56.4,74.6],[-56.5,74.6],[-56.6,74.6],[-56.5,74.6],[-56.7,74.6],[-56.8,74.7],[-56.9,74.7],[-57,74.7],[-57.1,74.7],[-57,74.7],[-57.1,74.7],[-57.2,74.7],[-57.1,74.7],[-57.1,74.8],[-57.2,74.8],[-57.1,74.8],[-57,74.8],[-56.9,74.8],[-56.8,74.8],[-56.9,74.8],[-57,74.9],[-57.1,74.9],[-57.3,74.9],[-57.4,74.9],[-57.4,75],[-57.6,75],[-57.7,75],[-57.8,75],[-57.9,75],[-57.9,75.1],[-58,75.1],[-58.1,75.1],[-58.1,75],[-58.1,75.1],[-58.2,75.1],[-58.1,75.1],[-57.9,75.2],[-58,75.2],[-58.2,75.2],[-58.3,75.2],[-58.3,75.3],[-58.4,75.3],[-58.3,75.3],[-58.4,75.4],[-58.3,75.4],[-58.2,75.4],[-58.3,75.4],[-58.4,75.4],[-58.5,75.4],[-58.5,75.3],[-58.7,75.3],[-58.7,75.4],[-58.5,75.4],[-58.4,75.4],[-58.3,75.4],[-58.2,75.4],[-58.2,75.5],[-58.4,75.6],[-58.3,75.6],[-58.3,75.7],[-58.4,75.7],[-58.5,75.6],[-58.6,75.7],[-58.5,75.7],[-58.4,75.7],[-58.7,75.7],[-58.8,75.7],[-59,75.7],[-59.1,75.7],[-59.1,75.8],[-59.2,75.8],[-59.3,75.8],[-59.2,75.8],[-59.3,75.8],[-59.2,75.8],[-59.1,75.8],[-59.2,75.9],[-59.3,75.9],[-59.5,75.9],[-59.6,75.8],[-59.7,75.8],[-59.8,75.8],[-59.8,75.9],[-59.7,75.9],[-59.6,75.9],[-59.7,76],[-59.8,76],[-59.8,75.9],[-59.9,75.9],[-60,75.9],[-60,76],[-60.1,76],[-60.5,76],[-60.5,76.1],[-60.6,76],[-60.7,76],[-60.8,76],[-60.8,76.1],[-60.9,76.1],[-60.8,76.1],[-60.9,76.1],[-60.8,76.1],[-60.9,76.2],[-61,76.2],[-61.1,76.2],[-61.2,76.2],[-61.4,76.2],[-61.5,76.2],[-61.7,76.2],[-61.8,76.2],[-61.9,76.2],[-62,76.2],[-62.1,76.2],[-62.2,76.2],[-62.1,76.3],[-62.2,76.3],[-62.3,76.3],[-62.4,76.3],[-62.4,76.2],[-62.6,76.3],[-62.7,76.3],[-62.8,76.2],[-62.7,76.2],[-62.8,76.2],[-62.9,76.2],[-62.9,76.3],[-62.8,76.3],[-63.1,76.3],[-63.2,76.4],[-63.3,76.4],[-63.4,76.4],[-63.5,76.4],[-63.5,76.3],[-63.6,76.3],[-63.6,76.2],[-63.7,76.2],[-63.8,76.2],[-63.7,76.2],[-63.8,76.2],[-64,76.1],[-64.1,76.1],[-64.1,76.2],[-64.2,76.2],[-64.2,76.3],[-64.3,76.4],[-64.4,76.3],[-64.4,76.2],[-64.5,76.2],[-64.6,76.2],[-64.6,76.3],[-64.7,76.3],[-64.7,76.2],[-64.6,76.2],[-64.7,76.2],[-64.6,76.1],[-64.7,76.1],[-64.8,76.1],[-64.8,76.2],[-64.9,76.2],[-65,76.2],[-65,76.1],[-65.1,76.1],[-65.2,76.1],[-65.2,76.2],[-65.3,76.2],[-65.4,76.2],[-65.3,76.2],[-65.3,76.1],[-65.4,76.1],[-65.3,76.1],[-65.4,76.1],[-65.4,76],[-65.7,76],[-65.6,76],[-65.6,76.1],[-65.7,76.1],[-65.8,76.1],[-65.9,76.1],[-65.8,76.1],[-65.7,76.2],[-65.8,76.2],[-65.7,76.2],[-65.8,76.2],[-65.6,76.2],[-65.6,76.3],[-65.7,76.3],[-66,76.3],[-66.1,76.3],[-66.2,76.3],[-66.2,76.2],[-66.3,76.2],[-66.4,76.2],[-66.3,76.2],[-66.4,76.2],[-66.4,76.1],[-66.5,76.1],[-66.6,76.1],[-66.7,76.2],[-66.8,76.2],[-66.7,76.2],[-66.8,76.2],[-66.9,76.3],[-67,76.3],[-67.1,76.3],[-67.1,76.2],[-67.2,76.2],[-67.1,76.2],[-67.2,76.2],[-67.3,76.2],[-67.1,76.1],[-67,76.1],[-67.1,76.1],[-67,76.1],[-66.8,76],[-66.7,76],[-66.6,76],[-66.5,76],[-66.5,75.9],[-66.6,75.9],[-66.7,76],[-66.9,76],[-67,76],[-67.1,76],[-67.4,76],[-67.8,76],[-68.1,76.1],[-68.2,76.1],[-68.4,76.1],[-68.5,76.1],[-68.6,76.1],[-68.5,76.1],[-68.4,76.1],[-68.5,76.2],[-68.8,76.2],[-68.7,76.2],[-68.8,76.2],[-68.9,76.2],[-69.1,76.3],[-69.2,76.3],[-69.3,76.3],[-69.4,76.3],[-69.5,76.4],[-69.6,76.4],[-69.3,76.5],[-69.1,76.5],[-68.9,76.5],[-68.8,76.6],[-68.9,76.6],[-68.7,76.6],[-68.4,76.6],[-68,76.6],[-68.1,76.6],[-68.1,76.7],[-68,76.7],[-68.1,76.7],[-68.3,76.7],[-68.6,76.7],[-68.9,76.7],[-69.1,76.7],[-69.2,76.7],[-69.3,76.7],[-69.6,76.7],[-69.9,76.8],[-70,76.8],[-70.1,76.8],[-69.9,76.9],[-69.7,77],[-69.6,77],[-69.5,77],[-69.7,77],[-69.8,77],[-69.9,76.9],[-70,76.9],[-70.1,76.9],[-70.4,76.8],[-70.5,76.8],[-70.6,76.8],[-70.7,76.8],[-70.8,76.8],[-70.8,76.9],[-70.9,76.9],[-71,76.9],[-70.8,76.9],[-70.7,76.9],[-70.8,76.9],[-71.1,77],[-71.1,76.9],[-71.3,77],[-71.4,77],[-71.4,77.1],[-71.3,77.1],[-71.2,77.1],[-71,77.2],[-70.9,77.1],[-70.7,77.2],[-70.8,77.2],[-70.9,77.2],[-70.5,77.2],[-70.1,77.2],[-69.7,77.2],[-69.6,77.2],[-69.2,77.2],[-68.7,77.2],[-68.6,77.2],[-68.2,77.2],[-67.9,77.2],[-67.5,77.2],[-67.1,77.1],[-67,77.1],[-66.5,77.1],[-66.4,77.1],[-66.5,77.1],[-66.4,77.2],[-66.2,77.2],[-66.6,77.2],[-67.1,77.2],[-67.5,77.2],[-68,77.2],[-68.2,77.2],[-68.6,77.2],[-69.1,77.3],[-68.7,77.3],[-68.4,77.4],[-67.9,77.4],[-67.4,77.4],[-67.1,77.4],[-66.8,77.4],[-66.5,77.3],[-66.3,77.3],[-66.2,77.3],[-66.4,77.3],[-66.5,77.3],[-66.6,77.4],[-66.7,77.4],[-66.6,77.4],[-66.2,77.4],[-66.1,77.4],[-66.1,77.5],[-66.2,77.5],[-66.2,77.6],[-66.3,77.6],[-66.2,77.6],[-66.3,77.6],[-66.5,77.6],[-66.6,77.7],[-66.7,77.7],[-66.8,77.7],[-67.1,77.7],[-67.2,77.7],[-67.1,77.7],[-67.2,77.6],[-67.3,77.6],[-67.6,77.5],[-68,77.5],[-68.4,77.5],[-68.4,77.6],[-68.5,77.6],[-68.6,77.7],[-68.7,77.7],[-68.8,77.7],[-68.6,77.6],[-68.6,77.5],[-68.9,77.5],[-69.2,77.5],[-69.6,77.5],[-69.9,77.5],[-70.3,77.6],[-70.2,77.6],[-70,77.6],[-69.9,77.6],[-69.7,77.7],[-69.6,77.7],[-69.5,77.7],[-69.5,77.8],[-69.6,77.7],[-69.7,77.7],[-70,77.7],[-70.1,77.7],[-70.4,77.7],[-70.7,77.7],[-70.4,77.8],[-70.3,77.8],[-70.2,77.8],[-70.1,77.8],[-70,77.8],[-70.1,77.9],[-70.3,77.8],[-70.4,77.9],[-70.5,77.9],[-70.5,77.8],[-70.6,77.8],[-70.7,77.8],[-71,77.8],[-71.3,77.8],[-71.4,77.8],[-71.2,77.9],[-71.3,77.9],[-71.4,77.9],[-71.5,77.9],[-71.6,77.9],[-71.8,77.9],[-71.9,77.9],[-72,77.9],[-72.1,77.9],[-72.2,77.9],[-72.2,78],[-72.3,78],[-72.4,78],[-72.3,78],[-72.3,78.1],[-72.6,78.1],[-72.7,78.1],[-72.8,78.1],[-72.9,78.1],[-72.9,78.2],[-73.1,78.2],[-73,78.2],[-72.9,78.2],[-72.8,78.2],[-72.7,78.2],[-72.8,78.2],[-72.7,78.2],[-72.7,78.3],[-72.6,78.3],[-72.5,78.3],[-72.9,78.3],[-72.8,78.3],[-72.8,78.4],[-72.6,78.4],[-72.7,78.4],[-72.7,78.5],[-72.6,78.5],[-72.3,78.5],[-71.9,78.6],[-71.6,78.6],[-71.2,78.6],[-71.1,78.6],[-70.9,78.6],[-70.8,78.6],[-70.8,78.7],[-70.7,78.7],[-70.5,78.7],[-70.4,78.7],[-70.3,78.7],[-70,78.8],[-69.9,78.8],[-69.4,78.8],[-69.3,78.8],[-69.2,78.9],[-69.1,78.9],[-69,78.9],[-68.9,78.8],[-68.8,78.8],[-68.9,78.9],[-69,78.9],[-69.1,78.9],[-69.2,78.9],[-69.1,78.9],[-69.1,79],[-69,79],[-68.5,79],[-68,79.1],[-67.8,79],[-67.7,79.1],[-67.5,79.1],[-67.2,79.1],[-67.2,79.2],[-67.1,79.2],[-67.1,79.1],[-67,79.1],[-67,79.2],[-66.9,79.1],[-66.8,79.1],[-66.7,79.1],[-66.8,79.1],[-66.7,79.1],[-66.6,79.1],[-66.5,79.1],[-66.4,79.1],[-66.3,79.1],[-66.2,79.1],[-66.1,79.1],[-66,79.1],[-66.1,79.1],[-65.8,79.1],[-65.9,79.1],[-65.9,79.2],[-65.7,79.2],[-65.7,79.3],[-65.6,79.3],[-65.5,79.3],[-65.6,79.3],[-65.5,79.3],[-65.4,79.3],[-65.3,79.4],[-65.2,79.4],[-65.1,79.4],[-65,79.4],[-65.1,79.4],[-65.1,79.5],[-64.9,79.5],[-64.8,79.5],[-64.8,79.6],[-64.9,79.6],[-65,79.6],[-65,79.7],[-64.9,79.7],[-65,79.7],[-65,79.8],[-64.9,79.8],[-65,79.8],[-65.1,79.8],[-65,79.8],[-65.1,79.8],[-65.1,79.9],[-65,79.9],[-64.9,80],[-65,80],[-65.1,80],[-65,80],[-64.7,80.1],[-64.3,80.1],[-64.1,80.1],[-63.9,80.1],[-63.8,80.1],[-63.8,80.2],[-64.1,80.2],[-64.2,80.2],[-64.2,80.3],[-64.3,80.2],[-64.3,80.1],[-64.4,80.1],[-64.5,80.1],[-64.9,80.1],[-65.3,80.1],[-65.5,80.1],[-65.9,80],[-66.1,80],[-66.1,80.1],[-66.2,80.1],[-66.3,80.1],[-66.4,80.1],[-66.5,80.1],[-66.6,80.1],[-67.1,80.1],[-67.2,80.2],[-67.3,80.2],[-67.5,80.2],[-67.4,80.2],[-67.5,80.2],[-67.4,80.2],[-67.5,80.2],[-67.5,80.3],[-67.4,80.3],[-67.5,80.3],[-67.3,80.4],[-67.2,80.4],[-67,80.4],[-66.9,80.5],[-66.8,80.5],[-66.7,80.5],[-66.8,80.5],[-66.8,80.6],[-66.5,80.6],[-66.1,80.6],[-66.1,80.7],[-65.8,80.7],[-65.5,80.7],[-65.7,80.7],[-65.6,80.7],[-65.4,80.8],[-65.1,80.8],[-65,80.8],[-65,80.9],[-64.8,80.9],[-64.7,80.9],[-64.8,80.9],[-64.7,80.9],[-64.8,80.9],[-64.8,81],[-64.5,81],[-64.4,81],[-64.2,81],[-64.1,81],[-63.9,81.1],[-63.8,81.1],[-63.7,81.1],[-63.6,81.2],[-63.5,81.1],[-63.4,81.1],[-63.4,81],[-63.3,81],[-63.2,80.9],[-63.1,80.9],[-63,80.9],[-63,80.8],[-62.9,80.8],[-62.8,80.8],[-62.7,80.8],[-62.8,80.8],[-62.9,80.8],[-63,80.9],[-63.2,80.9],[-63.2,81],[-63.3,81.1],[-63.4,81.1],[-63.4,81.2],[-63.2,81.2],[-63.1,81.2],[-63,81.2],[-62.8,81.2],[-62.5,81.2],[-62.2,81.2],[-61.9,81.1],[-61.5,81.1],[-61.4,81.1],[-61.3,81.1],[-61.1,81.1],[-61,81.1],[-61,81.2],[-60.9,81.2],[-61,81.2],[-61.1,81.2],[-61.2,81.3],[-61.3,81.3],[-61.3,81.4],[-60.8,81.5],[-60.9,81.5],[-61,81.5],[-61,81.6],[-61.1,81.6],[-61.2,81.6],[-61.3,81.7],[-61.4,81.7],[-61.5,81.7],[-61.4,81.8],[-61.3,81.8],[-60.9,81.9],[-60.5,81.9],[-60.4,81.9],[-60.3,81.9],[-60.1,81.9],[-59.8,81.9],[-59.6,81.9],[-59.4,81.9],[-59.1,81.9],[-58.8,81.9],[-58.8,81.8],[-58.7,81.8],[-58.8,81.7],[-58.7,81.7],[-58.3,81.6],[-57.9,81.6],[-57.7,81.6],[-57.6,81.6],[-57.5,81.6],[-57.5,81.5],[-57.2,81.5],[-57.3,81.5],[-57.2,81.4],[-56.9,81.4],[-56.8,81.4],[-56.7,81.4],[-56.6,81.3],[-56.5,81.3],[-56.5,81.4],[-56.6,81.4],[-57,81.4],[-57.1,81.4],[-57.1,81.5],[-57.2,81.5],[-57.3,81.5],[-57.3,81.6],[-57.5,81.6],[-57.7,81.6],[-57.7,81.7],[-58.1,81.7],[-58.2,81.7],[-58.3,81.7],[-58.4,81.8],[-58.5,81.8],[-58.5,81.9],[-58.6,81.9],[-58.8,81.9],[-59,81.9],[-59.4,82],[-59.5,82],[-59,82.1],[-58.6,82.1],[-58.3,82.1],[-58,82.1],[-57.7,82.2],[-57.4,82.2],[-57,82.2],[-56.9,82.2],[-56.7,82.2],[-56.5,82.2],[-56.4,82.2],[-56.3,82.2],[-56.2,82.2],[-56.1,82.2],[-56.1,82.3],[-56,82.3],[-55.6,82.3],[-55.3,82.2],[-55.2,82.2],[-55.3,82.2],[-55.2,82.2],[-55.1,82.2],[-55.2,82.2],[-55.2,82.3],[-55.3,82.3],[-55.4,82.3],[-55.6,82.3],[-55.3,82.3],[-54.8,82.3],[-54.4,82.4],[-54.1,82.3],[-54,82.3],[-53.9,82.3],[-53.9,82.2],[-53.8,82.2],[-53.7,82.2],[-53.6,82.1],[-53.6,82],[-53.5,82],[-53.5,81.9],[-53.6,81.8],[-53.7,81.8],[-53.8,81.7],[-53.8,81.6],[-53.7,81.5],[-53.6,81.5],[-53.5,81.5],[-53.6,81.5],[-53.7,81.5],[-53.5,81.6],[-53.6,81.7],[-53.5,81.7],[-53.3,81.8],[-53.1,81.8],[-53,81.8],[-52.9,81.9],[-53,82],[-52.9,82],[-52.8,82],[-52.7,82],[-52.5,82],[-52.4,82],[-52.2,82],[-52.1,82],[-52.1,81.9],[-51.7,81.9],[-51.4,81.9],[-51.1,81.9],[-50.8,81.8],[-50.7,81.8],[-50.3,81.7],[-50.2,81.7],[-50.2,81.6],[-49.9,81.6],[-49.6,81.6],[-49.8,81.7],[-49.9,81.7],[-50.2,81.8],[-50.5,81.8],[-50.6,81.8],[-50.6,81.9],[-50.7,81.9],[-50.9,81.9],[-51.1,81.9],[-51,82],[-50.6,81.9],[-50.2,81.9],[-49.8,81.9],[-49.7,81.9],[-49.5,81.9],[-49.4,81.9],[-49.5,81.9],[-49.8,82],[-50.2,82.1],[-50.6,82.2],[-50.7,82.2],[-50.8,82.2],[-50.8,82.3],[-50.8,82.4],[-51,82.4],[-51.1,82.4],[-51.1,82.5],[-50.7,82.5],[-50.3,82.5],[-49.8,82.5],[-49.4,82.5],[-49,82.5],[-48.9,82.4],[-48.8,82.4],[-48.7,82.4],[-48.4,82.3],[-48,82.3],[-47.6,82.2],[-47.2,82.2],[-46.8,82.1],[-46.4,82.1],[-46,82],[-45.9,82],[-46,82],[-46.1,82],[-46,81.9],[-45.9,81.9],[-45.7,81.9],[-45.4,81.9],[-45.3,81.8],[-45.2,81.8],[-44.8,81.8],[-44.7,81.8],[-44.6,81.8],[-44.7,81.8],[-44.3,81.8],[-44.2,81.8],[-44.4,81.8],[-44.4,81.9],[-44.3,81.9],[-44.4,81.9],[-44.6,81.9],[-44.7,81.9],[-44.5,81.9],[-44.5,82],[-44.9,82],[-44.7,82],[-44.4,82.1],[-44.5,82.1],[-44.6,82.1],[-44.7,82.2],[-44.8,82.2],[-44.7,82.3],[-44.6,82.3],[-44.2,82.3],[-43.9,82.3],[-43.7,82.3],[-43.6,82.3],[-43.2,82.3],[-42.7,82.3],[-42.7,82.2],[-42.3,82.2],[-42.7,82.3],[-43.1,82.3],[-43.2,82.3],[-43.5,82.3],[-43.8,82.3],[-43.9,82.4],[-43.8,82.4],[-43.7,82.4],[-43.8,82.4],[-43.9,82.4],[-44,82.5],[-44.2,82.5],[-44.3,82.5],[-44.4,82.5],[-44.5,82.5],[-44.6,82.5],[-44.6,82.6],[-44.7,82.6],[-44.8,82.6],[-44.9,82.6],[-45,82.6],[-45.1,82.6],[-45.3,82.7],[-45.4,82.7],[-45.7,82.7],[-45.7,82.8],[-45.8,82.8],[-45.7,82.8],[-45.5,82.8],[-45.2,82.8],[-45.1,82.8],[-45,82.8],[-44.5,82.8],[-44,82.8],[-43.5,82.8],[-43,82.8],[-42.5,82.8],[-42,82.8],[-42.1,82.7],[-42.2,82.7],[-41.9,82.7],[-41.8,82.6],[-41.9,82.6],[-41.8,82.5],[-41.7,82.5],[-41.6,82.5],[-41.6,82.6],[-41.7,82.6],[-41.6,82.6],[-41.7,82.6],[-41.6,82.6],[-41.6,82.7],[-41.7,82.7],[-41.8,82.7],[-41.9,82.7],[-41.8,82.8],[-41.6,82.7],[-41.5,82.7],[-41.3,82.7],[-41.2,82.7],[-40.7,82.6],[-40.6,82.6],[-40.5,82.6],[-40.2,82.6],[-40.2,82.5],[-40.1,82.5],[-40,82.5],[-40.1,82.5],[-40.1,82.4],[-39.9,82.4],[-39.8,82.4],[-39.9,82.4],[-39.9,82.5],[-39.8,82.5],[-39.9,82.5],[-40,82.5],[-40,82.6],[-39.9,82.6],[-39.9,82.7],[-40,82.7],[-40.3,82.7],[-40.6,82.7],[-40.8,82.8],[-40.9,82.8],[-41,82.8],[-41.4,82.8],[-41.9,82.8],[-42.4,82.8],[-42.8,82.8],[-43.3,82.8],[-43.8,82.8],[-44.2,82.8],[-44.7,82.9],[-44.8,82.9],[-45.1,82.9],[-44.9,82.9],[-45,82.8],[-45.3,82.9],[-45.6,82.9],[-45.7,82.9],[-46,82.8],[-46,82.9],[-46.1,82.8],[-46.2,82.9],[-46.6,82.9],[-46.5,82.9],[-46.6,82.9],[-46.8,82.9],[-46.8,83],[-46.9,83],[-46.8,83],[-46.4,82.9],[-46,82.9],[-46.2,83],[-46.7,83],[-46.6,83],[-46.5,83],[-46.5,83.1],[-46.4,83.1],[-46.1,83.1],[-46,83.1],[-45.9,83.1],[-45.8,83.1],[-45.5,83],[-45.1,83],[-45.1,82.9],[-44.7,83],[-44.3,83],[-43.9,82.9],[-43.5,82.9],[-43.4,82.9],[-43.8,83],[-44.2,83],[-44.7,83],[-45.1,83],[-45.1,83.1],[-45.2,83.1],[-45.3,83.1],[-45.5,83.1],[-45.4,83.2],[-45.4,83.1],[-45.2,83.1],[-45.2,83.2],[-45.1,83.2],[-44.7,83.1],[-44.7,83.2],[-44.6,83.2],[-44.2,83.2],[-43.7,83.1],[-43.8,83.1],[-43.7,83.1],[-43.6,83.1],[-43.2,83.1],[-42.9,83.1],[-43.3,83.1],[-43.6,83.2],[-44,83.2],[-43.6,83.2],[-43.3,83.2],[-42.9,83.2],[-43,83.2],[-43.1,83.2],[-43,83.2],[-43.3,83.2],[-43.2,83.2],[-43.3,83.3],[-43,83.3],[-42.7,83.3],[-42.5,83.3],[-42.5,83.2],[-42.4,83.2],[-42.1,83.2],[-42,83.2],[-41.9,83.2],[-41.8,83.2],[-41.7,83.2],[-41.9,83.1],[-41.7,83.1],[-41.4,83.1],[-41.1,83.1],[-41,83.1],[-40.7,83],[-40.3,83],[-39.9,83],[-39.4,83],[-39,82.9],[-39,82.8],[-38.9,82.8],[-38.7,82.8],[-38.6,82.8],[-38.7,82.8],[-38.6,82.8],[-38.6,82.7],[-38.5,82.8],[-38.6,82.8],[-38.5,82.8],[-38.6,82.8],[-38.7,82.8],[-38.8,82.8],[-38.8,82.9],[-38.9,82.9],[-39,82.9],[-39.1,83],[-38.6,83],[-38.2,83],[-37.7,83],[-37.3,83],[-37.4,83],[-37.6,83],[-38,83],[-38.4,83],[-38.8,83],[-38.8,83.1],[-38.3,83.1],[-37.9,83.1],[-37.4,83.1],[-36.9,83.1],[-36.9,83.2],[-37.3,83.2],[-37.6,83.2],[-37.5,83.2],[-37.6,83.2],[-37.9,83.2],[-38,83.2],[-37.9,83.2],[-38.2,83.2],[-38.5,83.2],[-38.7,83.2],[-38.9,83.3],[-38.8,83.3],[-38.7,83.3],[-38.8,83.3],[-38.7,83.3],[-38.8,83.3],[-38.8,83.4],[-38.7,83.4],[-38.8,83.4],[-38.9,83.4],[-38.8,83.4],[-38.7,83.4],[-38.3,83.4],[-37.8,83.4],[-37.7,83.4],[-37.8,83.4],[-38,83.4],[-38.1,83.4],[-38,83.4],[-37.9,83.5],[-38,83.5],[-37.9,83.5],[-37.6,83.5],[-37.2,83.5],[-36.8,83.4],[-36.7,83.4],[-36.4,83.4],[-36.6,83.4],[-36.7,83.4],[-36.6,83.4],[-36.5,83.4],[-36.5,83.5],[-36.9,83.5],[-36.8,83.5],[-36.7,83.5],[-36.2,83.5],[-35.7,83.5],[-35.2,83.5],[-35,83.6],[-34.7,83.6],[-34.6,83.6],[-34.5,83.5],[-34.5,83.6],[-34.4,83.6],[-34.3,83.6],[-34.3,83.5],[-34.2,83.5],[-33.9,83.5],[-33.8,83.5],[-33.7,83.5],[-33.8,83.5],[-34,83.5],[-34.1,83.6],[-34,83.6],[-33.6,83.6],[-33.3,83.6],[-32.9,83.6],[-32.5,83.6],[-32.4,83.6],[-32.2,83.6],[-32.3,83.6],[-32,83.6],[-31.7,83.6],[-31.6,83.6],[-31.2,83.6],[-30.8,83.6],[-30.6,83.6],[-30.2,83.6],[-29.7,83.6],[-29.3,83.5],[-29.2,83.5],[-29.3,83.5],[-29.2,83.5],[-29.1,83.5],[-29,83.5],[-29.1,83.5],[-28.6,83.5],[-28.5,83.5],[-28.7,83.5],[-28.8,83.5],[-28.9,83.5],[-28.6,83.4],[-28.2,83.4],[-28.4,83.5],[-27.9,83.4],[-27.5,83.4],[-27,83.4],[-26.6,83.4],[-26.1,83.3],[-25.6,83.3],[-25.7,83.3],[-25.8,83.3],[-25.9,83.2],[-26,83.2],[-26.1,83.2],[-26.5,83.2],[-27,83.2],[-27.5,83.2],[-27.9,83.2],[-28.4,83.2],[-28.9,83.2],[-29.3,83.2],[-29.8,83.2],[-30.3,83.1],[-30.7,83.1],[-30.9,83.1],[-31.3,83.1],[-31.7,83.1],[-32.2,83.1],[-32.3,83.1],[-32.4,83.1],[-32.9,83.1],[-33.4,83.2],[-33.5,83.1],[-33.3,83.1],[-33.2,83.1],[-33.1,83.1],[-32.8,83.1],[-32.5,83.1],[-32.5,83],[-33,83],[-33.1,83],[-33.5,83],[-33.9,83],[-34.3,83],[-34.7,82.9],[-35.1,82.9],[-35.6,82.9],[-35.5,82.9],[-35.4,82.9],[-35.3,82.9],[-35.4,82.9],[-35.4,82.8],[-35.5,82.8],[-35.6,82.8],[-35.5,82.8],[-35.5,82.7],[-35.4,82.7],[-35.4,82.8],[-35.3,82.8],[-35.3,82.9],[-35,82.9],[-34.5,82.9],[-34,82.9],[-33.8,82.9],[-33.8,82.8],[-33.9,82.8],[-33.7,82.8],[-33.7,82.9],[-33.6,82.9],[-33.1,83],[-33,83],[-32.6,83],[-32.2,83],[-31.8,83],[-31.7,83],[-31.7,82.9],[-31.6,82.9],[-31.6,83],[-31.5,83],[-31.4,83],[-31,83],[-30.6,83.1],[-30.3,83.1],[-30.1,83.1],[-29.6,83.1],[-29.2,83.1],[-28.7,83.1],[-28.3,83.1],[-28.2,83],[-28.1,83],[-28.1,83.1],[-27.9,83.1],[-27.5,83.1],[-27.4,83.1],[-27,83.1],[-26.6,83.1],[-26.5,83.1],[-26.1,83.1],[-25.7,83.1],[-25.2,83.2],[-25,83.2],[-24.8,83.1],[-24.9,83.1],[-25,83.1],[-24.9,83],[-24.8,83],[-24.9,83],[-25.1,82.9],[-25.6,82.8],[-25.9,82.8],[-25.8,82.8],[-25.7,82.8],[-25.6,82.8],[-25.5,82.8],[-25.2,82.8],[-24.8,82.9],[-24.5,82.9],[-24.3,82.9],[-24.1,82.9],[-24,82.9],[-23.9,82.9],[-23.8,82.9],[-23.9,82.9],[-24,82.9],[-24,82.8],[-23.9,82.8],[-24,82.8],[-23.8,82.8],[-23.7,82.8],[-23.4,82.9],[-23.2,82.8],[-23.1,82.8],[-22.9,82.8],[-22.8,82.8],[-22.7,82.8],[-22.6,82.8],[-22.4,82.8],[-22.2,82.7],[-22.1,82.7],[-21.9,82.7],[-21.8,82.7],[-21.6,82.7],[-21.5,82.6],[-21.3,82.6],[-21.4,82.6],[-21.4,82.5],[-21.5,82.5],[-21.8,82.5],[-22.1,82.5],[-22.3,82.4],[-22.2,82.4],[-22.4,82.3],[-22.9,82.3],[-23.4,82.3],[-23.8,82.3],[-23.9,82.3],[-24.4,82.3],[-24.9,82.3],[-25.4,82.2],[-25.9,82.2],[-26.4,82.2],[-26.9,82.2],[-27.4,82.2],[-27.9,82.2],[-28.4,82.2],[-28.9,82.2],[-29.4,82.2],[-29.9,82.1],[-29.9,82.2],[-30.2,82.2],[-30.4,82.2],[-30.7,82.2],[-31.1,82.2],[-31.4,82.2],[-31.6,82.2],[-31.2,82.2],[-30.7,82.2],[-30.3,82.2],[-30.2,82.2],[-30.1,82.2],[-30,82.1],[-29.9,82.1],[-30.3,82.1],[-30.7,82],[-31.1,82],[-31.2,82],[-31.5,82],[-31.8,82],[-31.8,81.9],[-31.9,81.9],[-32,81.9],[-32.1,81.9],[-32.6,81.9],[-32.7,81.9],[-32.8,81.8],[-32.7,81.8],[-32.7,81.7],[-32.6,81.7],[-32.5,81.7],[-32.1,81.7],[-31.9,81.8],[-31.7,81.8],[-31.2,81.9],[-30.8,81.9],[-30.7,81.9],[-30.6,81.9],[-30.5,81.9],[-30.1,81.9],[-29.8,81.9],[-29.7,81.9],[-29.6,81.9],[-29.5,81.9],[-29.3,81.9],[-29.3,82],[-29.2,82],[-29,82],[-28.8,82],[-28.7,82],[-28.6,82],[-28.4,82],[-28.3,82],[-28.2,82],[-27.9,82],[-27.8,82.1],[-27.3,82.1],[-26.9,82],[-26.4,82],[-26,82],[-25.5,82],[-25.1,82],[-24.6,82],[-24.7,81.9],[-24.6,81.9],[-24.6,81.8],[-24.7,81.8],[-25.1,81.7],[-25.5,81.7],[-25.9,81.7],[-26.3,81.6],[-26.5,81.6],[-26.6,81.6],[-26.7,81.5],[-26.5,81.5],[-26.4,81.4],[-26,81.5],[-25.6,81.6],[-25.5,81.6],[-25,81.6],[-24.5,81.6],[-24.4,81.6],[-24.4,81.7],[-24.3,81.7],[-24,81.7],[-23.8,81.7],[-23.5,81.7],[-23.4,81.7],[-23.3,81.8],[-23.3,81.9],[-23.4,81.9],[-23.3,81.9],[-23.3,82],[-23.2,82],[-23.1,82],[-23,82],[-22.6,82.1],[-22.2,82.1],[-21.8,82.1],[-21.4,82.1],[-21.3,82.1],[-21.1,82],[-21.1,81.9],[-21.1,81.8],[-21,81.8],[-21,81.7],[-21.1,81.7],[-21.2,81.6],[-21.1,81.6],[-21.2,81.6],[-21.2,81.5],[-21.3,81.5],[-21.5,81.4],[-21.8,81.3],[-22.1,81.3],[-22.1,81.2],[-22.2,81.2],[-22.3,81.2],[-22.4,81.1],[-22.6,81.1],[-22.7,81.1],[-23.1,80.9],[-23.2,80.9],[-23.3,80.9],[-23.2,80.9],[-23.2,80.8],[-23.3,80.8],[-23.4,80.8],[-23.5,80.8],[-23.5,80.7],[-23.6,80.7],[-23.7,80.7],[-23.9,80.6],[-23.6,80.6],[-23.2,80.7],[-23.1,80.7],[-23.1,80.8],[-22.9,80.8],[-22.9,80.9],[-23,80.9],[-22.7,80.9],[-22.3,81],[-22.2,81],[-22.1,81],[-22,81],[-21.9,81],[-21.9,81.1],[-21.8,81.1],[-21.5,81.2],[-21.4,81.2],[-21,81.2],[-20.9,81.3],[-20.8,81.3],[-20.7,81.3],[-20.7,81.4],[-20.3,81.5],[-19.9,81.5],[-19.8,81.6],[-20.1,81.6],[-20,81.6],[-19.9,81.6],[-19.9,81.7],[-19.7,81.7],[-19.6,81.7],[-19.6,81.6],[-19.4,81.6],[-19.3,81.6],[-19.2,81.6],[-19.1,81.6],[-19,81.6],[-19.2,81.6],[-19.3,81.5],[-19.4,81.4],[-19.5,81.4],[-19.1,81.4],[-18.7,81.5],[-18.5,81.5],[-18.4,81.5],[-18.2,81.5],[-18,81.4],[-17.9,81.4],[-17.8,81.4],[-17.9,81.5],[-17.6,81.4],[-17.5,81.4],[-17.4,81.4],[-17.1,81.4],[-17.2,81.4],[-17.2,81.5],[-17,81.5],[-16.9,81.5],[-16.8,81.5],[-16.8,81.6],[-16.9,81.6],[-17,81.6],[-16.9,81.6],[-16.8,81.6],[-16.7,81.6],[-16.6,81.6],[-16.5,81.6],[-16.5,81.7],[-16.2,81.8],[-16.1,81.8],[-15.9,81.8],[-15.8,81.8],[-15.5,81.8],[-15.3,81.8],[-15.2,81.8],[-15.3,81.8],[-15.2,81.8],[-14.8,81.8],[-14.3,81.8],[-13.9,81.8],[-13.5,81.8],[-13.1,81.7],[-12.9,81.7],[-12.8,81.7],[-12.7,81.7],[-12.6,81.7],[-12.3,81.7],[-12,81.6],[-11.9,81.6],[-11.7,81.6],[-11.7,81.5],[-11.4,81.5],[-11.6,81.4],[-11.9,81.4],[-12.2,81.3],[-12.3,81.3],[-12.4,81.2],[-12.5,81.2],[-12.8,81.1],[-13.1,81.1],[-13.2,81.1],[-13.3,81.1],[-13.3,81],[-13.4,81],[-13.7,81],[-14.1,81],[-14.6,81],[-14.5,81],[-14.2,80.9],[-14.1,80.9],[-14.2,80.8],[-14.3,80.8],[-14.6,80.7],[-14.7,80.8],[-15,80.7],[-15.3,80.7],[-15.4,80.7],[-15.4,80.6],[-15.8,80.6],[-16.3,80.6],[-16.4,80.7],[-16.7,80.7],[-17.1,80.7],[-17.2,80.7],[-17.5,80.7],[-17.4,80.7],[-17.5,80.6],[-17.6,80.6],[-17.8,80.6],[-18.1,80.6],[-18.3,80.6],[-18.6,80.6],[-19,80.6],[-19.2,80.6],[-19.5,80.7],[-19.8,80.6],[-20.2,80.6],[-20.5,80.6],[-20.8,80.6],[-20.8,80.5],[-20.4,80.5],[-20.3,80.5],[-20.2,80.5],[-19.9,80.6],[-19.5,80.6],[-19,80.6],[-18.8,80.6],[-18.7,80.5],[-18.4,80.5],[-18.1,80.5],[-17.7,80.5],[-17.3,80.5],[-16.9,80.6],[-16.8,80.6],[-16.7,80.5],[-16.4,80.5],[-16.1,80.5],[-15.8,80.4],[-16.3,80.3],[-16.4,80.3],[-16.3,80.3],[-16.4,80.2],[-16.8,80.2],[-16.9,80.2],[-17.1,80.2],[-17.3,80.2],[-17.6,80.2],[-17.9,80.2],[-18.3,80.2],[-18.7,80.2],[-18.8,80.2],[-19,80.2],[-19.2,80.3],[-19.5,80.3],[-19.6,80.2],[-19.7,80.2],[-19.8,80.1],[-20.2,80.1],[-20,80.1],[-20.1,80],[-20.2,80],[-20.1,80],[-20.4,79.9],[-20.4,79.8],[-20.1,79.8],[-20,79.8],[-20,79.7],[-19.9,79.7],[-19.8,79.7],[-19.5,79.8],[-19.4,79.8],[-19.4,79.7],[-19.3,79.7],[-19.2,79.7],[-19.3,79.7],[-19.4,79.6],[-19.4,79.5],[-19.5,79.5],[-19.5,79.4],[-19.6,79.4],[-19.5,79.4],[-19.5,79.3],[-19.5,79.2],[-19.6,79.2],[-19.5,79.2],[-19.4,79.3],[-19.3,79.3],[-19.3,79.4],[-19.2,79.4],[-19.2,79.3],[-19.1,79.3],[-18.9,79.3],[-18.9,79.2],[-19,79.2],[-19,79.1],[-19,79.2],[-19.1,79.1],[-19.1,79.2],[-19.2,79.2],[-19.2,79.1],[-19.3,79.1],[-19.4,79.1],[-19.5,79.1],[-19.6,79.1],[-19.7,79.1],[-19.8,79.1],[-19.8,79],[-19.9,79],[-19.8,78.9],[-19.9,78.8],[-20.2,78.8],[-20.3,78.8],[-20.4,78.9],[-20.6,78.8],[-20.7,78.8],[-20.6,78.8],[-20.7,78.8],[-20.9,78.8],[-21,78.8],[-20.9,78.7],[-20.8,78.7],[-20.9,78.7],[-21.1,78.7],[-21.2,78.6],[-20.9,78.6],[-20.8,78.6],[-20.9,78.6],[-21,78.5],[-21.1,78.5],[-21.1,78.4],[-21.2,78.4],[-21.3,78.3],[-21.3,78.2],[-21.2,78.2],[-21.3,78.2],[-21.4,78.1],[-21.3,78.1],[-21.4,78.1],[-21.6,78],[-21.6,77.9],[-21.5,77.9],[-21.6,77.9],[-21.8,77.9],[-21.8,77.8],[-21.9,77.8],[-21.9,77.7],[-22,77.7],[-21.7,77.7],[-21.5,77.7],[-21.4,77.7],[-21.5,77.7],[-21.6,77.6],[-21.6,77.5],[-21.6,77.6],[-21.5,77.6],[-21.4,77.7],[-21.3,77.7],[-21.4,77.7],[-21.4,77.8],[-21,78],[-20.9,78],[-20.8,78],[-20.4,77.9],[-20,77.8],[-19.7,77.8],[-19.4,77.7],[-19.3,77.7],[-19.2,77.7],[-19.1,77.7],[-19,77.6],[-19.1,77.6],[-19.3,77.5],[-19.4,77.5],[-19.7,77.6],[-20,77.7],[-20.1,77.7],[-20.3,77.7],[-20.4,77.7],[-20.8,77.7],[-20.8,77.6],[-20.3,77.6],[-20.3,77.5],[-20.4,77.5],[-20.5,77.5],[-20.4,77.5],[-20.5,77.5],[-20.8,77.5],[-20.9,77.5],[-20.8,77.5],[-20.5,77.5],[-20.2,77.4],[-20.5,77.4],[-20.2,77.4],[-20,77.4],[-19.7,77.3],[-19.6,77.3],[-19.5,77.3],[-19.4,77.2],[-19.3,77.2],[-19.2,77.2],[-19.1,77.2],[-19.1,77.3],[-19,77.3],[-18.8,77.3],[-18.6,77.3],[-18.5,77.3],[-18.5,77.2],[-18.4,77.2],[-18.3,77.2],[-18.3,77.1],[-18.3,77],[-18.3,76.9],[-18.3,76.8],[-18.4,76.8],[-18.5,76.8],[-18.5,76.7],[-18.6,76.8],[-18.6,76.7],[-18.7,76.7],[-18.7,76.8],[-18.8,76.8],[-18.9,76.8],[-19,76.8],[-19.1,76.8],[-19.4,76.8],[-19.5,76.8],[-19.5,76.9],[-19.6,76.9],[-19.9,76.9],[-20.2,76.9],[-20.3,76.9],[-20.5,76.9],[-20.6,76.9],[-20.7,76.9],[-20.8,76.9],[-20.9,76.9],[-21,76.9],[-21.4,76.9],[-21.5,76.9],[-21.7,76.9],[-21.6,76.9],[-21.4,76.9],[-21.1,76.9],[-21,76.9],[-20.9,76.8],[-20.8,76.9],[-20.8,76.8],[-20.9,76.8],[-21,76.8],[-21.1,76.8],[-21.2,76.8],[-21.3,76.8],[-21.2,76.8],[-21.3,76.8],[-21.3,76.7],[-21.5,76.7],[-21.7,76.7],[-21.6,76.7],[-21.6,76.6],[-21.7,76.6],[-21.7,76.7],[-21.8,76.7],[-21.9,76.7],[-21.9,76.8],[-22,76.8],[-22.1,76.8],[-22.2,76.8],[-22.2,76.9],[-22.3,76.9],[-22.5,76.8],[-22.4,76.8],[-22.3,76.8],[-22.4,76.7],[-22.5,76.8],[-22.6,76.7],[-22.7,76.7],[-22.5,76.7],[-22.5,76.6],[-22.4,76.6],[-22.4,76.5],[-22.3,76.5],[-22.3,76.6],[-22.2,76.6],[-22.1,76.6],[-21.9,76.6],[-21.8,76.6],[-22,76.6],[-22.1,76.6],[-22.1,76.5],[-22,76.5],[-21.9,76.5],[-21.9,76.6],[-21.8,76.6],[-21.7,76.5],[-22,76.5],[-21.8,76.5],[-21.7,76.5],[-21.7,76.4],[-21.8,76.4],[-22.1,76.4],[-22.2,76.4],[-22.3,76.5],[-22.4,76.5],[-22.4,76.4],[-22.5,76.5],[-22.4,76.4],[-22.3,76.4],[-22.2,76.4],[-21.9,76.4],[-21.6,76.4],[-21.6,76.3],[-21.7,76.3],[-21.7,76.2],[-21.5,76.2],[-21.4,76.2],[-21.4,76.3],[-21.5,76.3],[-21.4,76.3],[-21.3,76.3],[-21.4,76.3],[-21.1,76.3],[-20.9,76.2],[-20.8,76.2],[-20.7,76.2],[-20.6,76.2],[-20.6,76.1],[-20.7,76.1],[-20.5,76.1],[-20.4,76.1],[-20.5,76.1],[-20.6,76.2],[-20.7,76.2],[-20.9,76.2],[-20.9,76.3],[-21,76.3],[-21.1,76.3],[-21,76.3],[-20.9,76.3],[-20.7,76.3],[-20.6,76.2],[-20.5,76.2],[-20.3,76.2],[-20.2,76.2],[-19.9,76.3],[-19.8,76.2],[-19.7,76.1],[-19.8,76.1],[-20,76.1],[-20.3,76],[-20.7,76],[-21.1,76],[-21.6,76],[-21.7,76],[-21.8,76],[-21.9,76],[-22,76],[-21.9,76],[-22,76],[-21.9,76],[-21.8,76],[-21.6,76],[-21.3,76],[-20.9,76],[-20.6,76],[-20.5,76],[-20.4,75.9],[-20.3,75.9],[-19.9,75.9],[-19.7,75.9],[-19.6,75.8],[-19.5,75.8],[-19.3,75.7],[-19.4,75.7],[-19.5,75.7],[-19.6,75.7],[-19.5,75.6],[-19.4,75.6],[-19.4,75.5],[-19.4,75.4],[-19.3,75.4],[-19.4,75.4],[-19.4,75.3],[-19.4,75.2],[-19.5,75.2],[-19.6,75.1],[-19.9,75.1],[-19.9,75.2],[-20,75.2],[-20.1,75.2],[-20,75.2],[-20,75.3],[-19.9,75.3],[-20,75.3],[-20.1,75.3],[-20.2,75.3],[-20.3,75.3],[-20.4,75.3],[-20.7,75.3],[-20.9,75.3],[-21,75.4],[-21.2,75.4],[-21.2,75.5],[-21.3,75.5],[-21.7,75.6],[-22,75.6],[-22.3,75.7],[-22.3,75.6],[-21.9,75.6],[-21.6,75.5],[-21.4,75.5],[-21.4,75.4],[-21.9,75.5],[-22.4,75.5],[-22.5,75.5],[-22.5,75.6],[-22.5,75.5],[-22.1,75.5],[-21.8,75.5],[-21.4,75.4],[-21.3,75.4],[-21,75.3],[-20.9,75.3],[-20.8,75.3],[-20.7,75.2],[-20.6,75.2],[-20.5,75.1],[-20.7,75.1],[-21,75.1],[-21.1,75.1],[-21.2,75.1],[-21.6,75],[-21.8,75],[-21.9,75],[-21.9,75.1],[-22.3,75.2],[-22.4,75.2],[-22.3,75.1],[-22.1,75.1],[-21.9,75.1],[-22,75],[-21.9,75],[-21.8,75],[-21.7,75],[-21.5,75],[-21.1,75.1],[-21,75.1],[-20.9,75.1],[-20.8,75.1],[-20.7,75.1],[-20.6,75.1],[-20.6,75],[-20.7,75],[-20.7,74.9],[-20.8,74.9],[-20.8,74.8],[-20.7,74.8],[-20.6,74.8],[-20.6,74.7],[-20.7,74.7],[-20.8,74.7],[-21.1,74.7],[-21,74.6],[-20.7,74.6],[-20.7,74.7],[-20.6,74.7],[-20.5,74.7],[-20.3,74.7],[-20.2,74.7],[-20.1,74.7],[-20,74.6],[-19.9,74.6],[-19.8,74.6],[-19.7,74.6],[-19.6,74.6],[-19.5,74.6],[-19.4,74.7],[-19.3,74.7],[-19.3,74.6],[-19.4,74.6],[-19.3,74.6],[-19.3,74.5],[-19.2,74.5],[-19.1,74.5],[-19,74.5],[-19.1,74.4],[-19.2,74.4],[-19.2,74.3],[-19.3,74.3],[-19.4,74.3],[-19.6,74.2],[-19.9,74.3],[-20.2,74.3],[-20.2,74.4],[-20.3,74.4],[-20.4,74.4],[-20.5,74.4],[-20.5,74.5],[-20.6,74.5],[-20.7,74.5],[-20.8,74.5],[-21.3,74.5],[-21.5,74.5],[-21.6,74.4],[-21.8,74.5],[-21.9,74.5],[-22,74.6],[-22.1,74.6],[-21.9,74.5],[-21.8,74.4],[-22,74.3],[-22.1,74.3],[-22.2,74.3],[-22.3,74.3],[-22.4,74.3],[-22.5,74.3],[-22.4,74.3],[-22.3,74.3],[-22.2,74.3],[-22.1,74.3],[-22,74.3],[-22.1,74.2],[-22.2,74.2],[-22.3,74.2],[-22.2,74.2],[-22.2,74.1],[-22.3,74.1],[-22.4,74.1],[-22.5,74.1],[-22.3,74.1],[-22.3,74],[-22.1,74],[-22,74],[-22,73.9],[-21.9,73.9],[-21.8,73.8],[-21.9,73.8],[-21.9,73.7],[-21.8,73.7],[-21.7,73.7],[-21.8,73.8],[-21.7,73.8],[-21.8,73.8],[-21.7,73.8],[-21.8,73.8],[-21.8,73.9],[-21.9,73.9],[-21.9,74],[-21.8,74.1],[-21.6,74.1],[-21.1,74],[-20.7,73.9],[-20.4,73.9],[-20.3,73.9],[-20.3,73.8],[-20.2,73.8],[-20.3,73.8],[-20.4,73.8],[-20.5,73.8],[-20.5,73.7],[-20.4,73.7],[-20.5,73.7],[-20.5,73.6],[-20.5,73.5],[-20.4,73.5],[-20.5,73.4],[-20.9,73.5],[-21.3,73.5],[-21.5,73.5],[-21.6,73.5],[-21.6,73.4],[-21.5,73.4],[-21.6,73.4],[-21.7,73.4],[-21.8,73.4],[-22,73.3],[-22.1,73.3],[-22.2,73.3],[-22.3,73.3],[-22.6,73.3],[-23,73.3],[-23.1,73.4],[-23.2,73.4],[-23.4,73.4],[-23.5,73.4],[-23.5,73.5],[-23.6,73.5],[-23.8,73.5],[-23.9,73.6],[-24,73.6],[-24,73.7],[-23.9,73.7],[-23.8,73.7],[-23.7,73.7],[-23.6,73.7],[-23.5,73.7],[-23.4,73.7],[-23.3,73.7],[-23.1,73.6],[-22.8,73.6],[-22.7,73.5],[-22.6,73.6],[-22.5,73.6],[-22.4,73.6],[-22.2,73.6],[-22.3,73.6],[-22.4,73.6],[-22.6,73.6],[-22.8,73.6],[-22.9,73.6],[-23.1,73.7],[-23.2,73.7],[-23.6,73.7],[-23.8,73.7],[-23.9,73.7],[-23.9,73.8],[-24,73.8],[-24.1,73.8],[-24.2,73.8],[-24.3,73.8],[-24.3,73.7],[-24.4,73.7],[-24.5,73.7],[-24.4,73.6],[-24.4,73.5],[-24.5,73.5],[-24.9,73.6],[-25,73.6],[-25,73.7],[-25.2,73.7],[-25.3,73.8],[-25.4,73.8],[-25.5,73.9],[-25.6,73.9],[-25.7,74],[-25.7,73.9],[-25.6,73.9],[-25.6,73.8],[-25.5,73.8],[-25.4,73.8],[-25.3,73.7],[-25.1,73.7],[-25.1,73.6],[-25,73.6],[-24.9,73.6],[-24.8,73.6],[-24.7,73.5],[-25,73.5],[-25.3,73.5],[-25.5,73.4],[-25.4,73.4],[-25.5,73.3],[-25.6,73.3],[-25.7,73.3],[-25.8,73.3],[-25.9,73.3],[-26,73.2],[-26.2,73.2],[-26.3,73.3],[-26.4,73.3],[-26.5,73.3],[-26.6,73.3],[-26.8,73.3],[-27.2,73.4],[-27.2,73.5],[-27.3,73.5],[-27.4,73.5],[-27.5,73.5],[-27.5,73.4],[-27.4,73.4],[-27.3,73.4],[-27.1,73.4],[-26.9,73.3],[-26.8,73.3],[-26.4,73.3],[-26.4,73.2],[-26.5,73.2],[-26.6,73.2],[-26.7,73.2],[-26.7,73.1],[-26.8,73.1],[-26.9,73.2],[-27,73.2],[-27.1,73.2],[-27.2,73.2],[-27.4,73.2],[-27.6,73.2],[-27.7,73.2],[-27.7,73.1],[-27.5,73.1],[-27.4,73.1],[-27.4,73],[-27.5,72.9],[-27.4,72.9],[-27.4,73],[-27.3,73],[-27.3,73.1],[-27.2,73.1],[-26.7,73.1],[-26.6,73.1],[-26.5,73.2],[-26.4,73.2],[-26,73.2],[-25.9,73.2],[-25.7,73.1],[-25.4,73.1],[-25.1,73.1],[-25,73.1],[-25,73],[-25.1,73],[-25.1,72.9],[-25.2,72.9],[-25.3,72.9],[-25.7,72.9],[-25.8,72.9],[-25.9,72.8],[-26,72.8],[-26.1,72.8],[-26.2,72.8],[-26.3,72.8],[-26.6,72.9],[-26.8,72.9],[-27.1,72.8],[-27.3,72.9],[-27.4,72.9],[-27.4,72.8],[-27.1,72.8],[-26.9,72.8],[-26.7,72.8],[-26.5,72.8],[-26.4,72.8],[-26.5,72.7],[-26.7,72.7],[-26.8,72.7],[-26.7,72.7],[-26.3,72.7],[-26.4,72.6],[-26.5,72.6],[-26.4,72.6],[-26.2,72.7],[-26.1,72.7],[-25.9,72.7],[-25.8,72.8],[-25.7,72.8],[-25.6,72.8],[-25.5,72.8],[-25.4,72.8],[-25.3,72.8],[-25.2,72.8],[-25.1,72.8],[-25.1,72.7],[-25,72.7],[-24.8,72.7],[-24.7,72.7],[-24.7,72.6],[-24.7,72.5],[-24.6,72.6],[-24.6,72.5],[-24.7,72.5],[-24.8,72.5],[-24.9,72.5],[-25.1,72.4],[-25.5,72.4],[-25.9,72.4],[-25.7,72.4],[-25.4,72.4],[-25.3,72.4],[-25.4,72.3],[-25.5,72.3],[-25.5,72.2],[-25.5,72.1],[-25.4,72.1],[-25.4,72.2],[-25.4,72.3],[-25.3,72.3],[-25.2,72.4],[-25,72.4],[-24.9,72.4],[-24.8,72.4],[-24.7,72.4],[-24.6,72.4],[-24.5,72.4],[-24.3,72.3],[-24.2,72.3],[-24.3,72.3],[-24.2,72.3],[-24.1,72.3],[-24,72.3],[-23.9,72.3],[-23.8,72.3],[-23.8,72.2],[-23.9,72.2],[-23.8,72.2],[-23.7,72.2],[-23.8,72.1],[-23.7,72.1],[-23.7,72.2],[-23.6,72.2],[-23.6,72.1],[-23.1,72.1],[-23.1,72],[-23.2,72],[-23.1,72],[-23,72],[-22.9,72],[-22.7,72],[-22.6,71.9],[-22.5,71.9],[-22.7,71.9],[-22.7,71.8],[-22.8,71.8],[-23,71.7],[-23.1,71.7],[-23.1,71.6],[-23,71.6],[-22.9,71.7],[-22.8,71.7],[-22.6,71.8],[-22.5,71.8],[-22.4,71.8],[-22.5,71.7],[-22.6,71.7],[-22.7,71.7],[-22.6,71.6],[-22.5,71.6],[-22.4,71.6],[-22.4,71.7],[-22.3,71.7],[-22.2,71.8],[-22.1,71.7],[-22.2,71.7],[-22.1,71.7],[-21.9,71.7],[-22,71.7],[-22.1,71.7],[-22.2,71.6],[-22.1,71.6],[-22.3,71.6],[-22.4,71.6],[-22.5,71.6],[-22.5,71.5],[-22.5,71.4],[-22.5,71.3],[-22.4,71.3],[-22.5,71.3],[-22.4,71.3],[-22.3,71.3],[-22.4,71.3],[-22.4,71.4],[-22.3,71.4],[-22.1,71.5],[-22,71.5],[-21.9,71.5],[-22,71.5],[-21.9,71.5],[-21.8,71.5],[-21.7,71.5],[-21.8,71.5],[-21.9,71.4],[-21.8,71.4],[-21.7,71.4],[-21.8,71.4],[-21.7,71.4],[-21.8,71.4],[-21.9,71.4],[-21.9,71.3],[-21.8,71.3],[-21.8,71.4],[-21.7,71.4],[-21.8,71.3],[-21.7,71.3],[-21.6,71.3],[-22,71.3],[-21.9,71.3],[-21.9,71.2],[-21.8,71.3],[-21.7,71.3],[-21.7,71.2],[-21.7,71.1],[-21.8,71.2],[-21.8,71.1],[-21.7,71.1],[-21.8,71.1],[-22.1,71.1],[-22.2,71.1],[-22.3,71.1],[-22.3,71],[-22,71.1],[-21.9,71.1],[-21.8,71.1],[-21.7,71.1],[-21.7,71],[-21.8,71],[-21.9,71],[-22,71],[-21.9,71],[-21.7,71],[-21.8,71],[-21.8,70.9],[-21.7,71],[-21.7,70.9],[-21.6,71],[-21.6,70.9],[-21.7,70.9],[-21.8,70.9],[-21.7,70.9],[-21.7,70.8],[-21.8,70.8],[-21.9,70.8],[-21.8,70.8],[-21.7,70.8],[-21.6,70.8],[-21.7,70.8],[-21.8,70.8],[-21.8,70.7],[-21.7,70.7],[-21.6,70.7],[-21.5,70.7],[-21.8,70.7],[-21.7,70.7],[-21.6,70.7],[-21.7,70.7],[-21.6,70.7],[-21.6,70.6],[-21.8,70.6],[-21.7,70.6],[-21.8,70.6],[-21.7,70.6],[-21.6,70.6],[-21.7,70.6],[-21.6,70.6],[-21.6,70.5],[-21.5,70.5],[-21.5,70.6],[-21.5,70.5],[-21.6,70.5],[-21.6,70.4],[-21.7,70.4],[-21.8,70.4],[-21.9,70.4],[-22,70.4],[-21.9,70.5],[-22,70.5],[-22.1,70.5],[-22.3,70.4],[-22.4,70.4],[-22.4,70.5],[-22.4,70.6],[-22.5,70.7],[-22.4,70.8],[-22.4,70.9],[-22.5,70.9],[-22.5,70.8],[-22.6,70.8],[-22.6,70.7],[-22.6,70.6],[-22.6,70.5],[-22.6,70.4],[-22.7,70.4],[-23,70.4],[-23.1,70.4],[-23.3,70.4],[-23.7,70.5],[-23.7,70.6],[-23.8,70.6],[-23.9,70.6],[-24,70.7],[-24.1,70.7],[-24.1,70.8],[-24.2,70.8],[-24.2,70.9],[-24.2,71],[-24.2,71.1],[-24.3,71.1],[-24.4,71.2],[-24.5,71.2],[-24.6,71.2],[-24.6,71.3],[-24.7,71.3],[-24.6,71.3],[-24.6,71.4],[-24.7,71.4],[-24.7,71.3],[-24.8,71.3],[-24.9,71.3],[-25,71.3],[-25.1,71.3],[-25.2,71.3],[-25.2,71.4],[-25.3,71.4],[-25.4,71.4],[-25.5,71.5],[-25.6,71.5],[-25.7,71.5],[-25.8,71.5],[-25.8,71.6],[-25.9,71.6],[-26,71.6],[-26.1,71.6],[-26.2,71.6],[-26.3,71.6],[-26.4,71.6],[-26.5,71.6],[-26.6,71.5],[-26.8,71.5],[-26.8,71.6],[-26.9,71.6],[-27.2,71.7],[-27.3,71.8],[-27.4,71.8],[-27.5,71.8],[-27.6,71.9],[-27.9,72],[-28,72],[-28.1,72],[-28.2,72],[-28.3,72.1],[-28.5,72.1],[-28.6,72.1],[-28.7,72.1],[-28.6,72.1],[-28.5,72.1],[-28.4,72],[-28.5,72],[-28.5,71.9],[-28.2,71.9],[-27.9,71.9],[-27.8,71.9],[-27.9,71.9],[-28,71.9],[-27.6,71.8],[-27.3,71.7],[-27.4,71.7],[-27.4,71.6],[-27.5,71.6],[-27.6,71.7],[-27.7,71.6],[-27.8,71.6],[-27.9,71.6],[-28,71.6],[-27.9,71.6],[-28,71.6],[-28.4,71.6],[-28.5,71.6],[-28.4,71.5],[-28.2,71.6],[-27.9,71.6],[-27.8,71.6],[-27.7,71.6],[-27.4,71.6],[-27.1,71.6],[-27.2,71.5],[-27.3,71.5],[-27.2,71.5],[-27.1,71.5],[-27,71.5],[-26.8,71.5],[-26.7,71.5],[-26.5,71.5],[-26.4,71.5],[-26.3,71.5],[-26.2,71.5],[-26.1,71.5],[-26,71.5],[-25.8,71.5],[-25.7,71.5],[-25.7,71.4],[-25.6,71.4],[-25.5,71.4],[-25.4,71.4],[-25.4,71.3],[-25.5,71.2],[-25.7,71.3],[-25.8,71.3],[-25.7,71.2],[-25.6,71.2],[-25.7,71.2],[-25.7,71.1],[-25.8,71.1],[-25.9,71.1],[-26,71.1],[-26.1,71.1],[-26.2,71],[-26.3,71],[-26.4,71],[-26.8,70.9],[-27.2,70.9],[-27.3,70.9],[-27.5,70.9],[-27.5,71],[-27.6,71],[-27.7,71.1],[-27.8,71.1],[-27.8,71.2],[-27.8,71.1],[-27.9,71.1],[-27.8,71.1],[-27.8,71],[-27.7,71],[-27.6,71],[-27.6,70.9],[-27.7,70.9],[-27.8,71],[-28,71],[-28.1,71],[-28.2,71],[-28.3,71],[-28.4,71],[-28.1,70.9],[-28,70.9],[-27.9,70.9],[-28,70.8],[-28,70.7],[-28.2,70.6],[-28.3,70.6],[-28.2,70.6],[-28.3,70.6],[-28.4,70.6],[-28.4,70.5],[-28.5,70.5],[-28.6,70.5],[-28.7,70.5],[-29,70.5],[-29.1,70.5],[-29.2,70.5],[-29.2,70.4],[-29.1,70.4],[-29,70.4],[-28.9,70.4],[-28.9,70.5],[-28.8,70.5],[-28.6,70.5],[-28.5,70.5],[-28.4,70.5],[-28.3,70.5],[-28.3,70.4],[-28.2,70.4],[-28.1,70.4],[-28,70.4],[-27.6,70.4],[-27.2,70.5],[-27.1,70.4],[-26.9,70.5],[-26.8,70.5],[-26.7,70.5],[-26.5,70.5],[-26.3,70.4],[-26.4,70.4],[-26.5,70.3],[-26.7,70.3],[-26.9,70.3],[-27,70.3],[-27.1,70.3],[-27.2,70.3],[-27.3,70.3],[-27.4,70.2],[-27.7,70.1],[-27.8,70.1],[-27.9,70.1],[-28.1,70.1],[-28.3,70.1],[-28.4,70.1],[-28.5,70.1],[-28.6,70.1],[-28.5,70],[-28.4,70.1],[-28.2,70.1],[-28.1,70.1],[-28,70],[-27.9,70],[-27.8,70],[-27.6,70.1],[-27.5,70],[-27.3,70],[-27.2,70.1],[-27.2,70.2],[-27.1,70.2],[-27,70.2],[-26.9,70.2],[-26.9,70.3],[-26.8,70.3],[-26.6,70.3],[-26.6,70.2],[-26.5,70.2],[-26.3,70.2],[-26.2,70.2],[-26,70.3],[-25.9,70.3],[-25.5,70.4],[-25.4,70.4],[-25.3,70.4],[-25.2,70.4],[-25.3,70.4],[-25.4,70.4],[-25.3,70.4],[-25.3,70.3],[-25.4,70.3],[-25.3,70.3],[-25.2,70.3],[-25.1,70.4],[-25,70.4],[-24.9,70.3],[-24.8,70.3],[-24.7,70.3],[-24.6,70.3],[-24.5,70.2],[-24.4,70.2],[-24.2,70.2],[-24,70.2],[-23.9,70.2],[-23.9,70.1],[-23.8,70.2],[-23.8,70.1],[-23.7,70.1],[-23.6,70.1],[-23.2,70.1],[-22.8,70.1],[-22.4,70.1],[-22.3,70.1],[-22.2,70.1],[-22.1,70.2],[-22.1,70.1],[-22.2,70.1],[-22.2,70],[-22.3,70],[-22.4,70],[-22.5,70],[-22.6,70],[-22.6,69.9],[-22.7,69.9],[-22.8,69.9],[-22.8,70],[-22.9,70],[-22.9,69.9],[-22.8,69.9],[-22.9,69.9],[-23,69.9],[-23.1,69.9],[-23,69.9],[-23.1,69.9],[-23.2,69.9],[-23.3,69.9],[-23.2,69.9],[-23,69.8],[-22.9,69.8],[-23,69.8],[-23.1,69.8],[-23.2,69.8],[-23.3,69.8],[-23.3,69.9],[-23.4,69.9],[-23.4,69.8],[-23.3,69.8],[-23.2,69.8],[-23.3,69.8],[-23.4,69.8],[-23.6,69.7],[-23.9,69.8],[-23.9,69.7],[-23.7,69.7],[-23.6,69.7],[-23.6,69.6],[-23.7,69.6],[-23.6,69.6],[-23.7,69.5],[-23.8,69.5],[-23.9,69.5],[-24,69.6],[-24.1,69.6],[-24.3,69.6],[-24.4,69.6],[-24.2,69.6],[-24.1,69.6],[-24.1,69.5],[-24.2,69.5],[-24.1,69.5],[-24.1,69.4],[-24.3,69.4],[-24.4,69.4],[-24.3,69.4],[-24.4,69.4],[-24.5,69.4],[-24.6,69.4],[-24.7,69.4],[-24.8,69.4],[-24.7,69.4],[-24.6,69.4],[-24.6,69.3],[-24.7,69.3],[-24.8,69.3],[-24.7,69.3],[-24.6,69.3],[-24.7,69.2],[-24.8,69.2],[-24.8,69.3],[-24.9,69.3],[-25,69.3],[-25.1,69.3],[-25.2,69.3],[-25.2,69.2],[-25.3,69.3],[-25.3,69.2],[-25.1,69.2],[-25,69.2],[-25.1,69.2],[-25.1,69.1],[-25,69.1],[-25.1,69.1],[-25.2,69.1],[-25.3,69.1],[-25.2,69.1],[-25.2,69],[-25.3,69],[-25.4,69],[-25.4,69.1],[-25.3,69.1],[-25.5,69.1],[-25.6,69.1],[-25.7,69.1],[-25.6,69],[-25.5,69],[-25.6,69],[-25.7,69],[-25.6,69],[-25.5,69],[-25.4,69],[-25.5,69],[-25.6,69],[-25.7,69],[-25.7,68.9],[-25.6,68.9],[-25.7,68.9],[-25.8,68.9],[-25.8,68.8],[-25.9,68.8],[-25.8,68.8],[-25.9,68.8],[-26.1,68.8],[-26.2,68.8],[-26.3,68.8],[-26.3,68.7],[-26.4,68.7],[-26.5,68.7],[-26.6,68.7],[-26.7,68.7],[-26.8,68.6],[-26.9,68.7],[-27,68.6],[-27.1,68.6],[-27.2,68.6],[-27.3,68.6],[-27.2,68.6],[-27.2,68.5],[-27.3,68.5],[-27.5,68.5],[-27.5,68.6],[-27.6,68.6],[-27.6,68.5],[-27.7,68.5],[-27.8,68.5],[-27.6,68.5],[-27.7,68.5],[-27.8,68.5],[-27.9,68.5],[-27.9,68.6],[-28,68.6],[-28,68.5],[-28.1,68.5],[-28.1,68.4],[-28.2,68.5],[-28.3,68.5],[-28.4,68.5],[-28.3,68.5],[-28.3,68.4],[-28.4,68.4],[-28.5,68.4],[-28.6,68.4],[-28.7,68.4],[-28.8,68.4],[-28.9,68.3],[-28.9,68.4],[-29,68.4],[-29,68.3],[-29.1,68.4],[-29.2,68.4],[-29.2,68.3],[-29.1,68.3],[-29.2,68.3],[-29.3,68.3],[-29.4,68.2],[-29.4,68.3],[-29.5,68.2],[-29.4,68.2],[-29.5,68.2],[-29.6,68.2],[-29.6,68.3],[-29.7,68.3],[-29.8,68.3],[-29.8,68.4],[-29.9,68.4],[-30,68.4],[-30,68.3],[-30.1,68.3],[-30,68.3],[-30,68.2],[-30.1,68.2],[-30.1,68.3],[-30.2,68.3],[-30.3,68.3],[-30.3,68.2],[-30.2,68.2],[-30.1,68.2],[-30,68.1],[-30.1,68.1],[-30.2,68.1],[-30.3,68.1],[-30.4,68.1],[-30.4,68.2],[-30.5,68.2],[-30.7,68.3],[-30.8,68.3],[-30.8,68.2],[-30.5,68.2],[-30.5,68.1],[-30.4,68.1],[-30.5,68.1],[-30.4,68.1],[-30.5,68.1],[-30.6,68.1],[-30.5,68.1],[-30.6,68.1],[-30.7,68.1],[-30.8,68.1],[-30.9,68.1],[-30.9,68],[-31,68.1],[-31,68],[-31.1,68.1],[-31.2,68.1],[-31.4,68.1],[-31.5,68.1],[-31.4,68.1],[-31.3,68.1],[-31.4,68.2],[-31.5,68.2],[-31.5,68.1],[-31.4,68.1],[-31.5,68.1],[-31.6,68.1],[-31.7,68.1],[-31.7,68.2],[-31.6,68.2],[-31.5,68.2],[-31.6,68.3],[-31.9,68.3],[-32,68.3],[-32.1,68.3],[-32.1,68.4],[-32.2,68.4],[-32.1,68.5],[-32.2,68.5],[-32.2,68.4],[-32.3,68.4],[-32.3,68.5],[-32.4,68.6],[-32.5,68.6],[-32.4,68.5],[-32.5,68.5],[-32.6,68.5],[-32.5,68.4],[-32.4,68.4],[-32.3,68.4],[-32.2,68.4],[-32.2,68.3],[-32.1,68.2],[-32.2,68.2],[-32.4,68.2],[-32.5,68.2],[-32.4,68.2],[-32.3,68.2],[-32.2,68.2],[-32.1,68.2],[-32,68.1],[-32.1,68.1],[-32.1,68],[-32.1,67.9],[-32,67.9],[-32.1,67.9],[-32.2,67.9],[-32.1,67.9],[-32.3,67.9],[-32.4,67.9],[-32.5,67.9],[-32.5,67.8],[-32.6,67.8],[-32.7,67.8],[-32.8,67.7],[-32.9,67.7],[-33.1,67.7],[-33.2,67.7],[-33.1,67.7],[-33.1,67.6],[-33.2,67.6],[-33.2,67.5],[-33.3,67.5],[-33.3,67.6],[-33.4,67.6],[-33.4,67.5],[-33.3,67.5],[-33.3,67.4],[-33.4,67.4],[-33.5,67.4],[-33.6,67.4],[-33.5,67.3],[-33.4,67.3],[-33.5,67.3],[-33.4,67.3],[-33.4,67.2],[-33.5,67.2],[-33.6,67.2],[-33.6,67.3],[-33.7,67.2],[-33.6,67.2],[-33.5,67.2],[-33.5,67.1],[-33.6,67.1],[-33.5,67.1],[-33.6,67.1],[-33.7,67.1],[-33.6,67.1],[-33.7,67.1],[-33.8,67],[-33.9,67],[-33.8,67],[-33.7,67],[-33.8,67],[-34,67],[-33.9,67],[-33.9,66.9],[-33.9,67],[-34,67],[-34,66.9],[-33.9,66.9],[-34,66.9],[-34,66.8],[-33.9,66.8],[-34,66.7],[-34,66.8],[-34.1,66.8],[-34,66.8],[-34.1,66.7],[-34.1,66.8],[-34.1,66.7],[-34.2,66.7],[-34.1,66.7],[-34.2,66.7],[-34.2,66.6],[-34.3,66.6],[-34.3,66.7],[-34.3,66.6],[-34.4,66.6],[-34.4,66.7],[-34.5,66.7],[-34.5,66.6],[-34.4,66.6],[-34.4,66.5],[-34.5,66.5],[-34.6,66.4],[-34.7,66.4],[-34.6,66.4],[-34.7,66.4],[-34.7,66.3],[-34.8,66.3],[-34.8,66.4],[-34.9,66.4],[-34.9,66.3],[-35,66.3],[-35.1,66.3],[-35.1,66.4],[-35.2,66.4],[-35.2,66.3],[-35.1,66.3],[-35,66.3],[-35.1,66.2],[-35.2,66.2],[-35.3,66.3],[-35.4,66.3],[-35.5,66.3],[-35.6,66.3],[-35.7,66.3],[-35.7,66.4],[-35.8,66.4],[-35.7,66.4],[-35.8,66.4],[-35.9,66.4],[-35.8,66.4],[-35.7,66.3],[-35.6,66.3],[-35.6,66.2],[-35.7,66.2],[-35.6,66.2],[-35.6,66.1],[-35.7,66.2],[-35.8,66.2],[-35.7,66.2],[-35.7,66.1],[-35.8,66.1],[-35.9,66.1],[-35.8,66.1],[-35.7,66.1],[-35.8,66.1],[-35.9,66.1],[-35.9,66],[-35.9,66.1],[-35.9,66],[-36,66],[-36.1,65.9],[-36.2,65.9],[-36.2,66],[-36.3,66],[-36.2,66],[-36.3,66],[-36.3,65.9],[-36.4,65.9],[-36.4,66],[-36.4,66.1],[-36.3,66.1],[-36.4,66.1],[-36.5,66.1],[-36.6,66.1],[-36.5,66.1],[-36.5,66],[-36.5,66.1],[-36.5,66],[-36.7,66],[-36.7,65.9],[-36.8,65.9],[-36.9,65.9],[-36.8,65.9],[-36.9,65.9],[-37,65.8],[-37,65.9],[-37.1,65.9],[-37.1,66],[-37,66],[-37,66.1],[-37.1,66.1],[-37.1,66],[-37.2,66],[-37.1,66],[-37.2,65.9],[-37.1,65.9],[-37.2,65.9],[-37.1,65.9],[-37.1,65.8],[-37.2,65.8],[-37.3,65.8],[-37.2,65.8],[-37.5,65.9],[-37.6,65.9],[-37.7,65.9],[-37.8,65.9],[-37.9,65.9],[-37.8,65.9],[-37.8,66],[-37.7,66],[-37.8,66],[-37.8,66.1],[-37.7,66.1],[-37.6,66.1],[-37.7,66.1],[-37.6,66.1],[-37.5,66.1],[-37.6,66.1],[-37.6,66.2],[-37.5,66.2],[-37.4,66.2],[-37.3,66.3],[-37.2,66.3],[-37.4,66.3],[-37.5,66.3],[-37.5,66.4],[-37.5,66.3],[-37.6,66.3],[-37.7,66.4],[-37.8,66.4],[-37.9,66.4],[-38,66.4],[-38.1,66.4],[-38.1,66.3],[-37.8,66.3],[-37.7,66.3],[-37.7,66.2],[-37.8,66.2],[-37.9,66.2],[-38,66.3],[-38,66.2],[-37.9,66.2],[-37.9,66.1],[-38,66.1],[-38.1,66.1],[-38,66.1],[-38,66],[-38,65.9],[-38.1,65.9],[-38.1,66],[-38.1,65.9],[-38.1,66],[-38.2,66],[-38.2,65.9],[-38.1,65.9],[-38.2,65.9],[-38.3,65.9],[-38.4,65.9],[-38.3,65.9],[-38.3,66],[-38.4,66],[-38.5,66],[-38.5,65.9],[-38.4,65.9],[-38.3,65.9],[-38.3,65.8],[-38.2,65.8],[-38.1,65.8],[-38.2,65.8],[-38.2,65.7],[-38.3,65.7],[-38.2,65.7],[-38.2,65.6],[-38.3,65.6],[-38.3,65.7],[-38.4,65.7],[-38.4,65.6],[-38.5,65.6],[-38.5,65.7],[-38.4,65.7],[-38.5,65.7],[-38.6,65.7],[-38.5,65.7],[-38.5,65.6],[-38.6,65.6],[-38.6,65.7],[-38.7,65.7],[-38.8,65.7],[-38.8,65.6],[-38.7,65.6],[-38.6,65.6],[-38.7,65.6],[-38.8,65.6],[-38.9,65.6],[-39,65.6],[-39.1,65.6],[-39.1,65.7],[-39.2,65.7],[-39.3,65.7],[-39.4,65.7],[-39.3,65.7],[-39.2,65.6],[-39.3,65.6],[-39.3,65.5],[-39.3,65.6],[-39.4,65.6],[-39.3,65.6],[-39.4,65.6],[-39.4,65.5],[-39.5,65.6],[-39.5,65.7],[-39.6,65.6],[-39.6,65.7],[-39.7,65.7],[-39.6,65.6],[-39.7,65.6],[-39.8,65.6],[-39.7,65.6],[-39.8,65.6],[-39.7,65.6],[-39.7,65.5],[-39.8,65.5],[-39.8,65.6],[-39.8,65.5],[-39.9,65.5],[-40,65.6],[-40.1,65.6],[-40.1,65.5],[-40,65.5],[-40.1,65.5],[-40.2,65.5],[-40.1,65.5],[-40,65.4],[-39.9,65.4],[-39.8,65.4],[-39.9,65.4],[-40,65.4],[-39.9,65.4],[-39.9,65.3],[-39.8,65.3],[-39.8,65.2],[-39.9,65.2],[-39.9,65.3],[-39.9,65.2],[-40,65.2],[-39.9,65.2],[-39.9,65.1],[-40,65.1],[-40,65.2],[-40.1,65.2],[-40.1,65.1],[-40,65.1],[-39.9,65.1],[-40,65.1],[-40.1,65.1],[-40.2,65.1],[-40.2,65],[-40.3,65],[-40.4,65.1],[-40.4,65],[-40.5,65.1],[-40.6,65.1],[-40.7,65.1],[-40.7,65],[-40.8,65.1],[-40.9,65.1]]],[[[-52.9,69.3],[-52.9,69.4],[-53.2,69.3],[-53.3,69.3],[-53.5,69.3],[-53.6,69.2],[-53.6,69.3],[-53.7,69.3],[-53.8,69.3],[-53.9,69.3],[-54.1,69.3],[-54.2,69.4],[-54.3,69.4],[-54.2,69.4],[-54.2,69.5],[-54.2,69.4],[-54.1,69.4],[-54,69.4],[-53.8,69.4],[-53.7,69.4],[-53.6,69.4],[-53.4,69.4],[-53.5,69.5],[-53.6,69.5],[-53.5,69.5],[-53.5,69.6],[-53.4,69.6],[-53.3,69.6],[-53.4,69.6],[-53.6,69.6],[-53.6,69.5],[-53.7,69.5],[-53.8,69.5],[-53.9,69.5],[-53.8,69.5],[-53.7,69.5],[-53.8,69.5],[-53.9,69.5],[-54,69.5],[-53.9,69.5],[-53.9,69.6],[-54,69.6],[-54.1,69.6],[-54.2,69.6],[-54.3,69.6],[-54.7,69.6],[-54.8,69.6],[-54.9,69.6],[-54.9,69.7],[-55,69.7],[-54.9,69.8],[-54.8,69.8],[-54.8,69.7],[-54.7,69.8],[-54.6,69.7],[-54.5,69.7],[-54.4,69.7],[-54.5,69.7],[-54.6,69.7],[-54.6,69.8],[-54.8,69.8],[-54.9,69.8],[-54.9,69.9],[-54.8,69.9],[-54.9,69.9],[-54.8,70],[-54.7,70],[-54.6,70],[-54.2,69.9],[-54.3,69.9],[-54.5,70],[-54.8,70],[-54.8,70.1],[-54.8,70.2],[-54.7,70.3],[-54.6,70.3],[-54.5,70.3],[-54.3,70.3],[-53.9,70.3],[-53.8,70.3],[-53.5,70.2],[-53.4,70.2],[-53.3,70.2],[-53.2,70.2],[-53.1,70.2],[-53.1,70.1],[-53,70.1],[-52.9,70],[-52.8,70],[-52.8,69.9],[-52.7,69.9],[-52.6,69.9],[-52.5,69.9],[-52.4,69.9],[-52.3,69.8],[-52.2,69.8],[-52,69.8],[-51.9,69.8],[-51.9,69.7],[-52,69.7],[-51.9,69.6],[-51.9,69.7],[-51.8,69.6],[-51.9,69.6],[-52,69.5],[-52.1,69.5],[-52.3,69.4],[-52.8,69.4],[-52.9,69.4],[-52.9,69.3]]],[[[-21.9,72.4],[-22,72.4],[-22.1,72.4],[-22.2,72.4],[-22.3,72.4],[-22.3,72.5],[-22.3,72.4],[-22.4,72.4],[-22.6,72.5],[-22.7,72.5],[-22.8,72.4],[-22.7,72.4],[-22.3,72.3],[-22.2,72.3],[-22.1,72.3],[-22,72.3],[-22.1,72.3],[-22.1,72.2],[-22.2,72.2],[-22.1,72.2],[-22.2,72.1],[-22.3,72.1],[-22.5,72.1],[-22.6,72.2],[-22.5,72.2],[-22.6,72.2],[-22.7,72.2],[-22.8,72.2],[-22.9,72.2],[-23,72.2],[-23,72.3],[-23.1,72.3],[-23.4,72.4],[-23.6,72.4],[-23.8,72.4],[-23.9,72.5],[-24,72.5],[-24,72.4],[-24.1,72.4],[-24.1,72.5],[-24,72.5],[-24.1,72.5],[-24.1,72.6],[-24.1,72.5],[-24.2,72.5],[-24.3,72.6],[-24.4,72.6],[-24.4,72.7],[-24.4,72.8],[-24.5,72.8],[-24.4,72.9],[-23.9,72.9],[-23.8,72.9],[-23.7,72.9],[-23.6,72.8],[-23.1,72.8],[-23,72.8],[-23,72.7],[-22.9,72.7],[-22.8,72.7],[-22.7,72.7],[-22.7,72.6],[-22.6,72.6],[-22.5,72.6],[-22.4,72.6],[-22.3,72.6],[-22.2,72.5],[-22,72.5],[-21.9,72.5],[-21.9,72.4]]],[[[-44.5,82.4],[-44.4,82.4],[-44.5,82.3],[-44.7,82.3],[-45.1,82.2],[-45,82.2],[-44.9,82.2],[-44.7,82.1],[-44.8,82.1],[-45,82.1],[-45.1,82.1],[-45.3,82.1],[-45.3,82.2],[-45.4,82.2],[-45.9,82.2],[-46.4,82.3],[-46.9,82.4],[-47,82.4],[-47.1,82.5],[-47.2,82.5],[-47.3,82.5],[-47.4,82.5],[-47.6,82.6],[-47.7,82.6],[-47.3,82.6],[-46.9,82.6],[-46.8,82.6],[-46.8,82.7],[-46.9,82.7],[-46.6,82.7],[-46.3,82.7],[-46,82.6],[-45.7,82.6],[-45.3,82.6],[-45.2,82.6],[-44.9,82.5],[-44.8,82.5],[-44.5,82.4]]],[[[-25.3,70.7],[-25.4,70.7],[-25.4,70.6],[-25.6,70.6],[-25.7,70.6],[-25.8,70.6],[-26,70.5],[-26.1,70.5],[-26.2,70.6],[-26.3,70.6],[-26.5,70.5],[-26.6,70.5],[-26.9,70.5],[-27,70.5],[-27.4,70.5],[-27.7,70.5],[-28.1,70.4],[-28.1,70.5],[-28,70.5],[-28,70.6],[-28.1,70.6],[-28,70.6],[-27.9,70.6],[-27.7,70.7],[-27.6,70.7],[-27.5,70.7],[-27.5,70.8],[-27.4,70.8],[-27.3,70.8],[-27.2,70.8],[-27.1,70.9],[-26.7,70.9],[-26.3,70.9],[-26.2,71],[-26.1,71],[-26,71],[-25.7,71.1],[-25.7,71],[-25.5,71],[-25.4,70.9],[-25.4,70.8],[-25.3,70.8],[-25.4,70.8],[-25.5,70.8],[-25.4,70.8],[-25.3,70.8],[-25.3,70.7]]],[[[-24.5,73],[-24.6,73.1],[-24.7,73],[-24.8,73.1],[-24.9,73.1],[-25.1,73.1],[-25.4,73.1],[-25.6,73.1],[-25.7,73.2],[-25.6,73.2],[-25.5,73.3],[-25.4,73.3],[-25.3,73.3],[-25.3,73.4],[-25.2,73.4],[-24.9,73.4],[-24.5,73.4],[-24.4,73.4],[-24,73.4],[-23.6,73.3],[-23.2,73.3],[-23.2,73.2],[-23.3,73.2],[-23.7,73.2],[-24.1,73.3],[-24.5,73.3],[-25,73.3],[-24.9,73.3],[-24.8,73.3],[-24.4,73.3],[-24.3,73.3],[-24.1,73.2],[-23.8,73.2],[-23.4,73.2],[-23.1,73.2],[-23,73.2],[-23,73.1],[-22.9,73.2],[-22.9,73.1],[-23,73.1],[-23.5,73.1],[-24,73.1],[-24.5,73]]],[[[-18.8,80],[-18.7,80],[-18.6,80],[-18.2,80.1],[-17.7,80.1],[-17.3,80],[-17.4,79.9],[-17.6,79.8],[-17.8,79.7],[-18.2,79.7],[-18.5,79.7],[-18.6,79.7],[-18.8,79.7],[-19.1,79.8],[-19.2,79.8],[-19.4,79.8],[-19.4,79.9],[-19.1,79.9],[-19,79.9],[-18.9,79.9],[-18.9,80],[-19,80],[-18.9,80],[-18.8,80]]],[[[-20.4,74.3],[-20.3,74.2],[-20.2,74.2],[-20.1,74.2],[-20.2,74.2],[-20.5,74.1],[-20.8,74.1],[-20.9,74.1],[-21,74.1],[-21.3,74.1],[-21.4,74.1],[-21.7,74.2],[-21.9,74.2],[-22,74.2],[-22,74.3],[-21.9,74.3],[-21.8,74.4],[-21.5,74.4],[-21.2,74.5],[-21,74.5],[-21,74.4],[-20.9,74.4],[-20.5,74.4],[-20.4,74.4],[-20.4,74.3],[-20.5,74.3],[-20.4,74.3]]],[[[-21.9,72.7],[-22,72.7],[-22.1,72.7],[-22,72.7],[-22.1,72.7],[-22.2,72.7],[-22.3,72.7],[-22.7,72.7],[-22.6,72.7],[-22.7,72.7],[-22.7,72.8],[-22.8,72.8],[-23.2,72.9],[-23.3,72.9],[-23.4,72.9],[-23.5,72.9],[-23.6,72.9],[-23.7,72.9],[-23.8,72.9],[-24.2,72.9],[-24.5,72.9],[-24.6,72.9],[-24.6,73],[-24.5,73],[-24.2,73],[-23.8,73],[-23.7,73],[-23.6,73],[-23.2,73.1],[-22.9,73],[-22.8,73],[-22.7,73],[-22.3,73],[-22.1,72.9],[-22,72.9],[-21.9,72.9],[-22,72.9],[-22,72.8],[-22.1,72.8],[-22.2,72.8],[-22.1,72.8],[-22,72.8],[-22,72.7],[-22,72.8],[-21.9,72.7]]],[[[-17.3,75.1],[-17.4,75.1],[-17.4,75],[-17.5,75],[-17.5,74.9],[-17.6,74.9],[-17.6,75],[-17.7,75],[-17.8,75],[-17.9,75],[-18.1,75],[-18.2,75],[-18.4,75],[-18.8,75],[-18.9,75],[-18.9,75.1],[-18.8,75.1],[-18.8,75.2],[-18.9,75.2],[-18.8,75.2],[-18.8,75.3],[-18.9,75.3],[-18.8,75.3],[-18.7,75.4],[-18.5,75.4],[-18.4,75.3],[-18.3,75.3],[-18.2,75.3],[-18.1,75.3],[-18.1,75.4],[-18,75.4],[-17.9,75.4],[-17.8,75.3],[-17.9,75.3],[-17.8,75.3],[-18,75.3],[-18.1,75.3],[-18.2,75.2],[-18.1,75.2],[-18,75.2],[-18.1,75.2],[-18,75.2],[-18,75.1],[-17.9,75.1],[-17.8,75.1],[-17.7,75.1],[-17.6,75.1],[-17.6,75.2],[-17.5,75.2],[-17.5,75.1],[-17.4,75.2],[-17.3,75.1]]],[[[-53.3,82.2],[-53.3,82.3],[-53.2,82.3],[-53.1,82.3],[-52.8,82.3],[-52.6,82.3],[-52.5,82.2],[-52.1,82.1],[-51.6,82.1],[-51.2,82],[-51.3,82],[-51.7,82],[-52.1,82],[-52.2,82],[-52.5,82],[-52.6,82.1],[-53,82.1],[-53.1,82.1],[-53.2,82.1],[-53.2,82.2],[-53.3,82.2]]],[[[-19.8,74.9],[-19.7,74.9],[-19.8,74.8],[-19.9,74.8],[-20,74.8],[-20,74.7],[-20.1,74.7],[-20.3,74.7],[-20.4,74.7],[-20.7,74.8],[-20.6,74.9],[-20.5,74.9],[-20.6,74.9],[-20.6,75],[-20.5,75],[-20.3,75.1],[-20.2,75],[-20.1,75],[-20,75],[-20.2,74.9],[-20.1,74.9],[-20,74.9],[-19.8,74.9]]],[[[-18.6,76.1],[-18.6,76],[-18.5,76],[-18.6,76],[-18.6,75.9],[-18.7,75.9],[-18.6,75.9],[-18.6,76],[-18.9,76.2],[-18.9,76.3],[-19.1,76.5],[-19.1,76.6],[-19,76.6],[-18.8,76.6],[-18.9,76.6],[-19,76.6],[-19,76.7],[-19.1,76.7],[-19,76.8],[-18.9,76.8],[-18.9,76.7],[-18.7,76.7],[-18.7,76.6],[-18.7,76.5],[-18.7,76.4],[-18.7,76.3],[-18.6,76.3],[-18.6,76.2],[-18.7,76.2],[-18.6,76.2],[-18.6,76.1]]],[[[-19.5,82],[-19.6,82],[-19.7,82.1],[-19.6,82.1],[-19.5,82.1],[-19.4,82.1],[-19.3,82.1],[-19.1,82],[-19,82],[-18.9,82],[-18.7,81.9],[-18.6,81.8],[-18.7,81.8],[-19,81.8],[-19.5,82]]],[[[-51.2,69.9],[-51.1,69.9],[-51,69.9],[-50.9,69.9],[-50.8,69.9],[-50.7,69.9],[-50.7,69.8],[-50.8,69.8],[-50.9,69.8],[-50.9,69.7],[-51,69.7],[-51,69.6],[-51,69.5],[-51.1,69.5],[-51.2,69.5],[-51.2,69.6],[-51.3,69.6],[-51.3,69.7],[-51.4,69.7],[-51.3,69.7],[-51.3,69.8],[-51.2,69.8],[-51.1,69.8],[-51,69.9],[-51.1,69.9],[-51.2,69.9],[-51.2,69.8],[-51.4,69.9],[-51.3,69.9],[-51.2,69.9]]],[[[-52.5,71.3],[-52.6,71.3],[-52.6,71.2],[-52.7,71.2],[-53,71.2],[-53.1,71.2],[-53.2,71.3],[-53.1,71.4],[-53,71.4],[-52.7,71.4],[-52.4,71.4],[-52.4,71.3],[-52.3,71.3],[-52.4,71.3],[-52.5,71.3]]],[[[-37.5,65.8],[-37.5,65.7],[-37.4,65.7],[-37.5,65.7],[-37.4,65.7],[-37.3,65.7],[-37.4,65.7],[-37.4,65.6],[-37.4,65.7],[-37.5,65.7],[-37.5,65.6],[-37.4,65.6],[-37.5,65.6],[-37.6,65.6],[-37.7,65.7],[-37.7,65.6],[-37.6,65.6],[-37.7,65.6],[-37.8,65.6],[-37.9,65.6],[-37.8,65.6],[-37.9,65.6],[-38,65.7],[-38,65.8],[-37.9,65.8],[-37.8,65.9],[-37.7,65.9],[-37.6,65.9],[-37.5,65.9],[-37.5,65.8],[-37.4,65.8],[-37.3,65.8],[-37.4,65.8],[-37.5,65.8]]],[[[-40.1,83.1],[-40.1,83],[-40,83],[-39.9,83],[-40.3,83],[-40.7,83],[-40.9,83.1],[-41,83.1],[-41.1,83.1],[-41.2,83.1],[-41.4,83.2],[-41.5,83.2],[-41.4,83.2],[-41.1,83.2],[-40.9,83.2],[-40.8,83.2],[-40.7,83.1],[-40.6,83.1],[-40.5,83.1],[-40.3,83.1],[-40.2,83.1],[-40.1,83.1]]],[[[-53.9,71.1],[-54,71.1],[-54,71.2],[-53.9,71.2],[-53.8,71.2],[-53.7,71.3],[-53.6,71.3],[-53.5,71.2],[-53.4,71.2],[-53.4,71.1],[-53.5,71],[-53.7,71],[-53.9,71.1]]],[[[-39.4,83.1],[-39.3,83.1],[-39.5,83],[-39.7,83],[-39.8,83],[-40,83.1],[-40.3,83.1],[-40.4,83.1],[-40.5,83.1],[-40.5,83.2],[-40.3,83.2],[-40,83.2],[-39.8,83.1],[-39.4,83.1]]],[[[-18,77.6],[-18.2,77.6],[-18.3,77.7],[-18.2,77.7],[-18.1,77.7],[-18,77.8],[-17.9,77.9],[-17.7,77.9],[-17.6,77.8],[-17.7,77.7],[-17.8,77.7],[-17.9,77.6],[-18,77.6]]],[[[-71.6,77.4],[-71.5,77.4],[-71.4,77.4],[-71.3,77.4],[-71.4,77.4],[-71.5,77.3],[-71.6,77.3],[-71.7,77.3],[-72.1,77.3],[-72.2,77.4],[-72.3,77.4],[-72.5,77.4],[-72.6,77.4],[-72.5,77.4],[-72.4,77.4],[-72.4,77.5],[-72.3,77.5],[-72.2,77.5],[-72.2,77.4],[-72.1,77.5],[-71.8,77.4],[-71.7,77.4],[-71.6,77.4]]],[[[-19.5,80],[-19.7,80],[-19.7,80.1],[-19.6,80.1],[-19.6,80.2],[-19.5,80.2],[-19.3,80.2],[-19.2,80.2],[-18.7,80.1],[-18.8,80.1],[-19.1,80.1],[-19.5,80]]],[[[-53.3,71.5],[-53.4,71.5],[-53.4,71.6],[-53.5,71.6],[-53.5,71.7],[-53.4,71.7],[-53.1,71.7],[-53,71.7],[-52.8,71.7],[-52.8,71.6],[-52.9,71.6],[-53.1,71.6],[-53.1,71.5],[-53.2,71.5],[-53.3,71.5]]],[[[-40.1,64.5],[-40.2,64.5],[-40.2,64.4],[-40.3,64.5],[-40.4,64.5],[-40.5,64.5],[-40.5,64.6],[-40.6,64.6],[-40.6,64.7],[-40.7,64.7],[-40.7,64.8],[-40.8,64.8],[-40.8,64.9],[-40.9,64.9],[-40.8,64.9],[-40.7,64.9],[-40.6,64.9],[-40.5,64.8],[-40.4,64.8],[-40.4,64.7],[-40.5,64.7],[-40.4,64.7],[-40.4,64.6],[-40.5,64.6],[-40.4,64.6],[-40.3,64.5],[-40.2,64.5],[-40.1,64.5]]],[[[-38.8,83.2],[-38.7,83.1],[-38.6,83.1],[-38.9,83.1],[-39,83.1],[-38.9,83.1],[-39.4,83.2],[-39.8,83.2],[-39.9,83.2],[-40,83.3],[-40.3,83.3],[-40.6,83.3],[-40.7,83.3],[-40.6,83.3],[-40.4,83.3],[-40.5,83.3],[-40.5,83.4],[-40.3,83.4],[-40.2,83.3],[-40,83.3],[-39.8,83.3],[-39.7,83.3],[-39.6,83.2],[-39.5,83.2],[-39.2,83.2],[-38.8,83.2]]],[[[-55.7,72.6],[-55.8,72.6],[-55.8,72.7],[-55.7,72.7],[-55.6,72.7],[-55.6,72.8],[-55.5,72.8],[-55.4,72.8],[-55.2,72.8],[-55.1,72.8],[-55.2,72.8],[-55,72.8],[-55.1,72.8],[-55.1,72.7],[-55.2,72.7],[-55.3,72.7],[-55.3,72.6],[-55.4,72.6],[-55.5,72.6],[-55.6,72.6],[-55.5,72.6],[-55.6,72.6],[-55.6,72.7],[-55.7,72.6]]],[[[-18.9,78.4],[-18.9,78.3],[-19,78.3],[-19.1,78.3],[-19,78.3],[-18.9,78.2],[-19,78.2],[-19.1,78.2],[-19.3,78.2],[-19.3,78.3],[-19.3,78.4],[-18.9,78.5],[-18.9,78.4]]],[[[-19.3,77.9],[-19.2,77.8],[-19.3,77.8],[-19.7,77.9],[-20.1,77.9],[-20.5,77.9],[-20.5,78],[-20.4,78],[-20.2,78],[-20.1,78],[-20,78],[-19.9,78],[-19.9,77.9],[-19.7,77.9],[-19.4,77.9],[-19.3,77.9]]],[[[-41.1,63.3],[-41.1,63.2],[-41.2,63.2],[-41.2,63.3],[-41.2,63.2],[-41.3,63.2],[-41.3,63.3],[-41.4,63.3],[-41.3,63.3],[-41.3,63.2],[-41.4,63.2],[-41.5,63.3],[-41.6,63.3],[-41.7,63.4],[-41.8,63.4],[-41.9,63.5],[-41.8,63.5],[-41.7,63.5],[-41.6,63.5],[-41.6,63.4],[-41.5,63.4],[-41.4,63.4],[-41.4,63.3],[-41.3,63.3],[-41.2,63.3],[-41.1,63.3]]],[[[-17.5,79],[-17.7,79],[-17.8,79],[-17.7,79],[-17.8,79],[-17.9,78.9],[-17.9,79],[-18,79],[-17.9,79],[-18,79],[-17.9,79.1],[-17.8,79.1],[-17.7,79.2],[-17.6,79.2],[-17.5,79.2],[-17.4,79.1],[-17.5,79]]],[[[-19.1,78.7],[-19.2,78.7],[-19.3,78.7],[-19.4,78.7],[-19.5,78.7],[-19.6,78.7],[-19.6,78.8],[-19.2,78.9],[-19.1,78.9],[-19,78.9],[-19.1,78.9],[-19.2,78.9],[-19.1,78.9],[-19.2,78.9],[-19.1,78.9],[-19,78.9],[-19.2,78.8],[-19.1,78.8],[-19.2,78.8],[-19.1,78.8],[-19,78.8],[-19.1,78.8],[-19.3,78.8],[-19.2,78.7],[-19.1,78.8],[-19,78.7],[-19.1,78.7]]],[[[-43.2,60.1],[-43.1,60.1],[-43.2,60.1],[-43.2,60],[-43.1,60],[-43.2,60],[-43.3,60],[-43.4,60.1],[-43.4,60],[-43.4,60.1],[-43.5,60.1],[-43.6,60.1],[-43.5,60.1],[-43.5,60],[-43.6,60],[-43.6,59.9],[-43.6,60],[-43.7,60],[-43.8,60],[-43.9,60],[-43.8,60],[-43.7,60.1],[-43.8,60.1],[-43.9,60.1],[-43.9,60],[-44,60.1],[-44.1,60.1],[-44.1,60.2],[-43.6,60.1],[-43.2,60.1]]],[[[-47.9,82.8],[-48.3,82.8],[-48.4,82.8],[-48.4,82.9],[-48.3,82.9],[-47.9,82.9],[-47.5,82.8],[-47.4,82.8],[-47.5,82.8],[-47.9,82.8]]],[[[-56.1,73.8],[-56.2,73.8],[-56.3,73.8],[-56.4,73.8],[-56.3,73.8],[-56.6,73.8],[-56.7,73.8],[-56.6,73.9],[-56.7,73.9],[-56.8,73.9],[-56.6,73.9],[-56.3,73.9],[-56,73.9],[-56,73.8],[-56.1,73.8]]],[[[-50.8,64.5],[-50.9,64.5],[-51,64.4],[-51.1,64.3],[-51.2,64.3],[-51.2,64.2],[-51.3,64.2],[-51.3,64.3],[-51.2,64.3],[-51.3,64.3],[-51.2,64.3],[-51.2,64.4],[-51.1,64.4],[-51.2,64.4],[-51.1,64.4],[-51.1,64.5],[-51,64.5],[-51,64.6],[-50.9,64.6],[-50.8,64.5]]],[[[-52.4,68.6],[-52.4,68.7],[-52.5,68.6],[-52.6,68.6],[-52.7,68.6],[-52.9,68.6],[-53.1,68.6],[-53,68.6],[-52.8,68.7],[-52.6,68.7],[-52.5,68.7],[-52.3,68.7],[-52.2,68.7],[-52.1,68.7],[-52.2,68.7],[-52.3,68.7],[-52.3,68.6],[-52.4,68.6]]]]}},{"type":"Feature","properties":{"name":"Fiji","iso":"FJ"},"geometry":{"type":"MultiPolygon","coordinates":[[[[178.7,-18],[178.7,-18.1],[178.6,-18.1],[178.5,-18.1],[178.6,-18.1],[178.5,-18.1],[178.4,-18.1],[178.3,-18.1],[178.3,-18.2],[178.2,-18.2],[178.1,-18.3],[178.1,-18.2],[178,-18.3],[177.9,-18.3],[177.8,-18.2],[177.7,-18.2],[177.6,-18.2],[177.5,-18.2],[177.4,-18.1],[177.3,-18.1],[177.3,-18],[177.3,-17.9],[177.3,-17.8],[177.4,-17.8],[177.4,-17.7],[177.4,-17.8],[177.4,-17.7],[177.4,-17.6],[177.5,-17.6],[177.5,-17.5],[177.5,-17.6],[177.5,-17.5],[177.6,-17.5],[177.6,-17.4],[177.7,-17.4],[177.6,-17.5],[177.7,-17.5],[177.7,-17.4],[177.8,-17.4],[177.9,-17.4],[178,-17.4],[178.1,-17.4],[178.1,-17.3],[178.1,-17.4],[178.2,-17.3],[178.3,-17.3],[178.3,-17.4],[178.2,-17.4],[178.3,-17.4],[178.3,-17.5],[178.2,-17.5],[178.3,-17.5],[178.3,-17.4],[178.4,-17.5],[178.5,-17.6],[178.6,-17.6],[178.6,-17.7],[178.6,-17.8],[178.6,-17.9],[178.6,-18],[178.7,-18]]],[[[180,-16.1],[180,-16.2],[179.9,-16.2],[179.9,-16.3],[179.8,-16.3],[179.8,-16.4],[179.7,-16.5],[179.6,-16.5],[179.6,-16.6],[179.5,-16.7],[179.5,-16.8],[179.5,-16.7],[179.5,-16.8],[179.6,-16.8],[179.6,-16.7],[179.7,-16.7],[179.7,-16.6],[179.8,-16.6],[179.8,-16.5],[179.9,-16.5],[180,-16.5],[179.9,-16.5],[179.9,-16.6],[179.8,-16.7],[179.9,-16.7],[180,-16.7],[179.9,-16.8],[179.9,-16.7],[179.9,-16.8],[179.9,-16.7],[179.8,-16.7],[179.7,-16.7],[179.7,-16.8],[179.7,-16.7],[179.6,-16.7],[179.6,-16.8],[179.5,-16.8],[179.4,-16.8],[179.3,-16.8],[179.4,-16.8],[179.3,-16.7],[179.4,-16.7],[179.3,-16.7],[179.2,-16.7],[179.1,-16.8],[179,-16.8],[179,-16.9],[179.1,-16.9],[179,-16.9],[178.9,-16.9],[178.9,-16.8],[178.9,-16.9],[178.8,-16.9],[178.8,-17],[178.7,-17],[178.7,-16.9],[178.6,-16.9],[178.6,-16.8],[178.5,-16.8],[178.5,-16.7],[178.6,-16.7],[178.6,-16.6],[178.6,-16.7],[178.5,-16.6],[178.6,-16.6],[178.7,-16.6],[178.7,-16.7],[178.7,-16.6],[178.8,-16.6],[178.8,-16.5],[178.9,-16.6],[178.9,-16.5],[178.9,-16.6],[178.9,-16.5],[179,-16.5],[179.1,-16.5],[179.1,-16.4],[179.2,-16.4],[179.3,-16.4],[179.4,-16.4],[179.4,-16.3],[179.4,-16.4],[179.4,-16.3],[179.5,-16.3],[179.5,-16.2],[179.5,-16.3],[179.6,-16.3],[179.6,-16.2],[179.6,-16.3],[179.6,-16.2],[179.6,-16.3],[179.6,-16.2],[179.7,-16.2],[179.8,-16.2],[179.9,-16.2],[180,-16.1]]]]}},{"type":"Feature","properties":{"name":"New Zealand","iso":"NZ"},"geometry":{"type":"MultiPolygon","coordinates":[[[[172.7,-43.3],[172.8,-43.3],[172.7,-43.3],[172.7,-43.4],[172.8,-43.5],[172.8,-43.6],[172.7,-43.6],[172.8,-43.6],[172.7,-43.6],[172.7,-43.7],[172.8,-43.6],[172.9,-43.6],[172.9,-43.7],[172.9,-43.6],[172.9,-43.7],[173,-43.7],[173,-43.6],[173,-43.7],[173.1,-43.7],[173.1,-43.6],[173.1,-43.7],[173.1,-43.8],[173.1,-43.9],[173.1,-43.8],[173.1,-43.9],[173,-43.9],[173,-43.8],[172.9,-43.8],[172.9,-43.9],[173,-43.9],[172.9,-43.9],[172.8,-43.9],[172.7,-43.8],[172.8,-43.8],[172.7,-43.8],[172.6,-43.8],[172.5,-43.8],[172.4,-43.9],[172.4,-43.8],[172.5,-43.8],[172.6,-43.8],[172.5,-43.8],[172.5,-43.7],[172.4,-43.7],[172.4,-43.8],[172.4,-43.9],[172.3,-43.9],[172.2,-43.9],[172.1,-44],[171.9,-44.1],[171.8,-44.1],[171.7,-44.1],[171.6,-44.1],[171.6,-44.2],[171.5,-44.2],[171.4,-44.3],[171.3,-44.3],[171.3,-44.4],[171.3,-44.5],[171.2,-44.5],[171.2,-44.6],[171.2,-44.7],[171.2,-44.8],[171.2,-44.9],[171.2,-45],[171.1,-45.1],[171,-45.2],[170.9,-45.2],[170.9,-45.3],[170.9,-45.4],[170.9,-45.5],[170.8,-45.5],[170.8,-45.6],[170.7,-45.6],[170.7,-45.7],[170.6,-45.7],[170.7,-45.7],[170.7,-45.8],[170.8,-45.8],[170.7,-45.8],[170.6,-45.8],[170.6,-45.9],[170.7,-45.9],[170.7,-45.8],[170.8,-45.8],[170.8,-45.9],[170.7,-45.9],[170.5,-45.9],[170.4,-45.9],[170.3,-46],[170.3,-46.1],[170.2,-46.1],[170.2,-46.2],[170.1,-46.2],[170.1,-46.3],[170,-46.3],[169.9,-46.3],[169.9,-46.4],[169.9,-46.5],[169.8,-46.5],[169.7,-46.5],[169.8,-46.5],[169.7,-46.5],[169.7,-46.6],[169.6,-46.6],[169.5,-46.6],[169.4,-46.6],[169.3,-46.6],[169.3,-46.7],[169.2,-46.7],[169.2,-46.6],[169.2,-46.7],[169.1,-46.7],[169.1,-46.6],[169.1,-46.7],[169,-46.7],[168.9,-46.7],[168.9,-46.6],[168.8,-46.6],[168.7,-46.6],[168.7,-46.5],[168.6,-46.5],[168.6,-46.6],[168.4,-46.6],[168.5,-46.6],[168.6,-46.6],[168.5,-46.6],[168.4,-46.6],[168.4,-46.5],[168.4,-46.6],[168.3,-46.6],[168.3,-46.5],[168.4,-46.5],[168.4,-46.4],[168.3,-46.4],[168.4,-46.4],[168.3,-46.5],[168.3,-46.4],[168.2,-46.4],[168.2,-46.3],[168.1,-46.3],[168.1,-46.4],[168,-46.4],[167.9,-46.4],[167.8,-46.4],[167.8,-46.3],[167.7,-46.3],[167.8,-46.3],[167.7,-46.2],[167.6,-46.2],[167.5,-46.1],[167.5,-46.2],[167.4,-46.2],[167.4,-46.3],[167.3,-46.3],[167.2,-46.3],[167.1,-46.3],[167.1,-46.2],[167,-46.2],[166.8,-46.2],[166.7,-46.2],[166.7,-46.1],[166.8,-46.1],[166.8,-46],[166.9,-46],[167,-46],[167,-45.9],[166.9,-45.9],[166.9,-46],[166.8,-46],[166.8,-46.1],[166.7,-46.1],[166.7,-46],[166.7,-46.1],[166.6,-46.1],[166.6,-46],[166.6,-46.1],[166.6,-46],[166.7,-46],[166.8,-46],[166.8,-45.9],[166.7,-46],[166.7,-45.9],[166.8,-45.9],[166.7,-45.9],[166.6,-45.9],[166.6,-46],[166.5,-46],[166.5,-45.9],[166.5,-45.8],[166.6,-45.8],[166.7,-45.8],[166.8,-45.8],[166.9,-45.8],[166.9,-45.7],[167,-45.7],[166.9,-45.7],[166.8,-45.7],[166.9,-45.7],[166.9,-45.6],[166.8,-45.7],[166.8,-45.6],[166.9,-45.6],[167,-45.6],[167,-45.5],[167.1,-45.5],[166.9,-45.5],[166.8,-45.6],[166.7,-45.6],[166.7,-45.5],[166.8,-45.4],[166.9,-45.4],[167,-45.4],[166.9,-45.4],[166.8,-45.4],[166.8,-45.3],[166.9,-45.3],[167,-45.3],[166.9,-45.3],[166.9,-45.4],[167,-45.4],[167,-45.3],[167,-45.4],[167.1,-45.4],[167,-45.4],[167.1,-45.4],[167.2,-45.4],[167.2,-45.5],[167.2,-45.4],[167.1,-45.4],[167,-45.3],[167.1,-45.3],[167.2,-45.3],[167.3,-45.3],[167.2,-45.3],[167.1,-45.3],[167,-45.3],[167,-45.2],[167,-45.1],[167.1,-45.1],[167.1,-45.2],[167.2,-45.2],[167.1,-45.1],[167.1,-45],[167.2,-45.1],[167.3,-45.1],[167.2,-45.1],[167.2,-45],[167.3,-45],[167.2,-45],[167.2,-44.9],[167.3,-44.9],[167.4,-44.8],[167.4,-44.9],[167.5,-44.9],[167.4,-44.9],[167.4,-45],[167.5,-45],[167.5,-44.9],[167.4,-44.8],[167.5,-44.8],[167.6,-44.8],[167.5,-44.8],[167.5,-44.9],[167.6,-44.9],[167.6,-44.8],[167.6,-44.7],[167.5,-44.7],[167.6,-44.7],[167.6,-44.8],[167.7,-44.8],[167.6,-44.7],[167.7,-44.7],[167.7,-44.6],[167.8,-44.6],[167.9,-44.6],[167.9,-44.7],[167.9,-44.6],[167.9,-44.5],[167.8,-44.5],[167.9,-44.5],[167.9,-44.4],[168,-44.4],[168,-44.3],[168.1,-44.3],[168.2,-44.2],[168.3,-44.2],[168.3,-44.1],[168.4,-44.1],[168.4,-44],[168.5,-44],[168.6,-44],[168.7,-44],[168.8,-44],[168.9,-44],[168.9,-43.9],[169,-43.9],[169.1,-43.9],[169.1,-43.8],[169.2,-43.8],[169.2,-43.7],[169.3,-43.7],[169.4,-43.7],[169.4,-43.6],[169.5,-43.6],[169.6,-43.6],[169.7,-43.6],[169.8,-43.5],[169.8,-43.4],[169.9,-43.4],[170,-43.3],[170.1,-43.3],[170.1,-43.2],[170.2,-43.2],[170.3,-43.2],[170.2,-43.2],[170.3,-43.1],[170.4,-43.1],[170.4,-43],[170.5,-43.1],[170.5,-43],[170.6,-43],[170.7,-43],[170.7,-42.9],[170.8,-42.9],[170.9,-42.8],[170.9,-42.7],[171,-42.7],[171.1,-42.7],[171.1,-42.6],[171.2,-42.5],[171.2,-42.4],[171.3,-42.3],[171.3,-42.1],[171.4,-42.1],[171.4,-42],[171.4,-41.9],[171.5,-41.9],[171.5,-41.8],[171.6,-41.8],[171.7,-41.7],[171.8,-41.7],[171.9,-41.7],[171.9,-41.6],[171.9,-41.5],[172,-41.5],[172,-41.4],[172.1,-41.4],[172.1,-41.3],[172.1,-41.1],[172.1,-41],[172.1,-40.9],[172.2,-40.9],[172.2,-40.8],[172.3,-40.8],[172.3,-40.7],[172.4,-40.7],[172.5,-40.6],[172.6,-40.6],[172.6,-40.5],[172.8,-40.5],[172.9,-40.5],[173,-40.5],[172.8,-40.5],[172.7,-40.5],[172.7,-40.6],[172.7,-40.7],[172.7,-40.8],[172.7,-40.7],[172.7,-40.8],[172.8,-40.8],[172.9,-40.8],[173,-40.8],[173,-40.9],[173.1,-40.9],[173.1,-41],[173,-41],[173,-41.1],[173.1,-41.1],[173,-41.1],[173,-41.2],[173.1,-41.2],[173.1,-41.3],[173.2,-41.3],[173.3,-41.3],[173.3,-41.2],[173.4,-41.2],[173.4,-41.1],[173.5,-41.1],[173.5,-41.2],[173.4,-41.2],[173.5,-41.1],[173.6,-41.1],[173.7,-41.1],[173.7,-41],[173.8,-41],[173.8,-40.9],[173.9,-40.9],[173.8,-41],[173.9,-41],[173.9,-40.9],[174,-40.9],[174,-41],[173.9,-41],[173.8,-41],[173.8,-41.1],[173.9,-41],[174,-41.1],[173.9,-41.1],[173.8,-41.1],[173.8,-41.2],[173.9,-41.2],[173.8,-41.2],[173.8,-41.3],[173.9,-41.2],[174,-41.2],[174.1,-41.2],[174,-41.2],[173.9,-41.2],[173.9,-41.1],[174,-41.1],[173.9,-41.1],[174,-41.1],[174,-41],[174,-41.1],[174,-41],[173.9,-41],[174,-41],[174.1,-41],[174.2,-41],[174.2,-41.1],[174.3,-41],[174.3,-41.1],[174.2,-41.1],[174.2,-41.2],[174.1,-41.2],[174,-41.2],[174,-41.3],[174,-41.2],[174,-41.3],[173.9,-41.3],[174,-41.3],[174.1,-41.3],[174.1,-41.2],[174.1,-41.3],[174.1,-41.2],[174.2,-41.2],[174.2,-41.3],[174.3,-41.2],[174.3,-41.3],[174.2,-41.3],[174.1,-41.3],[174.1,-41.4],[174.1,-41.5],[174.1,-41.6],[174.1,-41.5],[174.2,-41.6],[174.2,-41.7],[174.3,-41.7],[174.3,-41.8],[174.2,-41.9],[174.1,-42],[174,-42],[174,-42.1],[174,-42.2],[173.9,-42.2],[173.9,-42.3],[173.8,-42.3],[173.7,-42.3],[173.7,-42.4],[173.6,-42.4],[173.6,-42.5],[173.5,-42.5],[173.5,-42.6],[173.4,-42.8],[173.3,-42.9],[173.3,-43],[173.2,-43],[173.1,-43],[173.1,-43.1],[172.9,-43.1],[172.8,-43.2],[172.8,-43.3],[172.7,-43.3]]],[[[177,-39.6],[177,-39.7],[177.1,-39.7],[177,-39.8],[177,-39.9],[176.9,-40],[176.9,-40.1],[176.8,-40.2],[176.8,-40.3],[176.7,-40.3],[176.7,-40.2],[176.7,-40.3],[176.6,-40.4],[176.6,-40.5],[176.5,-40.5],[176.5,-40.6],[176.4,-40.6],[176.4,-40.7],[176.3,-40.7],[176.3,-40.8],[176.3,-40.9],[176.2,-40.9],[176.1,-41],[176.1,-41.1],[176,-41.2],[175.8,-41.3],[175.8,-41.4],[175.7,-41.4],[175.4,-41.6],[175.3,-41.6],[175.2,-41.6],[175.2,-41.5],[175.2,-41.4],[175.1,-41.4],[175,-41.4],[174.9,-41.4],[174.9,-41.3],[174.9,-41.2],[174.8,-41.2],[174.8,-41.3],[174.7,-41.3],[174.6,-41.3],[174.6,-41.2],[174.7,-41.2],[174.8,-41.2],[174.8,-41.1],[174.9,-41.1],[174.8,-41.1],[174.8,-41],[174.9,-41],[174.9,-40.9],[175,-40.9],[175,-40.8],[175.1,-40.8],[175.1,-40.7],[175.2,-40.6],[175.2,-40.5],[175.2,-40.4],[175.2,-40.3],[175.2,-40.2],[175.2,-40.1],[175.1,-40],[175,-39.9],[174.9,-39.9],[174.8,-39.9],[174.7,-39.9],[174.7,-39.8],[174.6,-39.8],[174.5,-39.8],[174.4,-39.7],[174.4,-39.6],[174.3,-39.6],[174.2,-39.6],[174,-39.6],[174,-39.5],[173.9,-39.5],[173.8,-39.4],[173.8,-39.3],[173.8,-39.2],[173.9,-39.1],[174,-39.1],[174.2,-39],[174.4,-39],[174.5,-38.9],[174.6,-38.8],[174.6,-38.7],[174.6,-38.6],[174.6,-38.5],[174.7,-38.4],[174.7,-38.3],[174.7,-38.2],[174.7,-38.1],[174.8,-38.1],[174.8,-38.2],[174.9,-38.1],[174.8,-38.1],[174.9,-38.1],[174.8,-38.1],[174.8,-38],[174.9,-38],[174.9,-37.9],[174.8,-38],[174.8,-37.9],[174.8,-37.8],[174.9,-37.8],[175,-37.8],[174.9,-37.8],[175,-37.8],[175,-37.7],[174.9,-37.8],[174.8,-37.6],[174.7,-37.5],[174.7,-37.4],[174.8,-37.4],[174.8,-37.3],[174.7,-37.4],[174.7,-37.3],[174.6,-37.2],[174.6,-37.1],[174.7,-37.1],[174.7,-37.2],[174.8,-37.2],[174.7,-37.2],[174.8,-37.2],[174.7,-37.2],[174.7,-37.1],[174.8,-37.1],[174.9,-37.1],[174.9,-37],[174.8,-37],[174.8,-36.9],[174.7,-36.9],[174.6,-37],[174.5,-37],[174.4,-36.9],[174.4,-36.8],[174.4,-36.7],[174.2,-36.5],[174.2,-36.4],[174.2,-36.5],[174.2,-36.4],[174.3,-36.4],[174.3,-36.5],[174.4,-36.5],[174.4,-36.6],[174.3,-36.6],[174.4,-36.6],[174.4,-36.7],[174.4,-36.6],[174.5,-36.6],[174.5,-36.5],[174.4,-36.5],[174.5,-36.5],[174.5,-36.4],[174.4,-36.4],[174.5,-36.4],[174.4,-36.4],[174.3,-36.4],[174.3,-36.3],[174.4,-36.3],[174.5,-36.3],[174.5,-36.2],[174.4,-36.3],[174.3,-36.3],[174.4,-36.3],[174.4,-36.2],[174.5,-36.2],[174.4,-36.1],[174.4,-36.2],[174.3,-36.2],[174.4,-36.2],[174.3,-36.2],[174.3,-36.1],[174.2,-36.1],[174.2,-36.2],[174.3,-36.2],[174.3,-36.3],[174.2,-36.3],[174.2,-36.2],[174.1,-36.2],[174,-36.1],[174,-36],[173.9,-36],[173.9,-35.9],[173.9,-36],[174,-36],[174,-36.1],[174,-36.2],[174.1,-36.2],[174.1,-36.3],[174.2,-36.3],[174.2,-36.4],[174.1,-36.4],[174,-36.3],[173.9,-36.1],[173.6,-35.8],[173.4,-35.6],[173.4,-35.5],[173.5,-35.5],[173.5,-35.4],[173.5,-35.5],[173.5,-35.4],[173.6,-35.4],[173.6,-35.3],[173.7,-35.3],[173.6,-35.3],[173.5,-35.3],[173.6,-35.3],[173.6,-35.4],[173.5,-35.4],[173.4,-35.4],[173.4,-35.5],[173.3,-35.4],[173.3,-35.3],[173.2,-35.4],[173.2,-35.3],[173.3,-35.3],[173.2,-35.3],[173.1,-35.3],[173.1,-35.2],[173.2,-35.2],[173.2,-35.1],[173.2,-35],[173.2,-34.9],[173.1,-34.9],[173,-34.8],[172.8,-34.6],[172.8,-34.5],[172.7,-34.5],[172.7,-34.4],[172.8,-34.4],[172.9,-34.4],[173,-34.4],[173.1,-34.4],[173,-34.4],[173,-34.5],[172.9,-34.5],[172.9,-34.6],[173,-34.6],[173,-34.5],[173,-34.6],[173,-34.7],[173,-34.6],[173,-34.5],[173,-34.6],[173.1,-34.6],[173.1,-34.7],[173.1,-34.8],[173.2,-34.8],[173.1,-34.8],[173.2,-34.8],[173.3,-34.9],[173.3,-35],[173.4,-35],[173.4,-34.9],[173.4,-34.8],[173.5,-34.8],[173.4,-34.8],[173.5,-34.8],[173.5,-34.9],[173.4,-34.9],[173.4,-35],[173.5,-35],[173.6,-35],[173.6,-34.9],[173.6,-35],[173.6,-34.9],[173.7,-34.9],[173.7,-35],[173.8,-35],[173.7,-35.1],[173.8,-35.1],[173.8,-35],[173.9,-35],[174,-35.1],[174.1,-35.1],[174.1,-35.2],[174.2,-35.2],[174.1,-35.2],[174,-35.2],[174.1,-35.2],[174,-35.2],[174.1,-35.2],[174.1,-35.3],[174.1,-35.4],[174.2,-35.4],[174.2,-35.3],[174.3,-35.3],[174.2,-35.3],[174.3,-35.3],[174.2,-35.3],[174.3,-35.3],[174.3,-35.2],[174.4,-35.2],[174.3,-35.3],[174.4,-35.3],[174.4,-35.4],[174.3,-35.3],[174.3,-35.4],[174.4,-35.4],[174.5,-35.4],[174.5,-35.5],[174.5,-35.6],[174.6,-35.6],[174.6,-35.7],[174.6,-35.6],[174.5,-35.6],[174.5,-35.7],[174.6,-35.7],[174.5,-35.7],[174.6,-35.8],[174.5,-35.8],[174.4,-35.8],[174.4,-35.7],[174.4,-35.8],[174.3,-35.8],[174.4,-35.8],[174.4,-35.9],[174.4,-35.8],[174.5,-35.8],[174.5,-35.9],[174.5,-36],[174.6,-36],[174.6,-36.1],[174.7,-36.1],[174.7,-36.2],[174.8,-36.2],[174.8,-36.3],[174.9,-36.3],[174.9,-36.4],[174.8,-36.4],[174.8,-36.5],[174.8,-36.4],[174.7,-36.4],[174.7,-36.5],[174.7,-36.6],[174.8,-36.6],[174.9,-36.6],[174.8,-36.6],[174.7,-36.6],[174.8,-36.7],[174.8,-36.8],[174.7,-36.8],[174.6,-36.8],[174.7,-36.8],[174.6,-36.8],[174.7,-36.8],[174.7,-36.9],[174.8,-36.8],[174.8,-36.9],[174.9,-36.9],[174.9,-37],[174.9,-36.9],[174.9,-36.8],[175,-36.9],[175.1,-36.9],[175.1,-37],[175.2,-36.9],[175.2,-37],[175.2,-36.9],[175.3,-37],[175.3,-37.1],[175.3,-37.2],[175.4,-37.2],[175.5,-37.2],[175.6,-37.2],[175.6,-37.3],[175.6,-37.2],[175.6,-37.1],[175.6,-37],[175.5,-37],[175.5,-36.9],[175.4,-36.9],[175.5,-36.9],[175.5,-36.8],[175.5,-36.7],[175.5,-36.6],[175.4,-36.6],[175.4,-36.5],[175.5,-36.5],[175.6,-36.5],[175.6,-36.6],[175.5,-36.6],[175.6,-36.6],[175.6,-36.7],[175.6,-36.8],[175.7,-36.7],[175.8,-36.7],[175.9,-36.7],[175.8,-36.7],[175.8,-36.8],[175.8,-36.7],[175.8,-36.8],[175.7,-36.8],[175.7,-36.9],[175.8,-36.9],[175.8,-36.8],[175.9,-36.8],[175.9,-36.9],[175.9,-37],[175.9,-37.1],[175.9,-37],[175.9,-37.1],[175.9,-37.2],[175.9,-37.3],[176,-37.3],[176,-37.4],[176,-37.5],[176.1,-37.5],[176.1,-37.6],[176.2,-37.6],[176.1,-37.6],[176,-37.5],[175.9,-37.5],[176,-37.5],[176,-37.6],[176.1,-37.6],[176.1,-37.7],[176.2,-37.7],[176.2,-37.6],[176.3,-37.7],[176.4,-37.7],[176.4,-37.8],[176.5,-37.8],[176.7,-37.9],[176.8,-37.9],[176.9,-37.9],[177,-37.9],[177,-38],[177.1,-38],[177.2,-38],[177.1,-38],[177.2,-38],[177.3,-38],[177.4,-38],[177.5,-38],[177.6,-37.9],[177.6,-37.8],[177.7,-37.8],[177.7,-37.7],[177.8,-37.7],[177.9,-37.7],[177.9,-37.6],[178,-37.6],[178,-37.5],[178.3,-37.6],[178.4,-37.6],[178.5,-37.6],[178.5,-37.7],[178.6,-37.7],[178.5,-37.8],[178.5,-37.9],[178.4,-37.9],[178.4,-38],[178.3,-38],[178.4,-38],[178.4,-38.1],[178.3,-38.1],[178.4,-38.2],[178.3,-38.2],[178.3,-38.3],[178.4,-38.3],[178.3,-38.4],[178.3,-38.5],[178.2,-38.6],[178.1,-38.7],[178,-38.7],[177.9,-38.7],[178,-38.8],[177.9,-38.8],[177.9,-38.9],[177.9,-39],[177.9,-39.1],[178,-39.1],[177.9,-39.2],[177.9,-39.3],[177.8,-39.2],[177.8,-39.1],[177.9,-39.1],[177.8,-39.1],[177.6,-39.1],[177.4,-39.1],[177.2,-39.1],[177.1,-39.2],[177,-39.2],[177,-39.3],[176.9,-39.3],[176.9,-39.4],[176.9,-39.5],[177,-39.6]]],[[[168.2,-47],[168.2,-47.1],[168.3,-47.1],[168.2,-47.1],[168.1,-47.1],[168.2,-47.1],[168.1,-47.1],[168,-47.1],[167.9,-47.2],[167.8,-47.2],[167.8,-47.1],[167.7,-47.2],[167.6,-47.2],[167.7,-47.2],[167.7,-47.3],[167.7,-47.2],[167.6,-47.2],[167.6,-47.3],[167.5,-47.3],[167.5,-47.2],[167.6,-47.2],[167.6,-47.1],[167.6,-47],[167.7,-47],[167.7,-46.9],[167.8,-46.9],[167.8,-46.8],[167.8,-46.7],[167.9,-46.7],[168,-46.7],[168.1,-46.8],[168.1,-46.9],[168.2,-46.9],[168.1,-46.9],[168,-46.9],[168,-47],[168,-46.9],[168.1,-46.9],[168.1,-47],[168.2,-47],[168.1,-47],[168.2,-47],[168.3,-47],[168.2,-47]]],[[[-176.4,-43.9],[-176.4,-43.8],[-176.5,-43.8],[-176.4,-43.8],[-176.5,-43.9],[-176.4,-44],[-176.4,-43.9],[-176.4,-44],[-176.3,-44],[-176.3,-44.1],[-176.4,-44.1],[-176.5,-44.1],[-176.6,-44.1],[-176.6,-44],[-176.7,-44],[-176.6,-44],[-176.6,-43.9],[-176.5,-43.9],[-176.6,-43.8],[-176.7,-43.8],[-176.8,-43.8],[-176.9,-43.8],[-176.8,-43.8],[-176.7,-43.8],[-176.6,-43.8],[-176.6,-43.7],[-176.5,-43.7],[-176.4,-43.7],[-176.2,-43.7],[-176.2,-43.8],[-176.3,-43.8],[-176.4,-43.9]]],[[[166.2,-50.6],[166.2,-50.7],[166.2,-50.6],[166.2,-50.7],[166.1,-50.7],[166.2,-50.7],[166.2,-50.8],[166.3,-50.8],[166.2,-50.9],[166.2,-50.8],[166.1,-50.8],[166,-50.8],[166.1,-50.8],[166,-50.8],[165.9,-50.8],[165.9,-50.9],[165.9,-50.8],[166.1,-50.7],[166.1,-50.6],[166.1,-50.5],[166.2,-50.5],[166.3,-50.5],[166.3,-50.6],[166.2,-50.6]]]]}},{"type":"Feature","properties":{"name":"Curaçao","iso":"CW"},"geometry":{"type":"Polygon","coordinates":[[[-68.8,12.1],[-68.7,12.1],[-68.7,12],[-68.8,12],[-68.8,12.1],[-68.9,12.1],[-69,12.1],[-69,12.2],[-69.1,12.2],[-69.1,12.3],[-69.2,12.3],[-69.2,12.4],[-69.1,12.4],[-69.1,12.3],[-69,12.3],[-69,12.2],[-68.8,12.2],[-68.8,12.1]]]}},{"type":"Feature","properties":{"name":"Aruba","iso":"AW"},"geometry":{"type":"Polygon","coordinates":[[[-70,12.6],[-69.9,12.5],[-69.9,12.4],[-70,12.5],[-70.1,12.5],[-70.1,12.6],[-70,12.6],[-70.1,12.6],[-70,12.6]]]}},{"type":"Feature","properties":{"name":"The Bahamas","iso":"BS"},"geometry":{"type":"MultiPolygon","coordinates":[[[[-78.4,24.7],[-78.3,24.7],[-78.3,24.6],[-78.2,24.6],[-78.2,24.7],[-78.3,24.7],[-78.3,24.8],[-78.2,24.8],[-78.2,24.9],[-78.2,25],[-78.2,25.1],[-78.2,25.2],[-78.1,25.2],[-78,25.2],[-78,25.1],[-78,25],[-77.9,25],[-77.9,24.8],[-77.8,24.8],[-77.8,24.7],[-77.7,24.7],[-77.7,24.6],[-77.8,24.6],[-77.7,24.6],[-77.7,24.5],[-77.8,24.5],[-77.8,24.4],[-77.9,24.4],[-77.9,24.3],[-78,24.3],[-78.1,24.3],[-78.1,24.4],[-78.1,24.5],[-78.2,24.5],[-78.4,24.5],[-78.4,24.6],[-78.4,24.7]]],[[[-73.6,21.1],[-73.7,21.1],[-73.6,21.1],[-73.5,21.1],[-73.5,21.2],[-73.4,21.2],[-73.3,21.2],[-73.3,21.1],[-73.2,21.1],[-73.2,21.2],[-73.1,21.2],[-73.1,21.3],[-73,21.3],[-73,21.2],[-73.1,21.1],[-73.1,21],[-73.2,21],[-73.3,21],[-73.3,20.9],[-73.3,21],[-73.4,20.9],[-73.5,20.9],[-73.6,20.9],[-73.7,20.9],[-73.7,21],[-73.6,21.1]]],[[[-77.5,23.9],[-77.5,23.8],[-77.6,23.8],[-77.5,23.8],[-77.6,23.8],[-77.6,23.7],[-77.6,23.8],[-77.7,23.8],[-77.7,23.7],[-77.8,23.7],[-77.7,23.8],[-77.6,23.8],[-77.6,23.9],[-77.6,23.8],[-77.7,23.8],[-77.8,23.8],[-77.7,23.8],[-77.7,23.9],[-77.8,23.9],[-77.8,24],[-77.9,24],[-77.9,24.1],[-77.9,24.2],[-77.8,24.2],[-77.8,24.3],[-77.7,24.3],[-77.6,24.3],[-77.6,24.2],[-77.7,24.2],[-77.8,24.2],[-77.7,24.2],[-77.7,24.1],[-77.8,24.1],[-77.7,24.1],[-77.7,24],[-77.7,24.1],[-77.6,24.1],[-77.6,24.2],[-77.6,24.1],[-77.5,24.1],[-77.5,24],[-77.5,23.9],[-77.6,23.9],[-77.5,23.9]]],[[[-78.6,26.5],[-78.7,26.5],[-78.8,26.5],[-78.8,26.6],[-78.9,26.7],[-79,26.7],[-78.8,26.6],[-78.7,26.6],[-78.6,26.6],[-78.6,26.7],[-78.6,26.8],[-78.5,26.8],[-78.5,26.7],[-78.4,26.7],[-78.3,26.7],[-78.2,26.7],[-78.1,26.7],[-78,26.7],[-77.9,26.7],[-77.9,26.8],[-77.9,26.7],[-77.9,26.6],[-78,26.7],[-78.1,26.6],[-78.2,26.6],[-78.3,26.6],[-78.5,26.6],[-78.6,26.5]]],[[[-77.8,26.9],[-77.9,26.9],[-78,26.9],[-77.9,26.9],[-77.8,26.9],[-77.7,26.9],[-77.6,26.9],[-77.5,26.9],[-77.3,26.7],[-77.3,26.6],[-77.2,26.6],[-77.1,26.6],[-77.1,26.5],[-77,26.5],[-77.1,26.5],[-77.1,26.4],[-77,26.4],[-77,26.3],[-77.1,26.3],[-77.2,26.2],[-77.2,26.1],[-77.2,26],[-77.2,25.9],[-77.3,25.9],[-77.3,26],[-77.4,26],[-77.3,26.1],[-77.2,26.1],[-77.2,26.2],[-77.3,26.2],[-77.2,26.2],[-77.2,26.3],[-77.3,26.3],[-77.2,26.4],[-77.2,26.5],[-77.2,26.6],[-77.3,26.6],[-77.4,26.6],[-77.3,26.7],[-77.4,26.7],[-77.4,26.8],[-77.5,26.8],[-77.5,26.9],[-77.6,26.9],[-77.7,26.9],[-77.8,26.9]]],[[[-74,22.7],[-73.9,22.7],[-74,22.7],[-73.9,22.7],[-73.8,22.7],[-73.9,22.7],[-73.8,22.6],[-73.8,22.5],[-73.9,22.5],[-73.9,22.4],[-74,22.4],[-74,22.3],[-74.1,22.3],[-74.2,22.2],[-74.3,22.2],[-74.2,22.2],[-74.2,22.3],[-74.1,22.3],[-74.1,22.4],[-74,22.4],[-74,22.5],[-73.9,22.5],[-73.9,22.6],[-74,22.6],[-74,22.7]]]]}},{"type":"Feature","properties":{"name":"Turks and Caicos Islands","iso":"TC"},"geometry":{"type":"MultiPolygon","coordinates":[[[[-71.8,21.8],[-71.9,21.9],[-71.8,21.9],[-71.8,21.8],[-71.7,21.8],[-71.6,21.8],[-71.7,21.8],[-71.6,21.7],[-71.7,21.7],[-71.7,21.8],[-71.8,21.8]]]]}},{"type":"Feature","properties":{"name":"Saint Pierre and Miquelon","iso":"PM"},"geometry":{"type":"MultiPolygon","coordinates":[[[[-56.3,46.9],[-56.2,46.9],[-56.2,46.8],[-56.3,46.8],[-56.4,46.8],[-56.4,46.9],[-56.3,46.9],[-56.3,47],[-56.4,47],[-56.4,47.1],[-56.3,47.1],[-56.4,47.1],[-56.3,47.1],[-56.3,47],[-56.4,47],[-56.3,47],[-56.3,46.9]]]]}},{"type":"Feature","properties":{"name":"Iceland","iso":"IS"},"geometry":{"type":"MultiPolygon","coordinates":[[[[-14.6,66.4],[-14.8,66.3],[-14.9,66.3],[-15,66.3],[-15,66.2],[-14.9,66.2],[-15,66.2],[-15.1,66.1],[-15.2,66.1],[-15.1,66.1],[-15.1,66],[-15,66],[-14.9,66],[-14.8,66.1],[-14.7,66.1],[-14.7,66],[-14.6,66],[-14.6,65.9],[-14.7,65.9],[-14.8,65.8],[-14.9,65.8],[-14.8,65.8],[-14.8,65.7],[-14.7,65.8],[-14.5,65.8],[-14.4,65.8],[-14.3,65.8],[-14.4,65.7],[-14.3,65.7],[-14.4,65.7],[-14.4,65.6],[-14.5,65.6],[-14.5,65.5],[-14.6,65.5],[-14.5,65.5],[-14.5,65.6],[-14.4,65.6],[-14.3,65.7],[-14.2,65.6],[-14.2,65.7],[-14,65.6],[-13.9,65.6],[-13.8,65.6],[-13.8,65.5],[-13.7,65.6],[-13.7,65.5],[-13.6,65.5],[-13.7,65.5],[-13.6,65.5],[-13.6,65.4],[-13.7,65.4],[-13.8,65.4],[-13.7,65.3],[-13.8,65.3],[-13.9,65.3],[-14,65.3],[-13.8,65.3],[-13.7,65.3],[-13.6,65.3],[-13.6,65.2],[-13.7,65.2],[-13.8,65.2],[-13.9,65.2],[-14,65.2],[-13.9,65.2],[-13.7,65.2],[-13.6,65.2],[-13.7,65.2],[-13.7,65.1],[-13.6,65.1],[-13.6,65.2],[-13.5,65.2],[-13.5,65.1],[-13.5,65],[-13.6,65],[-13.7,65],[-13.8,65],[-13.9,65],[-13.9,65.1],[-14,65.1],[-14,65],[-14.2,65],[-13.9,65],[-13.8,65],[-13.7,64.9],[-13.8,64.9],[-13.9,64.9],[-14,64.9],[-14.1,64.9],[-14,64.9],[-13.9,64.9],[-13.8,64.9],[-13.8,64.8],[-13.9,64.8],[-14,64.8],[-13.9,64.8],[-13.8,64.8],[-13.9,64.8],[-14,64.8],[-14,64.7],[-14.3,64.7],[-14.4,64.8],[-14.5,64.8],[-14.4,64.7],[-14.3,64.7],[-14.4,64.7],[-14.5,64.7],[-14.5,64.6],[-14.4,64.6],[-14.6,64.6],[-14.5,64.6],[-14.5,64.5],[-14.5,64.6],[-14.4,64.6],[-14.3,64.6],[-14.4,64.6],[-14.5,64.5],[-14.5,64.4],[-14.6,64.4],[-14.7,64.4],[-14.6,64.4],[-14.7,64.4],[-14.8,64.4],[-14.9,64.3],[-15,64.3],[-14.9,64.3],[-15,64.3],[-15.1,64.3],[-15.2,64.3],[-15.3,64.3],[-15.3,64.4],[-15.4,64.4],[-15.5,64.4],[-15.4,64.4],[-15.4,64.3],[-15.5,64.3],[-15.4,64.3],[-15.5,64.3],[-15.5,64.2],[-15.6,64.2],[-15.7,64.2],[-15.8,64.2],[-15.7,64.2],[-16,64.1],[-16.1,64.1],[-16.2,64.1],[-16.2,64],[-16.3,64],[-16.4,64],[-16.3,64],[-16.4,64],[-16.4,63.9],[-16.5,63.9],[-16.6,63.9],[-16.7,63.9],[-16.8,63.9],[-16.7,63.8],[-16.8,63.8],[-16.9,63.9],[-16.9,63.8],[-16.9,63.9],[-16.9,63.8],[-17,63.8],[-16.9,63.8],[-16.9,63.9],[-17,63.9],[-17,63.8],[-17.1,63.8],[-17.2,63.8],[-17.3,63.8],[-17.5,63.8],[-17.6,63.8],[-17.5,63.8],[-17.6,63.8],[-17.6,63.7],[-17.7,63.7],[-17.6,63.7],[-17.6,63.8],[-17.7,63.8],[-17.7,63.7],[-17.8,63.7],[-17.8,63.8],[-17.8,63.7],[-17.9,63.7],[-18,63.7],[-17.9,63.7],[-17.8,63.7],[-17.8,63.6],[-17.9,63.6],[-18,63.6],[-17.9,63.6],[-17.9,63.5],[-18,63.5],[-18.1,63.5],[-18.2,63.5],[-18.1,63.5],[-18.2,63.5],[-18.3,63.5],[-18.2,63.5],[-18.4,63.4],[-18.5,63.4],[-18.7,63.4],[-18.8,63.4],[-19,63.4],[-19.1,63.4],[-19.2,63.4],[-19.3,63.4],[-19.4,63.5],[-19.6,63.5],[-19.7,63.5],[-19.8,63.5],[-19.9,63.5],[-19.8,63.5],[-20,63.5],[-20.1,63.6],[-20.1,63.5],[-20.1,63.6],[-20.1,63.5],[-20.2,63.5],[-20.3,63.6],[-20.4,63.6],[-20.3,63.6],[-20.4,63.6],[-20.4,63.7],[-20.5,63.7],[-20.4,63.7],[-20.4,63.6],[-20.5,63.7],[-20.6,63.7],[-20.5,63.7],[-20.6,63.7],[-20.5,63.8],[-20.4,63.8],[-20.3,63.7],[-20.4,63.8],[-20.5,63.8],[-20.6,63.8],[-20.6,63.7],[-20.7,63.7],[-20.8,63.8],[-20.7,63.8],[-20.6,63.8],[-20.7,63.8],[-20.7,63.9],[-20.7,63.8],[-20.8,63.8],[-20.9,63.8],[-21.1,63.8],[-21.1,63.9],[-21.2,63.9],[-21.1,63.9],[-21,63.9],[-21.1,63.9],[-21.2,64],[-21.2,63.9],[-21.3,63.9],[-21.2,63.9],[-21.3,63.9],[-21.4,63.9],[-21.4,63.8],[-21.7,63.8],[-21.7,63.9],[-21.8,63.9],[-22,63.8],[-22.1,63.8],[-22.3,63.9],[-22.4,63.9],[-22.4,63.8],[-22.5,63.8],[-22.6,63.8],[-22.7,63.8],[-22.7,63.9],[-22.6,63.9],[-22.6,64],[-22.7,64],[-22.7,64.1],[-22.6,64.1],[-22.6,64],[-22.5,64],[-22.6,64],[-22.5,64],[-22.4,64],[-22.3,64],[-22.2,64],[-22.1,64],[-22,64.1],[-21.9,64.1],[-22,64.1],[-22,64.2],[-21.9,64.2],[-21.9,64.1],[-21.8,64.1],[-21.8,64.2],[-21.7,64.2],[-21.8,64.2],[-21.7,64.2],[-21.8,64.2],[-21.9,64.2],[-21.9,64.3],[-21.8,64.3],[-21.7,64.3],[-21.7,64.4],[-21.7,64.3],[-21.7,64.4],[-21.6,64.4],[-21.5,64.4],[-21.4,64.4],[-21.5,64.4],[-21.4,64.4],[-21.5,64.4],[-21.4,64.4],[-21.6,64.4],[-21.7,64.4],[-21.8,64.4],[-21.8,64.3],[-21.9,64.3],[-22,64.3],[-22.1,64.3],[-22,64.3],[-22,64.4],[-21.9,64.4],[-22,64.4],[-22,64.5],[-21.9,64.5],[-21.8,64.5],[-21.8,64.6],[-21.7,64.6],[-21.6,64.6],[-21.7,64.6],[-21.6,64.6],[-21.5,64.6],[-21.6,64.6],[-21.7,64.6],[-21.6,64.6],[-21.5,64.6],[-21.5,64.7],[-21.6,64.7],[-21.7,64.6],[-21.7,64.7],[-21.7,64.6],[-21.8,64.6],[-21.9,64.6],[-22,64.5],[-22,64.6],[-22.1,64.5],[-22.2,64.5],[-22.3,64.5],[-22.2,64.5],[-22.2,64.6],[-22.3,64.6],[-22.2,64.6],[-22.3,64.6],[-22.4,64.6],[-22.3,64.6],[-22.4,64.6],[-22.4,64.7],[-22.4,64.6],[-22.3,64.7],[-22.4,64.7],[-22.3,64.7],[-22.2,64.7],[-22.3,64.7],[-22.4,64.7],[-22.3,64.7],[-22.3,64.8],[-22.4,64.8],[-22.5,64.8],[-22.6,64.8],[-22.7,64.8],[-22.6,64.8],[-22.7,64.8],[-22.8,64.8],[-22.7,64.8],[-22.8,64.8],[-22.9,64.8],[-23.1,64.8],[-23.2,64.8],[-23.3,64.8],[-23.4,64.8],[-23.5,64.8],[-23.6,64.8],[-23.5,64.8],[-23.6,64.8],[-23.7,64.7],[-23.8,64.7],[-23.9,64.7],[-23.9,64.8],[-24,64.8],[-24.1,64.9],[-24,64.9],[-23.8,64.9],[-23.7,64.9],[-23.6,64.9],[-23.5,64.9],[-23.5,65],[-23.4,64.9],[-23.4,65],[-23.3,65],[-23.3,64.9],[-23.3,65],[-23.3,64.9],[-23.2,64.9],[-23.2,65],[-23.1,65],[-23.2,65],[-23.1,64.9],[-23.1,65],[-23,65],[-22.9,65],[-22.8,65],[-22.9,65],[-22.8,65],[-22.8,65.1],[-22.7,65.1],[-22.7,65],[-22.8,65],[-22.7,65],[-22.6,65],[-22.5,65.1],[-22.4,65.1],[-22.2,65],[-22.1,65],[-22,65],[-21.9,65],[-21.8,65],[-21.8,65.1],[-21.7,65.2],[-21.8,65.2],[-22,65.1],[-22.3,65.1],[-22.4,65.2],[-22.5,65.2],[-22.6,65.2],[-22.5,65.2],[-22.6,65.2],[-22.5,65.2],[-22.4,65.2],[-22.4,65.3],[-22.3,65.3],[-22.2,65.3],[-22.1,65.3],[-22.1,65.4],[-22,65.4],[-21.9,65.4],[-21.8,65.4],[-21.7,65.4],[-21.7,65.5],[-21.8,65.4],[-21.9,65.4],[-22,65.4],[-22,65.5],[-21.9,65.5],[-22,65.5],[-22.1,65.5],[-22.2,65.5],[-22.2,65.4],[-22.3,65.4],[-22.3,65.5],[-22.4,65.5],[-22.3,65.5],[-22.2,65.5],[-22.2,65.6],[-22.1,65.6],[-22.2,65.5],[-22.3,65.5],[-22.3,65.6],[-22.4,65.5],[-22.5,65.5],[-22.5,65.6],[-22.6,65.6],[-22.5,65.6],[-22.6,65.5],[-22.6,65.6],[-22.6,65.5],[-22.7,65.5],[-22.7,65.6],[-22.8,65.6],[-22.7,65.6],[-22.7,65.5],[-22.8,65.5],[-22.9,65.5],[-22.9,65.6],[-22.8,65.6],[-22.9,65.6],[-23,65.6],[-23,65.5],[-23.1,65.5],[-23.2,65.6],[-23.2,65.5],[-23.3,65.5],[-23.4,65.5],[-23.5,65.5],[-23.6,65.5],[-23.7,65.5],[-23.7,65.4],[-23.9,65.4],[-24,65.4],[-24,65.5],[-24,65.4],[-24,65.5],[-24.2,65.5],[-24.5,65.5],[-24.4,65.6],[-24.3,65.6],[-24.2,65.6],[-24.1,65.6],[-24,65.6],[-24,65.5],[-23.9,65.5],[-23.8,65.5],[-23.9,65.5],[-23.9,65.6],[-24,65.6],[-24.1,65.6],[-24.1,65.7],[-23.9,65.6],[-23.8,65.6],[-23.9,65.6],[-23.9,65.7],[-24,65.7],[-24.1,65.7],[-24.1,65.8],[-24,65.8],[-23.6,65.7],[-23.6,65.6],[-23.5,65.6],[-23.4,65.6],[-23.4,65.7],[-23.3,65.7],[-23.4,65.7],[-23.5,65.7],[-23.4,65.7],[-23.3,65.7],[-23.2,65.7],[-23.2,65.8],[-23.3,65.8],[-23.2,65.8],[-23.3,65.8],[-23.6,65.8],[-23.7,65.8],[-23.8,65.8],[-23.9,65.9],[-23.8,65.9],[-23.7,65.9],[-23.6,65.9],[-23.5,65.9],[-23.4,65.9],[-23.3,65.8],[-23.2,65.8],[-23.3,65.9],[-23.4,65.9],[-23.5,65.9],[-23.6,65.9],[-23.7,65.9],[-23.7,66],[-23.8,66],[-23.8,66.1],[-23.7,66.1],[-23.5,66],[-23.4,66],[-23.5,66],[-23.5,66.1],[-23.6,66.1],[-23.7,66.1],[-23.6,66.1],[-23.5,66.1],[-23.4,66.1],[-23.5,66.1],[-23.6,66.1],[-23.6,66.2],[-23.5,66.2],[-23.3,66.2],[-23.2,66.2],[-23.2,66.1],[-23.1,66.1],[-23,66.1],[-23,66],[-23.1,66],[-23,66],[-22.9,66],[-22.8,66],[-22.9,66],[-22.9,65.9],[-22.9,66],[-22.8,66],[-22.8,65.9],[-22.8,66],[-22.8,66.1],[-22.7,66.1],[-22.7,66],[-22.6,66],[-22.6,65.9],[-22.7,65.8],[-22.6,65.8],[-22.6,65.9],[-22.5,65.9],[-22.5,66],[-22.5,65.9],[-22.4,65.9],[-22.5,65.9],[-22.4,65.9],[-22.5,65.9],[-22.5,65.8],[-22.4,65.8],[-22.4,65.9],[-22.4,66],[-22.5,66],[-22.5,66.1],[-22.4,66.1],[-22.5,66.1],[-22.6,66.1],[-22.9,66.2],[-23,66.2],[-22.9,66.2],[-22.8,66.3],[-22.6,66.2],[-22.5,66.2],[-22.6,66.2],[-22.5,66.2],[-22.5,66.3],[-22.4,66.3],[-22.5,66.3],[-22.6,66.3],[-22.5,66.3],[-22.6,66.3],[-22.7,66.3],[-22.7,66.4],[-22.6,66.4],[-22.7,66.4],[-22.8,66.3],[-22.8,66.4],[-22.9,66.4],[-22.9,66.3],[-23.1,66.3],[-23.2,66.3],[-23.2,66.4],[-23.1,66.4],[-23,66.4],[-23.1,66.4],[-23,66.4],[-22.9,66.4],[-23,66.5],[-22.9,66.5],[-22.8,66.5],[-22.8,66.4],[-22.7,66.4],[-22.6,66.4],[-22.6,66.5],[-22.5,66.5],[-22.5,66.4],[-22.4,66.4],[-22.4,66.5],[-22.5,66.5],[-22.4,66.5],[-22.4,66.4],[-22.3,66.4],[-22.2,66.4],[-22.3,66.3],[-22.2,66.3],[-22.1,66.3],[-22,66.3],[-21.9,66.2],[-22,66.2],[-21.9,66.2],[-21.8,66.2],[-21.7,66.2],[-21.8,66.2],[-21.7,66.2],[-21.7,66.1],[-21.6,66.1],[-21.6,66],[-21.7,66],[-21.6,66],[-21.6,66.1],[-21.5,66.1],[-21.6,66.1],[-21.6,66],[-21.5,66],[-21.4,66],[-21.3,66],[-21.5,66],[-21.6,66],[-21.6,65.9],[-21.5,66],[-21.4,66],[-21.4,65.9],[-21.3,65.9],[-21.3,65.8],[-21.4,65.8],[-21.5,65.8],[-21.4,65.8],[-21.3,65.7],[-21.4,65.7],[-21.6,65.7],[-21.7,65.7],[-21.7,65.8],[-21.8,65.8],[-21.7,65.8],[-21.7,65.7],[-21.6,65.7],[-21.6,65.6],[-21.4,65.6],[-21.5,65.6],[-21.4,65.6],[-21.3,65.6],[-21.3,65.5],[-21.4,65.5],[-21.5,65.5],[-21.5,65.4],[-21.4,65.5],[-21.3,65.5],[-21.2,65.4],[-21.2,65.3],[-21.1,65.2],[-21.1,65.3],[-21.1,65.4],[-21.1,65.5],[-21,65.4],[-20.9,65.3],[-20.9,65.4],[-21,65.4],[-21,65.5],[-21,65.6],[-20.9,65.6],[-20.8,65.6],[-20.7,65.7],[-20.6,65.7],[-20.6,65.6],[-20.6,65.5],[-20.6,65.6],[-20.6,65.5],[-20.5,65.5],[-20.4,65.5],[-20.4,65.6],[-20.5,65.6],[-20.4,65.6],[-20.4,65.5],[-20.4,65.6],[-20.3,65.6],[-20.3,65.7],[-20.3,65.8],[-20.3,65.9],[-20.4,65.9],[-20.4,66],[-20.4,66.1],[-20.3,66.1],[-20.2,66.1],[-20.1,66.1],[-20,66.1],[-20,66],[-19.9,66],[-19.9,65.9],[-19.8,65.9],[-19.7,65.9],[-19.7,65.8],[-19.6,65.8],[-19.6,65.7],[-19.6,65.8],[-19.5,65.8],[-19.5,65.7],[-19.4,65.7],[-19.5,65.7],[-19.4,65.7],[-19.4,65.8],[-19.4,65.9],[-19.5,65.9],[-19.5,66],[-19.4,66],[-19.5,66.1],[-19.4,66.1],[-19.2,66.1],[-19.1,66.1],[-19.1,66.2],[-19,66.2],[-18.9,66.2],[-18.8,66.2],[-18.8,66.1],[-18.7,66.2],[-18.6,66.1],[-18.7,66.1],[-18.6,66.1],[-18.5,66.1],[-18.5,66],[-18.4,66],[-18.3,66],[-18.3,65.9],[-18.2,65.9],[-18.2,65.8],[-18.2,65.7],[-18.1,65.7],[-18.1,65.6],[-18.1,65.7],[-18.1,65.8],[-18.1,65.9],[-18.2,65.9],[-18.2,66],[-18.3,66],[-18.3,66.1],[-18.3,66.2],[-18.2,66.2],[-18.1,66.2],[-18.1,66.1],[-18,66.2],[-17.9,66.2],[-17.9,66.1],[-17.8,66.1],[-17.7,66.1],[-17.7,66],[-17.6,66],[-17.6,65.9],[-17.5,65.9],[-17.6,65.9],[-17.6,66],[-17.5,66],[-17.6,66],[-17.5,66],[-17.4,66],[-17.4,66.1],[-17.3,66.1],[-17.3,66.2],[-17.2,66.2],[-17.1,66.2],[-17,66.2],[-16.9,66.1],[-16.8,66.1],[-16.7,66.1],[-16.8,66.1],[-16.7,66.1],[-16.6,66.1],[-16.7,66.1],[-16.7,66.2],[-16.6,66.2],[-16.5,66.2],[-16.6,66.2],[-16.5,66.2],[-16.5,66.1],[-16.4,66.1],[-16.4,66.2],[-16.5,66.2],[-16.4,66.2],[-16.4,66.3],[-16.5,66.3],[-16.5,66.4],[-16.5,66.5],[-16.6,66.5],[-16.5,66.5],[-16.4,66.5],[-16.3,66.5],[-16.2,66.5],[-16.1,66.5],[-16,66.5],[-15.9,66.5],[-15.9,66.4],[-15.8,66.4],[-15.7,66.4],[-15.7,66.3],[-15.8,66.3],[-15.7,66.3],[-15.7,66.2],[-15.6,66.2],[-15.5,66.2],[-15.4,66.2],[-15.4,66.1],[-15.4,66.2],[-15.3,66.2],[-15.3,66.3],[-15.2,66.3],[-15.1,66.3],[-15,66.3],[-15,66.4],[-14.9,66.4],[-14.8,66.4],[-14.6,66.4]]]]}},{"type":"Feature","properties":{"name":"Pitcairn Islands","iso":"PN"},"geometry":{"type":"MultiPolygon","coordinates":[[[[-128.3,-24.3],[-128.3,-24.4],[-128.4,-24.3],[-128.3,-24.3]]]]}},{"type":"Feature","properties":{"name":"French Polynesia","iso":"PF"},"geometry":{"type":"MultiPolygon","coordinates":[[[[-149.2,-17.7],[-149.2,-17.8],[-149.1,-17.8],[-149.2,-17.8],[-149.2,-17.9],[-149.3,-17.9],[-149.3,-17.8],[-149.3,-17.7],[-149.4,-17.7],[-149.5,-17.8],[-149.5,-17.7],[-149.6,-17.7],[-149.6,-17.6],[-149.6,-17.5],[-149.5,-17.5],[-149.4,-17.5],[-149.3,-17.6],[-149.3,-17.7],[-149.2,-17.7]]]]}},{"type":"Feature","properties":{"name":"Kiribati","iso":"KI"},"geometry":{"type":"MultiPolygon","coordinates":[[[[-157.2,1.8],[-157.2,1.7],[-157.3,1.7],[-157.3,1.8],[-157.4,1.8],[-157.5,1.8],[-157.5,1.9],[-157.6,1.9],[-157.5,1.9],[-157.5,1.8],[-157.4,1.8],[-157.4,1.9],[-157.5,1.9],[-157.4,1.9],[-157.4,2],[-157.5,2],[-157.4,2],[-157.3,2],[-157.3,1.9],[-157.3,1.8],[-157.2,1.8]]]]}},{"type":"Feature","properties":{"name":"Trinidad and Tobago","iso":"TT"},"geometry":{"type":"MultiPolygon","coordinates":[[[[-61,10.7],[-61,10.6],[-61,10.5],[-61,10.4],[-61,10.3],[-61,10.2],[-61,10.1],[-61.1,10.1],[-61.2,10.1],[-61.3,10.1],[-61.4,10.1],[-61.5,10.1],[-61.6,10.1],[-61.7,10.1],[-61.8,10.1],[-61.9,10.1],[-61.9,10],[-61.9,10.1],[-61.8,10.1],[-61.7,10.2],[-61.6,10.2],[-61.5,10.2],[-61.5,10.3],[-61.5,10.4],[-61.5,10.5],[-61.5,10.6],[-61.5,10.7],[-61.6,10.7],[-61.7,10.7],[-61.6,10.7],[-61.5,10.8],[-61.4,10.8],[-61.3,10.8],[-61.2,10.8],[-61.1,10.8],[-60.9,10.8],[-61,10.7]]]]}},{"type":"Feature","properties":{"name":"Grenada","iso":"GD"},"geometry":{"type":"MultiPolygon","coordinates":[[[[-61.6,12.2],[-61.6,12.1],[-61.6,12],[-61.7,12],[-61.8,12],[-61.7,12],[-61.7,12.1],[-61.8,12.1],[-61.7,12.1],[-61.7,12.2],[-61.6,12.2]]]]}},{"type":"Feature","properties":{"name":"Saint Vincent and the Grenadines","iso":"VC"},"geometry":{"type":"MultiPolygon","coordinates":[[[[-61.2,13.1],[-61.3,13.2],[-61.3,13.3],[-61.2,13.3],[-61.2,13.4],[-61.1,13.4],[-61.1,13.3],[-61.1,13.2],[-61.2,13.1]]]]}},{"type":"Feature","properties":{"name":"Barbados","iso":"BB"},"geometry":{"type":"Polygon","coordinates":[[[-59.4,13.2],[-59.4,13.1],[-59.5,13.1],[-59.6,13.1],[-59.6,13.2],[-59.7,13.3],[-59.6,13.3],[-59.5,13.2],[-59.4,13.2]]]}},{"type":"Feature","properties":{"name":"Saint Lucia","iso":"LC"},"geometry":{"type":"Polygon","coordinates":[[[-60.9,14],[-60.9,13.9],[-60.9,13.8],[-60.9,13.7],[-61,13.7],[-61,13.8],[-61.1,13.8],[-61.1,13.9],[-61,14],[-61,14.1],[-60.9,14.1],[-60.9,14]]]}},{"type":"Feature","properties":{"name":"Dominica","iso":"DM"},"geometry":{"type":"Polygon","coordinates":[[[-61.4,15.2],[-61.4,15.3],[-61.4,15.4],[-61.4,15.5],[-61.5,15.5],[-61.5,15.6],[-61.4,15.6],[-61.3,15.6],[-61.3,15.5],[-61.3,15.4],[-61.2,15.4],[-61.3,15.4],[-61.3,15.3],[-61.3,15.2],[-61.4,15.2]]]}},{"type":"Feature","properties":{"name":"Montserrat","iso":"MS"},"geometry":{"type":"Polygon","coordinates":[[[-62.1,16.7],[-62.2,16.7],[-62.1,16.7],[-62.2,16.7],[-62.2,16.8],[-62.1,16.7]]]}},{"type":"Feature","properties":{"name":"Antigua and Barbuda","iso":"AG"},"geometry":{"type":"MultiPolygon","coordinates":[[[[-61.9,17],[-61.9,17.1],[-61.8,17.1],[-61.9,17.1],[-61.8,17.1],[-61.8,17.2],[-61.8,17.1],[-61.7,17.1],[-61.7,17],[-61.8,17],[-61.9,17]]]]}},{"type":"Feature","properties":{"name":"Saint Kitts and Nevis","iso":"KN"},"geometry":{"type":"MultiPolygon","coordinates":[[[[-62.7,17.3],[-62.6,17.3],[-62.6,17.2],[-62.7,17.2],[-62.7,17.3],[-62.8,17.3],[-62.9,17.4],[-62.8,17.4],[-62.7,17.4],[-62.7,17.3]]]]}},{"type":"Feature","properties":{"name":"United States Virgin Islands","iso":"VI"},"geometry":{"type":"MultiPolygon","coordinates":[[[[-64.6,17.8],[-64.6,17.7],[-64.7,17.7],[-64.9,17.7],[-64.9,17.8],[-64.8,17.8],[-64.7,17.8],[-64.7,17.7],[-64.7,17.8],[-64.6,17.8]]]]}},{"type":"Feature","properties":{"name":"Puerto Rico","iso":"PR"},"geometry":{"type":"MultiPolygon","coordinates":[[[[-65.6,18.3],[-65.6,18.2],[-65.7,18.2],[-65.8,18.2],[-65.8,18.1],[-65.8,18],[-65.9,18],[-66,18],[-66.1,18],[-66.2,17.9],[-66.2,18],[-66.2,17.9],[-66.3,17.9],[-66.3,18],[-66.4,18],[-66.4,17.9],[-66.4,18],[-66.5,18],[-66.6,18],[-66.7,18],[-66.8,18],[-66.9,17.9],[-66.9,18],[-66.9,17.9],[-66.9,18],[-66.9,17.9],[-67,17.9],[-67,18],[-67.1,18],[-67.1,17.9],[-67.1,18],[-67.2,18],[-67.2,17.9],[-67.2,18],[-67.2,18.1],[-67.2,18.2],[-67.2,18.3],[-67.3,18.3],[-67.3,18.4],[-67.2,18.4],[-67.2,18.5],[-67.1,18.5],[-67,18.5],[-66.9,18.5],[-66.8,18.5],[-66.7,18.5],[-66.6,18.5],[-66.5,18.5],[-66.4,18.5],[-66.3,18.5],[-66.2,18.5],[-66.1,18.5],[-66.1,18.4],[-66.1,18.5],[-66,18.5],[-66,18.4],[-66,18.5],[-65.9,18.4],[-65.9,18.5],[-65.9,18.4],[-65.8,18.4],[-65.7,18.4],[-65.6,18.4],[-65.6,18.3]]]]}},{"type":"Feature","properties":{"name":"Anguilla","iso":"AI"},"geometry":{"type":"MultiPolygon","coordinates":[[[[-63,18.3],[-63,18.2],[-63.1,18.2],[-63.2,18.2],[-63.1,18.2],[-63.1,18.3],[-63,18.3]]]]}},{"type":"Feature","properties":{"name":"British Virgin Islands","iso":"VG"},"geometry":{"type":"MultiPolygon","coordinates":[[[[-64.6,18.4],[-64.7,18.4],[-64.6,18.5],[-64.6,18.4],[-64.6,18.5],[-64.6,18.4],[-64.6,18.5],[-64.5,18.4],[-64.6,18.4]]]]}},{"type":"Feature","properties":{"name":"Jamaica","iso":"JM"},"geometry":{"type":"Polygon","coordinates":[[[-76.3,18],[-76.2,18],[-76.2,17.9],[-76.3,17.9],[-76.4,17.9],[-76.5,17.9],[-76.6,17.9],[-76.7,17.9],[-76.8,17.9],[-76.7,17.9],[-76.7,18],[-76.8,18],[-76.9,18],[-76.9,17.9],[-76.9,17.8],[-77,17.8],[-77,17.9],[-77.1,17.9],[-77.2,17.8],[-77.1,17.8],[-77.1,17.7],[-77.2,17.7],[-77.3,17.8],[-77.4,17.9],[-77.5,17.9],[-77.5,17.8],[-77.5,17.9],[-77.6,17.9],[-77.7,17.9],[-77.8,17.9],[-77.8,18],[-77.9,18],[-78,18],[-78,18.1],[-78.1,18.2],[-78.2,18.2],[-78.3,18.2],[-78.4,18.2],[-78.4,18.3],[-78.3,18.3],[-78.3,18.4],[-78.2,18.4],[-78.2,18.5],[-78.2,18.4],[-78.2,18.5],[-78.1,18.5],[-78.1,18.4],[-78,18.5],[-78,18.4],[-78,18.5],[-77.9,18.5],[-77.8,18.5],[-77.7,18.5],[-77.6,18.5],[-77.5,18.5],[-77.4,18.5],[-77.3,18.5],[-77.2,18.5],[-77.2,18.4],[-77.1,18.4],[-77,18.4],[-76.9,18.4],[-76.8,18.3],[-76.7,18.3],[-76.7,18.2],[-76.6,18.2],[-76.5,18.2],[-76.4,18.2],[-76.3,18.1],[-76.3,18]]]}},{"type":"Feature","properties":{"name":"Cayman Islands","iso":"KY"},"geometry":{"type":"MultiPolygon","coordinates":[[[[-81.1,19.4],[-81.1,19.3],[-81.2,19.3],[-81.3,19.3],[-81.4,19.3],[-81.4,19.4],[-81.4,19.3],[-81.3,19.3],[-81.3,19.4],[-81.2,19.4],[-81.2,19.3],[-81.2,19.4],[-81.1,19.4]]]]}},{"type":"Feature","properties":{"name":"Bermuda","iso":"BM"},"geometry":{"type":"MultiPolygon","coordinates":[[[[-64.7,32.4],[-64.6,32.4],[-64.7,32.4],[-64.7,32.3],[-64.8,32.3],[-64.8,32.2],[-64.9,32.2],[-64.9,32.3],[-64.8,32.3],[-64.9,32.3],[-64.8,32.3],[-64.7,32.3],[-64.7,32.4]]]]}},{"type":"Feature","properties":{"name":"Cabo Verde","iso":"CV"},"geometry":{"type":"MultiPolygon","coordinates":[[[[-23.5,15],[-23.4,15],[-23.5,15],[-23.5,14.9],[-23.6,14.9],[-23.7,14.9],[-23.7,15],[-23.8,15],[-23.8,15.1],[-23.8,15.2],[-23.8,15.3],[-23.7,15.3],[-23.6,15.2],[-23.7,15.2],[-23.6,15.2],[-23.5,15.1],[-23.5,15]]],[[[-25,17],[-25.1,17],[-25.2,16.9],[-25.3,16.9],[-25.3,17],[-25.4,17],[-25.4,17.1],[-25.3,17.1],[-25.2,17.1],[-25.2,17.2],[-25.1,17.2],[-25,17.2],[-25,17.1],[-25,17]]]]}},{"type":"Feature","properties":{"name":"Cook Islands","iso":"CK"},"geometry":{"type":"MultiPolygon","coordinates":[[[[-159.8,-21.2],[-159.7,-21.2],[-159.7,-21.3],[-159.8,-21.3],[-159.8,-21.2]]]]}},{"type":"Feature","properties":{"name":"Tonga","iso":"TO"},"geometry":{"type":"MultiPolygon","coordinates":[[[[-175.1,-21.1],[-175.1,-21.2],[-175.1,-21.3],[-175.2,-21.3],[-175.2,-21.2],[-175.3,-21.2],[-175.4,-21.1],[-175.3,-21.1],[-175.2,-21.1],[-175.2,-21.2],[-175.1,-21.2],[-175.1,-21.1]]]]}},{"type":"Feature","properties":{"name":"Wallis and Futuna","iso":"WF"},"geometry":{"type":"MultiPolygon","coordinates":[[[[-176.2,-13.2],[-176.1,-13.2],[-176.1,-13.3],[-176.2,-13.4],[-176.2,-13.3],[-176.2,-13.2]]]]}},{"type":"Feature","properties":{"name":"Samoa","iso":"WS"},"geometry":{"type":"MultiPolygon","coordinates":[[[[-172.2,-13.6],[-172.2,-13.7],[-172.2,-13.8],[-172.3,-13.8],[-172.4,-13.8],[-172.5,-13.8],[-172.6,-13.8],[-172.6,-13.7],[-172.7,-13.6],[-172.8,-13.6],[-172.8,-13.5],[-172.7,-13.5],[-172.6,-13.5],[-172.5,-13.5],[-172.4,-13.5],[-172.3,-13.5],[-172.2,-13.6]]],[[[-171.6,-13.9],[-171.5,-13.9],[-171.5,-14],[-171.4,-14],[-171.4,-14.1],[-171.5,-14.1],[-171.5,-14],[-171.6,-14],[-171.7,-14],[-171.7,-14.1],[-171.8,-14.1],[-171.8,-14],[-171.9,-14],[-172,-14],[-172,-13.9],[-172.1,-13.9],[-172,-13.8],[-171.9,-13.8],[-171.8,-13.8],[-171.7,-13.9],[-171.6,-13.9]]]]}},{"type":"Feature","properties":{"name":"South Georgia and the Islands","iso":"GS"},"geometry":{"type":"MultiPolygon","coordinates":[[[[-35.9,-54.7],[-35.8,-54.8],[-35.9,-54.8],[-36,-54.8],[-36.1,-54.8],[-36,-54.8],[-35.9,-54.8],[-35.9,-54.9],[-36,-54.9],[-36,-54.8],[-36,-54.9],[-36.1,-54.9],[-36.1,-54.8],[-36.2,-54.8],[-36.3,-54.8],[-36.3,-54.7],[-36.4,-54.6],[-36.5,-54.6],[-36.5,-54.5],[-36.6,-54.5],[-36.7,-54.5],[-36.8,-54.4],[-36.9,-54.4],[-36.9,-54.3],[-37,-54.3],[-37.1,-54.3],[-37.2,-54.3],[-37.2,-54.2],[-37.2,-54.3],[-37.3,-54.3],[-37.4,-54.3],[-37.4,-54.2],[-37.3,-54.2],[-37.4,-54.2],[-37.3,-54.2],[-37.2,-54.1],[-37.3,-54.1],[-37.4,-54.1],[-37.5,-54.1],[-37.6,-54.1],[-37.6,-54.2],[-37.5,-54.2],[-37.6,-54.2],[-37.7,-54.2],[-37.7,-54.1],[-37.6,-54.1],[-37.6,-54],[-37.7,-54],[-37.8,-54],[-37.9,-54],[-38,-54],[-38,-54.1],[-38,-54],[-37.9,-54],[-37.8,-54],[-37.7,-54],[-37.5,-54],[-37.4,-54],[-37.5,-54],[-37.4,-54],[-37.4,-54.1],[-37.4,-54],[-37.3,-54],[-37.2,-54.1],[-37.2,-54],[-37.1,-54],[-37.1,-54.1],[-37,-54.1],[-36.9,-54.1],[-36.8,-54.1],[-36.7,-54.1],[-36.6,-54.1],[-36.7,-54.1],[-36.7,-54.2],[-36.6,-54.2],[-36.5,-54.2],[-36.6,-54.2],[-36.7,-54.2],[-36.7,-54.3],[-36.6,-54.3],[-36.5,-54.2],[-36.5,-54.3],[-36.4,-54.3],[-36.4,-54.4],[-36.3,-54.4],[-36.3,-54.3],[-36.4,-54.3],[-36.4,-54.2],[-36.3,-54.3],[-36.2,-54.3],[-36.2,-54.4],[-36.3,-54.4],[-36.2,-54.4],[-36.1,-54.4],[-36.1,-54.5],[-36.1,-54.4],[-36.1,-54.5],[-36,-54.5],[-36.1,-54.5],[-36.1,-54.6],[-36,-54.6],[-35.9,-54.6],[-35.9,-54.5],[-35.9,-54.6],[-35.9,-54.7]]]]}},{"type":"Feature","properties":{"name":"Falkland Islands","iso":"FK"},"geometry":{"type":"MultiPolygon","coordinates":[[[[-57.8,-51.7],[-57.7,-51.7],[-57.8,-51.7],[-57.9,-51.7],[-58,-51.7],[-58,-51.8],[-58.1,-51.8],[-58.2,-51.8],[-58.3,-51.8],[-58.2,-51.8],[-58.1,-51.8],[-58.2,-51.8],[-58.3,-51.8],[-58.4,-51.8],[-58.3,-51.8],[-58.2,-51.8],[-58.3,-51.8],[-58.4,-51.9],[-58.5,-51.9],[-58.6,-51.9],[-58.8,-51.9],[-58.9,-51.9],[-58.9,-51.8],[-59,-51.8],[-59,-51.9],[-58.9,-51.9],[-58.8,-51.9],[-58.8,-52],[-58.7,-51.9],[-58.7,-52],[-58.6,-52],[-58.7,-52],[-58.7,-52.1],[-58.6,-52.1],[-58.7,-52.1],[-58.7,-52],[-58.8,-52],[-58.9,-52],[-58.9,-52.1],[-59,-52.1],[-59,-52],[-59.1,-52],[-59.2,-52],[-59.3,-52],[-59.2,-52],[-59.2,-52.1],[-59.1,-52.1],[-59.2,-52.1],[-59.1,-52.2],[-59.1,-52.1],[-59,-52.1],[-59,-52.2],[-59.1,-52.2],[-59,-52.2],[-59.1,-52.2],[-59.2,-52.2],[-59.3,-52.2],[-59.3,-52.1],[-59.4,-52.1],[-59.4,-52.2],[-59.4,-52.1],[-59.5,-52.1],[-59.4,-52.2],[-59.3,-52.3],[-59.4,-52.3],[-59.3,-52.3],[-59.4,-52.3],[-59.5,-52.3],[-59.5,-52.2],[-59.6,-52.2],[-59.7,-52.2],[-59.7,-52.1],[-59.6,-52.1],[-59.6,-52],[-59.5,-52],[-59.6,-52],[-59.6,-51.9],[-59.5,-51.9],[-59.5,-51.8],[-59.4,-51.8],[-59.3,-51.8],[-59.3,-51.7],[-59.2,-51.7],[-59.1,-51.7],[-59,-51.7],[-59,-51.8],[-59,-51.7],[-59,-51.6],[-59.1,-51.6],[-59.2,-51.6],[-59.1,-51.5],[-59.1,-51.6],[-59,-51.6],[-59,-51.5],[-59.1,-51.5],[-59.1,-51.4],[-59,-51.4],[-58.9,-51.4],[-58.9,-51.3],[-59,-51.2],[-58.9,-51.3],[-58.8,-51.3],[-58.7,-51.3],[-58.6,-51.3],[-58.5,-51.3],[-58.4,-51.3],[-58.3,-51.4],[-58.4,-51.4],[-58.4,-51.5],[-58.4,-51.4],[-58.5,-51.4],[-58.5,-51.5],[-58.4,-51.5],[-58.4,-51.6],[-58.3,-51.6],[-58.3,-51.5],[-58.3,-51.6],[-58.2,-51.6],[-58.2,-51.7],[-58.2,-51.6],[-58.2,-51.5],[-58.3,-51.5],[-58.4,-51.5],[-58.3,-51.5],[-58.3,-51.4],[-58.2,-51.4],[-58,-51.4],[-57.9,-51.4],[-57.8,-51.5],[-57.9,-51.5],[-58,-51.5],[-58.1,-51.5],[-58.1,-51.6],[-58,-51.6],[-57.9,-51.6],[-57.8,-51.6],[-57.8,-51.7],[-57.9,-51.7],[-57.8,-51.7]]],[[[-59.6,-51.7],[-59.7,-51.8],[-59.8,-51.9],[-59.9,-51.9],[-59.9,-52],[-60,-52],[-60.1,-52],[-60.1,-51.9],[-60.1,-52],[-60.2,-52],[-60.3,-52],[-60.3,-52.1],[-60.4,-52.2],[-60.4,-52.1],[-60.4,-52.2],[-60.5,-52.2],[-60.5,-52.1],[-60.6,-52.1],[-60.5,-52.1],[-60.5,-52.2],[-60.6,-52.2],[-60.7,-52.2],[-60.6,-52.2],[-60.7,-52.2],[-60.7,-52.1],[-60.8,-52.1],[-60.7,-52.2],[-60.8,-52.2],[-60.9,-52.1],[-61,-52.1],[-61,-52],[-60.9,-52],[-60.9,-52.1],[-60.9,-52],[-60.8,-52],[-60.7,-52],[-60.8,-52],[-60.7,-52],[-60.6,-52],[-60.5,-52],[-60.4,-52],[-60.4,-51.9],[-60.5,-51.9],[-60.6,-51.9],[-60.5,-51.9],[-60.4,-51.9],[-60.5,-51.9],[-60.4,-51.8],[-60.5,-51.8],[-60.4,-51.8],[-60.3,-51.9],[-60.3,-51.8],[-60.3,-51.7],[-60.3,-51.8],[-60.2,-51.8],[-60.2,-51.7],[-60.3,-51.7],[-60.4,-51.7],[-60.4,-51.8],[-60.5,-51.8],[-60.6,-51.8],[-60.6,-51.7],[-60.5,-51.7],[-60.4,-51.7],[-60.3,-51.7],[-60.2,-51.7],[-60.1,-51.7],[-60.2,-51.7],[-60.2,-51.6],[-60.3,-51.6],[-60.5,-51.5],[-60.4,-51.5],[-60.5,-51.4],[-60.6,-51.4],[-60.6,-51.3],[-60.6,-51.4],[-60.5,-51.4],[-60.4,-51.4],[-60.3,-51.5],[-60.2,-51.5],[-60,-51.5],[-60,-51.4],[-60.1,-51.4],[-60,-51.4],[-59.9,-51.4],[-59.8,-51.4],[-59.7,-51.4],[-59.6,-51.4],[-59.5,-51.4],[-59.6,-51.4],[-59.5,-51.5],[-59.4,-51.4],[-59.4,-51.3],[-59.4,-51.4],[-59.3,-51.4],[-59.2,-51.4],[-59.3,-51.4],[-59.2,-51.4],[-59.3,-51.5],[-59.4,-51.5],[-59.4,-51.6],[-59.5,-51.6],[-59.6,-51.7],[-59.5,-51.7],[-59.6,-51.7]]]]}},{"type":"Feature","properties":{"name":"Niue","iso":"NU"},"geometry":{"type":"Polygon","coordinates":[[[-169.9,-19],[-169.8,-19],[-169.8,-19.1],[-169.9,-19.1],[-170,-19.1],[-169.9,-19.1],[-169.9,-19]]]}},{"type":"Feature","properties":{"name":"American Samoa","iso":"AS"},"geometry":{"type":"MultiPolygon","coordinates":[[[[-170.6,-14.3],[-170.7,-14.3],[-170.7,-14.4],[-170.8,-14.4],[-170.8,-14.3],[-170.7,-14.3],[-170.6,-14.3]]]]}}]}